##Falco	1.3.0
>>Basic Statistics	pass
#Measure	Value
Filename	reverse
File type	Conventional base calls
Encoding	Sanger / Illumina 1.9
Total Sequences	11411875
Total Bases	831 Mbp
Sequences flagged as poor quality	0
Sequence length	35-74
%GC	46.7
>>END_MODULE
>>Per base sequence quality	pass
#Base	Mean	Median	Lower Quartile	Upper Quartile	10th Percentile	90th Percentile
1	26.3578196396298	32.0	21.0	32.0	14.0	32.0
2	30.68971943699	32.0	32.0	32.0	32.0	32.0
3	30.6859194479435	32.0	32.0	32.0	32.0	32.0
4	30.7943803275097	32.0	32.0	32.0	32.0	32.0
5	30.8219957719481	32.0	32.0	32.0	32.0	32.0
6	34.4409165014513	36.0	36.0	36.0	32.0	36.0
7	34.4221047812038	36.0	36.0	36.0	32.0	36.0
8	34.4759019880607	36.0	36.0	36.0	36.0	36.0
9	34.4579922230133	36.0	36.0	36.0	36.0	36.0
10	34.5032169560217	36.0	36.0	36.0	36.0	36.0
11	34.4347738649433	36.0	36.0	36.0	32.0	36.0
12	34.5146499589244	36.0	36.0	36.0	36.0	36.0
13	34.5273938769922	36.0	36.0	36.0	36.0	36.0
14	34.5267045073662	36.0	36.0	36.0	36.0	36.0
15	34.4826110520839	36.0	36.0	36.0	36.0	36.0
16	34.4846687332275	36.0	36.0	36.0	36.0	36.0
17	34.4800658086423	36.0	36.0	36.0	36.0	36.0
18	34.4796070759625	36.0	36.0	36.0	36.0	36.0
19	34.466377172901	36.0	36.0	36.0	36.0	36.0
20	34.4721464264198	36.0	36.0	36.0	36.0	36.0
21	34.480754039104	36.0	36.0	36.0	36.0	36.0
22	34.4290225751684	36.0	36.0	36.0	32.0	36.0
23	34.4352163864396	36.0	36.0	36.0	32.0	36.0
24	34.4495719590339	36.0	36.0	36.0	32.0	36.0
25	34.4114367709075	36.0	36.0	36.0	32.0	36.0
26	34.4185761761323	36.0	36.0	36.0	32.0	36.0
27	34.4317645435128	36.0	36.0	36.0	32.0	36.0
28	34.4002520181828	36.0	36.0	36.0	32.0	36.0
29	34.3941851799113	36.0	36.0	36.0	32.0	36.0
30	34.4136099457802	36.0	36.0	36.0	32.0	36.0
31	34.3739604578564	36.0	36.0	36.0	32.0	36.0
32	34.3742293882469	36.0	36.0	36.0	32.0	36.0
33	34.3980904102087	36.0	36.0	36.0	32.0	36.0
34	34.3375178925461	36.0	36.0	36.0	32.0	36.0
35	34.3491095021633	36.0	36.0	36.0	32.0	36.0
36	34.9092755015546	36.0	36.0	36.0	36.0	36.0
37	34.8696289354006	36.0	36.0	36.0	36.0	36.0
38	34.8556039322138	36.0	36.0	36.0	36.0	36.0
39	34.8489739108119	36.0	36.0	36.0	36.0	36.0
40	34.8014869848062	36.0	36.0	36.0	36.0	36.0
41	34.8058356106108	36.0	36.0	36.0	36.0	36.0
42	34.7864499730749	36.0	36.0	36.0	36.0	36.0
43	34.7580817511168	36.0	36.0	36.0	36.0	36.0
44	34.7520228239526	36.0	36.0	36.0	36.0	36.0
45	34.7665660652117	36.0	36.0	36.0	36.0	36.0
46	34.7214394692686	36.0	36.0	36.0	32.0	36.0
47	34.7390237270117	36.0	36.0	36.0	32.0	36.0
48	34.6880401536897	36.0	36.0	36.0	32.0	36.0
49	34.5918010861112	36.0	36.0	36.0	32.0	36.0
50	34.6365520152288	36.0	36.0	36.0	32.0	36.0
51	34.5947975211603	36.0	36.0	36.0	32.0	36.0
52	34.5743584586228	36.0	36.0	36.0	32.0	36.0
53	34.5399832259289	36.0	36.0	36.0	32.0	36.0
54	34.5054080185604	36.0	36.0	36.0	32.0	36.0
55	34.499867551559	36.0	36.0	36.0	32.0	36.0
56	34.5450280456866	36.0	36.0	36.0	32.0	36.0
57	34.5307683282992	36.0	36.0	36.0	32.0	36.0
58	34.4675613986824	36.0	36.0	36.0	32.0	36.0
59	34.4842498549929	36.0	36.0	36.0	32.0	36.0
60	34.4713687109071	36.0	36.0	36.0	32.0	36.0
61	34.4018843789778	36.0	36.0	36.0	32.0	36.0
62	34.3627867408797	36.0	36.0	36.0	32.0	36.0
63	34.4159334206152	36.0	36.0	36.0	32.0	36.0
64	34.3681646556974	36.0	36.0	36.0	32.0	36.0
65	34.3412555725744	36.0	36.0	36.0	32.0	36.0
66	34.3822306878246	36.0	36.0	36.0	32.0	36.0
67	34.338551913762	36.0	36.0	36.0	32.0	36.0
68	34.3321150450215	36.0	36.0	36.0	32.0	36.0
69	34.320334247103	36.0	36.0	36.0	32.0	36.0
70	34.28497233801	36.0	36.0	36.0	32.0	36.0
71	34.259112677135	36.0	36.0	36.0	32.0	36.0
72	34.2853215445862	36.0	36.0	36.0	32.0	36.0
73	34.2688363638867	36.0	36.0	36.0	32.0	36.0
74	32.8586999466429	36.0	32.0	36.0	27.0	36.0
>>END_MODULE
>>Per tile sequence quality	pass
#Tile	Base	Mean
11101	1	-0.154302403919544
11101	2	0.106550107223136
11101	3	0.0654206495232046
11101	4	0.0979403284876845
11101	5	0.0730998932718663
11101	6	0.0887499649350758
11101	7	0.0197480614795253
11101	8	0.0973233794320265
11101	9	0.221297329946317
11101	10	0.122071968712184
11101	11	0.125030963717805
11101	12	0.171879188253506
11101	13	0.239489063550039
11101	14	0.203127522566454
11101	15	0.272961998969713
11101	16	0.196184331879721
11101	17	0.16309009492533
11101	18	0.265684683342087
11101	19	0.15355209002184
11101	20	0.162236825017736
11101	21	0.085328936979856
11101	22	0.151457356878808
11101	23	0.226600495674404
11101	24	0.120336504795972
11101	25	0.190475738405283
11101	26	0.115711306315852
11101	27	0.223036017418487
11101	28	0.105339272576565
11101	29	0.254460172192772
11101	30	0.0634960698658347
11101	31	0.112052752967337
11101	32	0.205979638905255
11101	33	0.25241562186369
11101	34	0.036909800964942
11101	35	0.230377591276131
11101	36	-0.0349234149615327
11101	37	0.0154895639084103
11101	38	0.0983463766045816
11101	39	0.191799657998857
11101	40	0.135544903647585
11101	41	-0.0645259013839521
11101	42	0.0670057411898171
11101	43	0.0865286450277551
11101	44	0.103022202102757
11101	45	0.0175290604560132
11101	46	0.00832254513399988
11101	47	0.107394694264983
11101	48	0.0175049820408475
11101	49	0.0254534376626907
11101	50	0.0746346852210493
11101	51	0.167464745434501
11101	52	-0.00796949616762532
11101	53	0.0468034859662794
11101	54	0.0493662291567176
11101	55	-0.106176432804332
11101	56	0.0161349534766302
11101	57	0.014157084893462
11101	58	-0.0115888618015205
11101	59	0.0787818946188423
11101	60	0.0184480936448423
11101	61	0.0541271915970043
11101	62	0.0844070510287835
11101	63	0.0254244845037874
11101	64	0.0548023947721674
11101	65	0.089438108604746
11101	66	0.0148066190940241
11101	67	-0.0168524765642104
11101	68	0.000454051018991208
11101	69	0.226484532465172
11101	70	0.177268391467408
11101	71	0.0306519257584554
11101	72	0.071013532407413
11101	73	0.0879992808106707
11101	74	0.263953966944811
11102	1	1.02548810704971
11102	2	-0.0393119997552702
11102	3	-0.0703132399809299
11102	4	0.0465750955827176
11102	5	0.055262345153885
11102	6	0.0756741647004091
11102	7	0.0348961977075817
11102	8	0.190014641282545
11102	9	0.0584149519613533
11102	10	-0.069106253450343
11102	11	0.149358895841992
11102	12	0.11589190483194
11102	13	0.0343097440821225
11102	14	0.120069043538166
11102	15	0.106437986227796
11102	16	0.0232215693056901
11102	17	0.0870887087219856
11102	18	0.0182423172171511
11102	19	0.100166788845719
11102	20	-0.0265408832105365
11102	21	0.0602610206183485
11102	22	0.0561479573050576
11102	23	0.19396357958405
11102	24	0.00250826983577213
11102	25	0.00744874671996598
11102	26	0.0837278951405693
11102	27	-0.0514382643279774
11102	28	-0.0606525597207082
11102	29	0.116384371958105
11102	30	0.0147534095211341
11102	31	0.0604312498363413
11102	32	-0.0683796538522756
11102	33	-0.0859475558110816
11102	34	0.0689800082365508
11102	35	0.0692906887437132
11102	36	0.140546304643159
11102	37	0.1941784037258
11102	38	0.107333012383194
11102	39	0.159276113254698
11102	40	0.0898433864937402
11102	41	0.0570424488908046
11102	42	0.0717617011572216
11102	43	0.0676056832216929
11102	44	0.0463412993322336
11102	45	0.116768263565014
11102	46	0.144125475756013
11102	47	0.0932781314580993
11102	48	0.0599819922892735
11102	49	0.262996955610497
11102	50	0.0782196108389854
11102	51	0.294903937835414
11102	52	0.0544353389277532
11102	53	0.198223581398892
11102	54	0.0663271289498724
11102	55	0.12131584300478
11102	56	0.135452972061699
11102	57	0.0601187229463136
11102	58	0.159573499538531
11102	59	0.220642507265019
11102	60	0.320916122846121
11102	61	0.21084079841571
11102	62	0.197010977122005
11102	63	0.119404308299913
11102	64	0.172691533152516
11102	65	0.118350817915889
11102	66	0.00322126106078002
11102	67	0.124930515332771
11102	68	0.0507578728908769
11102	69	0.0832200531724823
11102	70	0.0476606336607972
11102	71	0.1113417267687
11102	72	0.333905391585631
11102	73	-0.0147966822881997
11102	74	0.0962125039767585
11103	1	-2.89286571629443
11103	2	0.0306886149781036
11103	3	0.000859995188960738
11103	4	0.0830849699854177
11103	5	0.0591797831567042
11103	6	0.0500103683318329
11103	7	0.14397237242671
11103	8	0.133802231732624
11103	9	0.230727030282353
11103	10	0.0712231643178285
11103	11	0.157202034392981
11103	12	0.0769029363214884
11103	13	0.145337201511836
11103	14	0.0611815523047312
11103	15	0.267731464567696
11103	16	0.0118622219542317
11103	17	0.212522409727569
11103	18	0.0549676788026616
11103	19	0.118854022419946
11103	20	0.129342610933961
11103	21	0.149012655776076
11103	22	0.117700945669412
11103	23	0.0310387442896314
11103	24	0.243028982053964
11103	25	0.0613390505238485
11103	26	0.206023811922854
11103	27	0.218228411372408
11103	28	0.164397693080133
11103	29	0.238308474199499
11103	30	0.245769220066919
11103	31	0.17610589327446
11103	32	0.0671707076836583
11103	33	0.259430144967112
11103	34	0.0916418566274402
11103	35	0.143065634194393
11103	36	0.0204805151694742
11103	37	0.0493625924675243
11103	38	0.0586498910865743
11103	39	0.102238600183945
11103	40	0.0639006581911943
11103	41	0.0391763587897245
11103	42	0.0994063508609528
11103	43	0.129403130067281
11103	44	0.191097202957195
11103	45	0.232727657081924
11103	46	0.0368445198480316
11103	47	0.0449844097780741
11103	48	-0.0451695195615471
11103	49	0.14986683623092
11103	50	0.168206322236685
11103	51	0.095468703433184
11103	52	0.125276115330685
11103	53	-0.0621867314278788
11103	54	0.0200294206891485
11103	55	-0.046981428707106
11103	56	0.106317803978449
11103	57	0.108108396539855
11103	58	0.0249133451019787
11103	59	0.160701645557545
11103	60	0.0801103829323822
11103	61	-0.0477969973602512
11103	62	-0.0467041947869049
11103	63	0.0416522526443472
11103	64	0.0831016780304168
11103	65	-0.0360861170893401
11103	66	0.00715489342852038
11103	67	-0.0284412733968722
11103	68	-0.00525644034886597
11103	69	0.223865604521357
11103	70	0.111558912854477
11103	71	0.130179382949095
11103	72	0.122640490661865
11103	73	0.114135863051153
11103	74	0.379037435809892
11104	1	-0.174314353390354
11104	2	0.0247714983277625
11104	3	-0.147591548248297
11104	4	-0.0363734304744163
11104	5	-0.0769255575490746
11104	6	0.0309564269605858
11104	7	-0.0864166239545341
11104	8	-0.0629376466705835
11104	9	0.0242106730047595
11104	10	-0.0419002216102982
11104	11	-0.0369692535453012
11104	12	0.0556474616325673
11104	13	-0.109993384694782
11104	14	-0.0671448322552308
11104	15	-0.0484519182840799
11104	16	-0.0729731528342725
11104	17	-0.135405668444108
11104	18	-0.146585716111652
11104	19	-0.11433331920874
11104	20	-0.135209091987761
11104	21	-0.142304912611998
11104	22	-0.00907819667654763
11104	23	-0.1026103736884
11104	24	-0.173899039448102
11104	25	-0.0252330048828426
11104	26	-0.148251262354805
11104	27	0.0320010690960686
11104	28	-0.0433275078945883
11104	29	-0.0336799004351818
11104	30	0.0123870968995732
11104	31	-0.0618452575233661
11104	32	-0.186630932496712
11104	33	-0.030508894725898
11104	34	-0.0877805991095499
11104	35	-0.020951593366469
11104	36	0.0240144408560639
11104	37	0.0338012833703871
11104	38	0.0627856205797741
11104	39	0.177231378538266
11104	40	-0.0465167610341695
11104	41	0.0391907410226509
11104	42	0.0745113501382022
11104	43	0.0922946856894598
11104	44	0.174709552853066
11104	45	0.179353359084736
11104	46	0.067630254401287
11104	47	0.109862118076833
11104	48	0.173353609704726
11104	49	0.0583673838672496
11104	50	0.0177342804012426
11104	51	0.160737242325396
11104	52	-0.0294146104649542
11104	53	0.0439156360547628
11104	54	0.16320212894987
11104	55	0.0121622498873748
11104	56	0.0419243789442945
11104	57	0.141203676545892
11104	58	0.0260509902587813
11104	59	-0.000880706590805858
11104	60	0.006545793450357
11104	61	-0.0285992067325935
11104	62	-0.0380892225546603
11104	63	0.10378711193809
11104	64	0.116768913481522
11104	65	0.0720884448952646
11104	66	0.261919161174937
11104	67	0.084532784183601
11104	68	0.0525376174451893
11104	69	-0.0063988726156694
11104	70	0.0855127893151959
11104	71	0.13193475752243
11104	72	0.0966698080607316
11104	73	0.226357215942784
11104	74	0.109019188698774
11105	1	0.282591294621255
11105	2	-0.10142750455125
11105	3	-0.161354314595851
11105	4	-0.158414797731709
11105	5	-0.0866555234534694
11105	6	-0.36188193488978
11105	7	-0.0711943783257141
11105	8	-0.237209896590613
11105	9	-0.209152620771427
11105	10	-0.294476741673648
11105	11	-0.0732544707194975
11105	12	-0.136394919910551
11105	13	-0.142441948700117
11105	14	-0.171520461307502
11105	15	-0.0971746203415194
11105	16	-0.233079262736041
11105	17	-0.152918795643352
11105	18	-0.160879812187922
11105	19	-0.0920736464329508
11105	20	-0.0265778316986101
11105	21	-0.110930243230172
11105	22	-0.181437191441269
11105	23	-0.046370409266423
11105	24	-0.196524635341028
11105	25	-0.060718028562512
11105	26	-0.0684826755670542
11105	27	-0.279270923351397
11105	28	-0.26697737642754
11105	29	-0.0965854392160139
11105	30	-0.2183342163665
11105	31	-0.115018645784176
11105	32	-0.134792968558479
11105	33	-0.145088707317086
11105	34	-0.111527370949858
11105	35	-0.0324348693536436
11105	36	-0.0648700272170259
11105	37	0.0800732158993611
11105	38	-0.0440518309273727
11105	39	-0.154787014507455
11105	40	0.0355953200011783
11105	41	-0.0182042616355105
11105	42	0.0130533845642162
11105	43	-0.07758942525561
11105	44	-0.117319432889538
11105	45	-0.0392934077889393
11105	46	-0.000187626895659321
11105	47	-0.051267000967016
11105	48	-0.031593094442826
11105	49	0.195524403148148
11105	50	-0.0158027491203967
11105	51	-0.0501827413827272
11105	52	0.0670842114104104
11105	53	-0.0972045858603323
11105	54	-0.0470531956044766
11105	55	0.0631701613983111
11105	56	-0.0356878531527443
11105	57	0.0142160569953376
11105	58	-0.0355145037815205
11105	59	-0.0177066407445778
11105	60	-0.0770549447044857
11105	61	0.0398144622499146
11105	62	-0.183218700564574
11105	63	-0.0628721994943007
11105	64	-0.179226391046896
11105	65	-0.0757221981811966
11105	66	-0.107968171825931
11105	67	0.0197125536375609
11105	68	-0.215053237549782
11105	69	-0.141435594210442
11105	70	0.0902387069238415
11105	71	0.0940189533927835
11105	72	0.0484351587013379
11105	73	-0.14494973743026
11105	74	0.130866217411558
11106	1	-0.686007384762455
11106	2	-0.0536815193878013
11106	3	0.149224202292277
11106	4	-0.00522059105254513
11106	5	0.0443816766226171
11106	6	0.00360541599741993
11106	7	0.217205393419619
11106	8	0.0540457758095911
11106	9	0.0713234532482971
11106	10	0.116916970453737
11106	11	-0.0202233030881871
11106	12	0.0432306337428798
11106	13	0.0658648907879353
11106	14	0.00503452361138557
11106	15	0.181434656580301
11106	16	0.04542675612214
11106	17	0.154600021780084
11106	18	0.052657863418716
11106	19	0.0402814526132715
11106	20	0.111888514324598
11106	21	0.0624536322079976
11106	22	0.0849387222567231
11106	23	0.0142964204392939
11106	24	0.167332325067655
11106	25	0.122241673619492
11106	26	0.128302737872801
11106	27	0.00430560989497764
11106	28	0.145090230430966
11106	29	0.0853117918374906
11106	30	0.188469946563849
11106	31	0.0282492001982675
11106	32	-0.0494365923730484
11106	33	0.0191432429016558
11106	34	0.0622668194254032
11106	35	0.0774779047557601
11106	36	0.0767451293549755
11106	37	-0.0101948912858916
11106	38	0.0871378745483469
11106	39	0.0705571107113201
11106	40	0.126495827831889
11106	41	0.141269832797768
11106	42	0.206022479760001
11106	43	0.18942581592875
11106	44	0.178603203483689
11106	45	0.0121024925513566
11106	46	0.0428431901809603
11106	47	0.229038841491764
11106	48	0.183765117956405
11106	49	0.335212064609593
11106	50	0.13979717262567
11106	51	0.0695307288281057
11106	52	0.0954851223664619
11106	53	-0.0329441817590066
11106	54	-0.0243595486817085
11106	55	0.110954000899518
11106	56	0.030518761535383
11106	57	0.129873497911461
11106	58	0.14871827887626
11106	59	0.057171642401201
11106	60	0.117618397275038
11106	61	0.0155857761500826
11106	62	0.0303426996653613
11106	63	0.171543463406593
11106	64	0.145925000393532
11106	65	0.0779376397933476
11106	66	0.268126298220153
11106	67	0.0721800430637316
11106	68	0.0726910723812537
11106	69	0.122242345516106
11106	70	0.0961579482237269
11106	71	0.288141895634908
11106	72	0.229172745234536
11106	73	0.133524641954111
11106	74	0.0477980314918582
11107	1	-1.91954939729166
11107	2	-0.0498741801320364
11107	3	-0.033839833495783
11107	4	0.0320337145399741
11107	5	0.0964792404830987
11107	6	0.0413129863210457
11107	7	-0.0525411923099384
11107	8	-0.0364593207784623
11107	9	-0.0704689912130405
11107	10	-0.0206038869051639
11107	11	0.0781465491044244
11107	12	-0.0250666031586988
11107	13	0.0462988928240406
11107	14	0.129461395070919
11107	15	-0.0357023831321115
11107	16	0.0164604785112203
11107	17	0.0273775249799755
11107	18	-0.00454431461758276
11107	19	-0.0856382777090019
11107	20	-0.0105263348476541
11107	21	0.0668451887266883
11107	22	0.12391484242891
11107	23	0.0167308702485656
11107	24	-0.103197018860158
11107	25	-0.0863517694605136
11107	26	-0.0396451514680862
11107	27	0.020760006731841
11107	28	-0.0726204658563177
11107	29	-0.101732778490351
11107	30	0.0149637558885161
11107	31	0.00591841410289362
11107	32	0.114833220533804
11107	33	0.0924521599242212
11107	34	0.0403740906703405
11107	35	0.104190953964341
11107	36	0.147774522660114
11107	37	0.0927797614037047
11107	38	0.183062979858057
11107	39	0.0993750438677523
11107	40	0.157242176657356
11107	41	0.180711567262577
11107	42	0.0114177232348851
11107	43	0.140685591559951
11107	44	0.039463896907634
11107	45	0.157742539141594
11107	46	0.122248319733934
11107	47	0.0883454609475578
11107	48	0.198253540189924
11107	49	0.0658228845480053
11107	50	0.147248661696466
11107	51	0.195017590999221
11107	52	0.0446972032092461
11107	53	-0.0142292941185573
11107	54	0.131349079315669
11107	55	0.12197228958442
11107	56	0.23576944062868
11107	57	0.0268748175363882
11107	58	-0.0378696290372602
11107	59	0.212609344845326
11107	60	0.165004581088169
11107	61	0.0967998584407042
11107	62	0.0890230844296909
11107	63	0.132403662762052
11107	64	0.186636331125477
11107	65	0.155596414027471
11107	66	0.0920198661617846
11107	67	0.0975393739832811
11107	68	0.0913237926462429
11107	69	0.0661777856377057
11107	70	0.240736050759708
11107	71	0.161582408221641
11107	72	0.201299767761398
11107	73	0.0739430687922962
11107	74	0.355815438806282
11108	1	-0.0976433277972291
11108	2	-0.142155458518864
11108	3	0.040848578783276
11108	4	-0.0320954555071076
11108	5	-0.0370077544480125
11108	6	-0.0497684002391168
11108	7	-0.121503491131818
11108	8	-0.131235797240357
11108	9	-0.107618207996552
11108	10	0.00411136068000673
11108	11	0.144555125307676
11108	12	-0.084800885088903
11108	13	0.0392575026581028
11108	14	0.0072769872852092
11108	15	-0.0312466128478803
11108	16	0.112522830726348
11108	17	-0.10550841456778
11108	18	-0.0319210420970748
11108	19	-0.00275476512691597
11108	20	-0.00927970659638788
11108	21	0.114665010795434
11108	22	0.0658741664842992
11108	23	0.0660726078173042
11108	24	0.0638666993899264
11108	25	-0.0677474827457232
11108	26	-0.00225462495522066
11108	27	-0.0845167713672197
11108	28	0.022161003220674
11108	29	-0.13736007977387
11108	30	0.0382118680559387
11108	31	-0.0305319752517406
11108	32	-0.0467878538492243
11108	33	-0.12076856220208
11108	34	0.192432365583144
11108	35	0.0745761480869191
11108	36	0.131002028807586
11108	37	-0.0125151950064293
11108	38	0.0403369981688257
11108	39	-0.0128750104487168
11108	40	0.0275804927173269
11108	41	0.104346641168945
11108	42	0.23412243876767
11108	43	0.125933814224382
11108	44	-0.0325438067602448
11108	45	0.156573170721451
11108	46	0.0708269124039305
11108	47	0.0707761466488463
11108	48	-0.0403295721955317
11108	49	0.0549551279677942
11108	50	0.125026343514257
11108	51	0.0491324032870892
11108	52	0.124820530986497
11108	53	0.0426154838828054
11108	54	0.223835649723362
11108	55	0.179493826034033
11108	56	-0.0507060174807563
11108	57	-0.0351913108042368
11108	58	0.0520299467278704
11108	59	0.168429132431264
11108	60	-0.0338162795311163
11108	61	0.0353504946270391
11108	62	-0.0561292217051843
11108	63	0.268949263025625
11108	64	-0.0374611807243213
11108	65	0.136726927733157
11108	66	0.209517957081921
11108	67	0.0537228062489561
11108	68	0.100359221681011
11108	69	0.151665630805681
11108	70	0.0731369777077262
11108	71	0.103220003530694
11108	72	0.158423003656999
11108	73	-0.0590978694605724
11108	74	0.222074250896064
11109	1	0.170357339110268
11109	2	-0.0199768940372458
11109	3	-0.0764635061362782
11109	4	-0.116681833921536
11109	5	-0.0306946413794016
11109	6	-0.0141477594521646
11109	7	0.0129406136838099
11109	8	-0.0400778791032579
11109	9	-0.0601816336780487
11109	10	0.0874333936363527
11109	11	-0.0380044100800987
11109	12	-0.0856542488035714
11109	13	0.0767999485413426
11109	14	-0.0968809030640827
11109	15	-0.00394981122506977
11109	16	0.00265510071273667
11109	17	0.0172614745588504
11109	18	0.0151006601843022
11109	19	0.0196180361624343
11109	20	0.00282966623268521
11109	21	-0.0389254524273994
11109	22	-0.0853045925120028
11109	23	0.0300726633929287
11109	24	-0.127618837053788
11109	25	-0.141344059287249
11109	26	-0.131726378644053
11109	27	0.0620908925113994
11109	28	-0.0109003800566185
11109	29	0.0777406510455947
11109	30	-0.021797857678358
11109	31	-0.00517893109690704
11109	32	-0.0252831438150452
11109	33	-0.0218842428645374
11109	34	0.0948285086348051
11109	35	0.0177475711007915
11109	36	0.0410015046747247
11109	37	0.00692437449041705
11109	38	0.054530055309101
11109	39	0.135696209127815
11109	40	0.0331511322918985
11109	41	-0.0145744975701732
11109	42	0.00339785676362681
11109	43	0.0225480311266892
11109	44	-0.076136729745329
11109	45	-0.0353415367979579
11109	46	-0.00980475485236809
11109	47	0.00725679179898009
11109	48	0.00363989195786019
11109	49	0.136405851491503
11109	50	-0.0489417262556202
11109	51	0.0486798048361266
11109	52	0.102137022625378
11109	53	0.0866163504748769
11109	54	-0.043824620833135
11109	55	0.0652338922038709
11109	56	0.190891276539134
11109	57	0.0697412493710132
11109	58	0.162027740314272
11109	59	0.0673217435414983
11109	60	0.0268880389839907
11109	61	-0.0304568960649263
11109	62	0.0671713284789845
11109	63	0.0979336005096911
11109	64	0.0730256157817664
11109	65	-0.0427850249519395
11109	66	0.0865105495110328
11109	67	-0.00371826641684692
11109	68	0.163669262462378
11109	69	0.121178484762481
11109	70	0.0302898161535552
11109	71	0.0032357679081656
11109	72	0.151150055069742
11109	73	0.147762675855873
11109	74	0.284778901249439
11110	1	-0.051528167193176
11110	2	-0.125939506229255
11110	3	-0.204135901389709
11110	4	-0.200098106084308
11110	5	-0.0356071336549313
11110	6	-0.0934080612442401
11110	7	-0.077711073177646
11110	8	0.0537256647622186
11110	9	0.00835151962176894
11110	10	-0.082055416427373
11110	11	-0.0489851390525189
11110	12	-0.156001666311653
11110	13	-0.150710062647235
11110	14	-0.0866517958905959
11110	15	-0.0862872434062396
11110	16	-0.123275306894406
11110	17	-0.138212352069957
11110	18	-0.0505559948400744
11110	19	-0.154768157516969
11110	20	-0.141661389712908
11110	21	-0.103311482769939
11110	22	-0.131230426686976
11110	23	-0.0704572286141882
11110	24	-0.0753430100928583
11110	25	-0.101046405076836
11110	26	-0.186002401609215
11110	27	0.0393237754887039
11110	28	-0.0259581332491763
11110	29	-0.0508494251510569
11110	30	-0.0068856104081263
11110	31	-0.0528798286329746
11110	32	-0.0892996245045481
11110	33	-0.0240434200823145
11110	34	-0.102297170914603
11110	35	-0.0813531233531108
11110	36	0.137718152013569
11110	37	-0.0361944964252032
11110	38	0.106346729078666
11110	39	0.0276502887131684
11110	40	0.0640800336396339
11110	41	0.0341491587217249
11110	42	0.09289430333083
11110	43	0.083680828261528
11110	44	0.132164555625572
11110	45	-0.0327283190580232
11110	46	-0.171573813697805
11110	47	0.0450770662597151
11110	48	0.142229855186891
11110	49	0.092554192949315
11110	50	0.0941805121721586
11110	51	0.148771180439375
11110	52	0.0571996951396301
11110	53	0.185880138739293
11110	54	0.0780200344156867
11110	55	0.116853042990876
11110	56	0.0306727111390117
11110	57	0.139320045786441
11110	58	0.0769581915592923
11110	59	0.0201072609348998
11110	60	0.124368354056237
11110	61	0.048608332745296
11110	62	0.19540859576459
11110	63	0.0850048257119198
11110	64	0.19556410486161
11110	65	0.10038272832967
11110	66	0.138792748682292
11110	67	0.102906187492657
11110	68	0.127142903334082
11110	69	0.173151396484087
11110	70	0.0546269421311933
11110	71	0.0113189020876092
11110	72	0.0781896308727141
11110	73	0.0776820235343294
11110	74	-0.00790209366125083
11111	1	-0.351010579956434
11111	2	0.125864171886082
11111	3	0.0191921940495199
11111	4	0.0412851054012116
11111	5	-0.0239906887499259
11111	6	0.126003021994812
11111	7	0.0858240843190856
11111	8	0.169846924953369
11111	9	0.0734001885764499
11111	10	0.132046425074947
11111	11	0.00338284632302788
11111	12	0.00157234214412938
11111	13	0.219124692432551
11111	14	0.0796263974026346
11111	15	0.150393135949486
11111	16	0.0497077530226662
11111	17	0.0933198609787809
11111	18	0.0750033891618429
11111	19	0.181306898743991
11111	20	0.101356479337923
11111	21	0.169510365903363
11111	22	0.074850917763186
11111	23	0.119064719610797
11111	24	0.182499502683847
11111	25	0.122197757296981
11111	26	0.0766731889441061
11111	27	0.145135121663706
11111	28	0.176341198138395
11111	29	0.195368629693363
11111	30	0.199595977964023
11111	31	0.196083027590227
11111	32	0.115021026968151
11111	33	0.0544314156166692
11111	34	0.2345770150501
11111	35	0.0805157319112482
11111	36	0.00838148495686397
11111	37	-0.0122773264122102
11111	38	-0.0591630049120013
11111	39	0.176407203872891
11111	40	0.0906297130313689
11111	41	0.081542494288243
11111	42	0.0182000882476601
11111	43	0.0578995273293472
11111	44	-0.0321359689317049
11111	45	0.13451178281089
11111	46	0.0519453402493326
11111	47	0.0568987618587329
11111	48	0.202412520568927
11111	49	0.0555330416277755
11111	50	0.000300816652028857
11111	51	0.0689526907812095
11111	52	0.166619893130424
11111	53	-0.0882147041470631
11111	54	-0.0380547445772308
11111	55	0.0214797334489774
11111	56	-0.0232262226004849
11111	57	0.0223797309462697
11111	58	0.050866650886654
11111	59	0.00823156105636969
11111	60	0.229651410311043
11111	61	0.115516922064579
11111	62	0.0937906864584832
11111	63	0.0119853318198864
11111	64	0.115560846073066
11111	65	0.229695962677916
11111	66	0.010758637780178
11111	67	0.0488898036587244
11111	68	0.0136232795811111
11111	69	0.109768902882152
11111	70	-0.00545589750451825
11111	71	0.122481582837594
11111	72	0.215575088490233
11111	73	0.196308837482775
11111	74	0.0976748246829899
11112	1	-0.41238209312522
11112	2	-0.0930595026494316
11112	3	-0.109711134508597
11112	4	-0.10560587327177
11112	5	-0.232723997728289
11112	6	-0.211925738350914
11112	7	-0.207733068448142
11112	8	-0.192273708768418
11112	9	-0.179231995284418
11112	10	-0.237180934039081
11112	11	-0.0617995354561742
11112	12	-0.0609710829034498
11112	13	-0.0488764350109889
11112	14	-0.0942141760611221
11112	15	-0.179416389032831
11112	16	-0.100845638406852
11112	17	-0.0638036255582577
11112	18	-0.12932591191894
11112	19	-0.179676166342617
11112	20	-0.171278933608797
11112	21	-0.22826320676544
11112	22	-0.190471710329589
11112	23	-0.114330048449169
11112	24	-0.150859417050114
11112	25	-0.089027831292853
11112	26	-0.131737074623189
11112	27	-0.0629518228411641
11112	28	-0.116661947483799
11112	29	-0.0661875981323234
11112	30	-0.0716212368946998
11112	31	-0.27475600111169
11112	32	-0.0350377396578807
11112	33	-0.0573695249229971
11112	34	-0.217105598648608
11112	35	-0.0757038842380169
11112	36	0.0320105646179343
11112	37	0.0934360825010003
11112	38	0.111370406529453
11112	39	0.0488044134889307
11112	40	0.0566200463704192
11112	41	0.0854373071018486
11112	42	-0.0335189739043358
11112	43	0.0349740166884871
11112	44	0.0768694982171425
11112	45	0.0538853883473038
11112	46	0.0794522522469734
11112	47	0.00882333450709183
11112	48	-0.0534386912305749
11112	49	0.0808999286538352
11112	50	0.0589095992231918
11112	51	0.0173107861491246
11112	52	0.16988293649753
11112	53	0.0872963492649745
11112	54	0.108789450890043
11112	55	-0.0199682726063841
11112	56	0.00964359499560175
11112	57	0.0834069564066908
11112	58	0.116570492900976
11112	59	0.123573485038349
11112	60	0.159726922661285
11112	61	0.140781965747706
11112	62	0.185647305029121
11112	63	0.194969744673564
11112	64	0.356926206954356
11112	65	0.0439254647276499
11112	66	0.133337281352418
11112	67	0.105222464024976
11112	68	0.102159461791807
11112	69	0.0374357512255585
11112	70	0.161338120238149
11112	71	0.0240775005127603
11112	72	0.124653903138054
11112	73	0.204449178222831
11112	74	0.156310850160132
11201	1	-0.217420602189208
11201	2	0.0392514294265531
11201	3	0.0443571175025355
11201	4	0.0399846280489058
11201	5	0.122694916360285
11201	6	0.130135022030736
11201	7	0.0683959974945267
11201	8	0.0453169746218833
11201	9	0.104702234741808
11201	10	0.237973791671692
11201	11	0.0242591525447722
11201	12	0.00267737813967273
11201	13	0.0730211856335643
11201	14	-0.0886200868978761
11201	15	0.197465186726205
11201	16	0.143147737471871
11201	17	0.124500944790903
11201	18	0.134298183924649
11201	19	0.106349856225982
11201	20	-0.0100783718704562
11201	21	0.0804078590246178
11201	22	0.132300112254278
11201	23	0.00800226342003185
11201	24	0.0656102529620881
11201	25	0.0376527315700272
11201	26	0.118417349869461
11201	27	0.159686258894709
11201	28	0.0891669579430854
11201	29	0.0759494708412731
11201	30	0.0529592331930004
11201	31	0.0692946731483488
11201	32	0.238551321170782
11201	33	0.126945177065181
11201	34	0.136291405502845
11201	35	0.179287567860939
11201	36	0.270914701641139
11201	37	0.16737595857041
11201	38	0.065545571317088
11201	39	0.196666363904178
11201	40	0.0659933492090303
11201	41	0.150274522161276
11201	42	0.0694660479789206
11201	43	0.186813009098564
11201	44	0.148285806609024
11201	45	0.0698661921831985
11201	46	0.179330095943968
11201	47	0.112075403349408
11201	48	0.0988097878002776
11201	49	0.157138761655517
11201	50	0.201609791543312
11201	51	0.260228506867385
11201	52	0.254044036151583
11201	53	0.191454195578729
11201	54	0.127344332643922
11201	55	0.0588723864880762
11201	56	0.18570474888412
11201	57	0.0826685328850516
11201	58	0.224452994630333
11201	59	0.234776209851667
11201	60	0.293469773758083
11201	61	0.112656551695842
11201	62	0.253147138933905
11201	63	0.202677816750793
11201	64	0.145183952800785
11201	65	0.22984566327672
11201	66	0.112454029312588
11201	67	0.0165825837830695
11201	68	0.287330697599096
11201	69	0.0481843622603435
11201	70	0.250875084911627
11201	71	0.0773256080710851
11201	72	0.157412610808997
11201	73	0.117369599924388
11201	74	0.195421940089432
11202	1	0.0280671413962921
11202	2	-0.138088836378273
11202	3	-0.109126931875153
11202	4	-0.119751157627665
11202	5	0.0574941100814037
11202	6	-0.0983391132129015
11202	7	0.0331252727130078
11202	8	0.0490530656749826
11202	9	-0.0559067369663282
11202	10	-0.0256287183537793
11202	11	0.116332828875329
11202	12	0.0805377913735015
11202	13	-0.0738657232560698
11202	14	0.0434944971644384
11202	15	0.0188816779073946
11202	16	-0.128632342647059
11202	17	-0.0369496679768062
11202	18	0.00291894231879297
11202	19	0.00852730756189857
11202	20	-0.00201054646949217
11202	21	-0.0718316219200972
11202	22	-0.01215889412682
11202	23	-0.0282450300743875
11202	24	0.115831969050973
11202	25	0.0898848431851533
11202	26	0.0818273030238572
11202	27	0.0860470400648481
11202	28	0.0379758304038447
11202	29	-0.0517292009404571
11202	30	0.0222940743229785
11202	31	-0.0304579506510834
11202	32	-0.0734414409811919
11202	33	0.0111218479943958
11202	34	-0.100696426090479
11202	35	0.15544301512093
11202	36	0.099121656310615
11202	37	0.024016053875954
11202	38	0.101314658503
11202	39	-0.0328642178658924
11202	40	0.0678184833010747
11202	41	0.0872169490488588
11202	42	0.0684030793775463
11202	43	-0.0111811628348946
11202	44	0.0198439961079586
11202	45	0.123416359028901
11202	46	-0.00922430906324934
11202	47	-0.115637262488178
11202	48	-0.00557757028360584
11202	49	0.0321119240750463
11202	50	0.0747338936570827
11202	51	0.0800489849585801
11202	52	0.00246588863205943
11202	53	0.0448988633537795
11202	54	0.0229765650400964
11202	55	0.185988670888236
11202	56	0.0275806972013015
11202	57	-0.0738936691799452
11202	58	0.0402898313220561
11202	59	0.109796512619802
11202	60	0.0549210788212449
11202	61	0.0681956503867198
11202	62	0.145304184885354
11202	63	0.0213148265606193
11202	64	0.0359079347012425
11202	65	0.0465437764842633
11202	66	0.111738728086358
11202	67	0.0374689607691892
11202	68	-0.0441831221326936
11202	69	0.0650374538505076
11202	70	0.225496111628587
11202	71	0.0727657994363256
11202	72	0.00341890713102089
11202	73	0.0556914851729218
11202	74	0.210475593466434
11203	1	-0.205134852763127
11203	2	0.0171497912751661
11203	3	0.10996190788472
11203	4	0.0178271549384554
11203	5	-0.023097623574575
11203	6	0.182121228480106
11203	7	0.0684361369121049
11203	8	0.110744997184348
11203	9	0.120536463064077
11203	10	0.130982688727983
11203	11	0.0595365545158231
11203	12	0.227015811065932
11203	13	0.181060287601582
11203	14	0.21374448502295
11203	15	0.151948373713623
11203	16	0.0874815698033444
11203	17	0.104735369281713
11203	18	0.114140734486163
11203	19	0.141852141857051
11203	20	0.160120220471043
11203	21	0.179653598199714
11203	22	0.128461651796492
11203	23	0.109912642392736
11203	24	0.175476213037776
11203	25	0.0979869076595961
11203	26	0.0853198270375941
11203	27	0.0794864160559641
11203	28	0.118208598471952
11203	29	0.215673239603234
11203	30	0.0570290099097761
11203	31	0.187324887837626
11203	32	-0.0547021175679774
11203	33	0.202348359503461
11203	34	0.211557444931074
11203	35	0.201396153219214
11203	36	0.236435060624018
11203	37	0.126411358271255
11203	38	0.121984328172665
11203	39	0.0189405869389105
11203	40	0.00742263290522516
11203	41	0.223231145063053
11203	42	0.16737414134861
11203	43	0.0529184822647508
11203	44	-0.048209238945276
11203	45	0.185354387966932
11203	46	0.0537770905885466
11203	47	0.0064482869604916
11203	48	0.0881330090356869
11203	49	0.0521449819262827
11203	50	0.0135898261499889
11203	51	0.193260696208618
11203	52	0.0828871929947397
11203	53	0.20095354551372
11203	54	0.241598100690787
11203	55	0.131020867711747
11203	56	0.0893460048917731
11203	57	0.202098226212883
11203	58	0.1879525253945
11203	59	0.18782258460795
11203	60	0.184820474890543
11203	61	0.105264831493535
11203	62	-0.0293511494033183
11203	63	0.236573354898454
11203	64	-0.0581148037226313
11203	65	0.233524013039407
11203	66	0.156105837862093
11203	67	0.0315535337637627
11203	68	0.12610104227096
11203	69	0.0836135773733844
11203	70	0.213178629653122
11203	71	0.102524490279791
11203	72	0.256761645020234
11203	73	0.285633841991491
11203	74	0.363870150052485
11204	1	-0.124844411921067
11204	2	-0.0447761194174383
11204	3	0.0489892369020417
11204	4	-0.115330453248518
11204	5	-0.0793900470919517
11204	6	-0.159481732877495
11204	7	-0.136807011059545
11204	8	-0.115057333777415
11204	9	-0.176057000171397
11204	10	-0.00332392199138809
11204	11	-0.233072311364893
11204	12	-0.187522313908524
11204	13	-0.105299987178235
11204	14	-0.134293602380865
11204	15	-0.100642352797145
11204	16	-0.137865299507503
11204	17	-0.13651574630272
11204	18	-0.112895363650992
11204	19	-0.0498182489171839
11204	20	-0.131436140106935
11204	21	-0.0641778954903955
11204	22	-0.0737602891951923
11204	23	-0.127768734828379
11204	24	-0.00485285306150729
11204	25	-0.107725939259154
11204	26	-0.120938387420907
11204	27	-0.0342287141032429
11204	28	0.00434384487604689
11204	29	-0.0745726305921792
11204	30	-0.0721130216205665
11204	31	-0.144640874101597
11204	32	-0.0837182544885806
11204	33	-0.131137233802896
11204	34	-0.0954351767220061
11204	35	-0.123557213044457
11204	36	-0.0878794172375876
11204	37	0.06415880646707
11204	38	-0.125889498338786
11204	39	-0.0393155152015296
11204	40	-0.0918236033969606
11204	41	0.017706958397298
11204	42	-0.0593256162726661
11204	43	-0.0691035707854653
11204	44	0.0434148350655832
11204	45	-0.0715173561357574
11204	46	-0.135022281275042
11204	47	-0.0615629102538549
11204	48	0.0240882201782782
11204	49	-0.0578707897597823
11204	50	0.219901368156613
11204	51	-0.0901879092602655
11204	52	-0.0351476958865646
11204	53	-0.110475396554349
11204	54	0.0205039452630871
11204	55	-0.0773689235933404
11204	56	-0.118665357548011
11204	57	0.0704203928439426
11204	58	0.138174331369989
11204	59	0.0861971257737721
11204	60	-0.0272244171522829
11204	61	-0.0321565280277127
11204	62	-0.0526440755963549
11204	63	0.0925105117084115
11204	64	-0.0653794586979473
11204	65	0.0403605633144366
11204	66	-0.0990958341208952
11204	67	-0.121956804247809
11204	68	-0.0685443879030814
11204	69	-0.150274169211009
11204	70	0.00253469272706752
11204	71	0.0606785434634602
11204	72	0.0202638091669485
11204	73	0.0169626149499749
11204	74	-0.0101369421460973
11205	1	-0.187008654468332
11205	2	-0.059305159610858
11205	3	-0.0502497966122384
11205	4	-0.0639633731718519
11205	5	-0.0853090921557182
11205	6	-0.0973789893384094
11205	7	0.00225979843488489
11205	8	-0.00232442638166219
11205	9	-0.030042142600557
11205	10	0.0406533622311684
11205	11	-0.0830722108763169
11205	12	-0.0638756772946394
11205	13	-0.00386802497801852
11205	14	0.0355275346540651
11205	15	-0.0766423313595865
11205	16	0.0637410438673172
11205	17	-0.0305122238431892
11205	18	0.043766995405413
11205	19	-0.0181615339691064
11205	20	-0.0748185989551899
11205	21	0.027823414880622
11205	22	0.0811880027334979
11205	23	-0.0180175244434864
11205	24	0.0869252386872361
11205	25	0.128930417279676
11205	26	-0.0540799885522745
11205	27	-0.105331750399046
11205	28	-0.000280639366337709
11205	29	0.0480965871444567
11205	30	-0.0192561649166052
11205	31	-0.0837192062860126
11205	32	0.0287342227892751
11205	33	-0.00787124791283844
11205	34	0.0343246488834197
11205	35	0.0578356524006693
11205	36	-0.0699824477934854
11205	37	0.103495533355428
11205	38	-0.0492008570125222
11205	39	0.173236883235205
11205	40	0.0602509157335049
11205	41	-0.0576779458460379
11205	42	-0.0171174411429718
11205	43	0.036561579907854
11205	44	-0.0641149628510007
11205	45	0.0918998425123831
11205	46	0.0272521150083662
11205	47	0.0605560036232333
11205	48	0.0705483143676275
11205	49	0.168797075294201
11205	50	0.0851224476596428
11205	51	0.201028556358843
11205	52	-0.0542716200336528
11205	53	0.0638312443247315
11205	54	0.106715842811987
11205	55	0.0762122739807225
11205	56	0.0673001042653567
11205	57	-0.00395364153818178
11205	58	0.0121406935631185
11205	59	-0.120929404517355
11205	60	-0.0906134339577562
11205	61	0.0964551199629895
11205	62	0.157082302779912
11205	63	0.163159015667354
11205	64	0.181068492490269
11205	65	0.04241081592005
11205	66	0.154000200853829
11205	67	0.12312492725335
11205	68	0.0983505248252641
11205	69	0.117037024351866
11205	70	0.0782177373586066
11205	71	0.25028254550849
11205	72	0.154836578703403
11205	73	0.0473266077023169
11205	74	-0.121283797834941
11206	1	-0.619067859607469
11206	2	-0.0653124152327997
11206	3	-0.0767188693106355
11206	4	-0.142318516615607
11206	5	-0.109763706369538
11206	6	0.0164558396761265
11206	7	-0.166401012129313
11206	8	-0.0826100192629937
11206	9	-0.120889607198045
11206	10	-0.130478477725234
11206	11	-0.133375367194972
11206	12	-0.170607209948393
11206	13	-0.138088778838139
11206	14	-0.207159044907435
11206	15	-0.278046784055526
11206	16	-0.108853987477794
11206	17	-0.1220613871956
11206	18	-0.014184772038071
11206	19	-0.0484469983341853
11206	20	-0.154981763193149
11206	21	-0.0757905839757171
11206	22	-0.193056487402608
11206	23	-0.137857309315393
11206	24	-0.176201783668233
11206	25	-0.0958340969742011
11206	26	-0.0782441560287026
11206	27	-0.0196156016821973
11206	28	-0.0620428461446636
11206	29	0.0173743027910191
11206	30	-0.142791942015847
11206	31	-0.0391163546591144
11206	32	-0.0526486283533245
11206	33	-0.10845564514657
11206	34	0.0924932705979842
11206	35	-0.138201555625621
11206	36	0.0503429440119803
11206	37	-0.0279367528206862
11206	38	-0.00581832837382024
11206	39	-0.00979565594533938
11206	40	0.0573139560033766
11206	41	-0.00805745248740664
11206	42	-0.0367597209939845
11206	43	-0.183543135813565
11206	44	-0.0521464478464324
11206	45	0.0375924421328762
11206	46	0.0685260986961893
11206	47	0.0435523062808301
11206	48	0.118173374742085
11206	49	0.136038720066701
11206	50	-0.00403377226297863
11206	51	0.101844446424252
11206	52	0.00631586299646614
11206	53	0.130546093383309
11206	54	0.137394065304235
11206	55	0.00666291183761558
11206	56	0.0235619869436619
11206	57	0.185852730106902
11206	58	-0.0497200963802342
11206	59	-0.0720357921806851
11206	60	-0.0595913908878174
11206	61	0.0670987394184692
11206	62	-0.00167876277091494
11206	63	0.0897931725525822
11206	64	0.106576528123597
11206	65	0.140363955959643
11206	66	0.0520814204901825
11206	67	0.0705871582578084
11206	68	-0.00983834183798393
11206	69	0.0974036966731759
11206	70	0.0601880065635285
11206	71	0.137879884211337
11206	72	-0.10893417554334
11206	73	0.198891353733686
11206	74	0.117380438022217
11207	1	-0.213311784619624
11207	2	-0.147078907295743
11207	3	-0.185158876049805
11207	4	-0.21605099808724
11207	5	-0.126374501004054
11207	6	-0.148134990637452
11207	7	0.0174683122181065
11207	8	-0.310728895748717
11207	9	-0.0742507010203752
11207	10	-0.0490959149111845
11207	11	-0.0904012523767079
11207	12	0.0413782074311442
11207	13	-0.0835874191611978
11207	14	-0.107584337882656
11207	15	-0.143649065202801
11207	16	-0.0163042891145082
11207	17	-0.104428074822927
11207	18	-0.0543200318246164
11207	19	-0.106064086384052
11207	20	-0.142008460661586
11207	21	-0.217297484197331
11207	22	-0.0743637363856067
11207	23	0.0210701296624052
11207	24	-0.0507954228611851
11207	25	-0.218066383938627
11207	26	-0.0720761299081332
11207	27	-0.0814905708199873
11207	28	-0.0571214860689437
11207	29	-0.0160249992847596
11207	30	-0.150564602372548
11207	31	-0.11159561291155
11207	32	-0.0634143042487878
11207	33	-0.0621225174051858
11207	34	0.0137389303173023
11207	35	-0.00403119675682007
11207	36	0.120820338828551
11207	37	-0.131461061740765
11207	38	0.105940242941216
11207	39	0.0789758551240709
11207	40	0.0437034424703882
11207	41	0.14603256113412
11207	42	0.0427630933224279
11207	43	0.0242147216609183
11207	44	0.0199871407220797
11207	45	0.0125758160612435
11207	46	0.150263631233791
11207	47	0.0357954247602379
11207	48	-0.00639026930243602
11207	49	0.0859554154310587
11207	50	0.0261372845696002
11207	51	0.00257069554066192
11207	52	0.110279351167208
11207	53	-0.100364736498165
11207	54	0.0168236920420242
11207	55	0.091860733081738
11207	56	0.0812500712341375
11207	57	0.0203842623856616
11207	58	0.0818136675706711
11207	59	-0.0404641312731471
11207	60	0.146472947015624
11207	61	0.148197328641935
11207	62	0.150084395064837
11207	63	0.151171613160002
11207	64	0.104516636150372
11207	65	0.15539814946456
11207	66	0.0468714292865826
11207	67	0.103817187090279
11207	68	-0.00132040098847597
11207	69	0.17911679313162
11207	70	0.117617437430091
11207	71	0.0320335804511771
11207	72	0.100289199798823
11207	73	0.0359261247601736
11207	74	-0.220970275479431
11208	1	-0.44942806562241
11208	2	0.0674522943844131
11208	3	0.0808169066574536
11208	4	-0.0758525275950319
11208	5	0.145050663028506
11208	6	0.14040214197685
11208	7	0.0813285924609346
11208	8	0.0216092800450411
11208	9	0.28390611457187
11208	10	-0.0512896842294452
11208	11	0.0993246226141977
11208	12	0.145396456618144
11208	13	0.114782529051539
11208	14	0.0607354751442344
11208	15	0.135741016073915
11208	16	0.150764080286457
11208	17	-0.081242422851254
11208	18	0.174592317043171
11208	19	0.1420732037965
11208	20	0.167922859657907
11208	21	0.120094479407548
11208	22	0.165168717254446
11208	23	-0.0897851112482329
11208	24	-0.052401674503578
11208	25	0.134957912343744
11208	26	0.0960940932711409
11208	27	0.0619318900117349
11208	28	0.104615728322862
11208	29	0.00607648122880988
11208	30	0.0304289168634924
11208	31	0.129333485888992
11208	32	0.117075333395299
11208	33	0.145897202124821
11208	34	0.0527715551015646
11208	35	-0.0904808346693642
11208	36	0.0130096696884223
11208	37	0.0338513264663263
11208	38	0.0195266022251417
11208	39	0.129447875568651
11208	40	0.0704242231517114
11208	41	0.112511558527139
11208	42	0.039365660034008
11208	43	0.0386693436482659
11208	44	0.0633820677072592
11208	45	0.0515062565065563
11208	46	0.115962354304422
11208	47	0.053633020594205
11208	48	0.0679623225792838
11208	49	0.0677659731799309
11208	50	0.138549804946706
11208	51	0.0521170439425163
11208	52	-0.0406632973312568
11208	53	0.123861576258484
11208	54	0.091355420341614
11208	55	0.0884233547092137
11208	56	0.107047083627982
11208	57	0.16113357197964
11208	58	0.0133547558303633
11208	59	-0.0132662426496566
11208	60	-0.0657428100080963
11208	61	0.0546759624055326
11208	62	0.173914007591151
11208	63	0.096010194042826
11208	64	0.0721843181643251
11208	65	-0.127683576489368
11208	66	-0.043129904443731
11208	67	0.0284354307592594
11208	68	0.0806705705140658
11208	69	0.0139423611675156
11208	70	-0.0134618377473856
11208	71	0.159954338655332
11208	72	-0.105703071122015
11208	73	0.102498217287732
11208	74	-0.11544452440647
11209	1	0.214487265244397
11209	2	-0.1836248042313
11209	3	-0.214412238432402
11209	4	-0.235698804546313
11209	5	-0.29924504069621
11209	6	-0.201129939182479
11209	7	-0.449923276353452
11209	8	-0.173551172058538
11209	9	-0.266750464422152
11209	10	-0.258206798044405
11209	11	-0.430496759744834
11209	12	-0.163802158726007
11209	13	-0.17218811025365
11209	14	-0.279793995364095
11209	15	-0.147292213232056
11209	16	-0.210389691979884
11209	17	-0.172161532890755
11209	18	-0.164370392402958
11209	19	-0.260941746189395
11209	20	-0.185904498673395
11209	21	-0.287100264150105
11209	22	-0.262466555800174
11209	23	-0.250523788416075
11209	24	-0.192706172835734
11209	25	-0.22531086881088
11209	26	-0.338496212338555
11209	27	-0.163854758463813
11209	28	-0.225972178853752
11209	29	-0.209479119604609
11209	30	-0.30140993828163
11209	31	-0.136199173180515
11209	32	-0.136406945878207
11209	33	-0.165414066541494
11209	34	-0.354758185839081
11209	35	-0.0952042713085532
11209	36	-0.0109817489814716
11209	37	-0.164435983066653
11209	38	-0.0849590680537489
11209	39	0.0393934171275916
11209	40	0.0282802658383332
11209	41	-0.0148477571667911
11209	42	0.135202614761987
11209	43	0.0697761151978611
11209	44	-0.0825076952059973
11209	45	0.0288809745878567
11209	46	0.0210498178612752
11209	47	-0.133709517499199
11209	48	-0.0373283974823266
11209	49	-0.102043697318997
11209	50	-0.0925096592702488
11209	51	0.00245452125150081
11209	52	0.0316762152931958
11209	53	0.0954166672975987
11209	54	0.0498754159409316
11209	55	-0.00526651796840838
11209	56	0.0764916388938772
11209	57	0.17088819262564
11209	58	-0.183723745077572
11209	59	9.24375695419144e-05
11209	60	0.0223682265587541
11209	61	0.000855761003016653
11209	62	-0.012207036644611
11209	63	-0.0942562839285941
11209	64	0.0695467164177543
11209	65	-0.0371422429969002
11209	66	0.0264204444825182
11209	67	0.000203778174679314
11209	68	0.112962080973361
11209	69	-0.0608508753826271
11209	70	0.0760334069562987
11209	71	0.0354780852733114
11209	72	0.0820837118695934
11209	73	0.034311317519844
11209	74	0.0146763472553246
11210	1	-0.410720386517031
11210	2	-0.234005220465612
11210	3	-0.179726275739736
11210	4	-0.198390641541319
11210	5	-0.267527944890613
11210	6	-0.158765049859994
11210	7	-0.205435778206407
11210	8	-0.172166849964746
11210	9	-0.121739174316424
11210	10	-0.138604209766122
11210	11	-0.286222515320077
11210	12	-0.243203283255006
11210	13	-0.122996068140694
11210	14	-0.321776089773508
11210	15	-0.211549910326276
11210	16	-0.140159235928564
11210	17	-0.144125942340658
11210	18	-0.295881542890591
11210	19	-0.260867972674085
11210	20	-0.278964065615966
11210	21	-0.146579919551947
11210	22	-0.141359125704028
11210	23	-0.212213408758259
11210	24	-0.167732665801395
11210	25	-0.0515492813702991
11210	26	-0.203178624249873
11210	27	-0.248868737510755
11210	28	-0.162709390008033
11210	29	-0.0466529734434147
11210	30	-0.1865950443052
11210	31	-0.209368159346262
11210	32	-0.191527758627927
11210	33	-0.216462443351787
11210	34	-0.260013411175805
11210	35	-0.117333568012533
11210	36	-0.0263467019559087
11210	37	-0.0114551971916299
11210	38	0.0794705667047779
11210	39	0.106802972260013
11210	40	-0.0514820098526272
11210	41	0.0294780174567109
11210	42	0.0734517059858106
11210	43	-0.127340900554266
11210	44	-0.0574041235713523
11210	45	0.121808099393121
11210	46	0.100170276752287
11210	47	0.173058403421471
11210	48	0.00769775786238824
11210	49	0.0202337347954469
11210	50	0.1479346825178
11210	51	-0.0130994623780083
11210	52	0.00206765432445621
11210	53	0.07842325987896
11210	54	-0.0364091265137034
11210	55	0.00326946683905049
11210	56	0.0482288887837612
11210	57	0.0570839798486134
11210	58	-0.0552499993143414
11210	59	0.0935518145947114
11210	60	0.0503048880063872
11210	61	0.109955507523026
11210	62	-0.119211818313332
11210	63	0.110598087115434
11210	64	0.0187077193131486
11210	65	0.0822092297640324
11210	66	0.203063410319892
11210	67	-0.0625320131312961
11210	68	-0.00179223711560894
11210	69	-0.00529482572465412
11210	70	0.167672633568934
11210	71	0.0828582782096561
11210	72	0.0788658421021466
11210	73	-0.0274933532444805
11210	74	-0.195204969356986
11211	1	-0.440934724613047
11211	2	-0.239726695634438
11211	3	-0.155186701218408
11211	4	-0.0939734069093987
11211	5	-0.229510824257225
11211	6	-0.352454535928189
11211	7	-0.23148096750306
11211	8	-0.201985251691404
11211	9	-0.252165174323373
11211	10	-0.16208874176391
11211	11	-0.206264917213566
11211	12	-0.120402672945787
11211	13	-0.239241623761899
11211	14	-0.187821001024957
11211	15	-0.340523541214317
11211	16	-0.221535281639191
11211	17	-0.37643104134213
11211	18	-0.389789085909392
11211	19	-0.158525094280634
11211	20	-0.210764582084927
11211	21	-0.248717322540237
11211	22	-0.270780548391819
11211	23	-0.344625624674258
11211	24	-0.188845889283705
11211	25	-0.13451018473917
11211	26	-0.113573274660169
11211	27	-0.237912366278707
11211	28	-0.244638606650426
11211	29	-0.267861844475625
11211	30	-0.286711614756641
11211	31	-0.117212301107607
11211	32	-0.14078548220234
11211	33	-0.218905626552299
11211	34	-0.221378057033107
11211	35	-0.138573441084894
11211	36	0.0837412607000942
11211	37	-0.122235275429773
11211	38	-0.0780552305949271
11211	39	-0.154314643186609
11211	40	-0.0312460624161872
11211	41	-0.0294352680217713
11211	42	-0.0335189739043358
11211	43	-0.0753340852514128
11211	44	-0.0186040658756639
11211	45	-0.109674900736003
11211	46	0.0532065314405799
11211	47	0.0335475642522383
11211	48	-0.0355611712610084
11211	49	0.050974955300191
11211	50	-0.0174288121155115
11211	51	-0.0905658538103964
11211	52	0.103768056423547
11211	53	-0.13592648769508
11211	54	0.068220954552686
11211	55	-0.0635299222359436
11211	56	0.0722163452492381
11211	57	-0.0184257271354227
11211	58	0.0463055281303681
11211	59	0.0978357234199549
11211	60	-0.0397034474632179
11211	61	-0.0838712258877052
11211	62	-0.013970086739981
11211	63	0.0244881251669327
11211	64	-0.0598203032809295
11211	65	-0.0664658121331172
11211	66	-0.00771884899904052
11211	67	0.0776139326082586
11211	68	-0.127902750781438
11211	69	-0.0370404982122921
11211	70	0.022180547314413
11211	71	-0.10560798497459
11211	72	-0.0161724542420387
11211	73	-0.0995011919853326
11211	74	0.0530195540972542
11212	1	-0.0460327382707071
11212	2	-0.0405801720745487
11212	3	0.0210805305194199
11212	4	0.0950161931118778
11212	5	0.0698846655258443
11212	6	0.131873158129814
11212	7	0.0764450153031291
11212	8	0.0726762037103796
11212	9	0.063483597703673
11212	10	0.0426375793354126
11212	11	0.127108971246429
11212	12	0.0289361384068769
11212	13	0.106506308994483
11212	14	0.0639997427432064
11212	15	0.0331586525544054
11212	16	0.0950155778654036
11212	17	0.0618751726448181
11212	18	0.204927825757544
11212	19	0.00523058234629303
11212	20	0.0369021776794085
11212	21	0.130201442877201
11212	22	0.120633651129204
11212	23	0.0585388601679284
11212	24	0.101823175233534
11212	25	0.196797596843503
11212	26	0.142419503128558
11212	27	0.0218421176692516
11212	28	0.104548749905334
11212	29	0.00993053100440733
11212	30	0.0258878067334365
11212	31	0.192721780506851
11212	32	0.133637740535832
11212	33	0.202431504908731
11212	34	0.125350777014354
11212	35	0.275279133818884
11212	36	0.190794189098852
11212	37	-0.00573589942972319
11212	38	-0.0797857694982582
11212	39	0.044386116615847
11212	40	0.0902626028526328
11212	41	-0.0281888399106478
11212	42	-0.0962411854733318
11212	43	0.130255822610359
11212	44	0.0140356896798224
11212	45	0.0572191513027676
11212	46	0.0830783678237097
11212	47	0.0247172576592192
11212	48	-0.0688076370950412
11212	49	0.029857979672343
11212	50	0.181154063565472
11212	51	-0.0347783721610284
11212	52	-0.060292472886168
11212	53	0.0807548505596714
11212	54	-0.0529632845839672
11212	55	-0.128930867521532
11212	56	0.0933124645429046
11212	57	-0.0749906554379152
11212	58	-0.0386648918289367
11212	59	0.0349281905731473
11212	60	-0.0536488415418788
11212	61	0.151548453281414
11212	62	0.119510331505737
11212	63	0.0162525036908292
11212	64	0.0700980992503304
11212	65	0.0861074335215406
11212	66	0.106275343148859
11212	67	0.0276699985072497
11212	68	0.115613015612936
11212	69	0.0675672977800019
11212	70	-0.00125806907016823
11212	71	0.0706125198981553
11212	72	0.0930187611283628
11212	73	0.0634408373392858
11212	74	0.0386948162381842
11301	1	-0.0857556750041013
11301	2	0.172073643484403
11301	3	0.15939526548043
11301	4	0.175385931361451
11301	5	0.111740847499004
11301	6	0.209820886538779
11301	7	0.259958557934048
11301	8	0.183999505831054
11301	9	0.214886308790014
11301	10	0.277480784185826
11301	11	0.229362309810966
11301	12	0.233248789636285
11301	13	0.1505210778353
11301	14	0.182912017694932
11301	15	0.156777582568495
11301	16	0.210736367188233
11301	17	0.126414710717626
11301	18	0.174603514000417
11301	19	0.152250231464812
11301	20	0.0918421771517828
11301	21	0.192099343667714
11301	22	0.187836139443142
11301	23	-0.0296192050520645
11301	24	0.120784431003464
11301	25	0.0484555046205131
11301	26	0.18603283459224
11301	27	0.19416518729674
11301	28	0.206781295339297
11301	29	0.201776270927304
11301	30	0.101585328543152
11301	31	0.0769987819139004
11301	32	0.113941317643068
11301	33	0.0114207391354171
11301	34	0.19458202508693
11301	35	-0.0009349933199303
11301	36	0.108977666166624
11301	37	-0.061319281459383
11301	38	-0.00928632709798904
11301	39	0.0383223533206802
11301	40	0.00772954821214
11301	41	0.00820524503715347
11301	42	0.0610591970336642
11301	43	-0.0341079357616678
11301	44	0.0181499944139603
11301	45	0.187740298352843
11301	46	0.0314059432174005
11301	47	0.0583509028631113
11301	48	0.0272477461504224
11301	49	0.194469768251068
11301	50	0.0988444234045858
11301	51	0.104424902372827
11301	52	0.327741634849183
11301	53	0.211954322514501
11301	54	0.129752586289797
11301	55	0.16228939010508
11301	56	0.0481227797107238
11301	57	0.0646190640479603
11301	58	0.205615030516157
11301	59	0.0982055252203082
11301	60	0.152517600612647
11301	61	0.107649893808464
11301	62	0.0952373201457704
11301	63	0.105303158857701
11301	64	0.101634786081583
11301	65	0.104613271428306
11301	66	0.0256524929556505
11301	67	0.0398227552215999
11301	68	-0.00131802287661742
11301	69	0.108513954987231
11301	70	-0.0263345127054393
11301	71	0.0813680125117386
11301	72	0.116834467896737
11301	73	0.134539161153711
11301	74	0.0445695568056834
11302	1	0.767346863190021
11302	2	0.120317566696066
11302	3	0.0379935790717774
11302	4	0.0728823299640133
11302	5	0.107377739753129
11302	6	0.106580916014998
11302	7	0.151900813293778
11302	8	0.102536056663048
11302	9	0.244420047153184
11302	10	0.085670705207157
11302	11	-0.0742946236969928
11302	12	0.125286242024366
11302	13	-0.0398409336698649
11302	14	0.0355549285465386
11302	15	0.121040618125527
11302	16	0.0243337475805419
11302	17	0.0984864501255487
11302	18	-0.0177435566663462
11302	19	0.0246060334421188
11302	20	-0.0572492409567857
11302	21	0.0734452312097176
11302	22	0.12963361487158
11302	23	0.152802167565731
11302	24	0.0982850826338293
11302	25	-0.0846469692150507
11302	26	-0.0682938033061475
11302	27	0.142070557696307
11302	28	0.0696833619997435
11302	29	0.161434854159545
11302	30	0.0246214808884346
11302	31	0.101886234891928
11302	32	0.0729077782550931
11302	33	0.0900473168585663
11302	34	0.198960552069785
11302	35	0.0505270453230864
11302	36	0.218073682871335
11302	37	0.177049133539462
11302	38	-0.00114300101988363
11302	39	0.0747356179948113
11302	40	-0.0211431491388154
11302	41	0.068098451669492
11302	42	0.0503699064530707
11302	43	0.0149179176120171
11302	44	0.109728978177408
11302	45	0.0532590658133572
11302	46	0.0930156298270859
11302	47	0.0865819310941376
11302	48	0.16756113646381
11302	49	0.0614679512228236
11302	50	0.0197151132220341
11302	51	0.0390955611881196
11302	52	0.0762767023966902
11302	53	-0.0707017634075271
11302	54	0.119975477562456
11302	55	0.0874970607750996
11302	56	-0.00813412158402116
11302	57	0.18823479441776
11302	58	-0.0498109015440065
11302	59	0.0330593833046677
11302	60	0.103859919773967
11302	61	0.0649327573204417
11302	62	-0.0860854342541089
11302	63	0.0481118317428724
11302	64	-0.0250946849701137
11302	65	0.0846428551643896
11302	66	0.129314174306622
11302	67	0.14054756445735
11302	68	0.0034641115188947
11302	69	0.107806830031983
11302	70	0.0704015068083663
11302	71	0.127829903434716
11302	72	0.123217210457121
11302	73	0.318925706570766
11302	74	0.294932262006149
11303	1	1.28758049758198
11303	2	0.089424267711248
11303	3	0.0603676316874555
11303	4	0.0274901900718767
11303	5	0.0659741175460695
11303	6	0.0640754769343985
11303	7	0.0583189284020307
11303	8	-0.00988914537206398
11303	9	0.0630810150889118
11303	10	0.0581032215753083
11303	11	0.0152987435096748
11303	12	0.0203637468015927
11303	13	0.0386137734683132
11303	14	-0.020477359736617
11303	15	0.0264744378365478
11303	16	0.0697407367566854
11303	17	0.03517970973855
11303	18	-0.0173150487563447
11303	19	0.0829722049063761
11303	20	0.00360227638547883
11303	21	0.00462431527193985
11303	22	0.0861553355557021
11303	23	0.0267385345653608
11303	24	0.0422018825197839
11303	25	0.00721367152731034
11303	26	0.00988004023161437
11303	27	-0.0520787395507227
11303	28	-0.0933846867534243
11303	29	0.0367131721684189
11303	30	-0.0265606069718132
11303	31	0.11309362593213
11303	32	-0.0535729074933258
11303	33	0.0809332505985125
11303	34	0.0573306267744158
11303	35	0.032045626444301
11303	36	-0.0724832475042021
11303	37	-0.0999418319106979
11303	38	0.0126760292616623
11303	39	-0.00814765939980333
11303	40	0.0230843951009732
11303	41	0.0075680173533641
11303	42	0.082244042007467
11303	43	-0.0247926432601133
11303	44	-0.00690435381913801
11303	45	0.00659004153604315
11303	46	0.0155597690441525
11303	47	-0.15994819001353
11303	48	-0.0100837663031328
11303	49	-0.0856589985468688
11303	50	0.141042937814895
11303	51	-0.0751672558618424
11303	52	-0.0719482967126979
11303	53	-0.0425069399264828
11303	54	0.0137446512338002
11303	55	0.0101592507116877
11303	56	0.0920784441048781
11303	57	-0.109143844571534
11303	58	0.101131631786643
11303	59	-0.0620826774547112
11303	60	0.142724869120158
11303	61	0.102055695533444
11303	62	-0.101498704638843
11303	63	-0.025635619267014
11303	64	-0.141055027502546
11303	65	0.00783130197664406
11303	66	-0.173597057788918
11303	67	-0.0395238041181685
11303	68	-0.0106836775065133
11303	69	-0.0118901396649846
11303	70	-0.0512248963585691
11303	71	-0.041902227403888
11303	72	-0.107908226379578
11303	73	0.0364851945112932
11303	74	0.207377938806282
11304	1	0.297962135452561
11304	2	-0.137841180850604
11304	3	-0.125810108910333
11304	4	-0.0293370775853958
11304	5	-0.00848902732888845
11304	6	-0.115991999225315
11304	7	-0.0640492528890704
11304	8	-0.111156946212482
11304	9	-0.0951287684020699
11304	10	-0.0284696024289772
11304	11	-0.103279287533773
11304	12	-0.116469429160993
11304	13	-0.0759790504255378
11304	14	-0.0135664371022841
11304	15	-0.140415860947002
11304	16	-0.148264271498377
11304	17	-0.0686286623852936
11304	18	-0.191739403122142
11304	19	0.0115200870274066
11304	20	-0.177446420198194
11304	21	-0.134885819956466
11304	22	-0.0963716797561958
11304	23	-0.0256804194989471
11304	24	-0.203310152201169
11304	25	-0.166405607217698
11304	26	-0.0207494151551657
11304	27	-0.0548040143973552
11304	28	-0.13143375881819
11304	29	-0.0868489561467243
11304	30	-0.162769545630347
11304	31	-0.13689919575301
11304	32	-0.180674083080433
11304	33	-0.102625785519457
11304	34	-0.0456090312064887
11304	35	-0.0662560118680204
11304	36	-0.0498972372982536
11304	37	-0.135435538946943
11304	38	-0.12242873181215
11304	39	-0.135519549735349
11304	40	-0.12535019790861
11304	41	-0.161892068852872
11304	42	-0.00496271238232282
11304	43	-0.0443706735300964
11304	44	-0.179064764588958
11304	45	-0.133703802134541
11304	46	-0.135427023444727
11304	47	-0.0894078599298211
11304	48	-0.141374431491883
11304	49	-0.10115999338705
11304	50	0.0336652327031786
11304	51	0.027170857448823
11304	52	-0.221495502168054
11304	53	-0.206960275568349
11304	54	-0.163783298919078
11304	55	0.0271718370180167
11304	56	0.0279589211098497
11304	57	-0.0397242980550985
11304	58	-0.187849998266636
11304	59	-0.129070012713008
11304	60	0.0483933999867077
11304	61	-0.045313850775436
11304	62	-0.150080589254934
11304	63	-0.0896242344357319
11304	64	-0.25940638733222
11304	65	-0.118106717675666
11304	66	-0.209138510142218
11304	67	-0.169908570905868
11304	68	-0.161693090495014
11304	69	-0.0468609821100543
11304	70	0.0564659567085855
11304	71	-0.0400847403498616
11304	72	-0.182637498125082
11304	73	-0.0484128001417616
11304	74	0.0638270218178647
11305	1	0.847127165447798
11305	2	-0.0844865841674718
11305	3	-0.105544325957045
11305	4	-0.0352321718523179
11305	5	-0.157913739551212
11305	6	-0.143417439253568
11305	7	-0.192426727295455
11305	8	-0.206964569979625
11305	9	-0.107898284036516
11305	10	-0.191646502082733
11305	11	-0.0794233074842197
11305	12	-0.133792949601101
11305	13	-0.193082891207283
11305	14	-0.140620615832155
11305	15	-0.240960109942257
11305	16	-0.0968641815929345
11305	17	-0.242732685118526
11305	18	-0.106028079853225
11305	19	-0.111280306844044
11305	20	-0.117352661669216
11305	21	-0.141862722821131
11305	22	-0.148059413550477
11305	23	-0.191377347194639
11305	24	-0.0389147127615814
11305	25	-0.185784109114813
11305	26	-0.145037931340816
11305	27	-0.295361802723562
11305	28	-0.222205206349265
11305	29	-0.101631577639473
11305	30	-0.22681258785915
11305	31	-0.180632572611991
11305	32	-0.158826793889951
11305	33	-0.229701905457588
11305	34	-0.0818258049926328
11305	35	-0.225385561324039
11305	36	0.0455630536874523
11305	37	0.0226186550097296
11305	38	-0.0300978435074484
11305	39	0.17335291269093
11305	40	0.00570453448987962
11305	41	-0.0345501925420706
11305	42	0.0854702566870174
11305	43	-0.0534563675550288
11305	44	-0.0258333834383109
11305	45	0.139722097378339
11305	46	0.0327942174205802
11305	47	0.0329400574008503
11305	48	-0.103959402408911
11305	49	0.0522874718271282
11305	50	0.026872038427058
11305	51	0.0543708424914371
11305	52	-0.0807566517718072
11305	53	0.0447491503497375
11305	54	0.0201300844005843
11305	55	0.12455727973861
11305	56	0.10806858703134
11305	57	-0.0563975157186718
11305	58	-0.0201899756626887
11305	59	0.0415284728024119
11305	60	0.00662647885572909
11305	61	-0.0607386029280974
11305	62	0.00842637093941079
11305	63	-0.049995234100173
11305	64	0.043589913123057
11305	65	0.0289251919954197
11305	66	0.0581289291067577
11305	67	-0.0562160245828949
11305	68	-0.004026881760403
11305	69	0.070463888420754
11305	70	-0.00782575060627977
11305	71	-0.175516287500677
11305	72	-0.106328260594871
11305	73	-0.149444359211003
11305	74	0.0353350342550769
11306	1	1.4369139905611
11306	2	-0.151824439766429
11306	3	-0.163063303533999
11306	4	-0.151785946477357
11306	5	-0.11494051130153
11306	6	-0.138989863766419
11306	7	-0.225242140783187
11306	8	-0.186619724136172
11306	9	-0.181591443549664
11306	10	-0.294518946374893
11306	11	-0.262240792175831
11306	12	-0.0720059203850525
11306	13	-0.212769752614662
11306	14	-0.151471117982503
11306	15	-0.299307706234721
11306	16	-0.174588370209108
11306	17	-0.149351292539798
11306	18	-0.227416126620184
11306	19	-0.294456342987786
11306	20	-0.226408952601211
11306	21	-0.175941159174684
11306	22	-0.231072030336883
11306	23	-0.13825878627258
11306	24	-0.22303431257756
11306	25	-0.380875054168108
11306	26	-0.205361264097142
11306	27	-0.248845855688224
11306	28	-0.0845104754644908
11306	29	-0.261630842430684
11306	30	-0.184681694906921
11306	31	-0.227901148498844
11306	32	-0.15934404619523
11306	33	-0.0874660257871298
11306	34	-0.244391990929685
11306	35	-0.21352016927532
11306	36	-0.0667458335404589
11306	37	-0.00748671550797297
11306	38	0.033396368829429
11306	39	0.0280977409654923
11306	40	-0.0253984631214976
11306	41	-0.000406640138450598
11306	42	-0.0969607793991329
11306	43	0.0043694738064417
11306	44	0.176423073230431
11306	45	0.0743548855147296
11306	46	-0.148973637963593
11306	47	0.0686832716786654
11306	48	-0.180102970778087
11306	49	-0.111604724761243
11306	50	-0.122454686240239
11306	51	-0.191314634563895
11306	52	-0.0542003016702211
11306	53	-0.00202184216588819
11306	54	0.115281858790901
11306	55	-0.0747096336857709
11306	56	-0.0902485506711912
11306	57	0.0285387078764714
11306	58	-0.130681317870561
11306	59	-0.082872666125013
11306	60	0.042224923950009
11306	61	-0.158714360966222
11306	62	-0.0347946575306395
11306	63	0.0364249066819013
11306	64	0.135560377343204
11306	65	-0.131679992814156
11306	66	-0.0296905401139256
11306	67	-0.00570522563071307
11306	68	-0.198087418894133
11306	69	-0.0744709040356781
11306	70	-0.089156981479185
11306	71	0.0148119702828069
11306	72	-0.093446170785846
11306	73	0.0396030524950248
11306	74	-0.0598472117961322
11307	1	1.91867049461521
11307	2	0.0319647416137521
11307	3	-0.130341366361097
11307	4	-0.15069633560838
11307	5	-0.155335863435894
11307	6	-0.138080836190646
11307	7	-0.0963796138637463
11307	8	-0.121417544181107
11307	9	-0.224136684095171
11307	10	-0.0272214502187822
11307	11	-0.0700262237790668
11307	12	-0.227515635827338
11307	13	-0.240724413069188
11307	14	-0.120044430521766
11307	15	-0.16381126412282
11307	16	-0.204905585694171
11307	17	-0.159293151441609
11307	18	-0.266828812306251
11307	19	-0.0818743624504421
11307	20	-0.0925029268025526
11307	21	-0.218558510815271
11307	22	-0.257960302139487
11307	23	-0.242432124234057
11307	24	-0.203239816976335
11307	25	-0.0906581464385283
11307	26	-0.187096990378087
11307	27	-0.388244241377471
11307	28	-0.137389602602461
11307	29	-0.135309926057552
11307	30	-0.205664495799631
11307	31	-0.126786420968784
11307	32	-0.300075876032601
11307	33	-0.0266112893104022
11307	34	-0.193099613439102
11307	35	-0.0326548483565077
11307	36	-0.129646776072889
11307	37	-0.0887613875165627
11307	38	-0.140777382621629
11307	39	0.093172766164983
11307	40	-0.145019507439159
11307	41	-0.161386177304884
11307	42	-0.0178717651491311
11307	43	0.0189947955195535
11307	44	0.0335034379458889
11307	45	-0.0460137679195611
11307	46	-0.0795858789602448
11307	47	0.0874434710754812
11307	48	0.070806492031906
11307	49	-0.051920217747714
11307	50	-0.0316768256985682
11307	51	-0.0435134017390695
11307	52	0.0247050784507721
11307	53	-0.131561235548737
11307	54	-0.195927970136481
11307	55	-0.0672206629146643
11307	56	-0.0194213872013691
11307	57	-0.0734479687170406
11307	58	-0.102852481520948
11307	59	-0.173457770979709
11307	60	-0.163218134633901
11307	61	-0.122469177514397
11307	62	-0.338292740488605
11307	63	-0.0674592062765029
11307	64	-0.0915321137810139
11307	65	-0.10822623214812
11307	66	-0.0208105924331292
11307	67	-0.210371124784089
11307	68	-0.243741041057511
11307	69	-0.101619399476213
11307	70	-0.147615406934626
11307	71	-0.271486937622797
11307	72	-0.0525024740663866
11307	73	-0.022642250587495
11307	74	0.135587953872914
11308	1	2.33007802999073
11308	2	0.344830796732388
11308	3	0.275894614177101
11308	4	0.257376271881387
11308	5	0.289822170753624
11308	6	0.314680858364163
11308	7	0.219712311669824
11308	8	0.327822709427089
11308	9	0.280383314318541
11308	10	0.0858649505624669
11308	11	0.212154405135543
11308	12	0.177763923084761
11308	13	0.359428763105726
11308	14	0.178752901040205
11308	15	0.265330812975854
11308	16	0.14432370020247
11308	17	0.257869953920299
11308	18	0.348975660041482
11308	19	0.188472601414354
11308	20	0.39097176814635
11308	21	0.284064135464256
11308	22	0.178971638562992
11308	23	0.27427876441083
11308	24	0.321074422211481
11308	25	0.241782795223159
11308	26	0.208047349663104
11308	27	0.152445039016726
11308	28	0.125466476236177
11308	29	0.227772756855373
11308	30	0.156796993280992
11308	31	0.22476436387322
11308	32	0.256375926761748
11308	33	0.209373276578901
11308	34	0.315117495199495
11308	35	0.249065074708405
11308	36	0.0668641629682156
11308	37	0.0900608722792597
11308	38	0.0744434476695233
11308	39	0.208654423416895
11308	40	0.102714228102478
11308	41	0.173061047864657
11308	42	0.13955796067394
11308	43	0.0160654233739592
11308	44	0.134740732466959
11308	45	0.235830660122446
11308	46	0.187103276980771
11308	47	0.137940368610657
11308	48	0.242077741456235
11308	49	0.23433452183977
11308	50	0.195741329385257
11308	51	0.187839039611184
11308	52	0.360206179159974
11308	53	0.213874290517836
11308	54	0.163676082216838
11308	55	0.126441982614033
11308	56	0.232585095589648
11308	57	0.0856753627337383
11308	58	0.208840718441337
11308	59	0.354752124847941
11308	60	0.141794056975471
11308	61	0.187524559032973
11308	62	0.0605117486613764
11308	63	0.0920636639395909
11308	64	0.202340043583554
11308	65	0.11901889162317
11308	66	0.150172098028854
11308	67	0.0732932496790824
11308	68	0.152534486672828
11308	69	0.127690275310535
11308	70	0.0667307623628091
11308	71	0.112372738489881
11308	72	0.141030008235965
11308	73	0.11375536714143
11308	74	0.135189666883676
11309	1	1.04777911070289
11309	2	0.144571911913424
11309	3	0.163484714441264
11309	4	0.0604430565540319
11309	5	0.021873007434003
11309	6	0.05216287513705
11309	7	0.129561412140212
11309	8	0.166008649857801
11309	9	0.173163079321341
11309	10	0.0568364621846627
11309	11	0.13424314775812
11309	12	0.0185792199982728
11309	13	0.0865115031357746
11309	14	0.00391419769839274
11309	15	0.10372144303939
11309	16	0.0705258758660676
11309	17	0.012131303607525
11309	18	0.00531803122510865
11309	19	0.147518103275281
11309	20	0.0590191947649643
11309	21	0.16069796995474
11309	22	0.0351239276498134
11309	23	0.113772631700748
11309	24	0.0860732315131685
11309	25	0.141235380879785
11309	26	-0.0548250811290885
11309	27	0.0227500664641624
11309	28	0.181329560660373
11309	29	0.0999933355593043
11309	30	0.0937614859207585
11309	31	0.0351039215717606
11309	32	0.176675246222423
11309	33	0.0378817243993055
11309	34	0.219278556173066
11309	35	0.227878930508702
11309	36	-0.0763292761627881
11309	37	0.0367872520404049
11309	38	-0.000484371666821914
11309	39	0.0117078421556016
11309	40	0.126477061622573
11309	41	-0.0275816376598428
11309	42	0.0120865300834723
11309	43	0.137475318686761
11309	44	0.182080269299291
11309	45	-0.0987582634266246
11309	46	0.0342600907344703
11309	47	0.112154984757076
11309	48	0.0644654181995534
11309	49	0.116695764744428
11309	50	0.179758506125175
11309	51	0.0686604771505728
11309	52	0.0625483832101494
11309	53	0.0500502961526408
11309	54	0.0219004013484252
11309	55	0.071961838520096
11309	56	0.0963296538183442
11309	57	0.0712142861765699
11309	58	0.160331191627293
11309	59	0.0392232109091424
11309	60	0.0845556204578202
11309	61	-0.0839038540893497
11309	62	0.0215378581111523
11309	63	-0.196214766976489
11309	64	-0.0799077740307936
11309	65	-0.080957800275435
11309	66	-0.103474875475264
11309	67	-0.0799888869886161
11309	68	0.0338406979018373
11309	69	-0.00416372261020825
11309	70	-0.0150493752372896
11309	71	-0.0300627711005745
11309	72	-0.193586378503923
11309	73	-0.0592463545368815
11309	74	0.30899960403864
11310	1	-0.459232360816095
11310	2	0.0169512631792479
11310	3	-0.100192105178987
11310	4	0.0307258888325137
11310	5	-0.0214962568065005
11310	6	-0.180456784673076
11310	7	-0.0288988331129474
11310	8	0.00648531125020924
11310	9	-0.105827229222967
11310	10	-0.0451265520558408
11310	11	-0.232949296862131
11310	12	-0.0505762388624831
11310	13	-0.00664019781359571
11310	14	-0.0421053829978035
11310	15	-0.0973713180365579
11310	16	-0.0110208013491189
11310	17	-0.13578701126589
11310	18	-0.112413377002738
11310	19	-0.100711722674085
11310	20	0.0700407533092715
11310	21	0.0323949636256202
11310	22	-0.0796505976666424
11310	23	-0.0942030407676029
11310	24	-0.151718501081767
11310	25	-0.11961806057591
11310	26	-0.175810049483523
11310	27	0.0241197262742858
11310	28	-0.0114710722510196
11310	29	-0.110840327415382
11310	30	-0.0180808795855754
11310	31	-0.0230349233649534
11310	32	-0.103254540169985
11310	33	-0.184388845220944
11310	34	-0.0170001226244025
11310	35	-0.18234159955459
11310	36	-0.0732198027955491
11310	37	0.0972363329785821
11310	38	-0.0249218721452991
11310	39	-0.0164139440626769
11310	40	-0.0111869927632213
11310	41	-0.0242916183420618
11310	42	-0.0690947125320065
11310	43	-0.0833636394291304
11310	44	0.183132284396251
11310	45	0.0999443576157191
11310	46	-0.0325431869081996
11310	47	0.0225537935365878
11310	48	-0.0317343128316381
11310	49	-0.0286594695840492
11310	50	0.0504408161774492
11310	51	-0.0486427580477766
11310	52	0.00384137712539712
11310	53	-0.10988674932657
11310	54	-0.119288875986953
11310	55	0.138982703682821
11310	56	-0.0994669492001989
11310	57	-0.0155891696160069
11310	58	0.140448398354778
11310	59	0.00232262008336903
11310	60	0.0359393404388086
11310	61	0.0444639642858746
11310	62	-0.185551912692084
11310	63	0.0750730154728885
11310	64	-0.0748535442697573
11310	65	-0.0140786395121282
11310	66	-0.121073975190647
11310	67	0.03738291533449
11310	68	0.00179330692434121
11310	69	0.0014969258786337
11310	70	-0.17910200836684
11310	71	-0.114759656926843
11310	72	-0.116143226925743
11310	73	-0.0449457660212929
11310	74	0.352056040310039
11311	1	0.708099203968633
11311	2	0.217312377111011
11311	3	0.186520298354726
11311	4	0.188730686761026
11311	5	0.222417164700403
11311	6	0.189036069205883
11311	7	0.193501336972346
11311	8	0.231822308610077
11311	9	0.0239729205536392
11311	10	-0.0706301441557642
11311	11	0.10668470242706
11311	12	0.155517003420215
11311	13	-0.0381215265097765
11311	14	0.0882646794514201
11311	15	0.12596749441267
11311	16	-0.0153275133718651
11311	17	0.219410427300318
11311	18	0.0332411975301596
11311	19	0.0440061134347687
11311	20	0.102324909990827
11311	21	0.144528137874204
11311	22	0.168987450668041
11311	23	0.0308823192039611
11311	24	0.0749198391903647
11311	25	-0.0420785220909394
11311	26	0.0817206674133146
11311	27	0.0807895450192149
11311	28	0.121743793711609
11311	29	0.107894123742213
11311	30	0.139924235666257
11311	31	0.155929714124895
11311	32	-0.0534865035127936
11311	33	0.0703354642835237
11311	34	0.05553522719282
11311	35	0.234566338605447
11311	36	-0.0991740900936833
11311	37	0.0309382721468552
11311	38	-0.00820975077470365
11311	39	-0.0553620446400345
11311	40	0.088609833862165
11311	41	0.0516970541539621
11311	42	0.107123543262482
11311	43	0.0145629200637956
11311	44	-0.00752383224671149
11311	45	-0.0731988416981437
11311	46	-0.0947725505597816
11311	47	-0.0263764738050583
11311	48	0.0632714659734859
11311	49	0.0450693240315445
11311	50	0.125505795049513
11311	51	-0.0323986937435308
11311	52	0.0527906020856506
11311	53	0.0411512129778373
11311	54	0.0437119973709201
11311	55	-0.0267104727846927
11311	56	-0.0750733437277731
11311	57	0.0456507919305054
11311	58	0.0850123597120955
11311	59	-0.0711799269544358
11311	60	-0.0844261848123011
11311	61	-0.11636782756409
11311	62	-0.0382012428872684
11311	63	-0.215121129876223
11311	64	0.0195566389381767
11311	65	-0.108843097530197
11311	66	-0.194125747221015
11311	67	-0.0640977223850498
11311	68	0.0160757919660242
11311	69	-0.240238267195984
11311	70	-0.0956286926849188
11311	71	-0.0214325456345037
11311	72	-0.111893233584851
11311	73	-0.00397596110909149
11311	74	0.0481636311544733
11312	1	-0.742273226200712
11312	2	0.347612320871555
11312	3	0.273185298667165
11312	4	0.220858100370975
11312	5	0.260024175885807
11312	6	0.179128551865382
11312	7	0.144664868810125
11312	8	0.157987715096361
11312	9	0.224130703469342
11312	10	0.190083784482617
11312	11	0.215578347368634
11312	12	0.35806558806059
11312	13	0.142356196417175
11312	14	0.262443895848349
11312	15	0.228223633886522
11312	16	0.19515708326626
11312	17	0.238185344503343
11312	18	0.0654592191511085
11312	19	0.327978181172064
11312	20	0.238724647540039
11312	21	0.247611309779472
11312	22	0.150373440794894
11312	23	0.304468834232395
11312	24	0.168503854687465
11312	25	0.212767756731786
11312	26	0.34387745051648
11312	27	0.119438235889675
11312	28	0.208721235441288
11312	29	0.284838759123083
11312	30	0.178487630029814
11312	31	0.202073249711972
11312	32	0.315657719445404
11312	33	0.110370770163669
11312	34	0.241888098529444
11312	35	0.30369806390695
11312	36	-0.0276990964810082
11312	37	-0.0796292419052662
11312	38	0.0232182054065433
11312	39	-0.00263206263373661
11312	40	0.102232267714861
11312	41	0.0629514247833356
11312	42	0.200984086958556
11312	43	-0.00662153327526482
11312	44	-0.0872954860315218
11312	45	-0.0618064511939096
11312	46	-0.112501075689622
11312	47	-0.00316165864945361
11312	48	-0.116821147918472
11312	49	0.159893233674538
11312	50	0.0155758401360089
11312	51	0.11152872433285
11312	52	-0.00109499278215708
11312	53	0.0995937264836044
11312	54	0.00527874350336077
11312	55	0.125065120113831
11312	56	-0.0075344972194813
11312	57	0.182289704996244
11312	58	0.047628663069986
11312	59	0.106582662939076
11312	60	-0.0148783373747747
11312	61	-0.0269046380848721
11312	62	-0.0422981172425239
11312	63	-0.00793743945998671
11312	64	0.00945427511521757
11312	65	0.101413525991227
11312	66	-0.170437323950026
11312	67	0.103016485089171
11312	68	0.0750146047384419
11312	69	-0.0776628372869936
11312	70	-0.064922699415952
11312	71	-0.0202569401355177
11312	72	-0.0403530241950421
11312	73	0.132932578081615
11312	74	0.116958295949139
11401	1	-0.0244418023054571
11401	2	-0.239852023294915
11401	3	-0.127849305027013
11401	4	-0.0698748900428647
11401	5	-0.171832265545103
11401	6	-0.0916044385484582
11401	7	-0.0966503053773877
11401	8	-0.166527131758912
11401	9	-0.0109932151652146
11401	10	-0.177047382223016
11401	11	-0.137998926421403
11401	12	-0.110741987342728
11401	13	-0.192467277980768
11401	14	-0.163879461645223
11401	15	-0.149352938477286
11401	16	-0.253075322625719
11401	17	-0.199848323955862
11401	18	-0.19681924706353
11401	19	-0.16261569303883
11401	20	-0.265658097374619
11401	21	-0.249439192909328
11401	22	-0.122996912256312
11401	23	-0.15393542108675
11401	24	-0.132174190671435
11401	25	-0.114008020682292
11401	26	0.00858869671709073
11401	27	-0.16725921559501
11401	28	-0.222299339728224
11401	29	-0.140179945576477
11401	30	-0.122434745467032
11401	31	-0.159696682483492
11401	32	0.0196593561066152
11401	33	-0.199026003275655
11401	34	-0.111682160998264
11401	35	-0.18550815540565
11401	36	-0.0146939034351803
11401	37	-0.0865992125532671
11401	38	-0.132310245470748
11401	39	-0.0239896456192312
11401	40	-0.133986810364682
11401	41	-0.00690275204758706
11401	42	-0.112173427361753
11401	43	-0.0184599532532204
11401	44	-0.0911606131524607
11401	45	-0.0483327156271542
11401	46	-0.0925935929914417
11401	47	-0.116114080904197
11401	48	-0.115821888779678
11401	49	0.0445790904534178
11401	50	-0.221047559728959
11401	51	-0.224342321169502
11401	52	-0.194988939403295
11401	53	0.0594644553096231
11401	54	-0.0777557739532355
11401	55	-0.224964104220732
11401	56	-0.108129172909919
11401	57	-0.0633471695403998
11401	58	-0.160605657596669
11401	59	-0.0644486467257153
11401	60	-0.0979551395177296
11401	61	-0.0478317884398152
11401	62	-0.0712932052218207
11401	63	-0.0206298421866933
11401	64	-0.0749135144241393
11401	65	-0.0232391946446526
11401	66	0.013788271618786
11401	67	-0.118422794357002
11401	68	0.0029402809626049
11401	69	0.0902287050319828
11401	70	-0.0142832308702907
11401	71	0.116711493034771
11401	72	0.0688023100631199
11401	73	0.000916614391762494
11401	74	-0.209387706672096
11402	1	0.0012563619040904
11402	2	0.0250408237794026
11402	3	-0.0473794833941099
11402	4	-0.00781598080895307
11402	5	0.0479476125426785
11402	6	0.0547296070845249
11402	7	-0.0333260179336818
11402	8	-0.0226900833328045
11402	9	0.0858655197053295
11402	10	0.0547300462489133
11402	11	0.0658916155501856
11402	12	-0.00567354498095796
11402	13	0.0112509143259203
11402	14	-0.0225713928380245
11402	15	-0.0320236830989131
11402	16	-0.0916289950357907
11402	17	0.000981974996776103
11402	18	0.0617176878842471
11402	19	-0.126885119985076
11402	20	-0.100346339929231
11402	21	-0.0560951474421856
11402	22	0.0609999771579837
11402	23	-0.0945997550115649
11402	24	0.044807889701552
11402	25	0.0706510231146567
11402	26	0.0161338807580975
11402	27	0.0581315028721079
11402	28	-0.108635920263495
11402	29	-0.0226428045198261
11402	30	0.0499673350480947
11402	31	-0.0846318884857595
11402	32	-0.0193200969704463
11402	33	0.0306174875927709
11402	34	0.0274528805907153
11402	35	0.0472201575576463
11402	36	0.092493000306213
11402	37	0.0315155271899314
11402	38	0.0968364882995019
11402	39	-0.0345893377539142
11402	40	-0.0454948895247824
11402	41	0.0389332313239947
11402	42	-0.056826341482072
11402	43	0.0288983042659794
11402	44	0.111579756838964
11402	45	-0.0237481955375571
11402	46	0.0162856482219524
11402	47	0.0204398554395766
11402	48	0.0591940114498399
11402	49	0.017736737772502
11402	50	0.00811164361116568
11402	51	0.019061287370036
11402	52	-0.15179033566217
11402	53	-0.0756260810452858
11402	54	0.106443115191752
11402	55	-0.100538834284933
11402	56	-0.00194651624239128
11402	57	0.0262415918469614
11402	58	0.039635024628879
11402	59	-0.00103422298520428
11402	60	0.0623468813325658
11402	61	0.138534950370307
11402	62	0.0273739073825467
11402	63	0.0532353704791575
11402	64	-0.0936246016472424
11402	65	-0.0992331270137754
11402	66	-0.0732061248327014
11402	67	0.0371806938207513
11402	68	-0.143769056550731
11402	69	-0.0201437281817292
11402	70	0.10690805217461
11402	71	-0.0804195366218678
11402	72	-0.0305783682573164
11402	73	0.0676991151931361
11402	74	0.0963646984638231
11403	1	-1.12636523886244
11403	2	-0.0768159037204725
11403	3	0.000521725723928057
11403	4	0.000576131041864159
11403	5	-0.0208303371600778
11403	6	-0.0324898137881391
11403	7	-0.00555824806500738
11403	8	0.0369322124687415
11403	9	0.110355695017944
11403	10	0.0724506365678081
11403	11	0.0611598034674756
11403	12	0.144152898672473
11403	13	0.0218729301828091
11403	14	-0.020403456559535
11403	15	-0.0322411929366737
11403	16	0.14558564591416
11403	17	-0.0604844056426401
11403	18	0.0440816414750884
11403	19	0.106051723690278
11403	20	0.0306984328438276
11403	21	0.061609281444241
11403	22	0.00259508251713214
11403	23	0.0908431850114582
11403	24	-0.0221634983350611
11403	25	0.00935139482760405
11403	26	0.029936180041048
11403	27	0.0923957637792796
11403	28	0.0952358794069852
11403	29	0.0525671773289247
11403	30	-0.0673462923402681
11403	31	0.148978348209162
11403	32	0.0563259944384882
11403	33	0.0462506373999076
11403	34	-0.0508118922508487
11403	35	0.10410388461441
11403	36	-0.0640544157809728
11403	37	-0.0203258103278117
11403	38	0.0192580893424434
11403	39	-0.0069992993324135
11403	40	-0.0977498063533204
11403	41	-0.175265273222152
11403	42	0.0121129346430493
11403	43	-0.0936219504950131
11403	44	-0.117293649254705
11403	45	0.0641500455993054
11403	46	-0.0723214250306867
11403	47	0.139590300105759
11403	48	-0.101437037489681
11403	49	0.0247168746963879
11403	50	-0.0523205202055195
11403	51	-0.169173392854226
11403	52	-0.0316872106682098
11403	53	0.0165760253896536
11403	54	0.0723602802175591
11403	55	-0.14661225620852
11403	56	0.0357215945979377
11403	57	-0.0678163427268146
11403	58	0.0286795155120529
11403	59	0.102915810231387
11403	60	-0.0524427927858682
11403	61	0.0155835504026953
11403	62	0.00124328939592999
11403	63	-0.0904354884540268
11403	64	-0.0714447760838439
11403	65	-0.042099346906582
11403	66	-0.0855542371304452
11403	67	-0.0705033439466973
11403	68	-0.0187203326377272
11403	69	0.0136921829491641
11403	70	-0.0639668912788949
11403	71	0.0502239799464377
11403	72	0.0785446649913411
11403	73	-0.130770308847012
11403	74	-0.0231622186073963
11404	1	0.00682139323412656
11404	2	0.00412819462922798
11404	3	0.0115222148898653
11404	4	-0.00155723439551281
11404	5	-0.0122185570798905
11404	6	-0.111632266902724
11404	7	-0.202736134398897
11404	8	-0.248906231378385
11404	9	-0.113077602602878
11404	10	-0.126948804232839
11404	11	-0.0390209921334943
11404	12	-0.0902041879309365
11404	13	-0.136293365847209
11404	14	-0.112734781286591
11404	15	0.0221733799687058
11404	16	0.0781176403276689
11404	17	-0.0583858303728135
11404	18	-0.0285500340501272
11404	19	-0.177352379316453
11404	20	0.0290260775802267
11404	21	0.0747178929492378
11404	22	-0.171303974539875
11404	23	0.0133732489752063
11404	24	0.0864284270774078
11404	25	-0.088902025490853
11404	26	-0.134771800192311
11404	27	-0.146256533091851
11404	28	0.0311625851001338
11404	29	-0.0429755225854862
11404	30	0.0520779967307519
11404	31	-0.05697167660513
11404	32	0.00311807399567243
11404	33	0.117604623794847
11404	34	0.0280894569118502
11404	35	-0.150618071557425
11404	36	0.100697861687813
11404	37	0.0600010499969201
11404	38	0.0821194744437861
11404	39	-0.122115861351162
11404	40	-0.0850739022859912
11404	41	-0.0697298617916502
11404	42	-0.284105950047426
11404	43	0.0499530554377685
11404	44	-0.109415516804212
11404	45	-0.197024755757084
11404	46	-0.0885422711374915
11404	47	-0.0821799484217607
11404	48	0.0236142990682708
11404	49	-0.134088227797655
11404	50	-0.0797676297439267
11404	51	-0.0749244931384965
11404	52	-0.00194196383935719
11404	53	-0.0388169155867786
11404	54	-0.148399805428724
11404	55	-0.127507190901056
11404	56	0.027675101667235
11404	57	-0.103960794010554
11404	58	-0.106080340215044
11404	59	-0.0754348155254689
11404	60	-0.113712305316113
11404	61	-0.0500985480261633
11404	62	-0.206881731592013
11404	63	-0.0602415016419044
11404	64	-0.210959595076851
11404	65	0.0235930795644421
11404	66	-0.0511340113627412
11404	67	-0.0143651152935291
11404	68	-0.200287496249487
11404	69	-0.124247111876727
11404	70	-0.0263911353494919
11404	71	-0.106035572697358
11404	72	-0.0267655581602781
11404	73	-0.14150376144093
11404	74	-0.175483739371721
11405	1	0.554204701158273
11405	2	-0.119795645611301
11405	3	0.0514176390140442
11405	4	-0.0155562121887129
11405	5	0.0235473267437598
11405	6	0.0177302585287649
11405	7	-0.105077591372861
11405	8	-0.0291283626584828
11405	9	-0.0348531540827963
11405	10	-0.10357121690366
11405	11	-0.0774309561032211
11405	12	-0.0581105925869565
11405	13	0.0167718028371837
11405	14	0.136587329507201
11405	15	-0.0732068519272246
11405	16	0.00172511875500447
11405	17	0.00539568922469869
11405	18	-0.0607967495497945
11405	19	0.0789798447067724
11405	20	-0.00375201676482106
11405	21	0.00603896142298055
11405	22	0.00443092516074728
11405	23	-0.0408635646462585
11405	24	0.00206181654938575
11405	25	-0.0140593588838769
11405	26	0.0262142546814772
11405	27	-0.0401090670276716
11405	28	0.0315455476929074
11405	29	0.0716563248172974
11405	30	0.0175927099718933
11405	31	-0.00517067376543423
11405	32	0.0333310813258123
11405	33	-0.0423846902349609
11405	34	0.0343826304292634
11405	35	0.0467002819532212
11405	36	-0.0342356020466426
11405	37	-0.248539468679574
11405	38	-0.132403950215611
11405	39	-0.0264415864432621
11405	40	0.030674196156788
11405	41	-0.103567241735334
11405	42	0.00194238791685564
11405	43	-0.0947001213538528
11405	44	0.115575716839679
11405	45	-0.00904439843185401
11405	46	-0.00669946988801229
11405	47	-0.0946812501690459
11405	48	0.0369140058166835
11405	49	0.0372166431640721
11405	50	0.0166919878319547
11405	51	-0.190945700001031
11405	52	-0.00673199563421889
11405	53	0.0346352156351344
11405	54	-0.0512286956686836
11405	55	-0.122133336234029
11405	56	0.027785658929524
11405	57	-0.0267779004233475
11405	58	-0.0606971712244899
11405	59	-0.0428650486922493
11405	60	0.0099245345533916
11405	61	-0.121179237551011
11405	62	-0.0627219608925529
11405	63	-0.0326217804861173
11405	64	0.0384846063955564
11405	65	-0.148506748824673
11405	66	0.169855068223654
11405	67	-0.00390875411467562
11405	68	0.0157731923153435
11405	69	-0.0230996506899146
11405	70	-0.280620333043004
11405	71	-0.110716238847424
11405	72	-0.114020829278402
11405	73	-0.037245394920987
11405	74	-0.203859063906194
11406	1	-0.657124089623004
11406	2	-0.0213201752037975
11406	3	0.0167488779450302
11406	4	0.0498769386755278
11406	5	0.0132816327146905
11406	6	-0.194183850018447
11406	7	0.0192645548383865
11406	8	-0.0740766491108644
11406	9	-0.0429415100314401
11406	10	-0.00566974769948558
11406	11	-0.0444295019249239
11406	12	-0.0848935956128756
11406	13	-0.0254067549172063
11406	14	0.0296181501654615
11406	15	0.00374168726171575
11406	16	-0.0350862448342113
11406	17	0.0487112471721005
11406	18	0.11614210769114
11406	19	0.043056674107703
11406	20	0.180490738591843
11406	21	-0.0440841376302643
11406	22	0.0142195946410482
11406	23	-0.0164809302888003
11406	24	-0.0416609804773742
11406	25	0.0415040204680466
11406	26	-0.0168839309591888
11406	27	0.128300088322952
11406	28	0.156366447372214
11406	29	-0.0227829049271548
11406	30	0.0336367666075219
11406	31	0.146162731658599
11406	32	-0.0262339603034221
11406	33	-0.114299559506662
11406	34	-0.151275166776678
11406	35	-0.012840397631507
11406	36	0.00979037992683374
11406	37	-0.156961463020423
11406	38	-0.190133412479682
11406	39	-0.10484938919474
11406	40	-0.16091323170749
11406	41	-0.0443525679621857
11406	42	-0.0721010882745929
11406	43	-0.153625815124414
11406	44	0.062951244167472
11406	45	0.0998393810963165
11406	46	-0.08410531340364
11406	47	-0.0380970229404269
11406	48	-0.0212685965186665
11406	49	-0.0886728382805586
11406	50	0.0784322359279628
11406	51	-0.110662063609126
11406	52	-0.0609288191554
11406	53	-0.0148728810430114
11406	54	-0.0659033645889906
11406	55	0.0664973926192616
11406	56	-0.0173216047066518
11406	57	-0.0786656470570932
11406	58	-0.0461546436876716
11406	59	-0.0538432916544878
11406	60	-0.106819632253185
11406	61	-0.191121593019943
11406	62	-0.039406436042924
11406	63	-0.0189129673519233
11406	64	-0.182918014243015
11406	65	-0.325593458479773
11406	66	0.00635085321786732
11406	67	-0.0807756974188152
11406	68	-0.137630924301462
11406	69	0.0501129851079227
11406	70	-0.176700086829612
11406	71	0.0955609958716863
11406	72	-0.1092055652691
11406	73	-0.00476683288905377
11406	74	-0.00832450288468323
11407	1	-0.449978041710406
11407	2	-0.353901125032134
11407	3	-0.322124269813134
11407	4	-0.287306377427647
11407	5	-0.251936424489429
11407	6	-0.274686332437305
11407	7	-0.322258208112949
11407	8	-0.288338113546544
11407	9	-0.28742339284085
11407	10	-0.209300205511127
11407	11	-0.273774373081643
11407	12	-0.333369683984436
11407	13	-0.281630670374568
11407	14	-0.359613640111625
11407	15	-0.43044741051623
11407	16	-0.41535261029221
11407	17	-0.31742128463987
11407	18	-0.355369423750709
11407	19	-0.353144395438314
11407	20	-0.197213438763903
11407	21	-0.343989690845923
11407	22	-0.378494601731688
11407	23	-0.209392954385493
11407	24	-0.28726537608177
11407	25	-0.229580585982411
11407	26	-0.310959947857505
11407	27	-0.439526742221645
11407	28	-0.39124749501525
11407	29	-0.282350108919445
11407	30	-0.334013933447359
11407	31	-0.531450827836494
11407	32	-0.407697502568354
11407	33	-0.426030105383546
11407	34	-0.260403959006517
11407	35	-0.271470791627756
11407	36	-0.324625933776375
11407	37	-0.156001810205574
11407	38	-0.167781690843455
11407	39	-0.435531508968488
11407	40	-0.440691163178805
11407	41	-0.349224039273075
11407	42	-0.40893116888477
11407	43	-0.325611188147512
11407	44	-0.448762735882404
11407	45	-0.360080314577324
11407	46	-0.288607065148234
11407	47	-0.365248357032144
11407	48	-0.35146381910517
11407	49	-0.337204335973674
11407	50	-0.344157853206617
11407	51	-0.289424861309513
11407	52	-0.371257945868052
11407	53	-0.471628813838379
11407	54	-0.236926240754883
11407	55	-0.355709005508089
11407	56	-0.431764852561351
11407	57	-0.21568109120475
11407	58	-0.372304201020029
11407	59	-0.499451844789917
11407	60	-0.380094147463183
11407	61	-0.407645809544164
11407	62	-0.551342434396581
11407	63	-0.436115570223777
11407	64	-0.345559132512811
11407	65	-0.440806510636328
11407	66	-0.407665543589097
11407	67	-0.348264499421809
11407	68	-0.503529682509388
11407	69	-0.384329514767018
11407	70	-0.550280746868864
11407	71	-0.32447232357854
11407	72	-0.388009779089003
11407	73	-0.40671110267629
11407	74	-0.380911927184997
11408	1	0.287457820619348
11408	2	0.180008224887349
11408	3	0.148930163265277
11408	4	0.140141611567078
11408	5	0.0261690774958225
11408	6	0.104077660495328
11408	7	0.117437060531799
11408	8	0.174690879614282
11408	9	0.122031819995158
11408	10	0.0861676164485701
11408	11	0.170786230904504
11408	12	0.181010193575368
11408	13	0.165775788052485
11408	14	0.177074085225932
11408	15	0.136188287516774
11408	16	0.207602644921927
11408	17	0.158743298978699
11408	18	0.129357498097505
11408	19	0.0708080497797994
11408	20	0.0360977275474426
11408	21	0.171417367394668
11408	22	0.232697788460058
11408	23	0.0843044396854822
11408	24	0.0667442470136592
11408	25	0.104305292972604
11408	26	0.0680514681588207
11408	27	0.129566235396183
11408	28	0.0861933222958911
11408	29	0.186086985635946
11408	30	0.186117634347866
11408	31	0.133996326635049
11408	32	0.154510658807567
11408	33	0.0582860745865901
11408	34	0.124647644516735
11408	35	0.0744305912032317
11408	36	0.00496344893623757
11408	37	0.140932136964324
11408	38	-0.128700759190195
11408	39	-0.104176844999323
11408	40	-0.0909608771239547
11408	41	0.00865687739654675
11408	42	-0.0838634191404779
11408	43	0.153704415551296
11408	44	-0.135728429222695
11408	45	-0.0017450173006992
11408	46	-0.00460641944063411
11408	47	0.151731283525081
11408	48	0.0601174942781952
11408	49	0.155402194441521
11408	50	-0.0472077801445678
11408	51	0.0784581399676227
11408	52	-0.0131791510634756
11408	53	0.0212728539988163
11408	54	0.010831462340235
11408	55	0.0380091867995631
11408	56	-0.0412451301753052
11408	57	0.00288696544355815
11408	58	0.172784463266119
11408	59	0.00803468913249361
11408	60	0.173430471843481
11408	61	-0.0500593065274373
11408	62	-0.105748675241053
11408	63	-0.113743690006331
11408	64	0.0119958036599286
11408	65	-0.0538606019795864
11408	66	-0.312124776986174
11408	67	-0.0731665278945357
11408	68	0.0914958357756035
11408	69	-0.0773889285324501
11408	70	-0.0332007474808336
11408	71	0.0123401099814018
11408	72	0.0969746776016862
11408	73	-0.0283393947241706
11408	74	-0.167660780652895
11409	1	-1.26367520116769
11409	2	0.0249649845610946
11409	3	0.153353862727798
11409	4	0.0806319855209843
11409	5	0.180602514146074
11409	6	-0.00231996690938274
11409	7	0.214700091151151
11409	8	0.278119484390025
11409	9	0.22255041540091
11409	10	0.146448021227066
11409	11	0.238559352463298
11409	12	0.0973444735250837
11409	13	0.143293047791474
11409	14	0.159709761626068
11409	15	0.284084694330573
11409	16	0.0727780028209537
11409	17	0.0980498013874183
11409	18	0.21931763791958
11409	19	0.171184357661154
11409	20	0.239318081089316
11409	21	0.219740374500518
11409	22	0.137324821384865
11409	23	0.154096798255289
11409	24	0.195604615741615
11409	25	0.25839546916653
11409	26	0.213382765316155
11409	27	0.147091861903888
11409	28	0.107161388910058
11409	29	0.172486724403917
11409	30	0.210200945332659
11409	31	0.141764110772414
11409	32	0.15629580989134
11409	33	0.108980431148638
11409	34	0.0429909980828711
11409	35	0.199484276876319
11409	36	-0.06984889416551
11409	37	-0.24416383605115
11409	38	-0.135717447952899
11409	39	-0.213241156142459
11409	40	-0.0300051767902403
11409	41	-0.152576747993912
11409	42	-0.00858515420920014
11409	43	0.0350346626560238
11409	44	-0.0851117961154912
11409	45	-0.0803678154801801
11409	46	-0.0316308925889572
11409	47	-0.0669204937837549
11409	48	0.0290932433490809
11409	49	-0.0201904166693367
11409	50	-0.00982544177085032
11409	51	0.188228215265362
11409	52	0.0201433230687158
11409	53	-0.0805265340927548
11409	54	-0.100673469136254
11409	55	-0.0941983751335371
11409	56	-0.208945505723811
11409	57	-0.126932519191968
11409	58	0.028440215853422
11409	59	0.0845018359379566
11409	60	-0.154982560219125
11409	61	-0.152373755000816
11409	62	-0.0251480496398599
11409	63	-0.207144111157518
11409	64	-0.253622526312597
11409	65	-0.112856200077317
11409	66	0.0094921403316448
11409	67	0.00689505300255888
11409	68	-0.0900420558398807
11409	69	-0.0983393493700078
11409	70	-0.322575654894386
11409	71	-0.0700302092427307
11409	72	0.0277357483691603
11409	73	-0.0877332292753366
11409	74	0.243998860323039
11410	1	-2.22472106303244
11410	2	0.26640638975509
11410	3	0.138371271701857
11410	4	-0.0715689337579697
11410	5	0.0740378462333524
11410	6	0.0344465360365618
11410	7	0.0653383758642789
11410	8	0.00941809642710467
11410	9	0.144935752426079
11410	10	0.0462090073687236
11410	11	0.155324804652714
11410	12	0.16202701703422
11410	13	0.222330388552813
11410	14	0.115441987630497
11410	15	0.0770976289439247
11410	16	0.181259470102688
11410	17	0.015299399622684
11410	18	0.27867706880857
11410	19	0.117009213173816
11410	20	0.125791153624441
11410	21	0.102588004495892
11410	22	0.0643885188441331
11410	23	0.0554387406984418
11410	24	0.165011972433888
11410	25	0.137310410093065
11410	26	0.106327633517701
11410	27	0.07449954911894
11410	28	0.127259102616812
11410	29	0.16055731263139
11410	30	0.136129260461196
11410	31	0.0435123900754704
11410	32	0.191312769966252
11410	33	-0.0197779769818283
11410	34	-0.0619172319676338
11410	35	0.0693459195080379
11410	36	-0.0379573704742953
11410	37	0.0572266606159673
11410	38	-0.0255500198322665
11410	39	-0.182964801790007
11410	40	-0.267665808065566
11410	41	-0.031042816269732
11410	42	-0.116694966014613
11410	43	-0.168991842704393
11410	44	-0.0936029041036477
11410	45	-0.0951260727488261
11410	46	-0.113849400567354
11410	47	-0.10480199362312
11410	48	-0.124176755274078
11410	49	-0.117780943999641
11410	50	-0.111317020090191
11410	51	-0.0529271077569646
11410	52	-0.0771412394781379
11410	53	-0.020293656851635
11410	54	-0.0251859883173609
11410	55	1.65008995196558e-05
11410	56	-0.0594652788270551
11410	57	-0.12332626578641
11410	58	-0.1422042430925
11410	59	0.0707047366250464
11410	60	-0.162094245736043
11410	61	-0.192607748940084
11410	62	0.0635733147635733
11410	63	-0.125180468701288
11410	64	-0.011042205568387
11410	65	0.070376435684814
11410	66	-0.136537220079731
11410	67	-0.111875689497602
11410	68	-0.23143214025233
11410	69	-0.36272297129252
11410	70	-0.270597851246038
11410	71	0.0326095302875444
11410	72	-0.0275942511221743
11410	73	-0.159421729082148
11410	74	-0.0443598460315826
11411	1	-0.140458252183901
11411	2	0.286567219184253
11411	3	0.334351655246365
11411	4	0.247263758932597
11411	5	0.349558723906593
11411	6	0.382435795080887
11411	7	0.34838399372191
11411	8	0.354829634644702
11411	9	0.335433391606891
11411	10	0.266272595671431
11411	11	0.422473516419771
11411	12	0.30015418753451
11411	13	0.307149614008758
11411	14	0.28969031914982
11411	15	0.404123742951768
11411	16	0.465917011411513
11411	17	0.384384420656545
11411	18	0.265339568159895
11411	19	0.398598249177454
11411	20	0.424819149368489
11411	21	0.32712885645298
11411	22	0.192428999914675
11411	23	0.320094355500117
11411	24	0.304185833259346
11411	25	0.260606019386557
11411	26	0.254440419657428
11411	27	0.166987154860614
11411	28	0.243647776789842
11411	29	0.16626526839363
11411	30	0.410394347165884
11411	31	0.219067219045392
11411	32	0.391263352344616
11411	33	0.469877731092645
11411	34	0.408023660215463
11411	35	0.271162296921645
11411	36	-0.183909959022721
11411	37	0.175481514300706
11411	38	-0.137272071323764
11411	39	0.0239863276019392
11411	40	-0.0335883158606549
11411	41	-0.0120421925938317
11411	42	-0.109425767093768
11411	43	-0.172956923068476
11411	44	0.0899780726939881
11411	45	-0.0253389321414161
11411	46	0.0527661418226657
11411	47	-0.0163317076986473
11411	48	-0.0534846615857631
11411	49	-0.0072977373351506
11411	50	-0.0926000796219526
11411	51	-0.10107646474205
11411	52	0.0473385720814576
11411	53	0.0699342802636522
11411	54	0.0365351677996131
11411	55	0.123022378313458
11411	56	0.00246854113235884
11411	57	0.00111964550335131
11411	58	0.0569564032222942
11411	59	0.0472229785374338
11411	60	-0.0590088321967883
11411	61	-0.180689445687719
11411	62	-0.106652308963625
11411	63	-0.1702036963475
11411	64	-0.228584267150211
11411	65	0.0453258654671131
11411	66	-0.0632685606083356
11411	67	-0.10937614244034
11411	68	0.0319835821356733
11411	69	-0.110951078023689
11411	70	-0.214522655826926
11411	71	0.0330345015944502
11411	72	-0.194556581401486
11411	73	-0.0618989625700763
11411	74	0.0607652362345021
11412	1	-0.903164005849955
11412	2	0.208716100462919
11412	3	0.237698813745016
11412	4	0.154876448463817
11412	5	0.20291501341547
11412	6	0.171427562110217
11412	7	0.274506276461921
11412	8	0.24208362295073
11412	9	0.200204385242799
11412	10	0.228308302628129
11412	11	0.36254396639972
11412	12	0.268685776750758
11412	13	0.376921514470077
11412	14	0.162946876689929
11412	15	0.258964213848323
11412	16	0.297332518816418
11412	17	0.271099334200628
11412	18	0.212416734923522
11412	19	0.293082365926367
11412	20	0.271137971612504
11412	21	0.12078026272269
11412	22	0.216005205568869
11412	23	0.218829255601847
11412	24	0.239559304128917
11412	25	0.324361494070438
11412	26	0.119509504692552
11412	27	0.171402986714469
11412	28	0.18944126785432
11412	29	0.228315346493574
11412	30	0.136919649477633
11412	31	0.185915062526696
11412	32	0.217840679450035
11412	33	0.322333784575896
11412	34	0.217920106401181
11412	35	0.21328392950862
11412	36	-0.225033157447314
11412	37	0.0475271266654147
11412	38	-0.0378364086294596
11412	39	0.0117335987125529
11412	40	0.105823351062874
11412	41	0.02065475449578
11412	42	-0.0225148894838298
11412	43	-0.0239683043250309
11412	44	0.0547256780177463
11412	45	-0.0810511639441316
11412	46	-0.129508480657528
11412	47	0.0278158248536684
11412	48	0.0849833353140426
11412	49	-0.0833096325818801
11412	50	-0.0422937494464577
11412	51	-0.00397232523253166
11412	52	-0.10186010528237
11412	53	0.0526656206726059
11412	54	0.00675371029776528
11412	55	0.111423345005981
11412	56	0.0198689184391512
11412	57	0.0205569812460311
11412	58	0.0112992158537395
11412	59	0.0823915217419113
11412	60	-0.102273880137837
11412	61	-0.0724513553129071
11412	62	-0.0977476952700655
11412	63	-0.158862758584675
11412	64	-0.0915942035837176
11412	65	-0.0645595978746343
11412	66	-0.214340738937963
11412	67	0.0381567881700562
11412	68	-0.104149147488997
11412	69	-0.0080605753940759
11412	70	-0.0854273749388099
11412	71	-0.171127665736144
11412	72	0.0634674482152064
11412	73	0.0149471363644338
11412	74	0.215789914358645
11501	1	-0.340032619610525
11501	2	-0.0627439663004132
11501	3	-0.0236436327531919
11501	4	-0.0311915374225258
11501	5	-0.0322687181018466
11501	6	-0.175539261083848
11501	7	-0.0591215280103512
11501	8	-0.0692461265475188
11501	9	-0.015175748598196
11501	10	-0.0304561427942076
11501	11	-0.105457112224904
11501	12	-0.0239344401266806
11501	13	0.0112877577104058
11501	14	-0.014256783465008
11501	15	-0.193483246627615
11501	16	-0.0491340067357129
11501	17	0.0130720316527615
11501	18	-0.0480654588092619
11501	19	-0.116419456734185
11501	20	0.0464030025305959
11501	21	-0.0281944235125238
11501	22	0.107639274997332
11501	23	0.0964017767021659
11501	24	-0.0378516714280508
11501	25	-0.0807180227873445
11501	26	0.0468144237667545
11501	27	-0.0476194352775607
11501	28	-0.0211770084914065
11501	29	0.107017776514631
11501	30	0.0642679947731679
11501	31	0.0641905369685034
11501	32	0.0203259552037807
11501	33	-0.0438394223554255
11501	34	-0.00141305433015759
11501	35	0.041328500527861
11501	36	-0.041412462043823
11501	37	0.0129208159409657
11501	38	-0.0822562396271067
11501	39	0.115562178272491
11501	40	0.100186581694572
11501	41	0.211373230844288
11501	42	0.0298000144291919
11501	43	0.0231867252325486
11501	44	0.203988342247825
11501	45	0.0162795136633562
11501	46	0.110646230417331
11501	47	-0.00852877336236446
11501	48	0.0930471976508116
11501	49	0.074313206225348
11501	50	-0.0564560532043004
11501	51	0.0885028372451515
11501	52	0.0831556721791102
11501	53	-0.00811357428236903
11501	54	0.00543528192577014
11501	55	0.0701624043787561
11501	56	-0.0198009868746425
11501	57	0.0458650753593375
11501	58	0.0972869406141257
11501	59	0.0278698975855889
11501	60	-0.0760734478494385
11501	61	-0.0187853800378477
11501	62	-0.00972211552375768
11501	63	-0.0344504804700492
11501	64	0.162246087223039
11501	65	0.0713559822260592
11501	66	-0.0444219643281087
11501	67	0.105216722222906
11501	68	0.163854754335851
11501	69	0.0861175900018907
11501	70	0.0585742343222293
11501	71	0.0690999569106481
11501	72	0.141177967244452
11501	73	0.185133945452343
11501	74	0.0913089739686868
11502	1	-0.263138610816096
11502	2	0.100758081361064
11502	3	0.167350508457375
11502	4	0.139390661559787
11502	5	0.175201186375315
11502	6	0.141808840326924
11502	7	0.0521736100688699
11502	8	0.10087451579566
11502	9	0.153299191231582
11502	10	0.102210095671431
11502	11	0.279799282683321
11502	12	0.116114102046609
11502	13	0.227770313550039
11502	14	0.18207785563856
11502	15	0.148402829690717
11502	16	0.0482121531963315
11502	17	0.252174636461383
11502	18	0.190143441179082
11502	19	0.190765550053186
11502	20	0.169792173763817
11502	21	0.0903495090801698
11502	22	0.0942840614242613
11502	23	0.162153493323302
11502	24	0.00769201028186473
11502	25	0.155062337151364
11502	26	0.32497120051648
11502	27	0.164638192183382
11502	28	0.247690859567157
11502	29	0.190686661220987
11502	30	0.150278495414426
11502	31	0.298769053907776
11502	32	0.120360516648198
11502	33	0.0818753593245063
11502	34	0.221813797830144
11502	35	0.164853002718139
11502	36	0.127039742327291
11502	37	0.154201765047574
11502	38	0.293691081513224
11502	39	0.140078904020889
11502	40	0.219614103406556
11502	41	0.185460371235941
11502	42	0.0578242201715184
11502	43	0.138647856936323
11502	44	0.196870372195029
11502	45	0.171928744246486
11502	46	0.121729008612718
11502	47	0.128043399939997
11502	48	0.0964585476589122
11502	49	0.13719122470085
11502	50	0.225052779381734
11502	51	0.076170575346822
11502	52	0.218677054019153
11502	53	0.0442366548871789
11502	54	0.290588810326241
11502	55	0.263212451731043
11502	56	0.121474790096485
11502	57	0.200568495604244
11502	58	0.109893212292128
11502	59	0.220781127627617
11502	60	0.150877602985901
11502	61	0.277194380890151
11502	62	0.165411374171335
11502	63	0.128966275865224
11502	64	0.144366427093438
11502	65	0.264769603877951
11502	66	0.254461701946859
11502	67	0.141772176689393
11502	68	0.114076167558274
11502	69	0.17028414400658
11502	70	0.180277898321144
11502	71	0.0299324035422899
11502	72	0.182814514093693
11502	73	0.0753719076216157
11502	74	0.220785043669501
11503	1	-0.258933820719218
11503	2	0.0982228477684117
11503	3	0.190167993044909
11503	4	0.0363504963854382
11503	5	0.0409845413187213
11503	6	0.156395257172996
11503	7	0.0524457746642284
11503	8	0.152392368569906
11503	9	0.278790387165628
11503	10	0.169541017239098
11503	11	0.0446163258953121
11503	12	0.0745888692286556
11503	13	0.153762312726414
11503	14	0.159257950111268
11503	15	0.105464532564447
11503	16	0.16067984002153
11503	17	0.190876824175447
11503	18	0.117416244902536
11503	19	0.0787803947460759
11503	20	0.144468761696423
11503	21	0.132508773277578
11503	22	0.00894096584250548
11503	23	0.0208502479388883
11503	24	0.19962016392541
11503	25	0.142690060836003
11503	26	0.221503930602594
11503	27	0.0617496542882847
11503	28	0.152876792836885
11503	29	0.22401612105071
11503	30	0.144331520620739
11503	31	0.207731525773909
11503	32	0.115816285314409
11503	33	0.133175964610416
11503	34	0.1196506499357
11503	35	0.172615427490619
11503	36	0.0829805151694742
11503	37	0.0812584747381848
11503	38	0.137244342739308
11503	39	0.052621577470596
11503	40	0.0869022064998788
11503	41	0.0138806848895783
11503	42	0.0365765514658065
11503	43	-0.105760720542634
11503	44	0.0944726123425497
11503	45	0.0793142634883495
11503	46	0.113897596448311
11503	47	0.106167445761621
11503	48	0.0338074584478392
11503	49	0.0358316850228206
11503	50	0.0981952243947362
11503	51	0.163358394503042
11503	52	0.175897956366164
11503	53	0.106132548659936
11503	54	0.0468947789421961
11503	55	0.0721739353018549
11503	56	0.0342860720310085
11503	57	0.151037320078707
11503	58	0.119279458657196
11503	59	0.0740901918311536
11503	60	0.149698207661686
11503	61	-0.0110696203866212
11503	62	0.295837631954797
11503	63	0.0720948720392229
11503	64	0.0600186458020744
11503	65	0.05119602824022
11503	66	0.0653630031210923
11503	67	0.133968845667852
11503	68	0.147521337428913
11503	69	0.092978802223719
11503	70	0.0976522401436455
11503	71	-0.0124099805203386
11503	72	0.20115631432823
11503	73	0.0553437797953862
11503	74	-0.0620100984882797
11504	1	-0.556220459368433
11504	2	-0.0226709296566838
11504	3	0.0595024707304397
11504	4	0.0973931354917568
11504	5	0.031452135454078
11504	6	-0.00516417841843975
11504	7	-0.0863265080387094
11504	8	-0.00352362063546252
11504	9	-0.0279751157300154
11504	10	0.16615111359004
11504	11	0.0594693301794393
11504	12	0.116803238680205
11504	13	0.151473608329688
11504	14	0.0231411718462908
11504	15	0.0166717522121473
11504	16	0.0816144529196237
11504	17	0.0205601374906053
11504	18	0.128240042633493
11504	19	0.0554646182687506
11504	20	0.109104123298131
11504	21	0.0604329647392063
11504	22	0.00880871005421824
11504	23	0.106588359102474
11504	24	0.205644794668046
11504	25	0.199045810526542
11504	26	0.0770214742729749
11504	27	-0.0222335704035146
11504	28	0.0189947777860979
11504	29	0.139851893724192
11504	30	0.0612293352436737
11504	31	0.0972479970136675
11504	32	0.0937483481930457
11504	33	0.13487850815693
11504	34	0.0534588255010604
11504	35	0.041825241109855
11504	36	0.061487302499792
11504	37	-0.00358507666635433
11504	38	0.103374976739786
11504	39	0.181631386335596
11504	40	0.0125686633453768
11504	41	0.00906413560192476
11504	42	0.0142182384280005
11504	43	-0.166146648682734
11504	44	0.0663107116923243
11504	45	0.122548409631541
11504	46	0.141532472461577
11504	47	0.0841595169070146
11504	48	0.0122190143167131
11504	49	0.016446868718738
11504	50	0.0342827935599388
11504	51	-0.02509264855982
11504	52	-0.0287011431973667
11504	53	0.082586478618353
11504	54	0.0234603216013056
11504	55	0.177374991465555
11504	56	-0.0408668516721633
11504	57	0.125098752680337
11504	58	0.0374918079613096
11504	59	-0.0106743227310417
11504	60	0.185947500259488
11504	61	-0.00541508999742746
11504	62	-0.029081200153783
11504	63	-0.0252015420693894
11504	64	0.144739162408257
11504	65	0.156358522580803
11504	66	0.155268073931197
11504	67	0.0845201472909878
11504	68	0.186230233896424
11504	69	0.121562992337637
11504	70	-0.0501964532353085
11504	71	0.0693313981862289
11504	72	-0.0387352589185923
11504	73	0.0449094727740444
11504	74	0.29724479906502
11505	1	-1.02379482712943
11505	2	-0.00987876511755559
11505	3	0.0803883722734007
11505	4	-0.0131327506752115
11505	5	0.0673785803745979
11505	6	0.00237269902257253
11505	7	0.0283346772625421
11505	8	-0.140279926353102
11505	9	-0.0302468359872492
11505	10	0.0875086718482194
11505	11	0.140517538612173
11505	12	0.0319563810620593
11505	13	-0.000135442378812911
11505	14	-0.0373921969126485
11505	15	0.109185932457514
11505	16	0.060996244105425
11505	17	0.109192973238244
11505	18	-0.0268983639772244
11505	19	0.0346404714509561
11505	20	0.0565923332140486
11505	21	0.190878951228932
11505	22	0.106946038158007
11505	23	-0.00760626458183111
11505	24	0.10387727573282
11505	25	0.146365562088484
11505	26	0.0470772349218009
11505	27	0.020415736649781
11505	28	0.0857576377741296
11505	29	0.0725475128199804
11505	30	0.0161395828201023
11505	31	0.0418296000809733
11505	32	0.0920861724153568
11505	33	0.00853807716497101
11505	34	0.0721607705214851
11505	35	0.0651952031313598
11505	36	-0.0333325791977543
11505	37	0.0905813389854941
11505	38	0.0450333406086543
11505	39	0.129383893449521
11505	40	0.140176516416517
11505	41	0.192687952434241
11505	42	-0.137317872089838
11505	43	0.0400697313084279
11505	44	0.0728732877486706
11505	45	0.00797009498219836
11505	46	0.133958709189486
11505	47	-0.0437972640490543
11505	48	-0.00803251004091976
11505	49	-0.0691610210019746
11505	50	-0.0330168556016375
11505	51	0.0252905111959763
11505	52	0.119465656990485
11505	53	-0.0448814072348469
11505	54	0.0251617498175563
11505	55	-0.0164549485880343
11505	56	0.0613729892074204
11505	57	0.160267299041841
11505	58	0.0947702155293584
11505	59	-0.0819832619441243
11505	60	-0.0469616885242772
11505	61	0.154010813402785
11505	62	-0.0873462155616522
11505	63	-0.0242805978592173
11505	64	0.0170568646624929
11505	65	-0.0225736915619947
11505	66	0.023157991865709
11505	67	0.0388762038735493
11505	68	0.085051929695183
11505	69	0.0543614055556887
11505	70	-0.0113137077447618
11505	71	0.0992619581218719
11505	72	0.120428131055135
11505	73	0.106731095489579
11505	74	-0.130646584019381
11506	1	-1.60801473694222
11506	2	-0.0988637706045346
11506	3	0.00665145713332294
11506	4	-0.120890571377696
11506	5	-0.035881345019714
11506	6	0.0994969972338282
11506	7	-0.0697807306354719
11506	8	0.00812054022918574
11506	9	-0.0591622048235649
11506	10	-0.158857079458244
11506	11	-0.0716704398801511
11506	12	0.0503317003267014
11506	13	-0.0109886869277105
11506	14	-0.0161470027425494
11506	15	0.0147990554619426
11506	16	0.0283044614136401
11506	17	0.0531968945148904
11506	18	0.138794862486748
11506	19	0.00347136666525216
11506	20	-0.018434049618655
11506	21	-0.0806446384764783
11506	22	-0.0301901997687466
11506	23	0.138913278676839
11506	24	-0.000703814520207402
11506	25	0.145144749108773
11506	26	0.0822558288948585
11506	27	-0.0330300015785667
11506	28	0.00793583465588199
11506	29	-0.00318618890186428
11506	30	0.0148031763453602
11506	31	0.0150023326410533
11506	32	0.0291954879831735
11506	33	0.0346708394637361
11506	34	-0.0235750569337085
11506	35	-0.00117488596600168
11506	36	-0.120454599334344
11506	37	0.0105071250998492
11506	38	0.0547629541268648
11506	39	-0.079395290923685
11506	40	-0.0648466245548747
11506	41	-0.0523344343956538
11506	42	0.0225150157413907
11506	43	0.0907713622092388
11506	44	-0.0107505297155726
11506	45	0.0558784603054363
11506	46	0.119537790369861
11506	47	0.0319168558105076
11506	48	0.0118671572404239
11506	49	-0.130052115094344
11506	50	0.077602049221035
11506	51	0.119326395215495
11506	52	-0.0293914049835138
11506	53	-0.092777897355333
11506	54	-0.0109528686358402
11506	55	-0.0611455786111819
11506	56	0.0486905887525069
11506	57	-0.0210352393748252
11506	58	0.0567030691825821
11506	59	-0.0417251392497278
11506	60	-0.00673168271109859
11506	61	-0.084714069107946
11506	62	-0.0063826284795212
11506	63	-0.0581581288686834
11506	64	-0.087459280468039
11506	65	0.0790416816534432
11506	66	0.0640665509968628
11506	67	-0.0339316131011742
11506	68	0.0145543980969407
11506	69	-0.204803449983359
11506	70	0.0892052171906172
11506	71	0.0887661665710624
11506	72	-0.0508523266177221
11506	73	-0.167423493882403
11506	74	-0.207294142375588
11507	1	-0.493643949894402
11507	2	-0.0407731303201899
11507	3	0.122636259845365
11507	4	0.0329783124930607
11507	5	0.00535734590050296
11507	6	0.153202679311562
11507	7	0.0839238825577127
11507	8	0.0458144724529035
11507	9	0.076095570748933
11507	10	0.133485375398259
11507	11	-0.0105182892281874
11507	12	0.0691323949891469
11507	13	-0.104489784503365
11507	14	0.00576147373692493
11507	15	0.0314747795187102
11507	16	-0.0149940825405821
11507	17	-0.114526561425123
11507	18	0.124904848456232
11507	19	-0.0262482649183724
11507	20	0.132470648635234
11507	21	0.027639554296286
11507	22	0.0327586614191517
11507	23	0.02169813359545
11507	24	0.0370695808309307
11507	25	-0.0275035923762061
11507	26	0.0884315906438715
11507	27	0.0475298576437169
11507	28	-0.0527739946938866
11507	29	0.135464029319351
11507	30	-0.00024165492278172
11507	31	-0.043785614166751
11507	32	0.00595990695440918
11507	33	-0.0111041412119519
11507	34	0.0766203520383897
11507	35	0.0989776269815721
11507	36	-0.037643533536766
11507	37	0.119299693680141
11507	38	0.165771238370539
11507	39	0.148843174457937
11507	40	-0.0115451268844495
11507	41	0.0576188578069292
11507	42	0.179097678085846
11507	43	-0.0301710431261455
11507	44	-0.114977469192958
11507	45	-0.063381740440434
11507	46	-0.147032373919551
11507	47	-0.0829772007937635
11507	48	0.123743082371789
11507	49	0.00137177035855274
11507	50	-0.137628777857344
11507	51	-0.107315142113698
11507	52	-0.0200675773966452
11507	53	-0.0725818387822272
11507	54	-0.0267263465975844
11507	55	-0.236945813527583
11507	56	0.0260120761528171
11507	57	-0.0167072422990557
11507	58	0.120154024514072
11507	59	-0.0557867586783303
11507	60	-0.114663321241153
11507	61	-0.155918104224305
11507	62	0.0243200739078375
11507	63	0.0432665313437681
11507	64	0.0481475810001584
11507	65	0.0239296327423659
11507	66	0.0405367056821078
11507	67	-0.176335340216639
11507	68	-0.138207364504382
11507	69	0.0200962634163631
11507	70	-0.107150089826249
11507	71	0.028044054656327
11507	72	0.0550517012710969
11507	73	-0.0335180622714049
11507	74	-0.156926536199848
11508	1	-0.568419872515832
11508	2	-0.0547374184942839
11508	3	-0.134423490895948
11508	4	-0.22633929040747
11508	5	-0.0997179258911132
11508	6	-0.0516536386135513
11508	7	-0.241427058730693
11508	8	-0.17883298012007
11508	9	-0.241414468318808
11508	10	-0.167255875109007
11508	11	-0.168075858777144
11508	12	-0.0825583499631932
11508	13	-0.160586665662713
11508	14	-0.228628016140824
11508	15	-0.121662752658423
11508	16	-0.0861056244490825
11508	17	-0.169085196636537
11508	18	-0.15783614703269
11508	19	-0.181197437294081
11508	20	-0.193323418583283
11508	21	-0.249789260447756
11508	22	-0.179117674604122
11508	23	-0.0767310908892824
11508	24	-0.0830909095898207
11508	25	-0.131874267286882
11508	26	-0.0946530624000346
11508	27	-0.222764194775877
11508	28	-0.236110720322905
11508	29	-0.191774580738105
11508	30	-0.1476889676144
11508	31	-0.16944807621033
11508	32	-0.0564735768135591
11508	33	-0.162275170567263
11508	34	-0.123616178174757
11508	35	-0.0518563236747696
11508	36	0.146533348247573
11508	37	0.015519808779402
11508	38	0.0491236849873644
11508	39	0.0585026083784186
11508	40	0.166747427559272
11508	41	-0.0201588034264333
11508	42	-0.0465888267705594
11508	43	-0.0949726495743093
11508	44	0.024053603878059
11508	45	0.0975200569074843
11508	46	0.132504641751012
11508	47	0.175637762110149
11508	48	-0.0144750934284659
11508	49	-0.0225594591150653
11508	50	-0.00919953762559089
11508	51	0.0233303050071711
11508	52	0.0302384389922352
11508	53	0.0356203050276633
11508	54	0.119062960653793
11508	55	-0.00055799163207837
11508	56	-0.0311610756293632
11508	57	0.0468080943100162
11508	58	-0.0534000054751189
11508	59	0.0321295203452721
11508	60	0.115463952782164
11508	61	0.0229489916165448
11508	62	0.0615607914098675
11508	63	0.108881401431809
11508	64	0.111395464307776
11508	65	0.0695266778808659
11508	66	0.039280249996942
11508	67	0.132564465433269
11508	68	0.143504951000125
11508	69	0.071096506457252
11508	70	0.064162873809174
11508	71	0.0624383172309635
11508	72	0.291842612097192
11508	73	0.232764102674651
11508	74	0.0968717256511482
11509	1	-0.410460039387523
11509	2	-0.0178329630112266
11509	3	0.0105593829162487
11509	4	0.0372363054991816
11509	5	-0.0109121794255493
11509	6	-0.0209515763397405
11509	7	0.123872744267999
11509	8	0.0209570374406809
11509	9	-0.0374306518420155
11509	10	0.060881632467968
11509	11	0.00103507813786763
11509	12	-0.122116417433915
11509	13	0.00714328432925981
11509	14	-0.0812980913311421
11509	15	-0.0621964668460819
11509	16	-0.0547708013491217
11509	17	0.0056750423055405
11509	18	0.0287696587115462
11509	19	-0.0735911869598027
11509	20	-0.115431716928825
11509	21	-0.0254175363743769
11509	22	0.11729880709526
11509	23	-0.103894261005699
11509	24	0.132675100108706
11509	25	-0.0339595784330555
11509	26	-0.077000525673995
11509	27	0.0393168988933397
11509	28	-0.0332716674891174
11509	29	-0.0018187500344311
11509	30	-0.0734938260141433
11509	31	-0.0721048638411403
11509	32	0.0397328110204924
11509	33	0.0795248452552428
11509	34	0.0316419904708383
11509	35	0.00212640639779238
11509	36	-0.123302603679882
11509	37	0.0182640869203468
11509	38	-0.0905788815169615
11509	39	0.0542078087405784
11509	40	0.11748112853526
11509	41	0.0526551351532021
11509	42	-0.105371849980273
11509	43	0.0469406417857741
11509	44	0.0731828194127218
11509	45	-0.13940977141646
11509	46	0.0804442160444694
11509	47	0.0611600067320168
11509	48	0.0573720152981565
11509	49	-0.106995063493855
11509	50	-0.00205892948664399
11509	51	0.00258154574908076
11509	52	0.0178576931496437
11509	53	0.0998618102894611
11509	54	0.183913980521247
11509	55	0.0937310029820608
11509	56	-0.0701835055982798
11509	57	-0.0497350704322344
11509	58	0.0189593846897012
11509	59	0.0714585620075852
11509	60	0.0702752412126557
11509	61	0.0848305683604735
11509	62	-0.0299634164047831
11509	63	0.126715689149201
11509	64	0.0229121782835477
11509	65	0.00814361627141125
11509	66	0.0182644422149494
11509	67	0.126498276661039
11509	68	-0.0268719124762882
11509	69	-0.0108150378495608
11509	70	0.0615957169866945
11509	71	0.0447588568342567
11509	72	-0.00464536901836254
11509	73	0.122125734846314
11509	74	-0.209220692377713
11510	1	-0.587071537645365
11510	2	0.0797370863499793
11510	3	0.0670525594551563
11510	4	0.141911102247146
11510	5	-0.0075004488796715
11510	6	0.0950291147171711
11510	7	0.056781426033389
11510	8	0.00627570759166929
11510	9	0.0902188835819118
11510	10	-0.0106467502265772
11510	11	0.0256158708207934
11510	12	-0.0973178547161453
11510	13	-0.0294965240331067
11510	14	-0.064847379949029
11510	15	0.171788361841493
11510	16	0.124916698650878
11510	17	-0.0374162033390633
11510	18	0.0189700071436008
11510	19	-0.0690996799911616
11510	20	0.0992804636751217
11510	21	0.235253195332938
11510	22	0.104305195016281
11510	23	0.133874322037272
11510	24	0.126377916601157
11510	25	0.077838113204578
11510	26	0.0621091578335538
11510	27	0.128511875664536
11510	28	-0.00834607225102246
11510	29	-0.044900921927578
11510	30	-0.0537039740977718
11510	31	0.243371326635049
11510	32	0.14395392019587
11510	33	0.112943471852226
11510	34	0.152350106034135
11510	35	0.0725840864210241
11510	36	-0.00757676037232358
11510	37	-0.0870474089676989
11510	38	-0.118721554180276
11510	39	-0.0570067814821442
11510	40	-0.0131219772833475
11510	41	-0.0437460573011492
11510	42	-0.0594302493071766
11510	43	0.0395967822928966
11510	44	-0.0036555487330503
11510	45	-0.0460715086297014
11510	46	-0.1072583509347
11510	47	-0.018889832914212
11510	48	0.0201773549336934
11510	49	0.0247212793701266
11510	50	0.0941185213123035
11510	51	-0.0729473173115522
11510	52	-0.127272091562681
11510	53	0.0525685022069098
11510	54	-0.0422200860218851
11510	55	0.0912602048902187
11510	56	0.131962605975524
11510	57	-0.0307544352866103
11510	58	-0.00881780219473427
11510	59	-0.038150850599699
11510	60	0.0744242898384471
11510	61	-0.0498140439104446
11510	62	0.115511779156805
11510	63	0.0440259018426303
11510	64	-0.0294398502087887
11510	65	0.01647357025346
11510	66	0.0359543600381329
11510	67	0.0850692847200989
11510	68	0.198915084460047
11510	69	0.0415616938452175
11510	70	0.0510812028942951
11510	71	0.105293628157177
11510	72	0.0650413442683515
11510	73	0.0254272456962639
11510	74	0.0165297245205664
11511	1	-0.0163761711577237
11511	2	0.0243648702160115
11511	3	0.132187269588929
11511	4	-0.0415288572684887
11511	5	0.132029231728588
11511	6	0.0959970713889362
11511	7	0.0727287952290467
11511	8	-0.00743474769892316
11511	9	0.0846987002701667
11511	10	-0.0047836781698436
11511	11	0.0893572327981005
11511	12	0.154542065537811
11511	13	0.0752290291173381
11511	14	-0.0631772301478222
11511	15	0.0183428889352228
11511	16	0.0877659838346858
11511	17	0.0983537297757024
11511	18	0.0434290269148221
11511	19	0.0393176938688029
11511	20	0.163532125617103
11511	21	0.0947957480667654
11511	22	0.0475895852149009
11511	23	0.0781951617481766
11511	24	0.0699756190909042
11511	25	0.164368345151907
11511	26	0.12436575352428
11511	27	0.0432725356411652
11511	28	0.0759639444589695
11511	29	0.163443260822646
11511	30	0.065119924582639
11511	31	0.0703127024241326
11511	32	0.150364651948472
11511	33	0.0273905365094649
11511	34	0.0769986415326684
11511	35	-0.127360949489606
11511	36	0.0637206964383594
11511	37	0.242445964148764
11511	38	0.0579933916167761
11511	39	-0.00600503239643757
11511	40	-0.0118756368009016
11511	41	0.0952676734893103
11511	42	0.141943765078352
11511	43	0.15764136059488
11511	44	0.132119791540852
11511	45	0.0162654014247678
11511	46	0.0552190021513042
11511	47	0.115237355897598
11511	48	0.0065913995877338
11511	49	0.063356462288823
11511	50	0.186978455647385
11511	51	0.0606817343849428
11511	52	0.201322512961781
11511	53	0.157454232138278
11511	54	-0.0139047242859363
11511	55	0.104246108150278
11511	56	0.0641243128949043
11511	57	-0.0468582019476926
11511	58	0.165704415124246
11511	59	0.295216915939655
11511	60	0.0820563026773229
11511	61	0.0512161285665087
11511	62	-0.0517818177952094
11511	63	0.00887791029929019
11511	64	0.00765829003188401
11511	65	-0.0878488338769827
11511	66	0.0386874258970309
11511	67	0.087545421592587
11511	68	0.0907415333086803
11511	69	0.0261528376365519
11511	70	0.0889059267212389
11511	71	0.118005294692132
11511	72	0.0890549221068184
11511	73	0.105813627052925
11511	74	-0.00173188363345389
11512	1	-0.466512344535342
11512	2	0.0306146586206388
11512	3	0.0848963083521248
11512	4	0.184652489773178
11512	5	-0.00935409417987287
11512	6	0.116070553423882
11512	7	0.109941502451449
11512	8	-0.0229568468539938
11512	9	0.016112780726381
11512	10	0.0988275226547231
11512	11	0.0405950455763602
11512	12	0.0946808613545898
11512	13	-0.00631740928248092
11512	14	0.0241838490933688
11512	15	0.0962571416233544
11512	16	0.167495388954784
11512	17	0.0209689357312186
11512	18	0.00621564796108487
11512	19	0.125600912998848
11512	20	0.02146927628322
11512	21	0.00734747809740099
11512	22	0.061419861812368
11512	23	-0.0318336259702079
11512	24	0.0421123373769845
11512	25	-0.0353792988175883
11512	26	0.13821174863515
11512	27	0.096233849827108
11512	28	0.120204036287326
11512	29	0.0221932064124033
11512	30	0.076274560899229
11512	31	0.0417387289505342
11512	32	-0.0573874770368406
11512	33	0.093473853766028
11512	34	0.119127884792384
11512	35	0.0506127917261665
11512	36	0.0630983354934784
11512	37	0.194558098129335
11512	38	0.0255866845791459
11512	39	0.0412704838461266
11512	40	0.190645286540253
11512	41	0.124943556363093
11512	42	-0.0687991080823736
11512	43	0.00828252028858856
11512	44	0.211303681124349
11512	45	0.0868335685801327
11512	46	0.111314913590284
11512	47	-0.00336105833338962
11512	48	0.128766025503751
11512	49	-0.0830184937732739
11512	50	0.111544304661173
11512	51	0.0841456875059805
11512	52	0.041848499729241
11512	53	0.231244883042173
11512	54	0.190177024752913
11512	55	0.0359281031094625
11512	56	0.17696469316089
11512	57	0.112156996219795
11512	58	-0.0367606657273711
11512	59	0.0276134112743023
11512	60	0.0482537071706446
11512	61	0.176920130408043
11512	62	0.146242676166771
11512	63	0.102265627948455
11512	64	0.0650830876210122
11512	65	-0.0883176774475984
11512	66	0.0283586721308993
11512	67	0.123456111568466
11512	68	0.131628502307443
11512	69	-0.00670780501803137
11512	70	0.0728709136976136
11512	71	-0.0531709941330973
11512	72	0.0982270531242975
11512	73	0.100810179695102
11512	74	0.0582876653748912
11601	1	-0.822004889885864
11601	2	0.229136659446077
11601	3	0.158588430826722
11601	4	0.0911046245526279
11601	5	0.0904285634199375
11601	6	0.0959458634807362
11601	7	0.278272187643886
11601	8	0.0946250373824
11601	9	0.17546532356161
11601	10	0.0863645803900965
11601	11	0.214350434115019
11601	12	0.145057239819685
11601	13	0.225575447586245
11601	14	0.181984114911209
11601	15	0.107895824201307
11601	16	0.243815872457489
11601	17	0.219682535602736
11601	18	0.194644010288165
11601	19	0.106655487138234
11601	20	0.0828414915283631
11601	21	0.0196214783135034
11601	22	0.122707495968605
11601	23	0.236951494371112
11601	24	0.124138132690163
11601	25	0.219486992208665
11601	26	0.213720371773107
11601	27	0.151218200111501
11601	28	0.115104815141876
11601	29	0.18887965294978
11601	30	0.0171647790741574
11601	31	0.0840167264718517
11601	32	0.0723907640425807
11601	33	0.116510022588109
11601	34	0.172770156088369
11601	35	0.0849611276485973
11601	36	-0.032848009150392
11601	37	0.0636845352179662
11601	38	0.0252093900028427
11601	39	-0.122226766729682
11601	40	0.0623787896915573
11601	41	0.0740203229091136
11601	42	0.0631759850119522
11601	43	-0.099340529951391
11601	44	-0.110388359083174
11601	45	-0.0747778161850619
11601	46	-0.0194448235237203
11601	47	0.00465318840694806
11601	48	-0.0195108522576604
11601	49	0.117010961307727
11601	50	-0.0846707174301429
11601	51	-0.057592162273103
11601	52	-0.0530115886359965
11601	53	0.038299374942028
11601	54	-0.0173838721353192
11601	55	-0.0575092722963575
11601	56	-0.129787295165649
11601	57	-0.0450503407336313
11601	58	0.0932143111289534
11601	59	-0.0270675406026797
11601	60	0.0642007217714422
11601	61	-0.0620513517923271
11601	62	0.064575273354059
11601	63	-0.0618620168532757
11601	64	0.0841484642251942
11601	65	0.071960173404868
11601	66	-0.179012424983064
11601	67	-0.119958662243334
11601	68	0.174029175428267
11601	69	-0.0250955282634209
11601	70	0.072529715578419
11601	71	-0.00616519460449894
11601	72	0.0458012082139305
11601	73	-0.0881045074469853
11601	74	0.245558588020266
11602	1	-1.02050987327457
11602	2	-0.0447311496114509
11602	3	-0.00458112095972041
11602	4	0.0303495391647388
11602	5	-0.0249106567234456
11602	6	0.0165103561076521
11602	7	0.0279079048438575
11602	8	0.0590418934761203
11602	9	-0.00341210256183189
11602	10	0.0670503063328596
11602	11	0.0505834585365363
11602	12	0.0293318799082769
11602	13	0.105617121538565
11602	14	-0.0355218593267068
11602	15	0.0769317861993244
11602	16	0.0770034926708121
11602	17	-0.0610556470632346
11602	18	0.0517140108710166
11602	19	-0.0019809294847164
11602	20	0.00417826369132968
11602	21	-0.086515958301284
11602	22	0.0606992777486397
11602	23	0.0428907611426936
11602	24	0.0349107036524501
11602	25	-0.0395399355759096
11602	26	0.00786416147993663
11602	27	0.0440753429686396
11602	28	0.074035572267249
11602	29	0.0738318590464146
11602	30	-0.0278387180407265
11602	31	0.119876725306149
11602	32	0.0807765540991241
11602	33	0.0721622345132715
11602	34	-0.0302956479566276
11602	35	0.0231933360766448
11602	36	-0.0343685772745985
11602	37	0.0837645951567865
11602	38	0.139652542609134
11602	39	-0.103376002339267
11602	40	0.00347543615937695
11602	41	0.0238965581640898
11602	42	-0.0762771115774399
11602	43	0.0833841179376478
11602	44	0.0924052128755903
11602	45	0.0360366090805542
11602	46	0.128242726261441
11602	47	0.0656111097856211
11602	48	0.100956524903523
11602	49	0.148119654784033
11602	50	0.0347069833701426
11602	51	0.1335584820024
11602	52	-0.0812887898062442
11602	53	0.1126639263491
11602	54	0.00913918442639527
11602	55	-0.0728605586695537
11602	56	-0.0599418690096059
11602	57	-0.278555016276641
11602	58	-0.0888413469083318
11602	59	-0.08310465572103
11602	60	0.0275250650322434
11602	61	0.0748406603747611
11602	62	0.0750698793417541
11602	63	-0.0166978857483642
11602	64	-0.0522598023378649
11602	65	0.0654388836156983
11602	66	-0.0134336848235108
11602	67	0.139454892518167
11602	68	-0.178640685858696
11602	69	0.122110734955584
11602	70	0.0059296193142373
11602	71	-0.164614753197696
11602	72	-0.154086718285953
11602	73	0.0255337465056655
11602	74	-0.00421160040056634
11603	1	-1.34003698730602
11603	2	0.0107009420736155
11603	3	0.162331335532066
11603	4	0.169929996415743
11603	5	0.108281313322969
11603	6	0.144244426537362
11603	7	0.192209527193256
11603	8	0.10291879100771
11603	9	-0.0656310657930419
11603	10	0.0327972752663968
11603	11	0.200611860916332
11603	12	0.192266637730199
11603	13	0.111088846832935
11603	14	0.141976287008362
11603	15	0.159539356799037
11603	16	0.0510945141050527
11603	17	0.0316639559042713
11603	18	0.251391275175642
11603	19	-0.0145054572610164
11603	20	0.109504153689457
11603	21	0.20004357131161
11603	22	0.0552657864270643
11603	23	0.0466574902126666
11603	24	0.069516374843019
11603	25	0.116902727802632
11603	26	0.0400365134018088
11603	27	0.17278216076874
11603	28	0.140691895278778
11603	29	0.0283578397136779
11603	30	0.158060490379491
11603	31	0.0277488954800944
11603	32	0.0863793673002178
11603	33	0.0977255711374596
11603	34	0.173681231413823
11603	35	0.127971831651742
11603	36	0.0550870930212639
11603	37	0.00521477966251638
11603	38	0.0335780001127191
11603	39	-0.0391543339603402
11603	40	0.292946817297022
11603	41	-0.0404006769034879
11603	42	0.0492201787416917
11603	43	0.0359414176973445
11603	44	-0.0215732537813977
11603	45	0.093681690971998
11603	46	0.00586247398117479
11603	47	-0.0170551571391186
11603	48	0.0701458771001739
11603	49	0.0155554731835679
11603	50	-0.0577546595059033
11603	51	0.0495077630468614
11603	52	0.259695004666831
11603	53	0.0376142070836281
11603	54	-0.0281165090272566
11603	55	-0.0807495274102195
11603	56	0.0966645948687201
11603	57	-0.0291353922800255
11603	58	0.0280059554309986
11603	59	0.0492560321215691
11603	60	0.0226973985660024
11603	61	-0.0752120705134658
11603	62	-0.123704392220205
11603	63	-0.0289186698595643
11603	64	-0.1006468220979
11603	65	-0.215718011044785
11603	66	-0.0510884052050784
11603	67	0.0580991788026211
11603	68	-0.0392586700032709
11603	69	0.0997871729847262
11603	70	0.00606665442263221
11603	71	-0.0841218108085968
11603	72	-0.00564437001736451
11603	73	0.133558273298519
11603	74	0.164454135920813
11604	1	-2.57747098018187
11604	2	-0.147200050642052
11604	3	-0.0548132285335967
11604	4	-0.13350644812401
11604	5	-0.137386919201795
11604	6	-0.0981458490428437
11604	7	-0.110730485735608
11604	8	-0.0811496234326796
11604	9	-0.0872014127590646
11604	10	-0.257551605655763
11604	11	0.0240799275594838
11604	12	0.00110062840915504
11604	13	0.0261908440192755
11604	14	0.077720199122254
11604	15	0.0607760256511156
11604	16	0.00178023076097134
11604	17	0.0365764647512634
11604	18	0.113056868808989
11604	19	-0.195610693057013
11604	20	0.0610196062709747
11604	21	-0.0122481606264699
11604	22	0.062139265715885
11604	23	-0.0288558566331787
11604	24	-0.0176403262213753
11604	25	-0.00608361327834217
11604	26	0.0906445027701679
11604	27	0.0736122409831026
11604	28	-0.0136499713335922
11604	29	-0.0315082385143057
11604	30	-0.128931902970095
11604	31	0.0982962867467378
11604	32	-0.0197494481775635
11604	33	0.0770503749625391
11604	34	-0.0867727280791328
11604	35	0.0750749777788826
11604	36	-0.0848346449440243
11604	37	-0.143260160319599
11604	38	-0.0222361825691237
11604	39	-0.0334404426516883
11604	40	-0.111749714811914
11604	41	0.120574992946018
11604	42	-0.21731996632726
11604	43	-0.0341776595342651
11604	44	-0.023722523390866
11604	45	-0.0826522450433487
11604	46	-0.0420146328886233
11604	47	0.13132325471669
11604	48	0.112535869759718
11604	49	0.13198926416473
11604	50	0.0375700665097938
11604	51	-0.0467651197604013
11604	52	-0.0812394303818849
11604	53	0.0169340649942384
11604	54	0.0856901672273835
11604	55	0.0962015658345834
11604	56	0.0214481446522683
11604	57	-0.00285292474755749
11604	58	-0.0452126253527538
11604	59	-0.0104357464853848
11604	60	0.056881043344454
11604	61	-0.088260129842979
11604	62	-0.0385056209672996
11604	63	-0.0970702455166972
11604	64	-0.00793910276806287
11604	65	-0.00856101968987133
11604	66	-0.0497017138982372
11604	67	-0.116478442520943
11604	68	0.128757165093312
11604	69	0.156663039182313
11604	70	0.106341415987714
11604	71	-0.0175489394604682
11604	72	0.014558255724495
11604	73	0.00560902676096475
11604	74	0.130600762771934
11605	1	-1.88106893868495
11605	2	0.0250839476054772
11605	3	0.129585046460356
11605	4	0.118417999488251
11605	5	0.113807278029565
11605	6	0.0856228772121668
11605	7	0.283069660739507
11605	8	0.0975841842010254
11605	9	0.127913805613098
11605	10	0.124692863927763
11605	11	0.195527906006717
11605	12	0.0967982488424326
11605	13	0.0252565747273863
11605	14	0.0753190534776067
11605	15	0.19990711434049
11605	16	0.0598039937328423
11605	17	0.153153818652143
11605	18	0.0841414385710308
11605	19	0.0407713715882068
11605	20	0.142690599620742
11605	21	0.0108017259207074
11605	22	0.136666000694014
11605	23	0.125206539150426
11605	24	0.081996919000197
11605	25	0.139148589014255
11605	26	0.0432217128115582
11605	27	0.142773670946418
11605	28	-0.0215120558575776
11605	29	0.0431363631583892
11605	30	0.153954212627539
11605	31	0.029897965979309
11605	32	0.0555505315513329
11605	33	0.0176091055987229
11605	34	0.113603104834617
11605	35	0.114744722166726
11605	36	0.0667912250075844
11605	37	0.00888043257594262
11605	38	0.036395287076779
11605	39	0.0597312846133278
11605	40	0.0206920379188134
11605	41	-0.0896546900320843
11605	42	0.0824279015419052
11605	43	0.0929187842883081
11605	44	0.0757933293215203
11605	45	-0.0643195176870321
11605	46	-0.0488213911125541
11605	47	-0.0285265213637089
11605	48	-0.0444309521381641
11605	49	0.0246800878672886
11605	50	-0.0543832825858956
11605	51	0.0344685369760782
11605	52	0.0381750277192197
11605	53	-0.129600977270229
11605	54	-0.125750927006727
11605	55	-0.00372414747953087
11605	56	-0.0672560565519333
11605	57	0.0245189338431047
11605	58	0.0673370042971513
11605	59	-0.115826744238397
11605	60	-0.118847144173259
11605	61	0.0183739526930395
11605	62	0.0064129419475023
11605	63	-0.131235726064347
11605	64	-0.0391297726894066
11605	65	0.00082315389781229
11605	66	-0.0674986273130287
11605	67	-0.146242224461972
11605	68	-0.0750141680013314
11605	69	-0.0737803719755448
11605	70	-0.103088059132141
11605	71	-0.0205367706685564
11605	72	0.0929584489646018
11605	73	0.0978984221360122
11605	74	0.202265920839586
11606	1	0.0750211393853562
11606	2	0.0190255732114792
11606	3	0.0614825775365624
11606	4	0.0539650860524965
11606	5	0.127372158282135
11606	6	0.149378970262461
11606	7	0.0519561351586049
11606	8	0.199971537076152
11606	9	0.247320748718209
11606	10	0.0793632117435124
11606	11	-0.0595952099362691
11606	12	0.108221479711247
11606	13	-0.050883436633093
11606	14	0.139355195668593
11606	15	0.180281217720896
11606	16	0.0155416986508783
11606	17	0.0288625279162176
11606	18	0.0561345430214359
11606	19	0.104804871806174
11606	20	0.140456811427725
11606	21	0.0754461824008033
11606	22	0.0312189128087752
11606	23	0.101700905142948
11606	24	0.0889231815330618
11606	25	0.000850878283877421
11606	26	0.0776687478573308
11606	27	-0.0514503155266794
11606	28	0.0647678479746006
11606	29	-8.00408521257623e-05
11606	30	0.061309795777035
11606	31	-0.0771237378290905
11606	32	0.0813203364416211
11606	33	0.0508322466404536
11606	34	0.127293478805896
11606	35	-0.00293833353927653
11606	36	0.105475402695035
11606	37	0.137362836241138
11606	38	-0.107594403933675
11606	39	0.0242412004358457
11606	40	-0.077288279903847
11606	41	-0.0710726288726207
11606	42	-0.111143798788966
11606	43	0.104439982041569
11606	44	-0.000527643944529643
11606	45	-0.131029781055538
11606	46	0.0740121746534186
11606	47	-0.0351964087693091
11606	48	-0.079120078302509
11606	49	-0.0431643470426195
11606	50	0.0209773154515176
11606	51	-0.206830845487502
11606	52	0.0239912060987564
11606	53	-0.186053825493651
11606	54	0.0197606012978184
11606	55	0.0114825123655322
11606	56	0.0515683622724836
11606	57	-0.163516022910656
11606	58	0.0378790478728988
11606	59	0.1192406123347
11606	60	-0.112653855158676
11606	61	-0.0577190517068402
11606	62	0.116551034259402
11606	63	0.0654724535174509
11606	64	-0.112824057622412
11606	65	0.0704514127633686
11606	66	0.0623181433360216
11606	67	-0.20485938118393
11606	68	0.0196682378214987
11606	69	-0.00744409551305836
11606	70	-0.0935337597836323
11606	71	-0.0565280087442446
11606	72	-0.113299584001695
11606	73	-0.052238549041391
11606	74	0.12128432574756
11607	1	0.60162410934046
11607	2	0.0355560210070358
11607	3	-0.00512269470932125
11607	4	0.0409341202415163
11607	5	-0.00857811223702853
11607	6	-0.0907269351133877
11607	7	-0.0950566425552211
11607	8	0.0547775690779986
11607	9	0.0659002353073674
11607	10	0.0763241879148069
11607	11	0.0132262474137974
11607	12	0.0775319436228372
11607	13	-0.0189391520699544
11607	14	0.0715527322174552
11607	15	0.135478639155224
11607	16	0.0435260430735767
11607	17	-0.0204410291230346
11607	18	-0.00876703404775014
11607	19	-0.180633139014596
11607	20	0.132928320579332
11607	21	-0.0366638670984472
11607	22	-0.0664442620502044
11607	23	-0.0794548448282697
11607	24	-0.00164893772560504
11607	25	-0.0133657672784508
11607	26	0.0665486833931936
11607	27	0.1001555322919
11607	28	-0.0635503286111003
11607	29	-0.147081307112053
11607	30	0.0351442610700019
11607	31	0.0101215712534426
11607	32	0.0882732545951868
11607	33	-0.115473727804115
11607	34	0.0165072465047587
11607	35	-0.0407419481358033
11607	36	-0.0157063133223687
11607	37	0.128641072846371
11607	38	0.0568478379219712
11607	39	0.0701399502496969
11607	40	-0.00387208908587411
11607	41	0.0840848874209712
11607	42	0.117997590323036
11607	43	-0.156566450629647
11607	44	0.0290524186172192
11607	45	0.184527231047419
11607	46	0.0274670153135048
11607	47	-0.0104686209723397
11607	48	-0.160069654542774
11607	49	0.0347373386141854
11607	50	-0.0154986210459853
11607	51	-0.0268551576706741
11607	52	0.077883319130656
11607	53	0.0899517345756564
11607	54	-0.0275296806538208
11607	55	0.053801361457289
11607	56	0.0894766798620807
11607	57	0.0954014603096169
11607	58	0.0902689966771888
11607	59	0.0566888529649674
11607	60	0.00446583132429623
11607	61	0.0010747851975097
11607	62	0.186091674828774
11607	63	0.0592993231508672
11607	64	-0.0240991794465231
11607	65	0.0937434268549922
11607	66	0.357287875755681
11607	67	-0.00329614610834739
11607	68	0.0308624454301523
11607	69	-0.0526873676470885
11607	70	0.0761929327142283
11607	71	-0.0862702408449536
11607	72	0.0641421652864125
11607	73	-0.0186890761262504
11607	74	0.0175033614288935
11608	1	-0.402099338785444
11608	2	-0.0264784542537022
11608	3	-0.0151436137996797
11608	4	-0.0488987519720823
11608	5	0.0256077302624647
11608	6	-0.0776206376424255
11608	7	0.0582015620019902
11608	8	-0.0237320019681846
11608	9	-0.0646918724221948
11608	10	0.00618900110507781
11608	11	0.0315008348428449
11608	12	0.0788628176509221
11608	13	-0.0651695919706796
11608	14	0.00158624774932292
11608	15	-0.0718220484005414
11608	16	-0.000167113609656155
11608	17	0.0534505964927305
11608	18	-0.0534724047805142
11608	19	-0.0804082025591484
11608	20	-0.0363873477443732
11608	21	-0.101914183883956
11608	22	-0.0771302432605125
11608	23	-0.0761250354994019
11608	24	-0.0920546481124163
11608	25	0.0226248153819455
11608	26	-0.00732944603524288
11608	27	0.0441523531900003
11608	28	0.025933142308368
11608	29	-0.0560675185073336
11608	30	0.0279335480964207
11608	31	0.0910844492404124
11608	32	-0.109972990840483
11608	33	0.179296499606636
11608	34	0.0392783136782811
11608	35	-0.125204087581409
11608	36	-0.0101605604345778
11608	37	-0.00123152417754824
11608	38	-0.165005539325385
11608	39	-0.108320519842074
11608	40	-0.113176814412853
11608	41	-0.0987925210603819
11608	42	0.103918037047613
11608	43	0.1539620591088
11608	44	-0.0380764535700919
11608	45	0.0467868261444977
11608	46	-0.0113478429574414
11608	47	-0.0235804211734774
11608	48	0.00915657805925463
11608	49	-0.0569622305493525
11608	50	-0.03126503828382
11608	51	-0.142032587505717
11608	52	-0.154290903762302
11608	53	-0.0189182457215651
11608	54	-0.153814867519465
11608	55	0.00625675050950747
11608	56	-0.0653607010085082
11608	57	0.0465137493508792
11608	58	0.063867385020032
11608	59	-0.0995965440885058
11608	60	-0.0168091134713464
11608	61	0.025745994985563
11608	62	0.0215051363702301
11608	63	0.0366724704433423
11608	64	-0.119140197500457
11608	65	0.132171699242313
11608	66	0.0355338711007533
11608	67	0.0342152681126535
11608	68	-0.049631277206089
11608	69	-0.0520149482680523
11608	70	-0.0245066057372227
11608	71	-0.0878747945518654
11608	72	-0.116870087741276
11608	73	-0.0930448800804982
11608	74	-0.0118694619988986
11609	1	0.136885708250052
11609	2	0.00135970189520052
11609	3	0.195603736260701
11609	4	0.0785219734628626
11609	5	0.158265720333574
11609	6	0.0333488451907371
11609	7	0.0944733093967756
11609	8	0.0719431176704433
11609	9	0.0278197187342357
11609	10	0.125451937730148
11609	11	-0.0333216825625229
11609	12	0.00793239440599791
11609	13	0.0403822365249269
11609	14	0.0404654462823473
11609	15	-0.014827847705817
11609	16	-0.0362092741117692
11609	17	-0.0126033415188118
11609	18	0.046095256265744
11609	19	-0.0877162217013279
11609	20	0.136828508659462
11609	21	0.0977220550653115
11609	22	0.0275539256796549
11609	23	0.279196460691537
11609	24	0.192306608354031
11609	25	0.110362788159499
11609	26	0.0329630536293166
11609	27	0.229355925204253
11609	28	0.0628966320291298
11609	29	0.0184170291021317
11609	30	0.143794424402756
11609	31	0.0911947702148126
11609	32	-0.00742070018943508
11609	33	0.0353947150903338
11609	34	-0.0256470705815985
11609	35	0.108096447624398
11609	36	0.0904755842030056
11609	37	-0.0437869562347544
11609	38	0.0256687463186225
11609	39	-0.0601600047770674
11609	40	0.0834527566276577
11609	41	0.0412372415306876
11609	42	-0.13919283014144
11609	43	-0.0600612559457545
11609	44	0.0112521202083897
11609	45	-0.0454177117282484
11609	46	0.0396296995180805
11609	47	-0.0352278830233672
11609	48	0.0323869089818913
11609	49	-0.0332751364169113
11609	50	0.000334671048683788
11609	51	-0.00615476012990968
11609	52	-0.0541836336145494
11609	53	-0.140582796597208
11609	54	-0.122424922103178
11609	55	0.0146179215782851
11609	56	0.072378222861353
11609	57	-0.183635194963529
11609	58	-0.128923687990607
11609	59	0.0544926633845577
11609	60	0.0475226760509599
11609	61	0.117775443346794
11609	62	-0.0277298540488076
11609	63	-0.0611911126045825
11609	64	-0.00936551613732206
11609	65	-0.0977235066837565
11609	66	0.051252428419069
11609	67	0.107036461354994
11609	68	-0.0937321787454906
11609	69	-0.0344208927402931
11609	70	0.221144855791152
11609	71	-0.109607389791314
11609	72	-0.0482580063809976
11609	73	0.0420626721255033
11609	74	0.0319245388988776
11610	1	-0.567532451530649
11610	2	0.0255880444408767
11610	3	0.0480328552787697
11610	4	0.00404796038070998
11610	5	-0.0269852140543634
11610	6	0.146674571160567
11610	7	-0.135693265798103
11610	8	-0.204390258623256
11610	9	-0.051043926515483
11610	10	0.0748627773542836
11610	11	-0.0177852837899337
11610	12	0.0894175390496841
11610	13	0.0471615269258905
11610	14	-2.92788988076609e-06
11610	15	0.0570523247341939
11610	16	0.0388018400725372
11610	17	0.0560967985126766
11610	18	0.0386336201130035
11610	19	0.134219485457656
11610	20	0.0871548384879048
11610	21	0.0205270579687564
11610	22	0.0784247419314212
11610	23	-0.109727295280074
11610	24	-0.102319339609863
11610	25	-0.028235506844986
11610	26	-0.0013235171054049
11610	27	-0.0840662443714137
11610	28	-1.31265867153729e-05
11610	29	-0.0362847414924161
11610	30	-0.0830425294274022
11610	31	-0.00686708981452
11610	32	-0.0855319115414019
11610	33	-0.148432155604276
11610	34	0.0768116621262465
11610	35	-0.00444527581993981
11610	36	-0.0576622069477253
11610	37	-0.0810490301116289
11610	38	-0.0165865602961404
11610	39	0.0093224394908944
11610	40	-0.106249819406166
11610	41	-0.055314996885734
11610	42	-0.184031254767561
11610	43	0.0203121925242513
11610	44	-0.0869182954841961
11610	45	0.0776465343838382
11610	46	-0.0739596339345709
11610	47	-0.0724511803019254
11610	48	0.0221230416873439
11610	49	0.0183529214347899
11610	50	-0.117571541782645
11610	51	-0.0138161211139405
11610	52	-0.0601731266478112
11610	53	-0.133623529585094
11610	54	-0.102572420846172
11610	55	-0.088863983215461
11610	56	-0.180787497919987
11610	57	0.0819462384426402
11610	58	-0.0710810627898226
11610	59	0.112669020108655
11610	60	-0.0342251946371377
11610	61	-0.118975297130639
11610	62	-0.0451090509844647
11610	63	7.01658363766455e-06
11610	64	0.0222338636742307
11610	65	0.0707547541858062
11610	66	0.0660800685877163
11610	67	0.141302323711756
11610	68	0.0565562255593619
11610	69	-0.0567527751312653
11610	70	-0.0947198582953206
11610	71	-0.074869375589607
11610	72	-0.212431750599457
11610	73	-0.103274497993013
11610	74	-0.134970555905682
11611	1	-1.12377147995002
11611	2	-0.121213142104995
11611	3	-0.143842846785244
11611	4	-0.153860445104915
11611	5	-0.198478891058695
11611	6	-0.108487742561287
11611	7	-0.162052179879453
11611	8	-0.0565127691580329
11611	9	0.0195002042470875
11611	10	-0.0222883283339783
11611	11	-0.147462036513026
11611	12	-0.152163478942605
11611	13	-0.196807804404592
11611	14	-0.18870481427404
11611	15	-0.232268691415037
11611	16	-0.0994907317192073
11611	17	-0.187236690539066
11611	18	0.0431912944013035
11611	19	-0.210581822349781
11611	20	-0.0572649923507811
11611	21	-0.0996795069962744
11611	22	-0.0686832903411982
11611	23	-0.110424336313194
11611	24	-0.0477194012629951
11611	25	-0.0436891152783119
11611	26	-0.0960557810745186
11611	27	-0.0616155310225466
11611	28	-0.133042037531453
11611	29	-0.177659259836211
11611	30	-0.0815226420331143
11611	31	0.0155300923733179
11611	32	-0.0519431668868862
11611	33	-0.256557149303362
11611	34	-0.126369906342447
11611	35	-0.107409411219983
11611	36	-0.0368172288989825
11611	37	-0.0822795649634287
11611	38	-0.144564096564793
11611	39	-0.0452025480280298
11611	40	-0.15277545694267
11611	41	-0.199895844678721
11611	42	-0.0706251511876488
11611	43	-0.176260152330222
11611	44	-0.113502482666533
11611	45	-0.042419223635477
11611	46	-0.101200084824598
11611	47	-0.0990429193808495
11611	48	0.176620499746612
11611	49	-0.0947744419740673
11611	50	-0.0516675431836688
11611	51	-0.056315721923653
11611	52	0.00464139519581153
11611	53	-0.0290793063695958
11611	54	0.146125057619422
11611	55	-0.0693521662867624
11611	56	-0.150493757950194
11611	57	-0.064269407874562
11611	58	-0.227386696340211
11611	59	-0.167373400361818
11611	60	-0.144718581130952
11611	61	-0.109916818336004
11611	62	-0.0842004343042859
11611	63	-0.0229775293430379
11611	64	-0.171448273860371
11611	65	-0.189416631805251
11611	66	-0.174340524574539
11611	67	-0.0425706277967208
11611	68	-0.17094616289674
11611	69	-0.169030542915628
11611	70	-0.140359973235213
11611	71	-0.0459728742786538
11611	72	-0.110306869300494
11611	73	-0.216267682535126
11611	74	-0.264318228695807
11612	1	-0.805216878293301
11612	2	0.085375940230918
11612	3	-0.0104480892215406
11612	4	0.0387877239388956
11612	5	-0.0833064296788422
11612	6	0.0649305158588405
11612	7	-0.0214223418515544
11612	8	0.00254581656935216
11612	9	-0.0106132759554853
11612	10	0.0440772378377758
11612	11	-0.0578317531691255
11612	12	0.0655498059703419
11612	13	-0.0545493448500665
11612	14	-0.0362198871771398
11612	15	0.00376256304247136
11612	16	-0.0969203074281495
11612	17	0.10714255750311
11612	18	-0.0456034415924051
11612	19	-0.0132995836163374
11612	20	0.148475641227201
11612	21	-0.0545303783196687
11612	22	-0.117677763320138
11612	23	0.163693758244555
11612	24	-0.089620999182074
11612	25	-0.0440992060926249
11612	26	0.0803972073553822
11612	27	-0.0437789724339197
11612	28	0.0265608426425956
11612	29	-0.060772650743651
11612	30	-0.099638392883449
11612	31	0.0545890318022231
11612	32	0.14921862662333
11612	33	0.021338738365678
11612	34	-0.0771076929131596
11612	35	0.0812091698223156
11612	36	0.0235669349225631
11612	37	-0.0532174296075354
11612	38	0.00593803187636865
11612	39	0.0234837968154551
11612	40	-0.0124805657479712
11612	41	0.134837486252728
11612	42	-0.0363173782471975
11612	43	0.00925180390259328
11612	44	-0.0885514023781369
11612	45	-0.0865100378426931
11612	46	-0.0991122817141772
11612	47	-0.216405788335109
11612	48	-0.0402852219035807
11612	49	0.0314564446819787
11612	50	0.0105368806393074
11612	51	-0.067411560905164
11612	52	-0.165896077767691
11612	53	-0.00970629098324594
11612	54	-0.132003948768549
11612	55	-0.0850857762135675
11612	56	-0.165533076558013
11612	57	-0.0197579791526081
11612	58	-0.156364546370696
11612	59	0.110164594511915
11612	60	-0.166335112420313
11612	61	0.0157241419502867
11612	62	0.0710910161934422
11612	63	-0.0796318977580839
11612	64	-0.169368328459882
11612	65	-0.088476055654759
11612	66	-0.128652359000192
11612	67	-0.0126907597247055
11612	68	-0.031762776009586
11612	69	-0.152469005243852
11612	70	-0.0768463313524421
11612	71	0.0222336195732424
11612	72	-0.134363425207006
11612	73	-0.0486715188652127
11612	74	0.207727732722091
12101	1	-0.0620118020558316
12101	2	0.329474178216401
12101	3	0.142569492885148
12101	4	0.286670049469979
12101	5	0.285270859198583
12101	6	0.284445780588946
12101	7	0.406056222860848
12101	8	0.316392245645986
12101	9	0.281759084083646
12101	10	0.387952831743533
12101	11	0.239317855807009
12101	12	0.270655612428094
12101	13	0.248950612950971
12101	14	0.352277835862189
12101	15	0.292600908938411
12101	16	0.228095472604728
12101	17	0.182564725388396
12101	18	0.175850152035196
12101	19	0.2947049643615
12101	20	0.195424656565038
12101	21	0.325915813254092
12101	22	0.191778934011104
12101	23	0.340294019996961
12101	24	0.220145652467309
12101	25	0.189683764072115
12101	26	0.219080813832868
12101	27	0.204159965079526
12101	28	-0.0141451043198515
12101	29	0.219563496646018
12101	30	0.229550774941217
12101	31	0.269506690342517
12101	32	0.300269945311051
12101	33	0.303153929515069
12101	34	0.205513290310677
12101	35	0.248816893063719
12101	36	0.107852208813377
12101	37	0.0141146206622409
12101	38	-0.0537787985545322
12101	39	0.097197199651113
12101	40	-0.0165166414012035
12101	41	0.124023593830238
12101	42	0.0891142267665472
12101	43	0.0147146994703675
12101	44	0.0450148934166421
12101	45	0.0913550339849465
12101	46	0.0185152738423255
12101	47	0.27563207908625
12101	48	0.00374066076019375
12101	49	0.206013122471091
12101	50	0.00675797028378611
12101	51	0.00891371275385922
12101	52	0.104147071686917
12101	53	0.0305193496267009
12101	54	0.0735414395239715
12101	55	-0.0586096341182483
12101	56	-0.0432445678485038
12101	57	0.0986311953977008
12101	58	-0.0386072833527678
12101	59	0.123670078595829
12101	60	0.0627488907515215
12101	61	0.169193376983927
12101	62	0.238648509365454
12101	63	0.137679290437305
12101	64	0.0687250127891375
12101	65	0.0726674454549325
12101	66	0.0692012628594725
12101	67	-0.0829279765444895
12101	68	0.0560219537346001
12101	69	0.0780449252700777
12101	70	0.0919848133958183
12101	71	0.0971050882884796
12101	72	0.0533706889976955
12101	73	0.152639023878322
12101	74	0.468739827850072
12102	1	-1.51790555996864
12102	2	0.0918922782023621
12102	3	0.00500940676246131
12102	4	0.0271085448417594
12102	5	0.0367309436942698
12102	6	0.0163574246874774
12102	7	0.0234274621489945
12102	8	0.19478100655067
12102	9	0.103842093773956
12102	10	-0.0056842610311918
12102	11	0.195384558107051
12102	12	0.18182818139946
12102	13	0.114874271562371
12102	14	-0.108459268783633
12102	15	0.0575178142823987
12102	16	-0.0595738637528171
12102	17	0.0524623386955909
12102	18	-0.071611422072074
12102	19	-0.0194195905477414
12102	20	0.129640257353955
12102	21	0.164369636198813
12102	22	0.0256869408541576
12102	23	-0.0622723059833206
12102	24	0.102025841175553
12102	25	0.0157374141929623
12102	26	0.144748020624341
12102	27	-0.062688704966078
12102	28	0.159965753634957
12102	29	0.235804149664745
12102	30	0.0935024457225921
12102	31	0.133996326635049
12102	32	-0.00492838936104789
12102	33	0.182420669416956
12102	34	0.225834406458802
12102	35	0.0920547072635927
12102	36	0.0486055151694771
12102	37	0.0183971537258003
12102	38	-0.0915156718273309
12102	39	-0.0366531630610893
12102	40	-0.11272651482205
12102	41	-0.0221310708460365
12102	42	-0.0396897791059345
12102	43	-0.0579494154625166
12102	44	-0.0864095230361812
12102	45	-0.0884126574876163
12102	46	-0.0798876821387253
12102	47	0.0594582301423117
12102	48	-0.041045968237043
12102	49	-0.0531831430737171
12102	50	0.0613199397863582
12102	51	-0.0649850424277432
12102	52	0.0211499770856491
12102	53	0.0854151932409977
12102	54	-0.0349064236817114
12102	55	-0.0216716585377625
12102	56	0.0254989706831594
12102	57	0.0277088219498438
12102	58	-0.0166174972376467
12102	59	-0.0456467401338969
12102	60	0.0652855219630624
12102	61	-0.0281359131101411
12102	62	0.0139814083011842
12102	63	-0.0955999670659153
12102	64	0.0175994917863349
12102	65	0.0324406495673557
12102	66	-0.0745067550011385
12102	67	-0.0312054217860691
12102	68	-0.0183385962881673
12102	69	0.0287039639149853
12102	70	-0.0597189773454048
12102	71	0.120178896723303
12102	72	-0.117480774615593
12102	73	0.0123672705025442
12102	74	-0.0181964591645425
12103	1	0.780692851892088
12103	2	0.12708149036969
12103	3	0.109346385950627
12103	4	0.0926686612800154
12103	5	0.070525206354251
12103	6	0.0737450505007118
12103	7	0.155583935261419
12103	8	0.165274798035142
12103	9	0.276050995342565
12103	10	0.232864656760235
12103	11	0.218342509347139
12103	12	0.163550186734909
12103	13	0.158791611111099
12103	14	0.212124172125293
12103	15	0.217603960294362
12103	16	0.207431633480709
12103	17	0.13755007463201
12103	18	0.159714496820577
12103	19	0.252383294523597
12103	20	0.103284609663362
12103	21	0.0869896866524158
12103	22	0.116806905953922
12103	23	0.0966230702932194
12103	24	0.161938099660446
12103	25	0.0981320412524767
12103	26	0.0495508755707874
12103	27	0.260626616661689
12103	28	0.216887001608498
12103	29	0.182159819670062
12103	30	0.0806137370871269
12103	31	0.13472043959667
12103	32	0.184333428240592
12103	33	0.181086806480721
12103	34	0.164354817183707
12103	35	0.230475482722746
12103	36	0.208394270226478
12103	37	0.225006028771773
12103	38	0.110677229974797
12103	39	0.0634540109918689
12103	40	0.0233088210091381
12103	41	0.261832903731012
12103	42	0.172038021785937
12103	43	0.151233504498862
12103	44	0.0572463764213396
12103	45	0.134437540195357
12103	46	0.20197662918897
12103	47	0.20693389329972
12103	48	0.149564952597821
12103	49	0.113183599064939
12103	50	0.19892744070615
12103	51	0.203590484154304
12103	52	0.0995218842784382
12103	53	0.247890608450788
12103	54	0.294192191518881
12103	55	0.272476000163145
12103	56	0.307237741653203
12103	57	0.343403267513793
12103	58	0.247371074375238
12103	59	0.169899339443205
12103	60	0.177997716332037
12103	61	0.160181275243353
12103	62	0.201102168466839
12103	63	0.0872980311539848
12103	64	0.0689085753931877
12103	65	0.231073053457592
12103	66	0.0532130460975964
12103	67	0.155637769247221
12103	68	0.180981865904208
12103	69	0.273261879976495
12103	70	0.110736679923548
12103	71	0.276994359377362
12103	72	0.0935769990753172
12103	73	0.0335974531339644
12103	74	0.292044072111253
12104	1	0.222546873054871
12104	2	0.11556517446957
12104	3	0.0729681770790762
12104	4	0.0949648001228347
12104	5	0.12289638432253
12104	6	0.117590090326921
12104	7	0.107177275758019
12104	8	0.0952705935082676
12104	9	0.220470653841552
12104	10	0.116529193911902
12104	11	0.168524997492703
12104	12	0.173642511137515
12104	13	0.0720770400896313
12104	14	0.0995654839376741
12104	15	0.177590879544091
12104	16	0.000622343812167969
12104	17	0.127658049217978
12104	18	0.14890214719081
12104	19	0.164535253132364
12104	20	0.0748164589544302
12104	21	0.157344560399814
12104	22	-0.000668742827933499
12104	23	0.0743075439098178
12104	24	0.0421701077891967
12104	25	0.0499761934563452
12104	26	0.213151644064865
12104	27	0.0545002706291271
12104	28	0.084093443878011
12104	29	0.119590620165262
12104	30	0.152420632511202
12104	31	0.188835036312469
12104	32	0.134913302571952
12104	33	0.231034541875829
12104	34	0.128476187859469
12104	35	0.0299945899615395
12104	36	-0.105590913401954
12104	37	-0.0361340962741963
12104	38	0.000270042458382136
12104	39	-0.0628553314284375
12104	40	-0.159182190842458
12104	41	-0.0301269254378767
12104	42	-0.028447751044709
12104	43	-0.0859811056932287
12104	44	-0.135171932437977
12104	45	-0.105789010080514
12104	46	-0.127280112722637
12104	47	-0.129733308495908
12104	48	0.0568374152868429
12104	49	0.0855643367649961
12104	50	0.0332539562216354
12104	51	0.0256374044676804
12104	52	-0.0256918325548696
12104	53	0.112092582946879
12104	54	-0.242147028256873
12104	55	-0.0784148716494997
12104	56	-0.0918740919586867
12104	57	0.0429217184678308
12104	58	-0.0828961278675422
12104	59	0.0658476407806035
12104	60	0.123727692958241
12104	61	0.0317001996811257
12104	62	0.0151527169986281
12104	63	0.0861667562051593
12104	64	-0.0125122460718856
12104	65	-0.050892041641319
12104	66	0.0525578568214513
12104	67	-0.111095684209431
12104	68	0.0220995984967089
12104	69	-0.112759672431068
12104	70	0.0560336073362677
12104	71	0.0184512787454025
12104	72	0.145452200926535
12104	73	-0.207232284742446
12104	74	0.0937063033065897
12105	1	-0.11502638522942
12105	2	0.0112826172670601
12105	3	0.0517388420201037
12105	4	-0.0245145776701357
12105	5	-0.07020787442573
12105	6	-0.146641552368003
12105	7	-0.103938753154587
12105	8	-0.0136290670616788
12105	9	0.0758819991078425
12105	10	-0.0715568723624287
12105	11	0.105791181468675
12105	12	-0.15920192489579
12105	13	-0.0381501216402427
12105	14	-0.104294006673051
12105	15	0.00759503084686486
12105	16	-0.0556165148237611
12105	17	0.0133320864820305
12105	18	-0.0392828177673081
12105	19	-0.111511424604444
12105	20	-0.13015411563471
12105	21	-0.00957962948565694
12105	22	-0.146483252852114
12105	23	-0.0444600075541288
12105	24	0.0422955626010477
12105	25	-0.144668625961984
12105	26	0.0285367994945247
12105	27	-0.16560485500883
12105	28	-0.107525197913397
12105	29	-0.144916962067157
12105	30	-0.111434340505333
12105	31	-0.00302108441718474
12105	32	-0.105978861233574
12105	33	-0.0654188414359353
12105	34	-0.0591749073518812
12105	35	-0.144456888634828
12105	36	-0.0314703518825468
12105	37	-0.0896215721894222
12105	38	0.137121129714089
12105	39	-0.113560376452227
12105	40	0.0066414102742911
12105	41	-0.112109545075327
12105	42	-0.122257668075108
12105	43	-0.0262365361272572
12105	44	0.239524514776917
12105	45	0.00762238586498398
12105	46	0.118429393969173
12105	47	0.108414305527667
12105	48	-0.0116098531117999
12105	49	-0.0161324747211111
12105	50	-0.0459491474005418
12105	51	0.0735935040558786
12105	52	0.0957683873593567
12105	53	-0.0509963896263415
12105	54	0.143064917428973
12105	55	-0.106079178112829
12105	56	0.0832636939678153
12105	57	0.13082117142654
12105	58	-0.0528896428957921
12105	59	0.00506830811733039
12105	60	0.0636610220984366
12105	61	-0.056946905595133
12105	62	-0.0137308861674299
12105	63	0.0530053798907986
12105	64	0.122697559869628
12105	65	-0.186811324721731
12105	66	0.133244377972375
12105	67	0.122274857570773
12105	68	-0.0472298356736758
12105	69	0.0994734966986499
12105	70	-0.0833841297160944
12105	71	0.0635643375592423
12105	72	-0.0568594506442111
12105	73	-0.0796070235552548
12105	74	0.17750916484038
12106	1	0.659492341564857
12106	2	-0.0992228439636094
12106	3	-0.165994188512322
12106	4	-0.0443470278341529
12106	5	-0.0752395603779306
12106	6	-0.0423146715778415
12106	7	-0.161305827160568
12106	8	-0.142096533987889
12106	9	0.0195336338722711
12106	10	-0.141883248484412
12106	11	-0.0652238504335614
12106	12	-0.219000346005345
12106	13	-0.0944460013850232
12106	14	-0.113021305616854
12106	15	-0.176651823988941
12106	16	-0.174744015634836
12106	17	-0.153774362456367
12106	18	-0.0905517698598786
12106	19	-0.273439401245518
12106	20	-0.00150612169073128
12106	21	-0.10292348875533
12106	22	-0.213611907190455
12106	23	-0.0316740229104582
12106	24	-0.0654558522722439
12106	25	-0.0141589831949602
12106	26	-0.0306463590073278
12106	27	-0.0648438153923792
12106	28	-0.0778282151081626
12106	29	-0.147509226224905
12106	30	0.0452055787477619
12106	31	-0.0776227209839959
12106	32	-0.169005284217604
12106	33	-0.17296622617333
12106	34	-0.0493609857196375
12106	35	-0.119572998364113
12106	36	-0.0223440087325883
12106	37	0.0127116091280541
12106	38	0.0321094739169325
12106	39	0.167150458683956
12106	40	-0.0458798438640216
12106	41	0.0636784474691581
12106	42	-0.133648223771694
12106	43	0.0414768683015723
12106	44	0.0307231710465956
12106	45	0.119968245155214
12106	46	0.00122082446834781
12106	47	0.172406241947598
12106	48	-0.0765684007088652
12106	49	-0.0325856826675732
12106	50	0.0826766367354423
12106	51	0.0602267422108085
12106	52	0.0527025482574359
12106	53	0.0150068967485737
12106	54	-0.0881959932503094
12106	55	0.130265334492051
12106	56	0.00742402699629707
12106	57	0.0664922817767675
12106	58	0.159446196861289
12106	59	0.135133379022541
12106	60	0.0872376011009166
12106	61	0.165997736137371
12106	62	0.0974993905456358
12106	63	0.0903918223059961
12106	64	0.226133932168999
12106	65	-0.0106514127466752
12106	66	0.109812480889943
12106	67	0.115161232844834
12106	68	0.185833829287709
12106	69	-0.128691019009864
12106	70	-0.00511707699294561
12106	71	-0.0286943711059422
12106	72	-0.0261586557316491
12106	73	0.0200660232535839
12106	74	0.000393752059295593
12107	1	-0.0110704289979147
12107	2	-0.131170895911662
12107	3	-0.361751764269897
12107	4	-0.236225815712942
12107	5	-0.0612135863519576
12107	6	-0.251319000582164
12107	7	-0.0498945717493129
12107	8	-0.145040256931608
12107	9	-0.0905616042229624
12107	10	-0.165000131601296
12107	11	-0.137743330953043
12107	12	-0.117130216135209
12107	13	-0.142238209177229
12107	14	-0.108311348906895
12107	15	-0.0986085339456508
12107	16	-0.0499128468036645
12107	17	-0.104856613538615
12107	18	-0.0927855360936505
12107	19	-0.0754134272195444
12107	20	-0.136415212599822
12107	21	0.00473019089834992
12107	22	-0.00663355221210082
12107	23	-0.13562207485851
12107	24	0.0845528057364149
12107	25	-0.0418126628486348
12107	26	-0.108395276756248
12107	27	-0.13999533054389
12107	28	-0.223698344978295
12107	29	-0.14260879332447
12107	30	-0.0695823000401177
12107	31	-0.160549127910407
12107	32	-0.106684937897256
12107	33	-0.119650208857308
12107	34	0.0189160705574167
12107	35	-0.0728543836454989
12107	36	0.0198773228903377
12107	37	0.0707849831615803
12107	38	0.0401936822929301
12107	39	-0.0676102668101635
12107	40	-0.0079772456126932
12107	41	0.0382760259431265
12107	42	0.00464862336251315
12107	43	0.149331521341487
12107	44	0.235480846767082
12107	45	0.207400956098127
12107	46	0.0486815921745603
12107	47	0.168944878713212
12107	48	0.00588181108738439
12107	49	-0.118952271228878
12107	50	0.197074742124883
12107	51	-0.0595664617855789
12107	52	0.0005274710537293
12107	53	0.210464782606252
12107	54	0.104138670079891
12107	55	0.112572221553307
12107	56	0.186715362575505
12107	57	0.0343508632920404
12107	58	-0.02818438148919
12107	59	0.200808286013441
12107	60	0.033749669510506
12107	61	-0.0832373550953847
12107	62	0.158795356938818
12107	63	0.0881101771013846
12107	64	-0.0639683221181215
12107	65	0.0611073106863316
12107	66	0.174741830339038
12107	67	0.181139590973174
12107	68	0.0464848531834718
12107	69	-0.01375520285292
12107	70	0.00574081538711368
12107	71	0.149520914422759
12107	72	0.0394340271951776
12107	73	0.184853473477808
12107	74	0.0306625455963072
12108	1	-0.514116628699853
12108	2	0.0647635303178475
12108	3	0.193035120976003
12108	4	0.194572992036687
12108	5	0.206765549266525
12108	6	0.165578167823199
12108	7	0.203673237490626
12108	8	0.291064064975991
12108	9	0.157310228861981
12108	10	0.113888094926274
12108	11	0.0750733605521745
12108	12	0.255516579691914
12108	13	0.218810971150639
12108	14	0.149238576577453
12108	15	0.226807263371789
12108	16	0.109431415491414
12108	17	0.206842343242307
12108	18	0.273187638272972
12108	19	0.138237839546477
12108	20	0.146267350738484
12108	21	0.174959699095069
12108	22	0.051792677296099
12108	23	0.181614884903034
12108	24	0.12085682958142
12108	25	0.0962648334255789
12108	26	0.179473575702765
12108	27	0.148064281974733
12108	28	0.251177959045549
12108	29	0.22081892649669
12108	30	0.184468370600712
12108	31	0.189137906366796
12108	32	0.118963348242836
12108	33	0.199837123482482
12108	34	0.152910109305552
12108	35	0.284305079841836
12108	36	-0.0987006005485824
12108	37	-0.0578152119922564
12108	38	-0.0326813333426017
12108	39	-0.111257679174926
12108	40	-0.0261866601763643
12108	41	0.0879119523823846
12108	42	0.058769953979251
12108	43	0.147612242330545
12108	44	-0.132262831790428
12108	45	-0.0349678544344698
12108	46	0.0190822339939558
12108	47	-0.106878375822632
12108	48	-0.0693485384405861
12108	49	0.0557137719752845
12108	50	0.0550113386744044
12108	51	0.125417773959363
12108	52	-0.0523174124262198
12108	53	0.128242446586263
12108	54	0.0801561234347616
12108	55	-0.0131810858274761
12108	56	-0.0864990552066942
12108	57	0.06628504512571
12108	58	0.00617759915900251
12108	59	0.081794468239714
12108	60	0.0829353326935021
12108	61	0.0675220284995035
12108	62	0.107373415260696
12108	63	-0.00925439499773262
12108	64	0.113175593901673
12108	65	0.140289897681257
12108	66	-0.14969708822327
12108	67	0.106941195627925
12108	68	-0.000843934045285266
12108	69	0.118675161473533
12108	70	-0.115467476784033
12108	71	0.161875869117253
12108	72	0.0440378626435916
12108	73	-0.111741285049241
12108	74	0.273700703148236
12109	1	-0.0873616581208267
12109	2	-0.0153458467400789
12109	3	-0.121071562916431
12109	4	-0.189787438541892
12109	5	-0.113463878047792
12109	6	-0.0752408594347216
12109	7	-0.0801239946916112
12109	8	-0.0165130042063382
12109	9	-0.0324523266285368
12109	10	-0.116649029824451
12109	11	-0.127955685521833
12109	12	-0.029075677347997
12109	13	-0.036726057962106
12109	14	-0.160199471052444
12109	15	-0.0495226920281198
12109	16	-0.139023757894776
12109	17	-0.103546482525516
12109	18	-0.10422414662137
12109	19	-0.0879306789447156
12109	20	-0.140240261771403
12109	21	-0.0806694157289769
12109	22	-0.117490371227333
12109	23	-0.129834429427305
12109	24	0.00277862831867282
12109	25	-0.157114193001654
12109	26	-0.0701874559741711
12109	27	-0.039271391483318
12109	28	-0.0748053223426979
12109	29	-0.0917363727490823
12109	30	-0.0560250776512135
12109	31	0.0142676871044287
12109	32	-0.106264229159713
12109	33	-0.057879631799608
12109	34	-0.117043525402181
12109	35	-0.0728034452183195
12109	36	0.0500340531702221
12109	37	0.0800620849313418
12109	38	-0.0213687231189823
12109	39	-0.0181661146709757
12109	40	0.0782595683396892
12109	41	0.0946058429970904
12109	42	0.188953665530903
12109	43	-0.02513413677476
12109	44	0.0620064786953805
12109	45	0.18021444925396
12109	46	0.0855441998837421
12109	47	0.0797312287378205
12109	48	0.0334595326992897
12109	49	0.0811786897914502
12109	50	0.114664392033546
12109	51	0.168800362534803
12109	52	0.165670985980782
12109	53	0.0629242639338798
12109	54	0.088039503284584
12109	55	0.0618142537085049
12109	56	0.102891186629016
12109	57	0.151147591228224
12109	58	-0.0861461230389935
12109	59	0.0888683121723943
12109	60	0.0158221393008091
12109	61	0.150680822577485
12109	62	0.126870946457089
12109	63	0.0323513666674842
12109	64	0.10460456315019
12109	65	0.294935922772765
12109	66	0.206696115014864
12109	67	0.128083205837854
12109	68	0.148415876035315
12109	69	0.181487568818262
12109	70	0.133347573797948
12109	71	0.0997817750924668
12109	72	0.0530814837491747
12109	73	0.0798411188443424
12109	74	0.247548498678491
12110	1	-0.562478901364091
12110	2	-0.064482340627297
12110	3	0.00120747876731642
12110	4	-0.00230411990231616
12110	5	-0.0448086246347472
12110	6	0.0170200278039374
12110	7	-0.0427069024858824
12110	8	-0.113374069496395
12110	9	0.00925744689877206
12110	10	-0.139775750980078
12110	11	-0.0910282953450334
12110	12	0.0102322500121019
12110	13	-0.0728124176094767
12110	14	0.0284322399793879
12110	15	0.156977276345572
12110	16	-0.0339250170534271
12110	17	-0.00314475423205351
12110	18	0.0546474105110519
12110	19	0.108458985766518
12110	20	0.0751338194641065
12110	21	0.0389271215881095
12110	22	-0.0308832429406465
12110	23	-0.00684598739319853
12110	24	-0.0606563286378545
12110	25	0.174647265600996
12110	26	-0.0879118102411525
12110	27	0.0394808137604983
12110	28	-0.0440611789078815
12110	29	0.114736487360275
12110	30	0.0292565778895977
12110	31	0.0238455359031633
12110	32	-0.0153699490978951
12110	33	-0.00464790185941411
12110	34	0.118623182129184
12110	35	0.0868639620029725
12110	36	0.273385312770671
12110	37	0.0537759487033114
12110	38	0.151981329671919
12110	39	0.0367043664664664
12110	40	0.225066563777503
12110	41	0.108707505972482
12110	42	0.122930469534857
12110	43	0.25381400668784
12110	44	0.147212787846833
12110	45	0.155784356948082
12110	46	0.160689862855648
12110	47	0.134270900042949
12110	48	0.128008388249647
12110	49	0.166300212522458
12110	50	0.174375046179307
12110	51	0.0620427802662959
12110	52	0.0085002326182817
12110	53	0.255429411111535
12110	54	0.0951563108398688
12110	55	0.107145956809461
12110	56	0.140887546713621
12110	57	0.121393886999257
12110	58	0.0588595237914191
12110	59	0.118368450364841
12110	60	0.100387453561709
12110	61	0.236503887584462
12110	62	0.162036531112292
12110	63	0.217792678751302
12110	64	0.177988701206175
12110	65	0.184966145204427
12110	66	0.197866215295164
12110	67	-0.0244673002881868
12110	68	0.140836424883297
12110	69	0.252939155173763
12110	70	0.252554141685678
12110	71	0.225685337512566
12110	72	0.194333532976778
12110	73	0.255246167596823
12110	74	0.248395726735403
12111	1	-0.0468277443642506
12111	2	-0.139775654561532
12111	3	-0.0583908945631642
12111	4	-0.139063819814101
12111	5	-0.0604053319497169
12111	6	0.0151375303555668
12111	7	-0.247535687525769
12111	8	-0.0301137198095844
12111	9	-0.0138784678105068
12111	10	-0.0667840719717034
12111	11	-0.26001654645934
12111	12	-0.0666680867858673
12111	13	-0.0761173225450662
12111	14	-0.00797583479694453
12111	15	-0.191182436233838
12111	16	-0.0186509257673109
12111	17	-0.103434226401944
12111	18	-0.115508447267686
12111	19	-0.0834959712419376
12111	20	-0.261782526989691
12111	21	-0.133035912672263
12111	22	-0.097261029997469
12111	23	-0.0306027733580123
12111	24	-0.203824631362828
12111	25	-0.00995704979001744
12111	26	-0.132185922201032
12111	27	-0.15842634314032
12111	28	-0.0939227371274995
12111	29	-0.0916638986201761
12111	30	0.0307036095390245
12111	31	-0.0885242605471888
12111	32	0.0241805374795021
12111	33	-0.0838663335847158
12111	34	-0.0413781715413393
12111	35	-0.109903109355876
12111	36	0.133747498368891
12111	37	-0.0346439574867645
12111	38	0.0397023705393593
12111	39	0.129044312285878
12111	40	0.0789174200756904
12111	41	0.0933446984198483
12111	42	0.0587143365806995
12111	43	-0.0742543711783696
12111	44	0.0549365210653505
12111	45	0.0536675561719875
12111	46	-0.0377960550386547
12111	47	0.00862133962003497
12111	48	0.0214066659850189
12111	49	-0.0858265197178483
12111	50	-0.0487306973163086
12111	51	-0.0715594452867094
12111	52	0.017200324307872
12111	53	0.0611164907556159
12111	54	-0.0169148301144588
12111	55	0.0815819727356555
12111	56	-0.0502660318077019
12111	57	0.0640421863593374
12111	58	0.0102006859464581
12111	59	0.0651755064243105
12111	60	0.0623381590851224
12111	61	0.127616807213755
12111	62	0.146166847720728
12111	63	-0.0379733374399152
12111	64	0.122223592401589
12111	65	-0.0318527610545374
12111	66	-0.0411266506658237
12111	67	0.0208053325662405
12111	68	-0.0330444192936596
12111	69	0.128395065326103
12111	70	0.0963227480743072
12111	71	-0.0540207048590133
12111	72	0.14510125349679
12111	73	0.170844416696717
12111	74	-0.059783185763898
12112	1	0.153315470816558
12112	2	-0.0282221402338401
12112	3	0.0392546972488788
12112	4	-0.0157999952280079
12112	5	-0.0471579277248679
12112	6	0.0967948756893477
12112	7	-0.12141373239163
12112	8	0.0579944817287412
12112	9	-0.0155637154122701
12112	10	-0.0289740296244574
12112	11	0.0899964169837517
12112	12	0.0938131656061998
12112	13	0.0291458353496736
12112	14	0.0700826118121896
12112	15	0.0120781783568304
12112	16	0.0926001082216033
12112	17	0.0364907090894917
12112	18	0.111919729084526
12112	19	0.0655218936172588
12112	20	0.0355494729609234
12112	21	0.0749409259760796
12112	22	0.0891532816436964
12112	23	0.0550423739931247
12112	24	0.0799760032285732
12112	25	0.110090606296012
12112	26	-0.0277376093005515
12112	27	0.0751008245325551
12112	28	0.0500085195857096
12112	29	-0.0282232773625992
12112	30	0.0775386775045064
12112	31	0.105143406156515
12112	32	-0.0192778622143166
12112	33	0.133765183631972
12112	34	-0.00253105374684992
12112	35	0.0722703044742659
12112	36	0.0929984042571306
12112	37	0.0261914851211458
12112	38	0.125232986491092
12112	39	0.0421105332716465
12112	40	0.143890351233409
12112	41	0.143305953975073
12112	42	0.154105642405689
12112	43	0.0755472023818484
12112	44	0.114027222267929
12112	45	0.104529538397891
12112	46	0.163339621081306
12112	47	0.0720791212424885
12112	48	0.123593734356874
12112	49	0.0167317440014187
12112	50	0.0500204652783083
12112	51	0.196028625953296
12112	52	0.155935168275278
12112	53	0.20723359104958
12112	54	0.245407194386267
12112	55	0.126850132384313
12112	56	0.198952907331446
12112	57	0.230263087147527
12112	58	0.276034167917786
12112	59	0.175828044231395
12112	60	0.149752096378485
12112	61	0.0414590606935548
12112	62	0.124302765378665
12112	63	0.0561518306047049
12112	64	0.139531165370023
12112	65	0.0767654340503583
12112	66	0.115642939285181
12112	67	0.106437642471661
12112	68	0.14613893634295
12112	69	0.147028333088443
12112	70	0.00197248752803603
12112	71	0.227926098207845
12112	72	0.275136568368275
12112	73	0.161625568117529
12112	74	-0.0364538145740809
12201	1	-0.481288758472058
12201	2	-0.152243146658332
12201	3	-0.2214508145736
12201	4	-0.189888556073356
12201	5	-0.151202646387528
12201	6	-0.402140437543139
12201	7	-0.29379752151273
12201	8	-0.250851055951713
12201	9	-0.148484084843119
12201	10	-0.268359438960601
12201	11	-0.299453455453865
12201	12	-0.244385358925236
12201	13	-0.292269552510902
12201	14	-0.253775827580675
12201	15	-0.140768472198609
12201	16	-0.275155975767724
12201	17	-0.217340253929237
12201	18	-0.253472404780517
12201	19	-0.271499201909968
12201	20	-0.248082718220815
12201	21	-0.278468708393575
12201	22	-0.18740888024324
12201	23	-0.217537441145971
12201	24	-0.182927982209492
12201	25	-0.18419663546517
12201	26	-0.216249902750405
12201	27	-0.257050533738628
12201	28	-0.281584582771508
12201	29	-0.215619968196108
12201	30	-0.151085303496615
12201	31	-0.319492045457977
12201	32	-0.224456004040412
12201	33	-0.125004616723345
12201	34	-0.277619383652457
12201	35	-0.179187616304311
12201	36	-0.072491182943736
12201	37	-0.163681266085518
12201	38	-0.0442043510726151
12201	39	-0.00588960174033559
12201	40	0.00337460546096935
12201	41	-0.220508134525282
12201	42	-0.052721913539898
12201	43	-0.105318224424785
12201	44	-0.0949605253946757
12201	45	-0.0756473272989382
12201	46	-0.0355539557236355
12201	47	-0.025407630706745
12201	48	-0.0369510389917593
12201	49	0.0149374347564759
12201	50	-0.0683587158740195
12201	51	0.113775275968486
12201	52	0.0482799888781003
12201	53	-0.056658804400513
12201	54	-0.115030244436426
12201	55	-0.0494174613646337
12201	56	-0.051055530917445
12201	57	0.0105108341350757
12201	58	-0.00139078924517833
12201	59	0.0176489401088347
12201	60	0.0622365206739346
12201	61	-0.0944571207794382
12201	62	-0.095596695240701
12201	63	0.0290713412070076
12201	64	0.00130862489184835
12201	65	-0.138427201424719
12201	66	0.00432686013932226
12201	67	0.0496214160649657
12201	68	-0.0114409664122306
12201	69	0.240171464640092
12201	70	0.0234837594498458
12201	71	-0.128680109557536
12201	72	-0.0116059509403073
12201	73	-0.235656718310651
12201	74	0.0406428065604771
12202	1	-0.195993949921434
12202	2	-0.137049683790448
12202	3	-0.0280634525815877
12202	4	-0.084020909508034
12202	5	-0.0358715950099651
12202	6	-0.170505147768317
12202	7	-0.0910893769441188
12202	8	-0.163138381029739
12202	9	-0.0462239418853017
12202	10	-0.111072281673444
12202	11	-0.0293017725114808
12202	12	-0.220206695211694
12202	13	-0.164370965309985
12202	14	-0.127462864058415
12202	15	-0.0890385483756617
12202	16	-0.143549210440028
12202	17	-0.318492977174984
12202	18	-0.230745132053244
12202	19	-0.127534639340752
12202	20	-0.174380580565192
12202	21	-0.211948019779861
12202	22	-0.0713059908845395
12202	23	-0.155278640515078
12202	24	-0.0469334857498751
12202	25	-0.0371950582310347
12202	26	0.00167687331590116
12202	27	-0.195328663877227
12202	28	-0.16376183704179
12202	29	-0.169477480193159
12202	30	-0.180557769015586
12202	31	-0.112035419396697
12202	32	-0.160393451605771
12202	33	-0.1031162983234
12202	34	-0.00448941284806637
12202	35	-0.118262753053862
12202	36	0.00225806769435621
12202	37	0.0250822693726889
12202	38	0.129028928246385
12202	39	-0.0487837035144594
12202	40	-0.0364141127302702
12202	41	0.105702076269701
12202	42	0.0355738531738297
12202	43	-0.0151910241521591
12202	44	0.0409689267887359
12202	45	0.0350697651072949
12202	46	0.00386588863163695
12202	47	0.0420528843535166
12202	48	-0.0737965556863571
12202	49	0.0546617530283839
12202	50	-0.0326351671457985
12202	51	0.269137606908536
12202	52	0.115037099135797
12202	53	-0.0272011876587115
12202	54	0.0530406633389404
12202	55	0.0725524920401597
12202	56	-0.0185188123198614
12202	57	0.0201253206863612
12202	58	-0.208317227322269
12202	59	-0.0137228139985055
12202	60	0.0854359950929222
12202	61	0.134535979293801
12202	62	0.136644765730622
12202	63	-0.149281782749497
12202	64	-0.0141051178570635
12202	65	-0.0241621116214716
12202	66	0.211205745634537
12202	67	0.01885199982231
12202	68	0.0820333717183885
12202	69	0.0714482554217426
12202	70	0.0244515373332348
12202	71	-0.0426801055744903
12202	72	0.128314720645108
12202	73	0.0697394398022695
12202	74	0.169947955083572
12203	1	0.222226433431693
12203	2	-0.209726004519869
12203	3	-0.205616607391377
12203	4	-0.0483352284241221
12203	5	-0.144438043310927
12203	6	-0.112409909673076
12203	7	-0.193231659440386
12203	8	-0.111212421050681
12203	9	-0.133959834311462
12203	10	-0.00202989829477929
12203	11	-0.0212187935435466
12203	12	-0.132264568508504
12203	13	-0.130016165733949
12203	14	-0.206711992511082
12203	15	-0.194849885514429
12203	16	-0.0635733455969074
12203	17	-0.133159107504831
12203	18	-0.12631409602929
12203	19	-0.242460893028067
12203	20	0.0357328163623691
12203	21	-0.0201354567283616
12203	22	-0.34419429235691
12203	23	-0.229823201165836
12203	24	-0.0121326327189379
12203	25	-0.117902767434316
12203	26	-0.0228924609879471
12203	27	-0.118318741646064
12203	28	-0.150829479330667
12203	29	-0.164089082946354
12203	30	-0.0759507634351309
12203	31	-0.338393053895921
12203	32	-0.18103731118768
12203	33	-0.166031544335993
12203	34	-0.106345393642101
12203	35	-0.0452502002183053
12203	36	0.028809334237728
12203	37	-0.0809011601961913
12203	38	0.0982964669009903
12203	39	-0.121845540228719
12203	40	-0.00870059357927033
12203	41	0.0723798576221668
12203	42	-0.038996589077037
12203	43	0.00931259682072039
12203	44	-0.0719157549726006
12203	45	0.0328391488707638
12203	46	-0.0177218584393017
12203	47	0.0821618970498292
12203	48	-0.0263738222832828
12203	49	-0.107028428478337
12203	50	-0.0527651396934132
12203	51	0.0501590146531825
12203	52	-0.0726131519801214
12203	53	-0.0858681517626181
12203	54	0.184336551562239
12203	55	0.0218813364614974
12203	56	-0.100705808989026
12203	57	0.0750712080816385
12203	58	-0.109998288612033
12203	59	0.0641807659639682
12203	60	0.0834483982533953
12203	61	-0.0601148101294982
12203	62	0.0517463356235837
12203	63	-0.0480444998997314
12203	64	-0.0270481005859864
12203	65	-0.100049188064837
12203	66	0.0492998416578487
12203	67	0.0215998845900813
12203	68	-0.0881360531740327
12203	69	0.123780313504561
12203	70	-0.0330005678553604
12203	71	-0.0697660044936725
12203	72	0.0462940654827193
12203	73	0.074392262283574
12203	74	0.140485883184446
12204	1	0.015696150394259
12204	2	-0.255519286857208
12204	3	-0.263963808150187
12204	4	-0.173941389238941
12204	5	-0.170462517515581
12204	6	-0.212942173617662
12204	7	-0.0934211683754356
12204	8	-0.120147538275859
12204	9	-0.146859088728981
12204	10	-0.0915804517550782
12204	11	-0.151583519200813
12204	12	-0.127419282519064
12204	13	-0.148196118566418
12204	14	-0.237042068424344
12204	15	-0.258398677451432
12204	16	-0.279573139117986
12204	17	-0.119946263225422
12204	18	-0.172012527112109
12204	19	-0.203850109021154
12204	20	-0.254058801238671
12204	21	-0.224441187486299
12204	22	-0.269502607327603
12204	23	-0.146900104885361
12204	24	-0.143061949176918
12204	25	-0.219862575021772
12204	26	-0.01937264062461
12204	27	-0.185919037169022
12204	28	-0.182055286614855
12204	29	-0.150358105623546
12204	30	-0.062135775001174
12204	31	-0.0659672169303889
12204	32	-0.303961310813435
12204	33	-0.14044403114876
12204	34	-0.0366773407705949
12204	35	-0.271225377580471
12204	36	-0.18068627545901
12204	37	0.0230849442613135
12204	38	0.00913047915815923
12204	39	0.0390938037481305
12204	40	0.0511475728964328
12204	41	-0.153159537515805
12204	42	-0.254937228204113
12204	43	-0.133462936985389
12204	44	-0.0189171060131272
12204	45	0.0377756327689838
12204	46	-0.0551346373265318
12204	47	-0.156625380168215
12204	48	-0.0794788777759052
12204	49	-0.104685066418824
12204	50	-0.0878988102136447
12204	51	-0.0540898468099513
12204	52	-0.0627163526966328
12204	53	-0.0149652554471302
12204	54	-0.0258739292641437
12204	55	-0.0634371648987653
12204	56	-0.109272943898183
12204	57	-0.101549329756764
12204	58	0.0329270952097431
12204	59	-0.192802533685011
12204	60	-0.0939367784628828
12204	61	-0.129166644532674
12204	62	-0.0171741157806125
12204	63	0.0482348603439036
12204	64	0.143196849234528
12204	65	-0.0859227067344719
12204	66	-0.0447420344915201
12204	67	0.0429010466563398
12204	68	0.0243676572363967
12204	69	-0.206912796136237
12204	70	-0.183068627354913
12204	71	-0.137475054200841
12204	72	0.0385264017396167
12204	73	0.0213777763893148
12204	74	-0.0568398406968242
12205	1	1.1589902665842
12205	2	-0.167184861266836
12205	3	-0.0761556853119281
12205	4	-0.14092408347177
12205	5	-0.115873449384051
12205	6	-0.158037679244714
12205	7	-0.171888931894337
12205	8	-0.0683473604632354
12205	9	-0.17865023051543
12205	10	-0.160073583998233
12205	11	-0.131385065879854
12205	12	-0.0337984046675075
12205	13	-0.202450643714627
12205	14	-0.149541105856002
12205	15	-0.157259265783971
12205	16	-0.181651802087671
12205	17	-0.154467194980811
12205	18	-0.205384434979102
12205	19	-0.0365695974894464
12205	20	-0.0925371408930928
12205	21	-0.155056568870684
12205	22	-0.153346591019677
12205	23	-0.0475917270674557
12205	24	-0.203144253482066
12205	25	-0.154938753892012
12205	26	-0.0651402747420136
12205	27	-0.253293840010791
12205	28	-0.140108443004344
12205	29	-0.222940470509911
12205	30	-0.144340457687491
12205	31	-0.195767336585043
12205	32	-0.141682923663332
12205	33	-0.16626199883985
12205	34	-0.120654226206383
12205	35	-0.13112241103908
12205	36	-0.131466437426461
12205	37	-0.098857948794894
12205	38	-0.158379855424023
12205	39	-0.24320237769615
12205	40	-0.05775008752709
12205	41	-0.113170797614288
12205	42	-0.0560698698696669
12205	43	-0.186683132072751
12205	44	-0.0322196363732772
12205	45	-0.0770952647514491
12205	46	-0.0915508595945056
12205	47	-0.0908941703563713
12205	48	-0.0691495037093759
12205	49	-0.134196004148237
12205	50	-0.0457636483769903
12205	51	-0.112769344507157
12205	52	-0.0312827183885673
12205	53	-0.190662555252985
12205	54	-0.165233983922676
12205	55	-0.12611301717277
12205	56	-0.194500063765823
12205	57	-0.116689535406202
12205	58	-0.187653225511674
12205	59	-0.0728596198106004
12205	60	-0.123612285506823
12205	61	-0.0896356030738232
12205	62	-0.050340202706586
12205	63	-0.159809244373143
12205	64	-0.199814824949833
12205	65	-0.160416898113539
12205	66	-0.104921356807104
12205	67	-0.0971259364312473
12205	68	-0.262161472509291
12205	69	-0.0254159816390995
12205	70	-0.0284498757184721
12205	71	-0.0809095923636036
12205	72	0.0505416557948308
12205	73	-0.0732205953316765
12205	74	-0.0193767910601679
12206	1	0.0706423432989816
12206	2	-0.0429568986925659
12206	3	-0.0273469440355072
12206	4	0.102520658497482
12206	5	-0.0138553131612014
12206	6	-0.114857105594417
12206	7	-0.0413405096424455
12206	8	-0.00654671260267037
12206	9	0.0367042370006345
12206	10	-0.0898487047324608
12206	11	0.001063528611283
12206	12	-0.0706673941793099
12206	13	0.0302011737268302
12206	14	-0.0272289149533762
12206	15	0.0035547448731279
12206	16	0.11386653477615
12206	17	0.0683010372592392
12206	18	0.0144728893847343
12206	19	0.0726353048204516
12206	20	0.00171893293418179
12206	21	0.0200007993867288
12206	22	0.0609869205416587
12206	23	0.0793013178449229
12206	24	0.053630472425148
12206	25	-0.0226972553137088
12206	26	-0.100292250867355
12206	27	0.0439670610339391
12206	28	-0.0744991130376178
12206	29	-0.166280911446698
12206	30	0.0707622672643922
12206	31	-0.0204100826876044
12206	32	-0.0305490708509737
12206	33	-0.022373641287956
12206	34	-0.0621353761750214
12206	35	0.0535358699465078
12206	36	-0.024135867336085
12206	37	-0.0733171948657514
12206	38	0.0154689407051123
12206	39	0.0138297230160305
12206	40	-0.0418637796069916
12206	41	-0.0353383092127402
12206	42	-0.116739655125585
12206	43	-0.12309688834906
12206	44	0.114201335643344
12206	45	0.00638055467855736
12206	46	-0.0264427637411018
12206	47	0.00803366597317279
12206	48	-0.120374139602028
12206	49	-0.114852050714667
12206	50	-0.0520586766824849
12206	51	-0.148981008674035
12206	52	0.00195139585419923
12206	53	0.0222208775881754
12206	54	-0.170649190744022
12206	55	-0.171719404144987
12206	56	-0.00725479187708089
12206	57	-0.11730097669561
12206	58	0.0844969087764724
12206	59	-0.0620680304475769
12206	60	-0.0569897556951986
12206	61	-0.0584576704942705
12206	62	-0.116417144632585
12206	63	0.0333346154352796
12206	64	-0.00201024781932801
12206	65	-0.0993318339382867
12206	66	0.00437125682766748
12206	67	0.0313042092158895
12206	68	0.169960412191408
12206	69	-0.0877398415931552
12206	70	-0.0397005728157183
12206	71	-0.0366192304789408
12206	72	0.0524863290707813
12206	73	0.0747936328483476
12206	74	-0.0939894011624958
12207	1	-0.21645705793318
12207	2	0.042852450391841
12207	3	0.0349387203427654
12207	4	0.0424059494090976
12207	5	-0.101408846344881
12207	6	0.0854535498246278
12207	7	-0.112742820776553
12207	8	0.0466512888766673
12207	9	0.0585943915322531
12207	10	0.132031350535243
12207	11	-0.00983388631208015
12207	12	0.0492836501541376
12207	13	0.00978442966253112
12207	14	-0.0668568034523531
12207	15	0.0327490889761748
12207	16	-0.0341576292585657
12207	17	-0.0428474165099644
12207	18	0.0969972725374078
12207	19	-0.0275464304031274
12207	20	-0.0884279469471849
12207	21	-0.0859001592962017
12207	22	-0.00785463463162728
12207	23	-0.0198484632561104
12207	24	-0.023752818600336
12207	25	-0.0639916511754848
12207	26	-0.00301147767594756
12207	27	-0.0520377783684438
12207	28	0.0272758325951017
12207	29	-0.0262946794228114
12207	30	0.0242684251102148
12207	31	0.0220401893870843
12207	32	0.101104237907485
12207	33	-0.0699820093525361
12207	34	-0.0120637667259231
12207	35	0.0068937592621765
12207	36	-0.053137597902186
12207	37	-0.0727491484888176
12207	38	-0.122650889688337
12207	39	-0.0889254555529888
12207	40	0.055696440480439
12207	41	0.0425201096094909
12207	42	0.0395919041403729
12207	43	0.0662236186120211
12207	44	-0.0244171808053579
12207	45	0.00395601824158831
12207	46	-0.115061093193823
12207	47	-0.114955058703565
12207	48	-0.0405258853840138
12207	49	0.00504699921734897
12207	50	-0.0131521885920236
12207	51	-0.047672964725038
12207	52	0.0876060761303492
12207	53	-0.0904619873846784
12207	54	0.0470898786270908
12207	55	-0.122863325877816
12207	56	-0.134367294421295
12207	57	0.0533961961676326
12207	58	-0.0444287597870172
12207	59	0.0220344071643552
12207	60	0.0383906654222201
12207	61	-0.0270996885320116
12207	62	-0.0345369857459161
12207	63	-0.0209607109950269
12207	64	0.0264519030188524
12207	65	-0.0460584958552914
12207	66	0.0637863343865206
12207	67	-0.0246865041887858
12207	68	-0.00778991845238153
12207	69	-0.0400192569245377
12207	70	-0.00945098660672272
12207	71	-0.157392425934191
12207	72	0.151106080719721
12207	73	-0.0137980013822343
12207	74	-0.154229803123016
12208	1	0.114885582732292
12208	2	0.0327939134725028
12208	3	-0.15756701353676
12208	4	-0.207601182281856
12208	5	-0.109691592217057
12208	6	-0.0783043378255712
12208	7	-0.221378442717054
12208	8	-0.10758864402839
12208	9	-0.109221428269883
12208	10	-0.110926817818303
12208	11	-0.192215471715507
12208	12	-0.270822298246649
12208	13	-0.0596311710540647
12208	14	-0.150067947147363
12208	15	-0.216470704033625
12208	16	-0.140983228035338
12208	17	-0.137041364271752
12208	18	-0.0493749789088938
12208	19	-0.165779996134496
12208	20	-0.159054508787506
12208	21	-0.121870982122175
12208	22	-0.07654850822383
12208	23	-0.0727599047705354
12208	24	-0.0336730007151971
12208	25	-0.124583923845705
12208	26	-0.200081493765047
12208	27	-0.156716738168527
12208	28	-0.182695412426973
12208	29	-0.16809266429221
12208	30	-0.305790511183815
12208	31	-0.146795462221256
12208	32	-0.0590749672227702
12208	33	-0.132785106218016
12208	34	0.0298691497362995
12208	35	-0.137417433498868
12208	36	-0.0347764941763202
12208	37	-0.06125002746343
12208	38	-0.00883990518559585
12208	39	-0.0224685379675975
12208	40	-0.0188424109514429
12208	41	-0.0245814611788759
12208	42	0.0307872099553919
12208	43	-0.0955215802904945
12208	44	0.106346822794031
12208	45	0.000785407209470179
12208	46	0.0005711342412269
12208	47	0.00258971621187243
12208	48	0.115255491343795
12208	49	0.00507611965083754
12208	50	0.16754741779085
12208	51	-0.0025808340320097
12208	52	-0.037528449767585
12208	53	-0.0428807691794475
12208	54	0.0544965386919358
12208	55	-0.0656892272921681
12208	56	-0.00722117292154678
12208	57	0.139651138255758
12208	58	-0.0493270419568788
12208	59	-0.134953572834085
12208	60	0.0503119274150094
12208	61	0.0619422872263158
12208	62	0.0772344062153678
12208	63	0.0952833028070401
12208	64	0.0339860878280263
12208	65	-0.0883114420851143
12208	66	-0.0788140082850433
12208	67	-0.0647868651360497
12208	68	-0.10088793365216
12208	69	-0.0970579333038515
12208	70	0.00566866531496402
12208	71	0.16591058585874
12208	72	0.0789975296379382
12208	73	0.0410632643671391
12208	74	0.16509694465983
12209	1	0.769058700623816
12209	2	-0.277232639292784
12209	3	-0.266369985456866
12209	4	-0.238585449583219
12209	5	-0.248146298533314
12209	6	-0.199281075317245
12209	7	-0.18949025430566
12209	8	-0.315679802878265
12209	9	-0.222545725478831
12209	10	-0.20728470231748
12209	11	-0.222228748098146
12209	12	-0.27026311859904
12209	13	-0.317255301792301
12209	14	-0.167017559333061
12209	15	-0.302537407670265
12209	16	-0.326031740540749
12209	17	-0.185270641949757
12209	18	-0.272157997627062
12209	19	-0.274653609628253
12209	20	-0.210724454422596
12209	21	-0.241083135436085
12209	22	-0.305749591712114
12209	23	-0.212198433901854
12209	24	-0.196197169658092
12209	25	-0.163367073793161
12209	26	-0.243569319602614
12209	27	-0.228084041544186
12209	28	-0.235492183763114
12209	29	-0.308336295703
12209	30	-0.208621439175971
12209	31	-0.191698368420887
12209	32	-0.233936012337068
12209	33	-0.0477944298474355
12209	34	-0.269976682305021
12209	35	-0.322441208224745
12209	36	0.210017552206509
12209	37	0.166088125948022
12209	38	0.0948732170615543
12209	39	-0.0326890426907198
12209	40	0.0906212861038753
12209	41	0.204173906005813
12209	42	0.170289966264434
12209	43	0.073598616944885
12209	44	0.204773926037888
12209	45	0.101159101771643
12209	46	-0.087098330286878
12209	47	-0.0393698948576855
12209	48	0.120267689170369
12209	49	-0.0929661291848234
12209	50	0.157818782378946
12209	51	0.0181428510907722
12209	52	0.194338976483579
12209	53	0.0393777430279556
12209	54	0.141687337896656
12209	55	0.172487786560879
12209	56	0.153684170020007
12209	57	0.0853503378904747
12209	58	0.126426407848832
12209	59	0.10156833318878
12209	60	0.134702082003635
12209	61	0.0492782997549668
12209	62	-0.0647683103750509
12209	63	0.0204162201362195
12209	64	0.0577044917426193
12209	65	0.109018539580738
12209	66	0.108373448534415
12209	67	-0.00871494091791192
12209	68	0.0497597408809085
12209	69	0.0680833621695029
12209	70	0.172048620438375
12209	71	0.1076489079596
12209	72	0.203269126309792
12209	73	0.0148123270663731
12209	74	0.177183374775232
12210	1	0.227503403702961
12210	2	-0.114399406058503
12210	3	0.00681645879560477
12210	4	-0.149745696920661
12210	5	0.0854988373405021
12210	6	-0.0091794196549273
12210	7	0.0626782710159048
12210	8	0.117163339834597
12210	9	0.0808213358859291
12210	10	0.123672364686442
12210	11	0.0232532042721658
12210	12	-0.0125870714396186
12210	13	-0.00136640584445047
12210	14	0.116710264688216
12210	15	0.0894403028799573
12210	16	0.18378126307919
12210	17	0.0255014131896445
12210	18	0.00343422962158257
12210	19	0.10247141026602
12210	20	0.0437497766758739
12210	21	0.0666480262390508
12210	22	0.0259953869068568
12210	23	0.101229269804087
12210	24	0.103932446059794
12210	25	0.200342097091969
12210	26	0.0438502272859864
12210	27	0.120095083579187
12210	28	0.0532975302898109
12210	29	0.100133328437614
12210	30	0.035051918735661
12210	31	0.0325444210089145
12210	32	0.0928299936321935
12210	33	0.130657661131139
12210	34	-0.0278319908185978
12210	35	-0.00618815695023045
12210	36	-0.0674619627066306
12210	37	0.00361507377375148
12210	38	-0.0624258525724457
12210	39	0.203746193726076
12210	40	0.0357134346891996
12210	41	0.0447750235379516
12210	42	-0.0243113152088483
12210	43	-0.0681245411080411
12210	44	0.0105670596362586
12210	45	0.13488766988236
12210	46	0.0331708064263765
12210	47	-0.0219224584873459
12210	48	0.0262501747913646
12210	49	0.128174491332409
12210	50	-0.00696119494252656
12210	51	0.00755867414363109
12210	52	0.0415199685555905
12210	53	-0.0987767463346501
12210	54	0.0206113346208738
12210	55	0.0337928021176808
12210	56	-0.0419705103361565
12210	57	-0.045440783712813
12210	58	-0.0581182519648706
12210	59	-0.0713511848887904
12210	60	-0.0617971916493971
12210	61	0.189968351799351
12210	62	-0.0380964268887851
12210	63	0.066794352831117
12210	64	-0.0427073695312572
12210	65	0.0530692013966316
12210	66	0.0976599769766295
12210	67	-0.0580801584293482
12210	68	0.0196910710751155
12210	69	0.0294883279926808
12210	70	-0.0311587929410706
12210	71	-0.0462601803488951
12210	72	0.12555977327137
12210	73	0.275312882987656
12210	74	0.0314973620610175
12211	1	-0.0234312233951819
12211	2	-0.045867110006462
12211	3	-0.0226779746430736
12211	4	-0.107228556180512
12211	5	-0.0891363119330357
12211	6	-0.0297303413813026
12211	7	-0.144997322366763
12211	8	-0.0279853460813868
12211	9	-0.0971920470960583
12211	10	-0.115312138909211
12211	11	-0.0855188156098095
12211	12	-0.0222311397742843
12211	13	-0.0108957860625694
12211	14	-0.159660538608151
12211	15	-0.0106812070856819
12211	16	-0.138719559257567
12211	17	-0.0648559368799582
12211	18	-0.240488076946917
12211	19	-0.162393837951349
12211	20	-0.0992984551481157
12211	21	-0.133175956545571
12211	22	0.026694187409646
12211	23	0.0804476209834206
12211	24	-0.134697456468814
12211	25	-0.0364230766254039
12211	26	-0.0939919205292981
12211	27	-0.0222873087554873
12211	28	-0.0800280130772251
12211	29	-0.0749896168180584
12211	30	-0.0149368353447841
12211	31	-0.0954417083482042
12211	32	-0.0728783946080185
12211	33	-0.0174310391174828
12211	34	-0.00766917151722168
12211	35	-0.043894475671074
12211	36	-0.0979430276011541
12211	37	-0.213000106872229
12211	38	-0.196180698322415
12211	39	-0.0847021079891732
12211	40	-0.0123447609424119
12211	41	-0.0669512236658747
12211	42	0.0729021848418299
12211	43	-0.0109700319462434
12211	44	0.0198141593067405
12211	45	-0.0459199909471195
12211	46	-0.0346201291485713
12211	47	-0.0778780357134252
12211	48	-0.121066261213187
12211	49	-0.0905297624887069
12211	50	0.0452716271206981
12211	51	-0.0121855879124055
12211	52	-0.116182443162359
12211	53	-0.110285861047153
12211	54	-0.0928751145185132
12211	55	-0.156801680918662
12211	56	-0.185394581587012
12211	57	-0.181237040631672
12211	58	-0.223186540778897
12211	59	-0.0388060438692293
12211	60	-0.173700781816272
12211	61	-0.00126345347558043
12211	62	-0.132430353435161
12211	63	0.0210753112538029
12211	64	-0.0341943133120353
12211	65	-0.0343640631670539
12211	66	-0.0447916349105455
12211	67	-0.0177531292725277
12211	68	0.0181731442509303
12211	69	-0.0287097036054149
12211	70	0.00717557424761139
12211	71	0.0117718906430753
12211	72	0.0391134472726407
12211	73	-0.0220583380596509
12211	74	0.0668363020010574
12212	1	0.456028983838692
12212	2	-0.276939675016742
12212	3	-0.0793245522836656
12212	4	-0.113816961019008
12212	5	-0.175674813320978
12212	6	-0.0845999616404143
12212	7	-0.165762291260684
12212	8	-0.0621724699301964
12212	9	-0.147499985811677
12212	10	-0.078837750552502
12212	11	-0.123529927430063
12212	12	-0.229150733108959
12212	13	-0.212297735397115
12212	14	-0.10380760320939
12212	15	-0.206787787505746
12212	16	-0.1566928967463
12212	17	-0.209580916703899
12212	18	-0.180594404285593
12212	19	-0.187297074381583
12212	20	-0.142937450569718
12212	21	-0.0921282824768284
12212	22	-0.194977481482532
12212	23	-0.120583133102421
12212	24	-0.322194848984516
12212	25	-0.181058124143092
12212	26	-0.166853804123463
12212	27	-0.0927606676566697
12212	28	-0.103128459036469
12212	29	-0.088804379475512
12212	30	-0.0824232260035416
12212	31	-0.0812969176114251
12212	32	-0.137506291747563
12212	33	-0.145373904612185
12212	34	-0.126199674870136
12212	35	-0.0936610246659484
12212	36	0.107232125627981
12212	37	0.128413080686769
12212	38	0.0463253664447407
12212	39	0.0325033000878321
12212	40	-0.00386470045107501
12212	41	0.0324129976931786
12212	42	-0.0564691877360985
12212	43	-0.0760482751157951
12212	44	0.0551712426421034
12212	45	0.112915378700336
12212	46	-0.011485233294465
12212	47	-0.0375889172146415
12212	48	0.00971515103162091
12212	49	0.031487156992597
12212	50	0.0152072288458953
12212	51	0.0602313128453957
12212	52	-0.061995332449456
12212	53	0.193923702491468
12212	54	0.00180194918356591
12212	55	-0.056719741984729
12212	56	0.131666176146389
12212	57	0.0669627474314467
12212	58	0.0874556487023455
12212	59	0.0256712819117908
12212	60	-0.011302417503785
12212	61	0.209304062612382
12212	62	0.0244294564650644
12212	63	0.130695400267463
12212	64	0.11326205575876
12212	65	0.130455419374279
12212	66	0.17179167592289
12212	67	-0.0233907779733755
12212	68	-0.0270204724221799
12212	69	0.0058190624478911
12212	70	0.150742556940578
12212	71	-0.0196587843480884
12212	72	0.0549616905886978
12212	73	0.123712148755999
12212	74	0.276166596028943
12301	1	0.962969545212271
12301	2	0.192189516725346
12301	3	0.169693754750089
12301	4	0.234887014719039
12301	5	0.213147471030378
12301	6	0.162625551319834
12301	7	0.164266614582083
12301	8	0.165666383945243
12301	9	0.159168892230937
12301	10	0.142126883227846
12301	11	0.214609989485382
12301	12	0.14571697922262
12301	13	0.154366561938176
12301	14	0.211221855477369
12301	15	0.148570060509542
12301	16	0.217669358225344
12301	17	0.0848274612518409
12301	18	0.139908209876694
12301	19	0.203316424489032
12301	20	0.202224374763169
12301	21	0.172166683483781
12301	22	0.268720412971653
12301	23	0.259894366147286
12301	24	0.080465120372132
12301	25	0.195034532509197
12301	26	0.168948372502292
12301	27	0.18400724843741
12301	28	0.120177863919189
12301	29	0.107591077726461
12301	30	0.11401408938606
12301	31	0.231868667060581
12301	32	0.23455297312789
12301	33	0.0801279987506831
12301	34	0.187684606985528
12301	35	0.126193972253922
12301	36	0.0398770668936095
12301	37	0.202888892231549
12301	38	0.00374294886232462
12301	39	-0.0398410222564891
12301	40	0.0973534061549657
12301	41	0.138442743809136
12301	42	0.105393733825096
12301	43	0.0605446578133453
12301	44	-0.0626310858730506
12301	45	-0.111973675274179
12301	46	0.0467702634236176
12301	47	0.0213200081247038
12301	48	0.0681603176954084
12301	49	0.0337288841900261
12301	50	-0.00703396112992039
12301	51	0.206246682554294
12301	52	-0.160330916958543
12301	53	-9.85565344251427e-05
12301	54	0.0382749656065684
12301	55	0.079455753235969
12301	56	0.0611835260932594
12301	57	-0.110375503750717
12301	58	0.0114432923004557
12301	59	0.0971643610047508
12301	60	-0.0161674228379241
12301	61	0.0249782153054383
12301	62	0.0140794286285697
12301	63	0.00519919228339205
12301	64	0.198708065148431
12301	65	0.109587819785915
12301	66	-0.128727750258449
12301	67	0.0273578256001912
12301	68	0.0383527633615302
12301	69	0.0128863672698714
12301	70	0.033955620937185
12301	71	0.136529290199952
12301	72	0.0654419340213934
12301	73	0.138380459932648
12301	74	0.118371829783726
12302	1	2.2880612735324
12302	2	-0.0169882366279985
12302	3	0.00785109547636864
12302	4	-0.0748091198413476
12302	5	0.0370080439837821
12302	6	-0.10550165986583
12302	7	0.0977880524884398
12302	8	0.0757876676495925
12302	9	-0.0106047807842629
12302	10	-0.125575725629474
12302	11	0.0817562134501273
12302	12	-0.0123154688162259
12302	13	0.039035219013698
12302	14	-0.03296740834476
12302	15	-0.0731366057196681
12302	16	-0.199570097802479
12302	17	-0.0832122594347382
12302	18	-0.0558796694082915
12302	19	0.0410595523837358
12302	20	-0.0426071240037587
12302	21	-0.0140089974383741
12302	22	-0.0356439958933237
12302	23	0.00701702235884483
12302	24	-0.155846717639207
12302	25	-0.082234615606751
12302	26	0.0222082138164055
12302	27	-0.00959118110813506
12302	28	-0.0408369165069971
12302	29	-0.0802116530707409
12302	30	-0.0406458733211181
12302	31	-0.0067130025862312
12302	32	-0.0347132549926528
12302	33	-0.190684623941067
12302	34	0.0358306286284886
12302	35	-0.153950058980186
12302	36	0.0252655563944444
12302	37	-0.062628010683305
12302	38	0.104759357619074
12302	39	0.104930378850966
12302	40	0.11460113167383
12302	41	0.167194453054627
12302	42	0.0501237576529974
12302	43	0.151385555827233
12302	44	0.0159138291919305
12302	45	0.00614405138556862
12302	46	-0.00516926341081358
12302	47	-0.0613172839428842
12302	48	0.0682587898116438
12302	49	-0.0384378931719098
12302	50	0.0400101646488835
12302	51	-0.104908267584854
12302	52	-0.0468195403504978
12302	53	0.0250678516398182
12302	54	0.111676950581554
12302	55	0.0752620804672972
12302	56	0.029054531975639
12302	57	-0.0655111784435434
12302	58	0.093622472275392
12302	59	0.0226688354739579
12302	60	-0.0137462284008691
12302	61	0.0602470014571566
12302	62	0.0569083487716497
12302	63	0.0381142476785925
12302	64	-0.0199621213831236
12302	65	-0.150983403284918
12302	66	0.0749456309158134
12302	67	-0.0611704727183948
12302	68	0.0490285228477703
12302	69	-0.0491315829170844
12302	70	0.130367868839791
12302	71	-0.159839976868952
12302	72	-0.184675886005401
12302	73	-0.0227061767730419
12302	74	0.172325773329398
12303	1	0.272964385791518
12303	2	0.117307875976081
12303	3	-0.0119838857104639
12303	4	0.0198228427526033
12303	5	0.0533213141037869
12303	6	0.077955714149013
12303	7	-0.0336415477284788
12303	8	0.0964238831499458
12303	9	-0.0910531232580212
12303	10	-0.0465979111304762
12303	11	0.0786977477571682
12303	12	0.0225164274586618
12303	13	0.041261499557308
12303	14	0.0417338143730959
12303	15	0.0191275452785575
12303	16	0.143886968157098
12303	17	-0.0671051829111988
12303	18	0.016955203377961
12303	19	-0.0292810898998681
12303	20	0.0139510965527663
12303	21	0.0291845650202731
12303	22	0.03440719068616
12303	23	0.00482503476010265
12303	24	0.00638332350360571
12303	25	0.0743405770513021
12303	26	0.0930123920920565
12303	27	-0.0426912836672884
12303	28	-0.0699096323716404
12303	29	-0.0030830420309087
12303	30	-0.0731198390182897
12303	31	0.0599292327790408
12303	32	-0.0550733832250145
12303	33	0.0624814431318583
12303	34	0.0312581875433295
12303	35	-0.0336948729714734
12303	36	0.0515628906483983
12303	37	-0.0178965483814792
12303	38	-0.00918808562043694
12303	39	-0.0572739724480655
12303	40	0.0387566628599458
12303	41	0.0988354641156448
12303	42	0.057429174438127
12303	43	0.0748885275451414
12303	44	0.0951442964082574
12303	45	-0.0566059046140523
12303	46	0.05375966837871
12303	47	0.0191582768556131
12303	48	-0.093581436028451
12303	49	0.0560160981518294
12303	50	0.0211525419152423
12303	51	0.0943193843559129
12303	52	0.0371626053461043
12303	53	0.0497759832448352
12303	54	0.0147350287357852
12303	55	-0.0149489634136017
12303	56	-0.00270176457828342
12303	57	0.0158857290717478
12303	58	-0.0224873512031749
12303	59	0.147536381727271
12303	60	0.0638384686426647
12303	61	-0.118939616954343
12303	62	-0.0801515234613035
12303	63	-0.134098463609291
12303	64	0.119832733730725
12303	65	-0.106710577093082
12303	66	0.000428741539543864
12303	67	0.0685308456383069
12303	68	0.0365066025706895
12303	69	-0.0639113166861591
12303	70	0.0574792195211913
12303	71	0.0194740393499515
12303	72	0.0509444705049944
12303	73	0.0827896348473516
12303	74	0.265731697822943
12304	1	1.0758844984276
12304	2	0.139560960467254
12304	3	0.083663056203747
12304	4	0.125320402774456
12304	5	0.0107925251835681
12304	6	0.121447997126005
12304	7	0.123196337341597
12304	8	0.0371629516245378
12304	9	0.0880388541421979
12304	10	0.0978233978104655
12304	11	0.119475920383856
12304	12	0.0778155439870218
12304	13	-0.00048419848204162
12304	14	0.079820049106857
12304	15	-0.107840008353591
12304	16	0.051446969850268
12304	17	0.0075192458960629
12304	18	0.125145709131715
12304	19	0.0177416529943599
12304	20	0.0589400204024741
12304	21	-0.032018472203255
12304	22	-0.0277825208904829
12304	23	-0.00272367913658655
12304	24	0.0592968851863773
12304	25	0.0663615159137763
12304	26	0.0826971602185438
12304	27	0.043848825300266
12304	28	0.0567202952050536
12304	29	0.0987510233294628
12304	30	0.0101518481646181
12304	31	0.0950352876740084
12304	32	0.0744762538521755
12304	33	0.174470493969274
12304	34	-0.0508776651186764
12304	35	0.0742930571490064
12304	36	0.0168040445812423
12304	37	-0.0626666040141401
12304	38	0.0720679195039367
12304	39	0.0107176767221944
12304	40	0.00235789887764071
12304	41	-0.0545819706138388
12304	42	-0.176303314322652
12304	43	-0.130681855478002
12304	44	-0.0979843585624991
12304	45	-0.0742147085712048
12304	46	0.00396003457954208
12304	47	-0.159261535724561
12304	48	-0.110127334336113
12304	49	-0.0984339654421333
12304	50	-0.179489257368118
12304	51	-0.0270771772999865
12304	52	0.0560601771921156
12304	53	-0.0514171298813437
12304	54	-0.180015671649187
12304	55	-0.150777149894132
12304	56	0.0875469857801576
12304	57	0.0565801383164128
12304	58	-0.0144183731309511
12304	59	-0.0174116466631702
12304	60	-0.0300116748288133
12304	61	-0.0929563870320607
12304	62	-0.203542340242862
12304	63	-0.218067541898002
12304	64	-0.164242865619485
12304	65	-0.10698521337185
12304	66	-0.112511704553775
12304	67	0.0912315171653759
12304	68	-0.104439637548403
12304	69	-0.0521892728518836
12304	70	-0.0552196666260016
12304	71	-0.0906784588464546
12304	72	-0.104479928097454
12304	73	-0.0809136666042605
12304	74	-0.0575575544298061
12305	1	2.10219705956423
12305	2	-0.119968576909113
12305	3	-0.0944142166849424
12305	4	-0.329283895550891
12305	5	-0.0827526496705033
12305	6	-0.162336916972343
12305	7	-0.253222480106807
12305	8	-0.205779683467426
12305	9	-0.348688381018967
12305	10	-0.287860746975163
12305	11	-0.224272859818335
12305	12	-0.192305433541698
12305	13	-0.188029010001458
12305	14	-0.152597033257123
12305	15	-0.27163643881066
12305	16	0.0383999391426215
12305	17	-0.163331101018102
12305	18	-0.334703462961251
12305	19	-0.135090024153151
12305	20	-0.0813340125858488
12305	21	-0.15660630894449
12305	22	-0.210262511804181
12305	23	-0.155848107757613
12305	24	-0.261314550111734
12305	25	-0.0849202659639232
12305	26	-0.214437954785097
12305	27	-0.373319676578191
12305	28	-0.121982981586406
12305	29	-0.113559095423447
12305	30	-0.14951231086679
12305	31	-0.0298530778981814
12305	32	-0.238729082765062
12305	33	-0.277462942416491
12305	34	-0.268578079549101
12305	35	-0.0865940546544692
12305	36	-0.0997983498011692
12305	37	-0.172024507233104
12305	38	-0.130336611161972
12305	39	-0.0307502154094266
12305	40	-0.137985657434569
12305	41	-0.312961703184591
12305	42	-0.0331332416793231
12305	43	-0.314102332536883
12305	44	-0.155562378955949
12305	45	-0.155967085080569
12305	46	-0.161220240847143
12305	47	-0.0160822236248137
12305	48	-0.174419561681269
12305	49	-0.0748295777606032
12305	50	-0.2226407378066
12305	51	-0.151236724179213
12305	52	-0.0712156356834299
12305	53	-0.20572426982163
12305	54	-0.169406790609301
12305	55	-0.108049278270407
12305	56	-0.16021456690175
12305	57	-0.0505186211201476
12305	58	-0.0757664693020317
12305	59	-0.2185458943204
12305	60	-0.12995940220069
12305	61	-0.279714984608731
12305	62	-0.215153116160074
12305	63	-0.238084050232978
12305	64	-0.0734454242938654
12305	65	-0.185956223515738
12305	66	-0.177372184414445
12305	67	-0.148298357738454
12305	68	-0.114574025650704
12305	69	-0.128610492802657
12305	70	-0.295866978528373
12305	71	0.174112638135242
12305	72	-0.255759950230029
12305	73	-0.128970691550442
12305	74	-0.161411451950023
12306	1	2.82747544986068
12306	2	0.0123704215806484
12306	3	0.0742983046809869
12306	4	0.0264549947251638
12306	5	0.00852595609703855
12306	6	-0.0419003803070694
12306	7	0.126944436772305
12306	8	0.126963420448959
12306	9	0.0175177423347961
12306	10	0.0116316706687769
12306	11	-0.0124719473386037
12306	12	-0.110123533203208
12306	13	-0.0317928925335451
12306	14	-0.165898562937521
12306	15	-0.00606428162076611
12306	16	-0.151124968015786
12306	17	-0.138027293500429
12306	18	0.0750638327405539
12306	19	-0.0575229707293161
12306	20	-0.127116390068792
12306	21	-0.103980109303201
12306	22	-0.00335064142393549
12306	23	0.0241557264922179
12306	24	-0.0868180793100848
12306	25	-0.195558994307923
12306	26	-0.195529395068895
12306	27	-0.0412234342177413
12306	28	-0.0310208583264782
12306	29	-0.144325139988311
12306	30	-0.0707368561024921
12306	31	-0.0871238600627322
12306	32	-0.124249380455865
12306	33	-0.0725148176052315
12306	34	-0.139343538367307
12306	35	-0.105613338420788
12306	36	0.0437725943773941
12306	37	-0.0408865715217246
12306	38	0.0608358133211837
12306	39	0.0756534582260429
12306	40	0.178457736415574
12306	41	0.025193341282673
12306	42	-0.0407734734128695
12306	43	-0.150343443927866
12306	44	-0.064547672788656
12306	45	0.109919644492585
12306	46	0.0339211049899859
12306	47	-0.0565976176299685
12306	48	0.0724642421590005
12306	49	0.0204222096490554
12306	50	0.0495826254299203
12306	51	0.137545124651467
12306	52	0.0841365179272344
12306	53	-0.0492498748283126
12306	54	-0.0561100127906187
12306	55	0.149917490998533
12306	56	0.0383906910124026
12306	57	-0.158083490536761
12306	58	0.0598498327302863
12306	59	-0.0537610208150952
12306	60	-0.134062713903759
12306	61	0.149401533793508
12306	62	0.0143603747912238
12306	63	-0.00311428236975786
12306	64	-0.104499628452281
12306	65	-0.103295718772529
12306	66	-0.156504635234313
12306	67	-0.0914503079028748
12306	68	0.0692892553667406
12306	69	-0.0228881122220983
12306	70	-0.0256254791370765
12306	71	-0.0611818612711659
12306	72	-0.0798672131888623
12306	73	-0.0133264313989017
12306	74	0.289677872668712
12307	1	0.775978522051037
12307	2	-0.00204579878656475
12307	3	-0.0761542506723849
12307	4	-0.181562257049382
12307	5	-0.164936974075346
12307	6	-0.261081238344403
12307	7	-0.166236452091191
12307	8	-0.247859215750573
12307	9	-0.314816460477822
12307	10	-0.266361436962605
12307	11	-0.202933696143404
12307	12	-0.0659165409215348
12307	13	-0.0688831198221393
12307	14	-0.0633602999558462
12307	15	-0.204756164093276
12307	16	-0.284769101659919
12307	17	-0.35870276738477
12307	18	-0.14585779716591
12307	19	-0.135693147499261
12307	20	-0.20676486294947
12307	21	-0.236118293950135
12307	22	-0.156137825716371
12307	23	-0.206754941991377
12307	24	-0.307506246322639
12307	25	-0.259139780175751
12307	26	-0.198900327261299
12307	27	-0.420076138624701
12307	28	-0.231138904418856
12307	29	-0.270487581203255
12307	30	-0.216050054507875
12307	31	-0.333758141119418
12307	32	-0.144742435954754
12307	33	-0.145934591141696
12307	34	-0.261954170312826
12307	35	-0.333935968727083
12307	36	-0.0508027321508919
12307	37	-0.094077724698181
12307	38	-0.185893401084975
12307	39	-0.215901810837984
12307	40	-0.0756500149709183
12307	41	-0.0164909668861313
12307	42	-0.208500412045595
12307	43	-0.0103351898273445
12307	44	-0.0490222599853709
12307	45	-0.11784211858329
12307	46	0.0226139306044288
12307	47	-0.0525894264178319
12307	48	-0.0765799723061136
12307	49	-0.046797455548905
12307	50	-0.166333953127499
12307	51	-0.0496849171300084
12307	52	0.0341106943841822
12307	53	-0.0909495906514195
12307	54	-0.100296335353008
12307	55	-0.0992686460424963
12307	56	-0.0642600807998051
12307	57	0.113519057461737
12307	58	-0.0992098776546442
12307	59	-0.0703765049913656
12307	60	0.0325495035018122
12307	61	-0.110456012828749
12307	62	-0.0640454908289456
12307	63	-0.177608421382033
12307	64	-0.0936897089697766
12307	65	-0.0548317560781229
12307	66	-0.13951476537946
12307	67	-0.063644574520076
12307	68	0.0354134161104653
12307	69	-0.137153249808335
12307	70	-0.0900673260027958
12307	71	-0.0318304579030837
12307	72	0.0284611640881707
12307	73	-0.230824511051921
12307	74	0.265052183149407
12308	1	1.79558442748811
12308	2	0.20467642820342
12308	3	0.135627727937411
12308	4	0.172296581934038
12308	5	0.148324802369771
12308	6	0.119096226437001
12308	7	0.00950081010943649
12308	8	0.0873416356272969
12308	9	0.195956804107269
12308	10	0.019019476904738
12308	11	0.022444640242739
12308	12	-0.0400754137416186
12308	13	0.0798361002990902
12308	14	0.0129971469854553
12308	15	0.117639344616848
12308	16	0.136218530186767
12308	17	0.143464830729272
12308	18	0.1059342313089
12308	19	0.0218393534694599
12308	20	-0.0263093942827695
12308	21	0.031312428296502
12308	22	-0.0033949031705518
12308	23	0.0298630328192289
12308	24	0.0989934561978885
12308	25	0.0908524035836322
12308	26	0.0627004330378611
12308	27	-0.0318878218383958
12308	28	0.00192145285124923
12308	29	0.0947264783209505
12308	30	0.106743201160057
12308	31	0.0765400231765128
12308	32	0.0425540492219838
12308	33	0.17194599114945
12308	34	0.0188599496608362
12308	35	0.094970627342029
12308	36	0.0421641886388642
12308	37	0.132180340611669
12308	38	0.200028167930789
12308	39	0.0622845022828287
12308	40	0.0658215884470366
12308	41	0.0702510035114798
12308	42	0.0417412134299653
12308	43	0.0117014136191145
12308	44	0.0398154982223176
12308	45	0.212247537145792
12308	46	0.148018827687423
12308	47	0.0693980567674046
12308	48	0.135989533463636
12308	49	0.179875896514339
12308	50	0.0334045722504541
12308	51	-0.0138161211139405
12308	52	0.0368464833261939
12308	53	0.233399426410436
12308	54	-0.00692153435140597
12308	55	0.104482814298457
12308	56	0.0764936385225141
12308	57	0.119272064192344
12308	58	0.17358146972218
12308	59	0.189504750615846
12308	60	0.194264231838332
12308	61	0.00835572382494121
12308	62	-0.0619199177215606
12308	63	-0.055757167266826
12308	64	-0.0765602228664477
12308	65	0.0914439928135451
12308	66	0.139457245177525
12308	67	0.038097934557257
12308	68	0.0661992799095898
12308	69	0.0365535017702925
12308	70	0.0876686653149648
12308	71	0.215100095915375
12308	72	0.0696226526795627
12308	73	0.157394818095412
12308	74	0.416028610934823
12309	1	1.62036716845311
12309	2	0.131321952030852
12309	3	0.273850703359415
12309	4	0.213946782754959
12309	5	0.198211808536527
12309	6	0.235002469148696
12309	7	0.0467947374500639
12309	8	0.193571091451545
12309	9	0.0455398126301318
12309	10	0.152382011982191
12309	11	0.0638904565867833
12309	12	0.13714922254691
12309	13	0.155232064024588
12309	14	0.170991478020092
12309	15	-0.0273236041103786
12309	16	0.191902623333952
12309	17	0.0995973217878046
12309	18	0.185006342423065
12309	19	0.142040304730834
12309	20	0.204516249673922
12309	21	0.190361266757613
12309	22	0.143127413146182
12309	23	0.133972935649247
12309	24	0.135441559041276
12309	25	0.203282584931173
12309	26	0.183650008309172
12309	27	-0.0159340465631459
12309	28	0.072319009777317
12309	29	0.0780989553027425
12309	30	0.120784997092279
12309	31	0.28910445489754
12309	32	0.121195205821813
12309	33	0.073886229350272
12309	34	0.143210016730556
12309	35	0.0882753024774772
12309	36	-0.0768230360205493
12309	37	-4.79610267518638e-05
12309	38	0.0424709167635271
12309	39	0.046071678740951
12309	40	0.117626980880637
12309	41	-0.0864841415392732
12309	42	0.101117178062559
12309	43	0.0801655200777134
12309	44	0.028183796051465
12309	45	-0.0348171956440169
12309	46	0.0812009323304821
12309	47	0.149560970272645
12309	48	0.0918553705427101
12309	49	-0.00417550182277182
12309	50	0.0878263409579318
12309	51	0.114839752073394
12309	52	0.0193734157666796
12309	53	-0.0120848658104009
12309	54	0.181855906250263
12309	55	0.0888298039985358
12309	56	-0.0820485570587195
12309	57	-0.0410139367034645
12309	58	-0.0984632151713285
12309	59	0.117130294460708
12309	60	-0.0258595178759649
12309	61	-0.091578342776387
12309	62	0.0226087311557777
12309	63	0.095219770657792
12309	64	-0.0951267458259935
12309	65	-0.0220366674081092
12309	66	-0.0655205316809315
12309	67	-0.00723764293883278
12309	68	0.0391543595501957
12309	69	0.0364838580835425
12309	70	-0.0377579536241868
12309	71	-0.0561702759053162
12309	72	-0.0210461557316464
12309	73	0.0911934065974336
12309	74	0.278073633869006
12310	1	0.792618292536961
12310	2	0.253509756768992
12310	3	0.192317448568545
12310	4	0.239566187155987
12310	5	0.0530715131639106
12310	6	0.269759715573471
12310	7	0.270838438829848
12310	8	0.111390081960266
12310	9	0.235718474672503
12310	10	0.256464455094061
12310	11	0.149256848354831
12310	12	0.198963023958029
12310	13	0.198441009040451
12310	14	0.191812732140264
12310	15	0.237010616135038
12310	16	0.263865170051275
12310	17	0.0971695654106384
12310	18	0.0864355505120571
12310	19	0.207771080580351
12310	20	0.207077704739248
12310	21	0.320668508990515
12310	22	0.129702829355054
12310	23	0.284261733640683
12310	24	0.166284919776217
12310	25	0.263961050617382
12310	26	0.32680644459932
12310	27	0.282643364094803
12310	28	0.205762655559631
12310	29	0.274966964251284
12310	30	0.276968892357225
12310	31	0.160623545569962
12310	32	0.211052196762957
12310	33	0.224049271149859
12310	34	0.266651412138913
12310	35	0.145443626037128
12310	36	0.204483312931266
12310	37	0.350484608761775
12310	38	0.14918177021903
12310	39	0.0558134886175665
12310	40	0.117956751065243
12310	41	0.133968736807837
12310	42	0.117993137061127
12310	43	0.0399482039419539
12310	44	0.171531519296884
12310	45	0.186717915283275
12310	46	0.203480845450237
12310	47	0.110690081151908
12310	48	0.210101385321536
12310	49	0.081875489723167
12310	50	0.216085845923899
12310	51	0.252887027494289
12310	52	0.0989065307141956
12310	53	0.226573261263788
12310	54	0.216381076318292
12310	55	0.202416500899517
12310	56	0.311231261535383
12310	57	0.183801282389844
12310	58	0.141952618333022
12310	59	0.312715506957481
12310	60	0.233766337119683
12310	61	0.143032946860465
12310	62	0.0232933651219795
12310	63	0.0754367856256977
12310	64	0.344056541130428
12310	65	-0.0218490820100854
12310	66	0.104756040514822
12310	67	0.132917267280817
12310	68	0.306363985867456
12310	69	0.245960490530777
12310	70	0.261380647810498
12310	71	0.136880921900357
12310	72	0.131211360742817
12310	73	0.0306940407568703
12310	74	0.211943925703999
12311	1	-0.362657841585328
12311	2	0.349535397794632
12311	3	0.204339144821013
12311	4	0.270473484986361
12311	5	0.131562637424267
12311	6	0.318359321096153
12311	7	0.215049484194743
12311	8	0.29221848432713
12311	9	0.219130703469347
12311	10	0.180468399867237
12311	11	0.215578347368634
12311	12	0.176911741906743
12311	13	0.261202350263332
12311	14	0.147059280463729
12311	15	0.286685172348058
12311	16	0.117849390958568
12311	17	0.1247238060418
12311	18	0.105074603766489
12311	19	0.206824335018219
12311	20	0.244493878309271
12311	21	0.10184207901024
12311	22	0.356911902333351
12311	23	0.217545757309317
12311	24	0.177734623918234
12311	25	0.151613910577936
12311	26	0.0854159120549411
12311	27	0.182515158966595
12311	28	0.279875081595129
12311	29	0.309454143738463
12311	30	0.271949168491346
12311	31	0.209765557404282
12311	32	0.247196180983863
12311	33	0.186140000932902
12311	34	0.181888098529441
12311	35	0.251390371599257
12311	36	-0.0708058925975195
12311	37	0.014351340619001
12311	38	-0.00430693396325665
12311	39	-0.0344186363620622
12311	40	0.0591613795954302
12311	41	-0.112532314778079
12311	42	0.11593901336979
12311	43	0.0183271318675793
12311	44	-0.0320185946381244
12311	45	-0.123439963312862
12311	46	0.0352245751428271
12311	47	0.00781457116173101
12311	48	0.0557729031221825
12311	49	-0.0730200666174028
12311	50	0.237459199495092
12311	51	0.0981680218926471
12311	52	0.0879392671341961
12311	53	0.0866629472231253
12311	54	0.17659925813647
12311	55	0.0859418508217615
12311	56	0.0817141864673161
12311	57	-0.0789764074492183
12311	58	0.0690294412801009
12311	59	-0.0296041074889359
12311	60	0.0137164162955159
12311	61	0.119066556932644
12311	62	-0.0198461407046295
12311	63	-0.089713140394565
12311	64	-0.0476967508825581
12311	65	0.0463532596927649
12311	66	0.0141778314162124
12311	67	-0.0267691282103613
12311	68	-0.0689838431320666
12311	69	-0.0143048015058724
12311	70	0.0404044774480354
12311	71	0.0933964937071892
12311	72	0.107517748762731
12311	73	-0.0674123598847416
12311	74	0.0355042320524319
12312	1	-0.904002204857065
12312	2	0.250702136084275
12312	3	0.174460187651551
12312	4	0.256032860434004
12312	5	0.254426840260539
12312	6	0.199992324963794
12312	7	0.344594678293006
12312	8	0.336217911343319
12312	9	0.241624615516329
12312	10	0.263377725178792
12312	11	0.319578490614589
12312	12	0.26118906607234
12312	13	0.233060250277653
12312	14	0.392191782970535
12312	15	0.38743649737313
12312	16	0.350923449116429
12312	17	0.190944977793698
12312	18	0.300841685846422
12312	19	0.344346180026101
12312	20	0.240266690227337
12312	21	0.207863422657283
12312	22	0.392768513134101
12312	23	0.494980938515447
12312	24	0.34746460529626
12312	25	0.242070865168969
12312	26	0.222080430032307
12312	27	0.273361026320842
12312	28	0.280730976166112
12312	29	0.163607560154453
12312	30	0.253145988431186
12312	31	0.392655544512145
12312	32	0.388798386971544
12312	33	0.241699376380545
12312	34	0.311386021463122
12312	35	0.24645626473778
12312	36	0.15070060546293
12312	37	0.0595318179470183
12312	38	0.0756306788122458
12312	39	0.0148367103864047
12312	40	0.0847969785445315
12312	41	-0.00564557851446068
12312	42	-0.00122078799754632
12312	43	0.094678224968419
12312	44	0.011332144022532
12312	45	0.0621595338936416
12312	46	0.121471345900417
12312	47	0.148097173264254
12312	48	-0.0503312876762578
12312	49	0.130388113277434
12312	50	0.00203462034713908
12312	51	0.109285604683663
12312	52	0.21975228349325
12312	53	0.0993819849703854
12312	54	-0.0140634852172781
12312	55	0.215377946682651
12312	56	0.0859969241859844
12312	57	-0.171816115171588
12312	58	-0.0461397937730581
12312	59	-0.105200740132126
12312	60	-0.135938850324656
12312	61	0.133910684859387
12312	62	0.178103638014846
12312	63	0.00640358163762755
12312	64	0.162604767280428
12312	65	0.142015474597471
12312	66	-0.014676936281198
12312	67	0.00924923211635331
12312	68	0.0364102263177983
12312	69	-0.102610623689209
12312	70	0.104708531166644
12312	71	0.0306555816512102
12312	72	0.0306686347166973
12312	73	0.143839273902103
12312	74	0.387133808468384
12401	1	0.310562369576061
12401	2	-0.0885113593697717
12401	3	-0.0728177179240852
12401	4	-0.166856831755723
12401	5	-0.0528642102378747
12401	6	-0.188096184182882
12401	7	-0.239905266936482
12401	8	-0.229681968161557
12401	9	-0.264836114026885
12401	10	-0.184493892742118
12401	11	-0.269436735587625
12401	12	-0.175426116313467
12401	13	-0.220698102225356
12401	14	-0.136304218782122
12401	15	-0.0546798351934186
12401	16	-0.163281830760887
12401	17	-0.00895643528549783
12401	18	-0.0937338426890122
12401	19	-0.200475815811345
12401	20	-0.166682592278967
12401	21	-0.131091555982223
12401	22	-0.139460646686253
12401	23	-0.0881782245911324
12401	24	-0.218834003532749
12401	25	-0.173363464987673
12401	26	-0.119553922032537
12401	27	-0.197628129117867
12401	28	-0.156618131074552
12401	29	-0.134444800454595
12401	30	-0.165539519291457
12401	31	-0.211101712580636
12401	32	-0.0727811945817436
12401	33	-0.0968765903189848
12401	34	-0.175736335859696
12401	35	-0.147606611809486
12401	36	-0.0673593488849065
12401	37	-0.223195271803988
12401	38	-0.115910913730573
12401	39	-0.0329874418495706
12401	40	-0.123977170809653
12401	41	0.02318970709279
12401	42	-0.112351495669309
12401	43	0.055863340685022
12401	44	-0.070371719407639
12401	45	0.106749902488396
12401	46	-0.144779850271476
12401	47	-0.0936281915390182
12401	48	-0.0457962556220863
12401	49	-0.250791443503545
12401	50	-0.00742474983779573
12401	51	-0.145353676224225
12401	52	-0.397694828742019
12401	53	-0.0936986299797198
12401	54	-0.100256938887796
12401	55	-0.0796472300852713
12401	56	-0.0691847512748609
12401	57	-0.0705154963632921
12401	58	-0.0469849510880138
12401	59	-0.0199750044259801
12401	60	-0.0764037227759289
12401	61	0.0555097820360189
12401	62	-0.129409364922317
12401	63	-0.0692326495528448
12401	64	-0.113530950262003
12401	65	-0.181364694009517
12401	66	0.000698185954753683
12401	67	-0.121138470160226
12401	68	-0.159040659350481
12401	69	-0.0837254280325297
12401	70	-0.177200608557143
12401	71	-0.13017421277646
12401	72	-0.0889480156651459
12401	73	-0.194305006438711
12401	74	-0.202914719923875
12402	1	-0.458029295226744
12402	2	0.019425716601301
12402	3	0.00983344139895692
12402	4	-0.0320681938671044
12402	5	-0.00061489986733676
12402	6	0.0432554895664694
12402	7	0.0701372291494096
12402	8	0.123818367333854
12402	9	0.0878262284766578
12402	10	0.0631270719935841
12402	11	-0.0488045131168846
12402	12	0.0378535377534845
12402	13	-0.0389848389732919
12402	14	-0.0172197484921028
12402	15	0.0740952337695262
12402	16	0.0406367556850995
12402	17	0.124317254418521
12402	18	0.0368529015143721
12402	19	0.0665084531814273
12402	20	-0.0217798859492859
12402	21	0.16328255868266
12402	22	0.0646875677325909
12402	23	0.0542597087571082
12402	24	0.0345977417889571
12402	25	0.0409733724088781
12402	26	0.0560637623035518
12402	27	0.130279125038548
12402	28	0.0166182813611471
12402	29	0.0109618945427954
12402	30	0.158016732106439
12402	31	0.0784830186502603
12402	32	-0.0378359921661797
12402	33	0.0269823524976829
12402	34	0.0352589672044914
12402	35	0.040464662327544
12402	36	0.083753611419958
12402	37	-0.0203165469893136
12402	38	0.142118846920248
12402	39	0.00159849184807115
12402	40	0.0478070725861457
12402	41	-0.0218256072298786
12402	42	-0.0115724798693719
12402	43	0.132596311972733
12402	44	0.0609047224701911
12402	45	0.0954483543020999
12402	46	0.216496280945925
12402	47	0.0178778824905947
12402	48	0.0117392921997563
12402	49	0.0927217117291477
12402	50	0.11860848588222
12402	51	-0.000889776434313205
12402	52	-0.00213245067816814
12402	53	0.017402503590823
12402	54	0.0115959197663003
12402	55	-0.0386532593479672
12402	56	0.100483233693154
12402	57	0.0721436212596274
12402	58	0.0463749135669076
12402	59	0.0145387541731452
12402	60	-0.0425774334816182
12402	61	-0.119798852273654
12402	62	0.0562719014104545
12402	63	-0.121980753831366
12402	64	-0.0667676391494396
12402	65	0.0317359308222791
12402	66	-0.037444964044937
12402	67	-0.0126982858735616
12402	68	-0.129269385332684
12402	69	0.0796198887183408
12402	70	0.0396521925006681
12402	71	0.0687472923338461
12402	72	0.120335855008207
12402	73	0.0913147840374577
12402	74	0.174439655236505
12403	1	1.27290372145227
12403	2	-0.0758627344245859
12403	3	-0.0696384909617365
12403	4	-0.129530201423076
12403	5	-0.0778598250972351
12403	6	0.00728657594992654
12403	7	-0.0927853646624683
12403	8	-0.0339574802833411
12403	9	-0.0504146393667355
12403	10	-0.0691543575670224
12403	11	-0.118348907485135
12403	12	-0.0657744217698308
12403	13	-0.252305882717749
12403	14	-0.143207369818896
12403	15	-0.0196419350493358
12403	16	-0.124634020198961
12403	17	-0.0554592856269096
12403	18	-0.0751355215714256
12403	19	-0.106634745837027
12403	20	0.0348932393316375
12403	21	-0.12630611464914
12403	22	-0.0974171711490754
12403	23	-0.144988034777192
12403	24	-0.0882238425354416
12403	25	-0.10503514324364
12403	26	-0.00578708622473556
12403	27	-0.214921557671396
12403	28	-0.111830497171148
12403	29	-0.0618274979425379
12403	30	-0.14975395266864
12403	31	-0.0568982420550483
12403	32	-0.0600599015917069
12403	33	-0.135636848415835
12403	34	-0.00260440577136478
12403	35	0.0268499439757619
12403	36	-0.0114051642446853
12403	37	-0.0234083029462937
12403	38	0.0772292427373529
12403	39	0.011057755368526
12403	40	0.099089176288615
12403	41	0.0413863340563196
12403	42	0.0431173176190427
12403	43	0.0641000785366685
12403	44	-0.0503579185813408
12403	45	-0.127335308016498
12403	46	-0.0758895390780836
12403	47	-0.0804362359240329
12403	48	-0.030241061338387
12403	49	0.00912218062335057
12403	50	-0.230050683177815
12403	51	-0.0830466771997322
12403	52	-0.0788003995430131
12403	53	0.0289348899022315
12403	54	-0.128844178264195
12403	55	-0.046030768864135
12403	56	0.109755466914358
12403	57	-0.0122983559979204
12403	58	0.0468212542049926
12403	59	-0.181614377831259
12403	60	-0.0492599206878666
12403	61	0.0653226349961216
12403	62	0.102353884419962
12403	63	-0.0952029843262849
12403	64	0.0842362403824879
12403	65	-0.101590789522632
12403	66	-0.190652550742747
12403	67	0.0525791705680945
12403	68	-0.206568453468996
12403	69	-0.0946972750583299
12403	70	0.0286009961420319
12403	71	-0.0319583610642979
12403	72	-0.122857385621572
12403	73	0.0133665162104109
12403	74	0.233100373398678
12404	1	0.500580032285388
12404	2	-0.120334642845076
12404	3	-0.207836833894305
12404	4	-0.195030418180028
12404	5	-0.178046315006807
12404	6	-0.173953049163764
12404	7	-0.112490059120169
12404	8	-0.102937496142417
12404	9	-0.0598538885255095
12404	10	-0.0803809408338765
12404	11	-0.138648621025951
12404	12	-0.197627918356972
12404	13	-0.12050627178737
12404	14	-0.15348131539043
12404	15	-0.111597580626828
12404	16	-0.14732413183183
12404	17	-0.142730218458972
12404	18	-0.179229404653825
12404	19	-0.213053453479866
12404	20	-0.265962222032805
12404	21	-0.129625774686808
12404	22	-0.155568143276682
12404	23	-0.247330861700711
12404	24	-0.204654201623384
12404	25	-0.0850074384265369
12404	26	-0.119716240095457
12404	27	-0.0736587146702163
12404	28	-0.151916720293592
12404	29	-0.197096889796605
12404	30	-0.273216314068662
12404	31	-0.184703787390035
12404	32	-0.198359033471007
12404	33	-0.177284844840862
12404	34	-0.0979126499429128
12404	35	-0.147821247264581
12404	36	-0.0240792210601626
12404	37	0.0222367338266523
12404	38	0.148699611337911
12404	39	-0.157559025163494
12404	40	-0.0950641433131239
12404	41	-0.185490203410041
12404	42	-0.0619966182254075
12404	43	-0.0589988602840847
12404	44	-0.204304027012135
12404	45	-0.0388526788219821
12404	46	-0.0486631379184033
12404	47	-0.155584014330145
12404	48	-0.0312048850330058
12404	49	-0.0809938854127381
12404	50	-0.193734244658948
12404	51	-0.192004837326891
12404	52	0.106435222768617
12404	53	-0.0134095969704902
12404	54	-0.0880671968675841
12404	55	-0.051787922849023
12404	56	0.00574007022765954
12404	57	-0.115733665465896
12404	58	-0.129173760041375
12404	59	-0.0264051684648408
12404	60	-0.0113195528821421
12404	61	-0.0831853237933515
12404	62	-0.198706938819733
12404	63	-0.12821501427905
12404	64	-0.0640228104179172
12404	65	-0.0952516508532923
12404	66	-0.134442794812159
12404	67	0.00648740641069878
12404	68	-0.117405973059149
12404	69	-0.213919592415401
12404	70	-0.177161165798132
12404	71	-0.239272663619502
12404	72	-0.284953531632368
12404	73	-0.0665791119847654
12404	74	-0.151728702445723
12405	1	1.45109242434787
12405	2	0.0847125852851356
12405	3	0.0324959998190373
12405	4	0.0175594649881852
12405	5	-0.0253548169112037
12405	6	-0.0780045363028634
12405	7	-0.156355402897617
12405	8	0.0648981791877787
12405	9	-0.0267164837172373
12405	10	0.00559589584024422
12405	11	0.0118849151588094
12405	12	-0.0112893339829867
12405	13	-0.144553355903284
12405	14	0.0862626965656048
12405	15	-0.0384208970073203
12405	16	-0.0778996288876428
12405	17	0.022613664109457
12405	18	0.135131133566205
12405	19	-0.0396905724370242
12405	20	0.061953380482322
12405	21	0.0975143581337221
12405	22	-0.0191588207010156
12405	23	-0.0401716240844721
12405	24	-0.182425391885801
12405	25	0.0121688751708291
12405	26	-0.147317729254361
12405	27	-0.00702424473519159
12405	28	-0.0817051694458044
12405	29	0.0168344737995554
12405	30	-0.0791068142457902
12405	31	-0.070863412598456
12405	32	0.0586776568371263
12405	33	-0.0171612178009539
12405	34	-0.0358283710933875
12405	35	-0.0442281130373985
12405	36	0.0604362317556237
12405	37	0.0123522161251586
12405	38	0.0658716067556
12405	39	0.148953469386576
12405	40	0.158060899630449
12405	41	-0.0963252888412072
12405	42	0.127391415539797
12405	43	-0.0258860851485068
12405	44	0.191923684491996
12405	45	-0.006022862801629
12405	46	-0.167017814988967
12405	47	0.0372001534514936
12405	48	-0.0949497021339809
12405	49	0.0281127758071236
12405	50	-0.0776079486999564
12405	51	-0.0903756674277432
12405	52	0.057367304341895
12405	53	0.0660611566777405
12405	54	0.00304387357746094
12405	55	0.00505479191120628
12405	56	0.122473052580162
12405	57	-0.149356930431011
12405	58	-0.08192635594542
12405	59	-0.094130486800367
12405	60	0.0496439280813377
12405	61	0.0701013894933595
12405	62	-0.042102862069207
12405	63	-0.0190714865821491
12405	64	-0.117505598940589
12405	65	-0.0317940128366416
12405	66	-0.0600052137039029
12405	67	-0.134942515113423
12405	68	-0.138265361678961
12405	69	0.0521250118501655
12405	70	-0.0688957946153508
12405	71	0.0913833739026586
12405	72	-0.00641689200453044
12405	73	0.00776606365671029
12405	74	-0.10906693419065
12406	1	1.46688341768034
12406	2	0.247677793456713
12406	3	0.235724596639535
12406	4	0.280311389863634
12406	5	0.160084024174001
12406	6	0.165265380915599
12406	7	0.173917269952291
12406	8	0.358912839840386
12406	9	0.158611249170363
12406	10	0.133215364188999
12406	11	0.262761151441204
12406	12	0.271669320286371
12406	13	0.316145674655473
12406	14	0.147889080584868
12406	15	0.193090958163296
12406	16	0.198706303075326
12406	17	0.181958670914462
12406	18	0.142978038914023
12406	19	0.274415116939714
12406	20	0.173788966423253
12406	21	0.239492709219924
12406	22	0.300070882460837
12406	23	0.228636438281889
12406	24	0.220402415444291
12406	25	0.267124856325104
12406	26	0.124059302784943
12406	27	0.302481268972073
12406	28	0.209577859132551
12406	29	0.178978962751472
12406	30	0.135053347776633
12406	31	0.137933334509064
12406	32	0.330954220844269
12406	33	0.290274868689814
12406	34	0.204416292120627
12406	35	0.195669596311554
12406	36	0.211448778187339
12406	37	0.18924028608992
12406	38	0.111396718898625
12406	39	0.181908279831347
12406	40	0.101954957289315
12406	41	0.0805774703455242
12406	42	0.191295498592659
12406	43	-0.0227441516792481
12406	44	0.146858087034182
12406	45	0.0592106070616438
12406	46	0.0977101449818534
12406	47	0.147279021079932
12406	48	0.103274888077145
12406	49	0.123137371576206
12406	50	0.183719340471285
12406	51	0.0539503036308986
12406	52	0.206726007645436
12406	53	0.0862522468124212
12406	54	0.0498286953659104
12406	55	0.183705525289767
12406	56	0.261425773730508
12406	57	0.0330444857687553
12406	58	0.222962308794578
12406	59	0.123893461902455
12406	60	0.0953749222333897
12406	61	0.114487409171254
12406	62	0.0328616574504963
12406	63	0.123388622148802
12406	64	0.16265139779405
12406	65	0.237128977518793
12406	66	-0.00246193707396714
12406	67	0.123358849385809
12406	68	-0.0547336145391242
12406	69	-0.116351547932823
12406	70	0.0756467714999687
12406	71	0.0575261740998414
12406	72	0.0923259656578921
12406	73	0.033593234102085
12406	74	0.129771605819556
12407	1	1.00109594830621
12407	2	0.0311715369500725
12407	3	0.115763362618654
12407	4	0.148899078084849
12407	5	0.0920007020008917
12407	6	0.0669805819969795
12407	7	0.0901351279293081
12407	8	-0.0624878576851842
12407	9	0.113157209267484
12407	10	0.10508534732449
12407	11	0.0825218975202304
12407	12	0.108247346570266
12407	13	0.087633757133581
12407	14	0.0661637720712704
12407	15	0.124183531364096
12407	16	-0.0171685817229559
12407	17	0.0628468329539373
12407	18	0.213049785837569
12407	19	0.060871157760694
12407	20	0.0911781529943596
12407	21	-0.00515773344874049
12407	22	0.167604710135059
12407	23	0.0712973592222355
12407	24	0.104790698684589
12407	25	0.118576683684552
12407	26	0.170913208338504
12407	27	0.0501154152726642
12407	28	-0.0194505521372506
12407	29	0.0812787616236292
12407	30	0.172657292143398
12407	31	-0.105946785920821
12407	32	0.0441650491737775
12407	33	0.012013785823342
12407	34	0.103237299917247
12407	35	-0.0207874485489015
12407	36	-0.190344597859706
12407	37	-0.0113580995623224
12407	38	0.0633702714525697
12407	39	-0.152278484166722
12407	40	-0.0195316135062598
12407	41	-0.0325957090039353
12407	42	-0.103402772526991
12407	43	-0.0401245799362044
12407	44	0.0854037993322336
12407	45	-0.131998183803404
12407	46	-0.144114655822939
12407	47	0.024610368300209
12407	48	-0.0863995866580964
12407	49	-0.169568833863188
12407	50	-0.0821422312662747
12407	51	-0.116691456901428
12407	52	-0.0598738715985618
12407	53	-0.0396453849675638
12407	54	-0.0469712889634835
12407	55	-0.219851866027668
12407	56	-0.105729824437468
12407	57	-0.225193084587715
12407	58	0.0821328862443877
12407	59	-0.171830813226237
12407	60	-0.0303560719186606
12407	61	-0.027773657270572
12407	62	0.011881070120964
12407	63	0.0592337744159579
12407	64	-0.117520766648774
12407	65	-0.238070316953923
12407	66	-0.0435919917339191
12407	67	-0.126690352782113
12407	68	-0.134626107290792
12407	69	-0.136276193512003
12407	70	-0.0305659609858893
12407	71	-0.0682071200703405
12407	72	-0.0260439113294524
12407	73	-0.150321516156588
12407	74	0.253112501961439
12408	1	0.132054878127391
12408	2	0.0887897920490275
12408	3	-0.0070326815508146
12408	4	0.00629343080630562
12408	5	0.00452269538432404
12408	6	0.15686117959801
12408	7	-0.0635358493905898
12408	8	0.0496165817252248
12408	9	-0.0228531685145299
12408	10	0.0447328741317108
12408	11	-0.0146475078572195
12408	12	0.0098935348885405
12408	13	0.0821385311995115
12408	14	0.164101427505877
12408	15	-0.0725610318981467
12408	16	0.230119913229096
12408	17	0.0666421579601533
12408	18	-0.0174636687717822
12408	19	0.0604260486199308
12408	20	0.12335546717086
12408	21	-0.0325965904284331
12408	22	0.123918454339908
12408	23	0.145226409989974
12408	24	0.0262890874726978
12408	25	0.146066125030153
12408	26	0.0178618895009208
12408	27	0.0763748578262948
12408	28	0.159177985898033
12408	29	0.121813811098136
12408	30	0.2591384206806
12408	31	0.0930462856850056
12408	32	0.155116863904546
12408	33	-0.0670900122971148
12408	34	0.118965210606554
12408	35	0.048033413242301
12408	36	0.0983459636744541
12408	37	-0.0721473853107426
12408	38	0.0405026005979181
12408	39	0.0169571982345929
12408	40	0.138632237254363
12408	41	0.0569399943533
12408	42	0.0151521540336006
12408	43	0.0650948640225337
12408	44	-0.0134197493650845
12408	45	0.0304878823794965
12408	46	0.0497375255024721
12408	47	0.0770752878665633
12408	48	0.0383586206333888
12408	49	-0.137536081196636
12408	50	-0.0321990593830819
12408	51	0.0808629028133225
12408	52	-0.0484342004912435
12408	53	0.0896974502576242
12408	54	0.0490430305802434
12408	55	-0.0480084471254258
12408	56	-0.0169442062400833
12408	57	0.0810913132108269
12408	58	0.0587942301857538
12408	59	0.227910251183992
12408	60	0.0940717266664421
12408	61	0.112074680455414
12408	62	-0.0302532045360593
12408	63	0.0454604299167798
12408	64	-0.136311502524201
12408	65	0.0992438307069534
12408	66	-0.117236650627582
12408	67	-0.0415649788089922
12408	68	0.056982490311114
12408	69	0.0886645706177589
12408	70	-0.0846727542717431
12408	71	0.0637548390655311
12408	72	-0.0116503760233684
12408	73	0.104877163906785
12408	74	0.373727866935425
12409	1	0.276193499457605
12409	2	0.162359521310943
12409	3	0.00398809365083963
12409	4	-0.0776280009929522
12409	5	0.0496047757698577
12409	6	-0.102778810902748
12409	7	0.0537433785590054
12409	8	0.0662300182117264
12409	9	0.141993730961488
12409	10	-0.0201397226726598
12409	11	0.00768236592049476
12409	12	0.177534815778529
12409	13	0.120727569193548
12409	14	0.0858964329978278
12409	15	-0.0299112637426262
12409	16	-0.036223473899696
12409	17	-0.119392692295243
12409	18	-0.0338064873756068
12409	19	0.134927346643643
12409	20	-0.0331380137970356
12409	21	0.00777241800880546
12409	22	0.124470410861719
12409	23	0.00620029000391753
12409	24	-0.0945442336779578
12409	25	-0.0226319625493332
12409	26	-0.088318106802042
12409	27	-0.0323191558657356
12409	28	-0.0891733729253588
12409	29	-0.0176417888890015
12409	30	-0.14758352610481
12409	31	0.07350445832882
12409	32	-0.0712999896443947
12409	33	-0.0410293152725103
12409	34	0.100639052058263
12409	35	0.0410377947829801
12409	36	-0.137809170567834
12409	37	-0.117471727216987
12409	38	-0.0284717556307186
12409	39	0.0752242291629202
12409	40	-0.122790538291021
12409	41	-0.0554619909709402
12409	42	-0.00764688275219072
12409	43	0.0444103876196706
12409	44	0.106058433752693
12409	45	0.0586524613681476
12409	46	-0.196387732501336
12409	47	-0.0209976144386701
12409	48	-0.108574045392558
12409	49	-0.0829911985733105
12409	50	-0.178287105942893
12409	51	-0.141946980884633
12409	52	0.00378148645309295
12409	53	-0.0328471946570303
12409	54	0.09695761803534
12409	55	-0.0501648775769041
12409	56	-0.0852429021083054
12409	57	0.0126791238490114
12409	58	-0.0364274433690781
12409	59	-0.0770262864772633
12409	60	-0.0992458572263573
12409	61	-0.207226267374061
12409	62	-0.192803011490795
12409	63	0.0648880113093924
12409	64	-0.150869899391118
12409	65	-0.159879255817131
12409	66	-0.169672163940916
12409	67	-0.190573785659815
12409	68	-0.37708248032726
12409	69	-0.109163972887721
12409	70	-0.115574000112332
12409	71	-0.0779083918834118
12409	72	-0.188527681543469
12409	73	-0.0196975340102554
12409	74	0.0525339337809427
12410	1	-0.279933186089433
12410	2	-0.0168251508241148
12410	3	0.0131995317007423
12410	4	0.0515778390007213
12410	5	0.0204773686140207
12410	6	0.0957650272487101
12410	7	0.0647056270426418
12410	8	-0.0722041073788944
12410	9	-0.0737844805896586
12410	10	0.000273666089661617
12410	11	-0.000982110676261527
12410	12	-0.0407708614444857
12410	13	-0.108081469365317
12410	14	-0.0642954455503713
12410	15	-0.0858861545588425
12410	16	0.0824046086592887
12410	17	-0.0507546179732046
12410	18	-0.108579404126374
12410	19	-0.0971169213704712
12410	20	-0.0798879551642386
12410	21	-0.179551787846201
12410	22	-0.0273311590627756
12410	23	-0.0444924777945204
12410	24	0.00175901416213264
12410	25	0.0459310484442739
12410	26	-0.124654929634907
12410	27	-0.0685287046550656
12410	28	-0.0671796508885336
12410	29	-0.149479349177362
12410	30	-0.115454920271027
12410	31	0.0149887572490073
12410	32	-0.01651443556527
12410	33	-0.0766328527903326
12410	34	-0.187457505404048
12410	35	-0.0344649043275069
12410	36	-0.0889613154549878
12410	37	0.0545759122801215
12410	38	-0.0490541662670267
12410	39	-0.0746162992886354
12410	40	0.152779192513279
12410	41	0.00797645962872906
12410	42	0.0307065933277713
12410	43	-0.0508062241665428
12410	44	-0.125262509028488
12410	45	-0.13593591454493
12410	46	-0.118436922942834
12410	47	-0.071277508202428
12410	48	-0.0151978876125796
12410	49	-0.166277601478335
12410	50	0.0594092522328893
12410	51	0.117922022905873
12410	52	0.0435880250967742
12410	53	0.023121365717472
12410	54	-0.0186977426804233
12410	55	0.0434482510064953
12410	56	0.0362702336981258
12410	57	-0.157296527183661
12410	58	-0.109594787261607
12410	59	0.115872171106282
12410	60	-0.0532066860289149
12410	61	-0.00945613952432467
12410	62	0.187386592333105
12410	63	0.028960814816152
12410	64	-0.21244594600558
12410	65	-0.0145403392994936
12410	66	-0.126672205122794
12410	67	0.0135311435943279
12410	68	-0.038632747468192
12410	69	-0.11710711144822
12410	70	0.0612180685387855
12410	71	-0.0292149205528673
12410	72	-0.0272077123354251
12410	73	-0.178903478288504
12410	74	0.107695138054403
12411	1	-0.906155711793296
12411	2	0.21179297734863
12411	3	0.118199079674433
12411	4	0.0323163815035237
12411	5	0.154530565261901
12411	6	0.0883555626396273
12411	7	0.0687841371639237
12411	8	0.0942881410547685
12411	9	0.235249470695599
12411	10	0.0501414141493726
12411	11	0.00701533058086312
12411	12	0.0390741072287213
12411	13	0.253369726860676
12411	14	0.259949533533138
12411	15	0.119313586279404
12411	16	-0.0793280081895134
12411	17	0.130722302659194
12411	18	0.0625789886324384
12411	19	0.0358746983356824
12411	20	0.0621811747262058
12411	21	0.159486779586537
12411	22	0.202612228066251
12411	23	0.286081212082557
12411	24	0.243516382875889
12411	25	0.0736522468345129
12411	26	0.0853921084969329
12411	27	0.0201485841733131
12411	28	0.219107103644745
12411	29	-0.100575923913752
12411	30	-0.00244697282661832
12411	31	0.165755284289773
12411	32	0.11423451724044
12411	33	0.189969868134099
12411	34	0.102916662799053
12411	35	0.0971257762597446
12411	36	-0.0471141740030276
12411	37	-0.0169327788596263
12411	38	-0.182134239138982
12411	39	-0.0177362347984271
12411	40	-0.0350288061456396
12411	41	-0.285652420938668
12411	42	-0.16760201793879
12411	43	-0.0857519769590169
12411	44	0.00327292730346329
12411	45	-0.0361116848651406
12411	46	0.113902843797874
12411	47	-0.0567844687564119
12411	48	-0.0840108586240333
12411	49	-0.172752506752182
12411	50	-0.0769310765784041
12411	51	0.0839759175866632
12411	52	0.00581589541624083
12411	53	0.0505173764954208
12411	54	-0.254910154640953
12411	55	-0.128484322823709
12411	56	-0.0364010284151917
12411	57	-0.086839263779197
12411	58	-0.0515199891765903
12411	59	0.0117103169852228
12411	60	-0.266553093682688
12411	61	-0.0364903006034822
12411	62	-0.0506187811463548
12411	63	-0.133025225100958
12411	64	-0.0687440977582767
12411	65	-0.222376329282191
12411	66	-0.180579834356948
12411	67	-0.134263626665792
12411	68	-0.112088738485511
12411	69	-0.0181045204236909
12411	70	-0.159079024805862
12411	71	-0.0936683118114843
12411	72	-0.0352093766816068
12411	73	-0.091018597610244
12411	74	0.287886123785725
12412	1	-1.39371031624245
12412	2	0.454881253489326
12412	3	0.190269377379153
12412	4	0.218195607824761
12412	5	0.269192333309778
12412	6	0.2218536562184
12412	7	0.247509233747515
12412	8	0.388831483730826
12412	9	0.22864769810262
12412	10	0.248196485734859
12412	11	0.314758430851043
12412	12	0.369475844470848
12412	13	0.299055659744546
12412	14	0.217745028823899
12412	15	0.220176525955694
12412	16	0.285309140511345
12412	17	0.316602160245736
12412	18	0.304150334237569
12412	19	0.350759934302658
12412	20	0.408137289161985
12412	21	0.311379944245779
12412	22	0.261446786054286
12412	23	0.273344803224646
12412	24	0.307308267329084
12412	25	0.42073138225355
12412	26	0.228877450516478
12412	27	0.289590293134751
12412	28	0.298315749454403
12412	29	0.276129754948961
12412	30	0.231934260918301
12412	31	0.204538962293967
12412	32	0.384957063512189
12412	33	0.21510243384882
12412	34	0.314610221367843
12412	35	0.416438075833007
12412	36	-0.21499140370728
12412	37	-0.22012785602459
12412	38	-0.070474330173667
12412	39	-0.164681877959687
12412	40	-0.121607291928129
12412	41	0.0694671399573963
12412	42	0.0929149157068565
12412	43	-0.0165388996668909
12412	44	-0.0897837673809576
12412	45	-0.184636818954075
12412	46	-0.140557046413299
12412	47	-0.0548925157625249
12412	48	-0.186749702636419
12412	49	0.0313899117234797
12412	50	-0.133213747811148
12412	51	-0.154338225930083
12412	52	-0.184001609190197
12412	53	-0.0548094237574404
12412	54	0.105631974054432
12412	55	-0.133329848182868
12412	56	-0.00289775056926089
12412	57	-0.0498709447985703
12412	58	0.0510078452656586
12412	59	-0.0365782193159987
12412	60	-0.0706615081631838
12412	61	-0.0120720039490649
12412	62	0.0628350752287758
12412	63	0.0267671699398164
12412	64	0.133203169866277
12412	65	0.0953777446538666
12412	66	-0.0830697670604224
12412	67	-0.0672611704272583
12412	68	-0.111495020354091
12412	69	-0.0991038982373951
12412	70	0.0273434456853963
12412	71	0.00666271466571544
12412	72	-0.0909570493059491
12412	73	0.0147821781641042
12412	74	0.219071367254628
12501	1	-2.18417508095971
12501	2	-0.0419318386726033
12501	3	-0.0559443018910066
12501	4	-0.0483409809709627
12501	5	-0.0792818884202582
12501	6	-0.0216011417214546
12501	7	-0.0371486087176365
12501	8	-0.00865133368554893
12501	9	-0.109733183965972
12501	10	-0.0306421298147228
12501	11	-0.0416531777200291
12501	12	0.083648180071755
12501	13	0.00609216943886537
12501	14	-0.0161112527067999
12501	15	-0.0570176592119154
12501	16	-0.11711136257361
12501	17	-0.150297416122278
12501	18	0.0447135362625701
12501	19	-0.0527047073679654
12501	20	-0.00481073242391261
12501	21	-0.0159575023607701
12501	22	-0.0856844695487311
12501	23	0.0105119181326216
12501	24	-0.0578247109268162
12501	25	0.0673194748549264
12501	26	0.0573355004030986
12501	27	-0.0450675493303976
12501	28	-0.0977616996130806
12501	29	0.0614371078642861
12501	30	0.178732411703166
12501	31	-0.0632825849295742
12501	32	-0.0553635608615934
12501	33	0.0183535017178258
12501	34	0.0775898835169428
12501	35	-0.0275941623852773
12501	36	0.127963214131412
12501	37	-0.0256919586348303
12501	38	0.00373134854944368
12501	39	-0.0272231962214136
12501	40	-0.0736629635436898
12501	41	-0.0838317919998843
12501	42	-0.0281573271828606
12501	43	0.0561912095374808
12501	44	0.0510844673484314
12501	45	0.0210495154635169
12501	46	0.109445354606173
12501	47	-0.1168227613448
12501	48	0.0431411590234418
12501	49	0.0941780715761524
12501	50	0.125903373318486
12501	51	-0.000533420409659868
12501	52	0.0690739081649099
12501	53	0.0779193715307187
12501	54	0.0219068939404536
12501	55	-0.0575056229942845
12501	56	-0.0226098470096474
12501	57	0.204220073462857
12501	58	-0.0638679225181349
12501	59	0.0513057628293581
12501	60	0.142393007152705
12501	61	0.135650325265892
12501	62	-0.0324070914629289
12501	63	0.00297559493282762
12501	64	-0.0576482912079257
12501	65	-0.0172284966305796
12501	66	0.00657508840907894
12501	67	-0.0486525490017371
12501	68	0.0793668826645444
12501	69	0.171575226623773
12501	70	0.0866469261845282
12501	71	0.0605579278736954
12501	72	0.180520083797667
12501	73	0.0184511831441938
12501	74	-0.0097596737602359
12502	1	-0.159823621298276
12502	2	0.153735526806081
12502	3	0.0314285927595144
12502	4	0.187065970069412
12502	5	0.205983160995736
12502	6	0.180098825477167
12502	7	0.190599933047075
12502	8	0.180434363486405
12502	9	0.147657822751178
12502	10	0.128066636710756
12502	11	0.31453416094709
12502	12	0.16993007228357
12502	13	0.145490905872641
12502	14	0.288520872680039
12502	15	0.121821171918022
12502	16	0.209462034080644
12502	17	0.261759230435715
12502	18	0.176646393262807
12502	19	0.228160678618714
12502	20	0.159930635821496
12502	21	0.175196107930304
12502	22	0.165552712955296
12502	23	0.218315794400112
12502	24	0.0969764128770052
12502	25	0.175606814948196
12502	26	0.163783110893839
12502	27	0.241381202077925
12502	28	0.129680220551215
12502	29	0.293485482769803
12502	30	0.265563370501781
12502	31	0.0424519520718079
12502	32	0.183344920434493
12502	33	0.136673785806309
12502	34	0.0877083963308749
12502	35	0.157091871357359
12502	36	0.167732288219121
12502	37	0.168546754789631
12502	38	0.12789922178969
12502	39	0.114671083392814
12502	40	0.00285138854674472
12502	41	0.133456805927011
12502	42	0.120912503695486
12502	43	0.107822415211238
12502	44	-0.0195129139936299
12502	45	0.0407650907393347
12502	46	0.154454073180425
12502	47	0.128005991667138
12502	48	0.225626239209767
12502	49	-0.0170323230382579
12502	50	-0.0178883898518123
12502	51	0.0991204290946115
12502	52	0.174059010531359
12502	53	0.0116197820451092
12502	54	0.0355901607753495
12502	55	0.121379169458784
12502	56	0.0655329660808377
12502	57	0.245168584992705
12502	58	0.0512895680329777
12502	59	0.0341139552575385
12502	60	0.149888206511321
12502	61	-0.068054969396357
12502	62	-0.0239037484523976
12502	63	0.0527137041350798
12502	64	0.111315860109165
12502	65	-0.00789943476249988
12502	66	0.101704354710414
12502	67	0.0730008154781814
12502	68	0.136954674729083
12502	69	0.059147073062725
12502	70	0.0696475997663413
12502	71	0.0226930577644566
12502	72	0.15031412489931
12502	73	0.0900836372438789
12502	74	0.0567931683011196
12503	1	-0.675638610816097
12503	2	-0.00552116329134122
12503	3	0.06308914482101
12503	4	-0.0132538905792501
12503	5	-0.0491387200417961
12503	6	-0.0802040273201357
12503	7	-0.16380232576001
12503	8	0.0129650906619716
12503	9	0.0068795722476267
12503	10	-0.0560870299970162
12503	11	0.018774048726101
12503	12	-0.0862839594507179
12503	13	-0.0431981022253609
12503	14	-0.00485814035074839
12503	15	0.0346829099046175
12503	16	-0.019752418996184
12503	17	-0.151480945089418
12503	18	-0.0385622740615617
12503	19	0.0314114390906184
12503	20	-0.048226709926027
12503	21	-0.00133665402143635
12503	22	0.0105148435098243
12503	23	-0.00185469517936809
12503	24	0.0421463886241114
12503	25	-0.0167458179288502
12503	26	0.0215245093400114
12503	27	-0.0426771487257085
12503	28	0.00323481010191529
12503	29	-0.0383908788859699
12503	30	-0.0532601075267536
12503	31	0.00237867957622484
12503	32	0.0293511583594324
12503	33	-0.0761167863974208
12503	34	0.00742542884618302
12503	35	0.0150159372101157
12503	36	0.0544733883877768
12503	37	0.00946230282557536
12503	38	0.114851544976865
12503	39	0.0775482388518896
12503	40	-0.0648695310448559
12503	41	0.0655403587301038
12503	42	-0.0496452953287445
12503	43	0.12624749471572
12503	44	0.0780919720388624
12503	45	-0.019132052421952
12503	46	0.0581605120451414
12503	47	0.0272342327220514
12503	48	-0.0147194555728731
12503	49	0.0209029556598708
12503	50	0.0886783473848567
12503	51	0.05765435133398
12503	52	0.0177266949561954
12503	53	0.0100260340008447
12503	54	0.025010141282614
12503	55	-0.0136898453265388
12503	56	0.160181618275899
12503	57	0.0501348932195995
12503	58	0.0676981231465206
12503	59	0.0523752542968836
12503	60	0.130235184501231
12503	61	0.0774383441583879
12503	62	0.101639544632235
12503	63	0.0799066964673329
12503	64	-0.00687575662514917
12503	65	0.0143030860348148
12503	66	0.0591553219668555
12503	67	-0.036771293002829
12503	68	0.0294736464763474
12503	69	0.00366850803651886
12503	70	0.022425451299604
12503	71	0.0905093934816819
12503	72	0.129306978943276
12503	73	0.047446681430273
12503	74	-0.125282741307757
12504	1	0.274749384696246
12504	2	-0.0569461049957702
12504	3	-0.0864200174826522
12504	4	-0.0108112512198417
12504	5	-0.0440593060772585
12504	6	0.096011930267089
12504	7	-0.0127593300276843
12504	8	-0.0602376459300444
12504	9	0.0373247084172732
12504	10	-0.0490874369660901
12504	11	-0.033364463746949
12504	12	-0.0381656414428875
12504	13	-0.0387032938307996
12504	14	0.00627163878603909
12504	15	0.00545538119680344
12504	16	-0.112730552658022
12504	17	-0.0781822407909445
12504	18	-0.013091784818748
12504	19	-0.11569220603235
12504	20	-0.0997619182501879
12504	21	-0.015565722612223
12504	22	-0.055238434241069
12504	23	0.0115032396175891
12504	24	0.182405528929451
12504	25	-0.0955421794053777
12504	26	0.0354967474499119
12504	27	-0.0663028031759723
12504	28	0.0726070878088123
12504	29	-0.0420362768357236
12504	30	0.0834982738362626
12504	31	0.0644376130972759
12504	32	0.0654589391680886
12504	33	-0.0544641070010528
12504	34	-0.121988260713408
12504	35	0.0181273257445866
12504	36	0.0171509870111777
12504	37	-0.0644902606577631
12504	38	-0.005842155845599
12504	39	-0.190197921432471
12504	40	-0.0602513673715137
12504	41	0.0522916127536561
12504	42	-0.0701412869065479
12504	43	0.0881699005572685
12504	44	-0.00614946310467701
12504	45	-0.0131534299381499
12504	46	-0.0623076240877154
12504	47	0.0558337595008922
12504	48	-0.0282131860710706
12504	49	0.000836264758412142
12504	50	-0.0919492955581447
12504	51	-0.0488676704742019
12504	52	-0.0647896054543367
12504	53	-0.139805853503105
12504	54	-0.133931794968838
12504	55	-0.115748921796595
12504	56	0.112674368923045
12504	57	0.0516538308730645
12504	58	-0.02834910235525
12504	59	-0.018669143620123
12504	60	0.030153751929582
12504	61	0.0679645810736673
12504	62	-0.103162766528797
12504	63	0.113825113940734
12504	64	-0.22372168725844
12504	65	0.0198704819097841
12504	66	0.0397730554339191
12504	67	0.0666286543192101
12504	68	0.207525802284124
12504	69	0.136865022987578
12504	70	0.0996980255253064
12504	71	0.0797216481773475
12504	72	0.143662938300544
12504	73	0.148301906575263
12504	74	-0.0854882126991612
12505	1	-0.0816724724875648
12505	2	0.00408427830893032
12505	3	0.0289933234953637
12505	4	0.0983254025212759
12505	5	0.221640225542203
12505	6	0.335241387156898
12505	7	0.258937757304921
12505	8	0.114155970472112
12505	9	0.190213611915361
12505	10	0.125029472800065
12505	11	0.14843691531366
12505	12	0.144283721512153
12505	13	0.107808424304558
12505	14	-0.00951464992864004
12505	15	0.0339518537934183
12505	16	0.0609307476422316
12505	17	0.159303721803276
12505	18	0.138498456570751
12505	19	0.113339520121301
12505	20	0.0618713999231062
12505	21	0.0837773483518447
12505	22	0.15260354498465
12505	23	0.176097076307322
12505	24	0.149189955330336
12505	25	0.168313090360691
12505	26	0.232695894320514
12505	27	0.156638413233942
12505	28	0.171273884521312
12505	29	0.166297415740239
12505	30	0.164924118613271
12505	31	0.176863761793548
12505	32	0.121359337711866
12505	33	0.170231111551388
12505	34	0.175863935372718
12505	35	0.0485650557047776
12505	36	0.142643765535503
12505	37	0.194510120416872
12505	38	0.176365001671932
12505	39	-0.0104532637199455
12505	40	0.0457202503682907
12505	41	0.244298628092466
12505	42	0.164165569539747
12505	43	0.188240989918157
12505	44	0.134667641129262
12505	45	0.130508920111211
12505	46	0.258721853000367
12505	47	0.0303958445273764
12505	48	0.127281950869843
12505	49	-0.0175504792742984
12505	50	0.132429703695578
12505	51	0.0172378025576165
12505	52	0.134106945423866
12505	53	0.0997013160448006
12505	54	0.0218674599200455
12505	55	0.0761512007531095
12505	56	0.202936717412349
12505	57	0.109736357994599
12505	58	-0.0147134900729853
12505	59	0.201429407407758
12505	60	0.116924126624816
12505	61	0.0877104471024168
12505	62	0.179152803923806
12505	63	0.153951308258357
12505	64	0.106084748762733
12505	65	0.174097588469238
12505	66	-0.0111245280743759
12505	67	0.109170443881894
12505	68	0.0893514027883882
12505	69	0.140895065326106
12505	70	-0.0150295956002893
12505	71	-0.0717037674403613
12505	72	0.148040969033829
12505	73	0.0538808539436815
12505	74	0.348592324841597
12506	1	-0.13933833659306
12506	2	-0.145290224480714
12506	3	0.0239095287332596
12506	4	-0.0716035787177596
12506	5	-0.0753189544756054
12506	6	-0.0521539681739895
12506	7	-0.00836424101971289
12506	8	0.00702090311492043
12506	9	-0.0139546572394167
12506	10	-0.0201658287925852
12506	11	-0.0418151275294107
12506	12	-0.0743693718606551
12506	13	-0.0725144265613125
12506	14	0.0124185829528329
12506	15	-0.0730961523601366
12506	16	-0.126140202628832
12506	17	0.0913375031308163
12506	18	-0.0764258884287017
12506	19	-0.11644384104703
12506	20	-0.0150490832995018
12506	21	-0.0101695930471379
12506	22	-0.0021283170450701
12506	23	-0.00457138514602917
12506	24	-0.0855286301951139
12506	25	0.0538330077513294
12506	26	-0.0434260229752965
12506	27	-0.06820274287562
12506	28	0.0931678674199077
12506	29	0.050347829577305
12506	30	0.0712579858166222
12506	31	-0.0314515709883523
12506	32	-0.0990033690091039
12506	33	-0.0153703351661036
12506	34	0.0146647825401303
12506	35	0.00283250350756958
12506	36	0.116910418226894
12506	37	0.145118700146384
12506	38	-0.0124795047878123
12506	39	0.0511165750075193
12506	40	0.0515186263971898
12506	41	0.208727721566341
12506	42	0.142059789779225
12506	43	0.107183006703771
12506	44	-0.0013508564627287
12506	45	0.0931973816622715
12506	46	0.162854441276636
12506	47	0.171517502606889
12506	48	0.0253882459687773
12506	49	0.174650017360825
12506	50	0.216718727099789
12506	51	0.0801467206319586
12506	52	0.137515415518486
12506	53	0.159061930596351
12506	54	-0.0214563256973861
12506	55	-0.1603045144047
12506	56	-0.0357258706528185
12506	57	0.24783929953918
12506	58	0.0968136064339049
12506	59	0.11787005270839
12506	60	0.00147890089502312
12506	61	0.0198282545565505
12506	62	-0.00690870914284147
12506	63	0.138439230305636
12506	64	0.143062520613995
12506	65	0.0273653188364307
12506	66	-0.0113470197694667
12506	67	-0.00722855664000832
12506	68	0.235678793459584
12506	69	-0.0458986108685764
12506	70	0.015967044621604
12506	71	0.12634266703072
12506	72	0.138307883172146
12506	73	0.140684132632209
12506	74	0.0212870328493011
12507	1	-0.364621475490964
12507	2	0.0213435632671199
12507	3	0.0599366843640681
12507	4	-0.0176663014135308
12507	5	-0.0694168137045672
12507	6	-0.0858369746994398
12507	7	0.0353867830997032
12507	8	-0.0392239923526034
12507	9	-0.134484275576213
12507	10	0.0260585039634904
12507	11	0.0152843092450752
12507	12	-0.0150877173334862
12507	13	-0.0311891598083207
12507	14	-0.0433706235514109
12507	15	0.0407293794590515
12507	16	-0.0623141888710919
12507	17	-0.057548736881003
12507	18	-0.0479266129429874
12507	19	0.0881654192415553
12507	20	0.0357241067802718
12507	21	0.0873625602864294
12507	22	0.049240549082036
12507	23	0.0587482718422407
12507	24	0.0263550105614669
12507	25	0.0779029466736532
12507	26	0.0632359742423176
12507	27	0.0362551887083811
12507	28	0.0242275217735823
12507	29	0.00619133449147569
12507	30	0.0583889413722503
12507	31	0.0596553776016577
12507	32	-0.0453109164880843
12507	33	-0.0562528610381676
12507	34	0.0540558692472999
12507	35	0.0999553303663276
12507	36	0.0908743077780159
12507	37	0.0488748739446763
12507	38	0.194064701333772
12507	39	0.0730259834225819
12507	40	0.0802353673541276
12507	41	0.101184630400823
12507	42	0.175832764175368
12507	43	0.146130212049144
12507	44	0.107893967500232
12507	45	0.33954246899247
12507	46	0.220052329522559
12507	47	0.0718967000472261
12507	48	0.244662148238191
12507	49	0.120277070942798
12507	50	0.229188860281688
12507	51	0.062531726685684
12507	52	0.147544505531449
12507	53	0.110463583052486
12507	54	0.114170663391896
12507	55	0.153752133083429
12507	56	-0.000677359154273915
12507	57	0.196999665191242
12507	58	0.119229304869705
12507	59	0.143016816971013
12507	60	0.14647149226068
12507	61	0.228975506154036
12507	62	0.0419338501670126
12507	63	0.0776101971970462
12507	64	0.122137325942703
12507	65	0.124755573186626
12507	66	0.201531781625633
12507	67	0.267078562182277
12507	68	0.14100574816684
12507	69	0.222575448976308
12507	70	0.213898478979559
12507	71	0.234415227520678
12507	72	0.0986041695471584
12507	73	0.247403169987109
12507	74	0.0159814789065322
12508	1	-0.0485053772831634
12508	2	0.126162528149308
12508	3	-0.0668884000891694
12508	4	0.0859513753594605
12508	5	-0.0236411856987182
12508	6	-0.128517694104211
12508	7	0.0492986781145959
12508	8	0.0893960522681709
12508	9	-0.0652232808696738
12508	10	-0.0240444974151259
12508	11	-0.0139817631795012
12508	12	0.00410658299380628
12508	13	0.0174218343720369
12508	14	0.00367259230159789
12508	15	-0.0802563292641025
12508	16	0.0170387046388996
12508	17	0.10624844906345
12508	18	-0.0112485192183058
12508	19	0.0196709494816005
12508	20	0.0202723214230431
12508	21	0.0850802181166443
12508	22	0.0857592077225746
12508	23	0.0679718282443744
12508	24	0.111013067032005
12508	25	0.182765453645651
12508	26	0.20836846848055
12508	27	0.0290294381006362
12508	28	0.0546217421202329
12508	29	0.0794829323151589
12508	30	-0.0089421258430562
12508	31	-0.0613629548020782
12508	32	-0.0150504795412374
12508	33	0.0988634002880318
12508	34	0.149880958962427
12508	35	0.113080836822661
12508	36	0.0244476379364826
12508	37	0.0930791306357222
12508	38	-0.0356956414206451
12508	39	-0.00243227509073307
12508	40	0.0453224981483089
12508	41	-0.0733563951048737
12508	42	-0.0356144215897842
12508	43	-0.0697761032713373
12508	44	-0.0320823601228426
12508	45	0.0220936851577633
12508	46	-0.0344195854074485
12508	47	-0.14165126367898
12508	48	0.00259412206714416
12508	49	-0.0313987443094561
12508	50	-0.0556863577421609
12508	51	0.0297764238270091
12508	52	-0.0488431906900146
12508	53	-0.0379448949579384
12508	54	-0.00997358324808317
12508	55	-0.00930263185057356
12508	56	0.0756410027834846
12508	57	-0.0163265799465648
12508	58	-0.0126971365060982
12508	59	-0.0578551787498185
12508	60	-0.0279029145359218
12508	61	0.0931367680216937
12508	62	-0.0198129494368402
12508	63	-0.0647557425597185
12508	64	-0.150367867927507
12508	65	0.0148456632767164
12508	66	0.0862120996138813
12508	67	0.0828554397689274
12508	68	0.144813507508182
12508	69	0.0179233756949557
12508	70	0.00890945665828013
12508	71	-0.044408199353569
12508	72	-0.0971877222932847
12508	73	0.0276093834786622
12508	74	-0.0412782984020694
12509	1	0.54913639865719
12509	2	0.0893819305721983
12509	3	-0.00692080212859025
12509	4	0.0824515069643823
12509	5	0.0867672603875107
12509	6	0.110598805749433
12509	7	0.0487535387608631
12509	8	0.0520669117617629
12509	9	-0.00194925105888899
12509	10	0.0664896200263883
12509	11	-0.053510322582099
12509	12	0.0238461867722251
12509	13	-0.0152432730788448
12509	14	0.000765229686919611
12509	15	0.030131553553062
12509	16	0.0737076706099558
12509	17	0.0855081940675717
12509	18	0.0127479648881277
12509	19	0.0237853050826402
12509	20	0.0600717487147264
12509	21	0.0769709156908007
12509	22	0.125909628744871
12509	23	-0.111849847086283
12509	24	0.0875546314968574
12509	25	0.148552144757552
12509	26	0.0635307282732072
12509	27	0.113210498110213
12509	28	0.0860611369191204
12509	29	0.219516667421679
12509	30	0.0518525409809314
12509	31	0.0962926510003399
12509	32	0.131536840324522
12509	33	-0.000999066895822409
12509	34	0.0252662720800316
12509	35	0.119501398503388
12509	36	0.0987801298130222
12509	37	0.0275267900456484
12509	38	-0.0251139377232903
12509	39	-0.11163359417862
12509	40	0.0120364006403832
12509	41	0.12796752621562
12509	42	0.0430602510000355
12509	43	0.232723001444995
12509	44	0.0576362681487836
12509	45	0.211861306866915
12509	46	0.219778141560695
12509	47	0.115350721712637
12509	48	0.102070301030778
12509	49	0.099474461695074
12509	50	0.133626960499264
12509	51	-0.13411362503853
12509	52	0.114005077037483
12509	53	0.0634611650618027
12509	54	-0.0306622544450121
12509	55	0.0885240211463412
12509	56	0.226294224498346
12509	57	0.13995411389282
12509	58	0.037066682477203
12509	59	0.0884058122881655
12509	60	-0.104815948461869
12509	61	0.105394654057179
12509	62	0.0484126201971833
12509	63	0.0742839007052822
12509	64	0.106671360746965
12509	65	0.0717056787446211
12509	66	0.13302520441836
12509	67	0.108620881357545
12509	68	0.164506201549997
12509	69	0.216114343587371
12509	70	0.0832537257161619
12509	71	0.0309775465979385
12509	72	0.246280013048064
12509	73	0.171382970793807
12509	74	0.186222461950734
12510	1	1.12834503404372
12510	2	-0.206715500839444
12510	3	-0.129632817795812
12510	4	-0.147923351821692
12510	5	-0.120985888815849
12510	6	-0.0234379470562516
12510	7	-0.286557273533511
12510	8	-0.0611388125815679
12510	9	-0.0993092677743661
12510	10	-0.153183649018459
12510	11	-0.0750075620490449
12510	12	-0.105633189797061
12510	13	-0.159631582159392
12510	14	-0.187196650521173
12510	15	-0.0242601907001045
12510	16	-0.203336806022016
12510	17	-0.319826876920096
12510	18	-0.157563785881244
12510	19	-0.234325916599325
12510	20	-0.170926682438392
12510	21	-0.277794872822973
12510	22	-0.331639499535804
12510	23	-0.254082567636765
12510	24	-0.092592478885507
12510	25	-0.210427786043198
12510	26	-0.213272082193804
12510	27	-0.0567192048004799
12510	28	-0.103643969447283
12510	29	-0.216746431387342
12510	30	-0.194445511594921
12510	31	-0.22955507523411
12510	32	-0.211714674515775
12510	33	-0.0893596396134697
12510	34	-0.0929106074374886
12510	35	-0.213408334367671
12510	36	0.128469811805559
12510	37	0.068437769169222
12510	38	0.1773298939219
12510	39	0.0903656633915091
12510	40	0.0368207424409519
12510	41	0.11128229880228
12510	42	-0.0635029662474267
12510	43	-0.0410554443822164
12510	44	0.000604249669358126
12510	45	0.124060454367068
12510	46	0.175122475605058
12510	47	0.0460985563851395
12510	48	0.237525673732364
12510	49	0.0800379073564912
12510	50	0.0757424421764128
12510	51	-0.0555631196083084
12510	52	0.0695572910680511
12510	53	0.173059548156836
12510	54	-0.142938893077272
12510	55	-0.0680783728571726
12510	56	0.0369062424076105
12510	57	0.0122561532440812
12510	58	-0.0452379426656648
12510	59	0.00970860258164663
12510	60	0.0684282518082782
12510	61	0.11166665934347
12510	62	0.030165495247644
12510	63	-0.0472198773935943
12510	64	0.0747942779435036
12510	65	0.0100432083476818
12510	66	-0.0870211636809586
12510	67	-0.0684402881443162
12510	68	0.0160010830215995
12510	69	0.142037599262757
12510	70	0.0541058213792383
12510	71	0.0505792541432371
12510	72	0.103971775609864
12510	73	-0.00243493552999752
12510	74	0.315541023955596
12511	1	1.21308498405376
12511	2	0.0983017559178379
12511	3	0.0941411063449635
12511	4	0.0460812382289681
12511	5	0.0173922227766745
12511	6	0.165100463770905
12511	7	0.0752898869455194
12511	8	0.0911936170781971
12511	9	0.142343714524678
12511	10	0.0367365715295946
12511	11	0.106240071536583
12511	12	0.0644148611940949
12511	13	0.0952510401626441
12511	14	0.191913471915434
12511	15	0.0236562717880346
12511	16	0.100981155459628
12511	17	0.101442896080393
12511	18	0.190091868659273
12511	19	0.171346286096188
12511	20	0.108616850772492
12511	21	0.05370944401038
12511	22	0.0815309140270557
12511	23	0.188103311788034
12511	24	-0.0260997781941796
12511	25	0.128274096864679
12511	26	0.0749166809955426
12511	27	0.120558422756751
12511	28	0.276623043177118
12511	29	0.117542093133473
12511	30	0.113106496640377
12511	31	0.182468601248402
12511	32	0.0805877893754712
12511	33	0.0824456040434782
12511	34	-0.068801771766239
12511	35	0.147599784592906
12511	36	0.0753264776646887
12511	37	0.036992578046501
12511	38	0.0453337349847587
12511	39	0.0439937824995695
12511	40	-0.0391354855931922
12511	41	-0.0227563997304614
12511	42	0.0231610807773421
12511	43	-0.0680567812776758
12511	44	0.164591930035002
12511	45	-0.0719654464275337
12511	46	-0.0201365579519717
12511	47	-0.00573040002416292
12511	48	0.0231549622068954
12511	49	-0.0488010571093085
12511	50	-0.16175429241801
12511	51	-0.0725800302291191
12511	52	-0.0794478451014911
12511	53	0.0359433517274113
12511	54	-0.023397262755573
12511	55	0.0323548093572299
12511	56	-0.0516563006536686
12511	57	0.00978586680914617
12511	58	0.0925294800118479
12511	59	-0.0858495342750416
12511	60	-0.0332072570754747
12511	61	-0.11716832024284
12511	62	0.0577411367643066
12511	63	0.0335477221674907
12511	64	-0.0285335771066215
12511	65	0.209293516037455
12511	66	-0.112069876912734
12511	67	0.0230630722917837
12511	68	-0.0230427487301839
12511	69	-0.220803000997201
12511	70	0.0423001806662029
12511	71	0.0440595606762813
12511	72	-0.013101198902767
12511	73	0.00714445227004035
12511	74	0.262894377764411
12512	1	0.242059943446016
12512	2	-0.0584615114170717
12512	3	-0.0306420793622415
12512	4	-0.0417825016105944
12512	5	-0.00141390724773416
12512	6	-0.0339870782799139
12512	7	-0.107200003081033
12512	8	-0.0487780782541094
12512	9	-0.0642694525143668
12512	10	-0.0160303435973361
12512	11	-0.0715363873146302
12512	12	-0.0459641355016132
12512	13	0.0117341391653767
12512	14	-0.0685295580353582
12512	15	-0.16263297664527
12512	16	-0.169024579982242
12512	17	-0.0930551592662638
12512	18	0.000835602062224439
12512	19	-0.0553103309166687
12512	20	-0.0501850552243397
12512	21	-0.0538335615339705
12512	22	-0.0814865204980393
12512	23	-0.121856738430019
12512	24	0.05578757172146
12512	25	-0.0194967511973871
12512	26	0.041138058852944
12512	27	-0.0418932583764828
12512	28	-0.148501676832325
12512	29	-0.16150818908455
12512	30	0.0115853509345172
12512	31	-0.0186510635264199
12512	32	-0.0930714466194758
12512	33	0.074263285834256
12512	34	0.116986599352693
12512	35	-0.178666966856504
12512	36	0.0207192470258519
12512	37	0.037158493488981
12512	38	-0.144695580154298
12512	39	-0.0394612465217463
12512	40	-0.0608432188900352
12512	41	-0.00592087938309049
12512	42	0.01435045914846
12512	43	0.192646518933969
12512	44	-0.130507176302039
12512	45	0.0451160380815239
12512	46	-0.106650716898088
12512	47	-0.074358435728584
12512	48	-0.0565056464265012
12512	49	0.00363772447784783
12512	50	-0.135155781183848
12512	51	0.121236250066531
12512	52	0.0254020898625811
12512	53	-0.248201534700179
12512	54	0.14642355149018
12512	55	-0.156973567855253
12512	56	-0.0671213740643068
12512	57	-0.0787219087047717
12512	58	-0.0894308441428748
12512	59	-0.120160358287805
12512	60	-0.294059209523212
12512	61	-0.0196131807408904
12512	62	-0.130754489245156
12512	63	-0.0273328208655741
12512	64	-0.014664940885126
12512	65	-0.150508065212769
12512	66	-0.115489397484296
12512	67	0.110495765370459
12512	68	-0.0698302024724029
12512	69	-0.146059938727582
12512	70	-0.130830429136495
12512	71	0.0054964868569698
12512	72	-0.0293413192462282
12512	73	-0.0290553876670572
12512	74	-0.351191440093096
12601	1	-1.95298470691219
12601	2	0.26262271588195
12601	3	0.270915721397589
12601	4	0.272127446640322
12601	5	0.238893429755059
12601	6	0.393791291528125
12601	7	0.310849899995155
12601	8	0.29941183152048
12601	9	0.264035993374634
12601	10	0.322374151772983
12601	11	0.328479710270003
12601	12	0.220752120747122
12601	13	0.408680982741963
12601	14	0.296540684945136
12601	15	0.400684941347826
12601	16	0.318094251203433
12601	17	0.329097795415791
12601	18	0.350131198823085
12601	19	0.292885781079669
12601	20	0.230815199630591
12601	21	0.283469475637638
12601	22	0.187152142573595
12601	23	0.175324690088253
12601	24	0.232028918212528
12601	25	0.237862466826492
12601	26	0.214012585651616
12601	27	0.303306334757771
12601	28	0.311239137959191
12601	29	0.303870868155194
12601	30	0.213376749918929
12601	31	0.240602933241654
12601	32	0.28970599849368
12601	33	0.214475644268539
12601	34	0.213662180303523
12601	35	0.254080369289255
12601	36	-0.0120232698418832
12601	37	-0.0748471924134861
12601	38	0.00934541825593982
12601	39	-0.0377679671867526
12601	40	-0.0354333302081216
12601	41	0.0378935908685705
12601	42	0.0221830326843744
12601	43	-0.132090395307337
12601	44	-0.102063206325361
12601	45	-0.0277519364429537
12601	46	-0.0247790996254764
12601	47	0.0066558432195265
12601	48	-0.0308187492741325
12601	49	-0.129326630488556
12601	50	0.0665887938741676
12601	51	-0.100031100975642
12601	52	-0.00789012964475688
12601	53	0.00822985269763876
12601	54	0.0140992581364685
12601	55	-0.0283925900095738
12601	56	-0.0226535869494668
12601	57	0.129865649781365
12601	58	0.213601292965883
12601	59	0.0612697711421433
12601	60	-0.0149824723904004
12601	61	0.0797073811766822
12601	62	0.0538121711615531
12601	63	0.0389439288465354
12601	64	-0.0455764924467061
12601	65	0.0448304887698896
12601	66	-0.0494869686343904
12601	67	-0.109493302780983
12601	68	0.0432491320928747
12601	69	0.13527831292172
12601	70	0.061648731760144
12601	71	0.0409133402643391
12601	72	0.0368945681839463
12601	73	-0.0871656576842241
12601	74	0.0947428023108685
12602	1	0.313272679506486
12602	2	0.226049045437314
12602	3	0.318532693208109
12602	4	0.260287380767998
12602	5	0.268460900451561
12602	6	0.0917836387140198
12602	7	0.175322437048337
12602	8	0.157770593508268
12602	9	-0.0404164429326386
12602	10	0.215319516492542
12602	11	0.206428223299156
12602	12	0.176868317589125
12602	13	0.152722201379952
12602	14	0.203597742002195
12602	15	0.181219911802152
12602	16	0.246186859941204
12602	17	0.0732225653470167
12602	18	0.269063437513388
12602	19	0.284696543454942
12602	20	0.161510007341526
12602	21	0.140409076528847
12602	22	0.104976418462385
12602	23	0.135597866490457
12602	24	0.120799140047261
12602	25	0.293121354746674
12602	26	0.14137745051648
12602	27	0.0589357545000979
12602	28	0.1199805406522
12602	29	0.158703523391068
12602	30	0.122985148640232
12602	31	0.157786649215694
12602	32	0.233300399346149
12602	33	0.280631316069375
12602	34	0.138153607214306
12602	35	0.261446202864768
12602	36	0.126547290413775
12602	37	-0.0145705783588923
12602	38	0.113411038270385
12602	39	-0.0119188835295176
12602	40	0.018727946736
12602	41	-0.11969423912506
12602	42	-0.00596635115277877
12602	43	-0.00413465604296448
12602	44	-0.201438640907874
12602	45	-0.166063497609819
12602	46	-0.0639603654381133
12602	47	-0.0631988154279526
12602	48	0.0704977563047109
12602	49	-0.0822827166480522
12602	50	0.103311729501222
12602	51	0.0984227032443528
12602	52	0.0740123319145027
12602	53	-0.0221398095616934
12602	54	0.0172117451600542
12602	55	0.0257098124818995
12602	56	0.213474002155287
12602	57	0.0735583271327016
12602	58	0.101295474202423
12602	59	0.137156700058846
12602	60	-0.0703107204447377
12602	61	0.134710568255258
12602	62	-0.0213982394870982
12602	63	-0.107596655695488
12602	64	-0.133084021055424
12602	65	-0.0379647942396204
12602	66	-0.0347051572063179
12602	67	-0.2058739865993
12602	68	-0.300977345227579
12602	69	-0.184732008888702
12602	70	0.0810602949619081
12602	71	0.0446244683630255
12602	72	0.0262343237919609
12602	73	0.0443476402991578
12602	74	0.102220611953562
12603	1	0.403267639183905
12603	2	0.00367001317924931
12603	3	-0.0330046051789878
12603	4	0.142835263832513
12603	5	0.167566243193498
12603	6	0.106261965326922
12603	7	0.146882416887053
12603	8	0.167422811250205
12603	9	0.241438395777038
12603	10	0.0537015729441563
12603	11	0.195566328137865
12603	12	0.154892511137518
12603	13	0.107812927186409
12603	14	0.123519617002195
12603	15	0.0584880569634407
12603	16	0.0815573236508769
12603	17	0.0981973637341085
12603	18	0.0313366229972587
12603	19	0.116085152325915
12603	20	0.214962628309273
12603	21	0.196848088625622
12603	22	0.108240027333352
12603	23	0.110484459232396
12603	24	0.170937748918234
12603	25	0.135460064424088
12603	26	0.0417680755164795
12603	27	-0.0333021487257099
12603	28	0.0580601777489775
12603	29	0.135253422584618
12603	30	0.188559745414423
12603	31	0.127746326635048
12603	32	0.159636084830019
12603	33	0.138658029779052
12603	34	0.170890502375599
12603	35	-0.0198415995545886
12603	36	-0.00958277596976842
12603	37	0.0154798277764314
12603	38	-0.0082878237260644
12603	39	-0.0599423244534947
12603	40	-0.0454153993157149
12603	41	-0.0493709838207224
12603	42	0.00620124146368539
12603	43	0.17566905763875
12603	44	-0.142891920188084
12603	45	-0.00385965115849984
12603	46	0.0844517165954528
12603	47	0.069965548180285
12603	48	0.0383349653072642
12603	49	0.175154475597168
12603	50	-0.0423717524376244
12603	51	-0.144392287926358
12603	52	-0.128498352207977
12603	53	0.0841153255619318
12603	54	-0.0402406886203721
12603	55	0.0289159466635738
12603	56	0.0458431380199471
12603	57	0.118995795838792
12603	58	0.119256059519323
12603	59	-0.144042926730833
12603	60	0.0572914012280208
12603	61	-0.105827631300954
12603	62	0.0365918907060916
12603	63	-0.218201144217339
12603	64	0.0200824927084255
12603	65	-0.0989211884282781
12603	66	0.0986916091978358
12603	67	0.0533804695261253
12603	68	-0.0133220227897013
12603	69	-0.0356204932404509
12603	70	-0.0598795603447257
12603	71	-0.0142829417033425
12603	72	0.0531311401867214
12603	73	0.0396703276278956
12603	74	0.207425678277794
12604	1	0.685986546813162
12604	2	0.25401417038816
12604	3	0.110848182231688
12604	4	0.144542421514313
12604	5	-0.00509772407216147
12604	6	0.0678002626682428
12604	7	0.125030568684025
12604	8	0.112579980754198
12604	9	0.0429096021662758
12604	10	0.0542851295856011
12604	11	0.150582550815464
12604	12	-0.0292000697788382
12604	13	0.143951404487794
12604	14	-0.0338024261356793
12604	15	-0.037293390073124
12604	16	0.0111280794831643
12604	17	0.0499486904470174
12604	18	0.0837841455907906
12604	19	0.107438038254877
12604	20	-0.00144559205642736
12604	21	0.0267117721586203
12604	22	0.085573104519149
12604	23	0.127686572778003
12604	24	0.0835416857089015
12604	25	0.156708488131528
12604	26	0.0215004013361551
12604	27	0.0872671556038398
12604	28	0.0613063552395232
12604	29	0.0425163547514984
12604	30	0.0395258813959316
12604	31	0.030381362364345
12604	32	0.14012388169845
12604	33	0.0169680799576994
12604	34	0.0726720413625657
12604	35	-0.0505663328984269
12604	36	0.0570009580996285
12604	37	-0.107394743633655
12604	38	0.0216231697399607
12604	39	-0.077931644747629
12604	40	-0.155815713075881
12604	41	-0.0210510293213346
12604	42	-0.0975761451621509
12604	43	-0.0414919250451433
12604	44	-0.156029279211651
12604	45	-0.239139339770411
12604	46	-0.00728067617620809
12604	47	0.029369457782856
12604	48	-0.116867145834995
12604	49	-0.0203047625370871
12604	50	-0.0223376943703713
12604	51	-0.0290468769677759
12604	52	-0.0519128689535293
12604	53	-0.0787486662072396
12604	54	0.104921681345985
12604	55	-0.0398215902807095
12604	56	0.12147463605605
12604	57	-0.0878726045562388
12604	58	-0.0596838571526916
12604	59	0.0505761026012337
12604	60	0.0243462413160742
12604	61	0.0042352192585895
12604	62	0.0674740815121666
12604	63	-0.102756150203263
12604	64	-0.12641440888477
12604	65	-0.0421628837318266
12604	66	-0.0965838953912836
12604	67	0.0988472565819052
12604	68	-0.003257867900615
12604	69	-0.0722339250087671
12604	70	0.085933033836092
12604	71	-0.0446780234100217
12604	72	-0.123961635573892
12604	73	-0.100392810536164
12604	74	0.210236782609257
12605	1	1.03605349862086
12605	2	0.139816920395742
12605	3	-0.0387100225065069
12605	4	0.028752628523236
12605	5	0.0306229070515478
12605	6	0.0430064265679988
12605	7	0.0789313240044152
12605	8	0.027952029132841
12605	9	-0.00178127115397331
12605	10	0.131531048558749
12605	11	0.0205942077968686
12605	12	0.0567214167679708
12605	13	0.110163492214163
12605	14	-0.0305220042309529
12605	15	0.0979817623559924
12605	16	0.111100778746042
12605	17	0.165952989229751
12605	18	0.111537728270854
12605	19	0.0736284587295586
12605	20	0.0745414595939664
12605	21	-0.00867735001434511
12605	22	-0.0109588351765595
12605	23	0.0111817604814064
12605	24	0.0468741956866694
12605	25	0.0362927369062476
12605	26	-0.0971733028538608
12605	27	0.160623802899984
12605	28	0.0823929245768937
12605	29	0.0143272603126121
12605	30	0.130660508697538
12605	31	0.105051045112447
12605	32	0.18789800493311
12605	33	0.000858478331785761
12605	34	0.0913448788625146
12605	35	0.0412833137086963
12605	36	-0.0808749065172734
12605	37	-0.152840923583433
12605	38	0.111044569136524
12605	39	-0.109284312659483
12605	40	0.0296351192140989
12605	41	-0.0237422028741534
12605	42	0.068152527620974
12605	43	-0.0907164209846059
12605	44	-0.170183682172727
12605	45	-0.0271363020659265
12605	46	-0.171962230331495
12605	47	-0.0393698948576855
12605	48	0.055832169313156
12605	49	-0.0615215508177869
12605	50	-0.0763165984820233
12605	51	-0.158475305836745
12605	52	-0.0496884306584207
12605	53	-0.00512577604931153
12605	54	0.11239265653542
12605	55	-0.0954800813280627
12605	56	-0.0196150593331339
12605	57	-0.105693115530222
12605	58	-0.125427573180197
12605	59	-0.21054077923089
12605	60	-0.0559523488238369
12605	61	-0.156142035493517
12605	62	-0.0651438106367337
12605	63	-0.158370449966
12605	64	-0.116011493119515
12605	65	-0.0811252693030156
12605	66	0.0849438770885982
12605	67	-0.169529329733123
12605	68	-0.0603183681894706
12605	69	-0.176991149765996
12605	70	0.0115969475590347
12605	71	0.000739930989524851
12605	72	-0.0732448210827101
12605	73	-0.288663948923698
12605	74	0.271282289396851
12606	1	1.9254190814916
12606	2	0.0799200131792475
12606	3	0.128185298667166
12606	4	0.114319638832512
12606	5	0.0688703297319613
12606	6	0.119128551865387
12606	7	0.172357176502437
12606	8	0.037218484327127
12606	9	0.0279768573154939
12606	10	0.00354532294415577
12606	11	0.0444245012147917
12606	12	0.0119117419067436
12606	13	0.00235619641717477
12606	14	-0.000633027228573724
12606	15	-0.0240840584211739
12606	16	0.0416955448047247
12606	17	0.103185344503338
12606	18	0.0331515268434188
12606	19	0.126055104248991
12606	20	0.0775708013861944
12606	21	-0.0204656132974534
12606	22	0.023834979256435
12606	23	0.0802380650016232
12606	24	0.088888470072078
12606	25	-0.00415532019129472
12606	26	-0.0495840879450569
12606	27	0.0190536205050549
12606	28	-0.0335864568664093
12606	29	0.00483875912308207
12606	30	-0.036896985354808
12606	31	0.121688634327356
12606	32	0.00950387329155689
12606	33	0.089986154779055
12606	34	-0.0481119014705556
12606	35	0.0502365254454133
12606	36	-0.0745857874826328
12606	37	-0.103903207038627
12606	38	-0.158227840314076
12606	39	0.00146476790614969
12606	40	-0.0334637661871042
12606	41	0.0406059855112133
12606	42	-0.0794719797689609
12606	43	0.0181724887886503
12606	44	0.0361912716206021
12606	45	-0.0649020295624965
12606	46	0.0103789910281975
12606	47	-0.10286443463928
12606	48	0.0133283004837068
12606	49	-0.00956172634204933
12606	50	-0.0368798944570159
12606	51	-0.0232929841204097
12606	52	-0.0718315703012422
12606	53	-0.0696202738026841
12606	54	0.0164353876721748
12606	55	0.00977450246080025
12606	56	-0.187981702150672
12606	57	0.152003323065543
12606	58	0.15472679050189
12606	59	0.0987549635227367
12606	60	-0.197066141363102
12606	61	-0.0623110158096694
12606	62	0.0777991160418523
12606	63	0.018469820800469
12606	64	0.0315259436448372
12606	65	-0.0957416507405142
12606	66	-0.0586874053176913
12606	67	0.16024235852116
12606	68	-0.111227954787651
12606	69	-0.158637439983714
12606	70	-0.0870314916709063
12606	71	-0.058278676056851
12606	72	0.132057543145656
12606	73	-0.0195768895140631
12606	74	0.0620102737196504
12607	1	0.204975132331906
12607	2	0.00843215100227113
12607	3	-0.025609954630827
12607	4	0.0263791533195921
12607	5	0.00309537641589586
12607	6	-0.0702329323825523
12607	7	-0.117638004510759
12607	8	0.0651634876401843
12607	9	-0.0936438281853782
12607	10	-0.0761492737668803
12607	11	-0.131079986466673
12607	12	-0.0768958600449423
12607	13	-0.006212865687516
12607	14	-0.0425455626180096
12607	15	0.0213906117794167
12607	16	0.0124093572256641
12607	17	0.0928937958014586
12607	18	-0.0152404374960824
12607	19	-0.0090277220867705
12607	20	-0.0547778523093641
12607	21	0.0371191707517013
12607	22	-0.0659111203761213
12607	23	0.0357961639113284
12607	24	0.0643007946308387
12607	25	-0.0441405620441913
12607	26	-0.00138879850466367
12607	27	-0.00339562954012251
12607	28	-0.0344448388915879
12607	29	-0.123884510559471
12607	30	-0.104851325454796
12607	31	-0.0143983483845247
12607	32	0.0355959761769213
12607	33	0.0537841187571289
12607	34	0.0366152234014407
12607	35	0.0686155387578609
12607	36	0.0233383680521797
12607	37	-0.0677841956777812
12607	38	0.0294833341368843
12607	39	-0.000971937911984355
12607	40	0.167259972503999
12607	41	-0.0116540889871928
12607	42	-0.0759650959548424
12607	43	-0.0369698242597352
12607	44	-0.0252444820322069
12607	45	0.0330926854547329
12607	46	-0.111793124484649
12607	47	-0.105175063843774
12607	48	-0.0485711297678577
12607	49	-0.0542804653898159
12607	50	-0.158431861903509
12607	51	-0.143854792676251
12607	52	-0.123958279624091
12607	53	0.0588736611833411
12607	54	-0.0535290628467209
12607	55	-0.046703181009029
12607	56	0.0607716193882695
12607	57	0.115225939727928
12607	58	-0.0237663133748498
12607	59	-0.0223294673917778
12607	60	-0.13390950602102
12607	61	-0.103743224574096
12607	62	-0.0893940284729737
12607	63	0.0420184555366063
12607	64	-0.211172783442095
12607	65	-0.12992914740483
12607	66	-0.134731983394609
12607	67	-0.105018361091517
12607	68	-0.165405416140302
12607	69	-0.127993169968015
12607	70	-0.131552697357662
12607	71	-0.0388235178855609
12607	72	-0.0884898032726298
12607	73	-0.116768838769225
12607	74	0.0118891823873923
12608	1	0.594445769089713
12608	2	0.11957464426245
12608	3	0.0430440113830208
12608	4	0.0384954630083385
12608	5	0.0682266876597453
12608	6	0.0962400118339914
12608	7	0.11855811841766
12608	8	0.0232545910775244
12608	9	0.0877492278021563
12608	10	0.0347541141529462
12608	11	0.0379880804926529
12608	12	0.0340232018753497
12608	13	0.102144265490956
12608	14	0.0284407561309195
12608	15	0.0520148426777283
12608	16	-0.0244896985233751
12608	17	0.0997316553353684
12608	18	-0.0514403098912766
12608	19	0.0422717447513463
12608	20	0.122405966221358
12608	21	-0.00719245788144462
12608	22	0.120969987105724
12608	23	0.111855019475726
12608	24	-0.0098713415448799
12608	25	0.13608800790918
12608	26	0.0914363202182074
12608	27	0.146745928197369
12608	28	0.0260681742167961
12608	29	0.0820051641466293
12608	30	0.181595950280986
12608	31	0.133211397278693
12608	32	0.21120716999485
12608	33	0.16552775603494
12608	34	0.0885207515906714
12608	35	0.0377875458535755
12608	36	0.0132871659062346
12608	37	0.10355527051194
12608	38	0.00938536361671538
12608	39	-0.0176012457304111
12608	40	0.013420459779546
12608	41	-0.0483153960452398
12608	42	-0.0514349857792453
12608	43	0.0194581418083999
12608	44	0.179356687356403
12608	45	0.0302258688176877
12608	46	0.0881442778054762
12608	47	0.0844643020335027
12608	48	-0.0801249713259224
12608	49	0.0518277240546254
12608	50	0.0717652647464817
12608	51	0.13051747451803
12608	52	-0.0708512440068532
12608	53	0.0199314168044396
12608	54	0.0725943245225977
12608	55	-0.0987858943100619
12608	56	-0.096074926089365
12608	57	-0.0139233164317218
12608	58	-0.138154634148805
12608	59	-0.209174848777586
12608	60	-0.0642573853726915
12608	61	-0.0602096312211771
12608	62	0.0399458691015866
12608	63	0.211543050914067
12608	64	-0.0715038734088367
12608	65	-0.035954336723286
12608	66	-0.064486746997936
12608	67	0.129826115191214
12608	68	0.088493559651134
12608	69	-0.0133855547375532
12608	70	-0.00519890674394219
12608	71	-0.0598026457434671
12608	72	-0.0548304780270001
12608	73	0.0563438652578725
12608	74	0.1655063327077
12609	1	1.18589412727914
12609	2	0.0327622750840106
12609	3	0.0570623591067267
12609	4	0.0967601150229882
12609	5	0.164683058669688
12609	6	-0.00532657633974054
12609	7	0.100435244267999
12609	8	0.0708082279168707
12609	9	0.08794137196751
12609	10	0.00693818008701186
12609	11	0.121570792423583
12609	12	0.0166484635184645
12609	13	0.0417414986149751
12609	14	0.236782265811719
12609	15	0.0453184141062977
12609	16	0.168071460555637
12609	17	0.0611065899245844
12609	18	0.000867872997261543
12609	19	0.0517808368497228
12609	20	0.083601021166416
12609	21	0.0954902017208639
12609	22	0.0120160690000191
12609	23	-0.0466025943390349
12609	24	-0.060405257034148
12609	25	-0.0194506498616249
12609	26	0.0725530457545744
12609	27	0.145715708417143
12609	28	0.0831717848918316
12609	29	-0.0386491071772852
12609	30	-0.063077159347479
12609	31	0.0402463266350495
12609	32	0.0486613824490689
12609	33	0.109658773826673
12609	34	0.0967461571375026
12609	35	0.0497454540168434
12609	36	0.00597032264399644
12609	37	-0.0252469690563828
12609	38	-0.0597536861723711
12609	39	0.000847721706747961
12609	40	-0.0250101890859185
12609	41	0.0322012082325145
12609	42	0.0135449735375701
12609	43	0.0413271611991135
12609	44	0.0222255317221212
12609	45	-0.0211213055238701
12609	46	0.0892069175591601
12609	47	0.0653884132994094
12609	48	-0.140311923675107
12609	49	-0.142459247680968
12609	50	0.131087216976688
12609	51	0.0507274681974934
12609	52	-0.0193872171436666
12609	53	0.0791390728688768
12609	54	0.0902442143145095
12609	55	0.0026640046816695
12609	56	0.0767767986004344
12609	57	0.0261161205792817
12609	58	0.0460148483687632
12609	59	0.0445130478646405
12609	60	-0.190275355560985
12609	61	-0.159474918629506
12609	62	-0.167106803195061
12609	63	-0.0329350508150767
12609	64	-0.0368570454166814
12609	65	0.0912092996403544
12609	66	-0.00425537620852623
12609	67	0.124981401424023
12609	68	0.121167249856143
12609	69	0.102837294616904
12609	70	0.0383840415417893
12609	71	0.0190929853545967
12609	72	-0.155560990361998
12609	73	-0.0657024793896497
12609	74	-0.00953759896054862
12610	1	0.765706636260479
12610	2	0.0190863654991276
12610	3	0.144688069754999
12610	4	0.0189216757996959
12610	5	0.130934282376824
12610	6	0.024776057886335
12610	7	0.0620873218757367
12610	8	-0.0487535726615249
12610	9	-0.0617302198397098
12610	10	-0.0111698788664825
12610	11	0.000996767123154996
12610	12	0.0297109758678076
12610	13	0.0348964569864805
12610	14	0.014621883835467
12610	15	0.0138486520219132
12610	16	0.0364771946901072
12610	17	-0.0139852442440116
12610	18	0.11728915270303
12610	19	0.0819460597665014
12610	20	-0.017373341607744
12610	21	0.0891677616263777
12610	22	0.0660650520881632
12610	23	0.0572093095247368
12610	24	0.158736132782813
12610	25	-0.0497719235049914
12610	26	-0.000149331829803145
12610	27	-0.0435306002534332
12610	28	-0.0855044558798426
12610	29	0.0432305125978232
12610	30	0.0444531582774985
12610	31	-0.028395223723308
12610	32	-0.0163567598512344
12610	33	0.121676083107985
12610	34	0.0439858555442143
12610	35	0.047260290062539
12610	36	0.18543638623624
12610	37	-0.0338470663432702
12610	38	0.0208883957091217
12610	39	-0.00117913677559756
12610	40	0.0174121675455652
12610	41	0.0511094678147472
12610	42	0.0610324124711923
12610	43	0.0661988841345647
12610	44	0.0523115173513844
12610	45	0.08953606661062
12610	46	0.067312289081535
12610	47	0.0507298749043983
12610	48	0.0615172272733204
12610	49	0.197861021834186
12610	50	0.0778125290035447
12610	51	0.0938146625799305
12610	52	0.0146038218553244
12610	53	0.12127528828708
12610	54	0.144800284923747
12610	55	0.0151912992091638
12610	56	0.0219304160319282
12610	57	0.118018106374343
12610	58	0.139504580294279
12610	59	0.0564175812659116
12610	60	-0.0328774394400284
12610	61	0.0459522053441788
12610	62	-0.0687131165590387
12610	63	0.0481301322882288
12610	64	0.0146709463655483
12610	65	0.0712555246018312
12610	66	-0.068785345049875
12610	67	0.128236277559289
12610	68	0.0749237398313127
12610	69	0.18319322879551
12610	70	0.0569723886604478
12610	71	0.0346856348408053
12610	72	-0.093661156724103
12610	73	0.251870675826638
12610	74	0.223525137364604
12611	1	0.528063770136285
12611	2	-0.202079986820753
12611	3	-0.152279902798035
12611	4	-0.0325375040246279
12611	5	-0.0721919413303098
12611	6	0.0251138998507301
12611	7	-0.156353446208186
12611	8	-0.120001295892649
12611	9	-0.0497996994610617
12611	10	0.0664977038965375
12611	11	-0.115890517100226
12611	12	-0.0136670126720091
12611	13	-0.0152079061469266
12611	14	-0.0372117818073292
12611	15	-0.00598515732227156
12611	16	-0.135505920396739
12611	17	-0.129393410075416
12611	18	-0.0905517698598786
12611	19	-0.23267749648361
12611	20	0.0278272116426024
12611	21	0.0326955588637148
12611	22	-0.161040478619029
12611	23	-0.138721641958078
12611	24	-0.177836804653197
12611	25	-0.169587554623526
12611	26	-0.152932073293044
12611	27	-0.0225581011066609
12611	28	-0.079352024631973
12611	29	0.0848717261560452
12611	30	-0.00203251649033831
12611	31	-0.110765578126852
12611	32	-0.146910046122365
12611	33	-0.107442416649519
12611	34	-0.192980033338685
12611	35	-0.0167158555069662
12611	36	-0.00644405714778884
12611	37	0.0873184698222218
12611	38	-0.034808828903536
12611	39	0.00463887620796299
12611	40	0.167867988482776
12611	41	0.058185195678071
12611	42	0.110386158880068
12611	43	-0.0281944825309495
12611	44	0.139502340299742
12611	45	0.111371071128247
12611	46	0.211038149249838
12611	47	0.257906369733753
12611	48	0.128035379039225
12611	49	0.0850620702875133
12611	50	0.0577135389494572
12611	51	0.0386628689677408
12611	52	-0.0490760045706367
12611	53	-0.0506881969400084
12611	54	0.153013851717276
12611	55	0.0827335114094438
12611	56	-0.0201691277211324
12611	57	0.109387865797054
12611	58	0.0727423729269603
12611	59	0.0488154807473364
12611	60	0.122551508559013
12611	61	-0.0143871435376539
12611	62	0.227774183165302
12611	63	0.157740659571871
12611	64	0.0851706307988138
12611	65	0.0285751394299609
12611	66	0.130545256413761
12611	67	0.147527561967109
12611	68	0.162583935237983
12611	69	0.0774818496091214
12611	70	0.0409181473108191
12611	71	0.0831777919991268
12611	72	0.00126528622723754
12611	73	0.193859255671548
12611	74	-0.0561581367511081
12612	1	-0.335772472052899
12612	2	-0.13012523568953
12612	3	-0.087900674183512
12612	4	-0.197822140956326
12612	5	-0.109244300735611
12612	6	-0.160916697003394
12612	7	-0.154535734508123
12612	8	-0.00554923814647879
12612	9	-0.123342901357205
12612	10	-0.177269156693853
12612	11	-0.15451969184705
12612	12	-0.165064125363237
12612	13	-0.182508056976488
12612	14	-0.238596828133552
12612	15	-0.0998382062341463
12612	16	-0.193734319448666
12612	17	-0.307523554440856
12612	18	-0.0729796948760395
12612	19	-0.111697535268355
12612	20	-0.0526101940889205
12612	21	-0.202147362920378
12612	22	-0.211270601437384
12612	23	-0.236338103927487
12612	24	-0.102423747122494
12612	25	-0.0989290758474013
12612	26	-0.0983472855317871
12612	27	-0.0127563342460704
12612	28	-0.167447693668819
12612	29	-0.153388993516437
12612	30	-0.238903018537307
12612	31	-0.052655257075358
12612	32	-0.279312114642082
12612	33	-0.0847800593989234
12612	34	0.0747614016968612
12612	35	-0.162915812412805
12612	36	-0.0569656593787755
12612	37	-0.201009144332637
12612	38	-0.191193680285622
12612	39	-0.085662258120685
12612	40	-0.0644357432438056
12612	41	-0.00875445488102145
12612	42	-0.0465202349402318
12612	43	-0.0225554263717882
12612	44	-0.0695615859446832
12612	45	0.0315922685023864
12612	46	-0.108415772296361
12612	47	0.0234136499327775
12612	48	-0.0589198028198936
12612	49	0.0736582460554658
12612	50	-0.00270921967154436
12612	51	0.00324217186483367
12612	52	0.0270523043155606
12612	53	0.0586035402709868
12612	54	-0.0723085046121241
12612	55	-0.0317020688813372
12612	56	0.0432956982904784
12612	57	-0.0342320640768676
12612	58	0.0707467775061303
12612	59	0.0335861942623339
12612	60	-0.0142995529719698
12612	61	-0.0930725463973374
12612	62	-0.00696376069962668
12612	63	-0.0513806116978586
12612	64	-0.00440755046718522
12612	65	0.0139488716261553
12612	66	-0.0730846177007436
12612	67	-0.105222892811057
12612	68	0.0270182820885196
12612	69	-0.191126451581667
12612	70	-0.0427267597030792
12612	71	-0.0561933411618369
12612	72	-0.0519841569345374
12612	73	-0.130517096525999
12612	74	-0.0721656709930087
13101	1	-2.70602155879298
13101	2	0.265604020886379
13101	3	0.21837575368421
13101	4	0.101795554054092
13101	5	0.191204700563439
13101	6	0.199574676068735
13101	7	0.352308265875486
13101	8	0.293688767415908
13101	9	0.341053039322318
13101	10	0.403757268994255
13101	11	0.372503647502029
13101	12	0.262250410944837
13101	13	0.296622537012993
13101	14	0.218867491520498
13101	15	0.239999978928765
13101	16	0.191456920230841
13101	17	0.228389138782276
13101	18	0.320066451995338
13101	19	0.291347826940559
13101	20	0.292490024744723
13101	21	0.218952646669941
13101	22	0.384243308884415
13101	23	0.221877312074398
13101	24	0.269478361875841
13101	25	0.329583378489602
13101	26	0.299108664389308
13101	27	0.272713024684691
13101	28	0.354015440273059
13101	29	0.212153862131828
13101	30	0.344951243487643
13101	31	0.330720796769924
13101	32	0.16631208434832
13101	33	0.26742353435516
13101	34	0.257651400737835
13101	35	0.265246159356778
13101	36	-0.00948257729361757
13101	37	0.0162512961111929
13101	38	-0.0824539002655627
13101	39	-0.122290182291856
13101	40	0.0198701853527794
13101	41	-0.0703042084723009
13101	42	-0.0410516550771902
13101	43	-0.0615157473222183
13101	44	-0.126680637736925
13101	45	0.000652271583504671
13101	46	-0.119649754622209
13101	47	-0.0980951183322318
13101	48	0.0501319490773753
13101	49	0.148525860278404
13101	50	-0.0735612179089387
13101	51	0.186927091997056
13101	52	0.0624188327502466
13101	53	0.0866189746003911
13101	54	0.0231857455789921
13101	55	0.128810275218584
13101	56	-0.0145383882700614
13101	57	0.0145854248406039
13101	58	-0.0349125202457685
13101	59	-0.0911618004959536
13101	60	-0.012003477017565
13101	61	0.0602580397512966
13101	62	0.018987769891929
13101	63	-0.0391835696600893
13101	64	0.0644036126054743
13101	65	0.00714496179580948
13101	66	0.0546481584262253
13101	67	-0.0339410310115298
13101	68	-0.0549960236822002
13101	69	0.0158795430890635
13101	70	0.0306014911098558
13101	71	0.0206508431313495
13101	72	0.0229156345522341
13101	73	-0.0575283141378122
13101	74	0.114235880153551
13102	1	0.251522985753933
13102	2	0.0436888984385391
13102	3	0.166215420852044
13102	4	0.126937033687557
13102	5	0.137723864926858
13102	6	0.250317734263227
13102	7	0.364593568122245
13102	8	0.189411059004392
13102	9	0.273982291244572
13102	10	0.191381174312063
13102	11	0.197725691653588
13102	12	0.0565794241632389
13102	13	0.122878387578403
13102	14	0.176841923300685
13102	15	0.20147818048325
13102	16	0.168869587585135
13102	17	0.0483450643261918
13102	18	0.197233098599547
13102	19	0.182251667995573
13102	20	0.101255821959739
13102	21	0.136402339084995
13102	22	0.159090342513018
13102	23	0.0704896590588575
13102	24	0.0702887276340363
13102	25	0.134663821059455
13102	26	0.182797417850082
13102	27	0.259083774099935
13102	28	0.290289850574624
13102	29	0.20813696561239
13102	30	0.11674280482643
13102	31	0.310599021612589
13102	32	0.243437189872893
13102	33	0.313746873439733
13102	34	0.304262222975844
13102	35	0.288247958683471
13102	36	0.00615275804432258
13102	37	0.0482773039736344
13102	38	0.0625477317249192
13102	39	0.132896803378401
13102	40	0.116628445679808
13102	41	-0.100119085870823
13102	42	0.0930257503756806
13102	43	0.0449479216399169
13102	44	-0.0136537209399421
13102	45	0.0485045513104012
13102	46	0.0972414742016312
13102	47	-0.042963451239352
13102	48	-0.0312124154695894
13102	49	0.0620070224054246
13102	50	0.178526478923075
13102	51	-0.0550596822976317
13102	52	0.0730140376494646
13102	53	0.096672970244299
13102	54	0.169987687888536
13102	55	0.0376198066846456
13102	56	0.014467625171747
13102	57	0.0133955994555137
13102	58	0.204061759510154
13102	59	0.046424126745876
13102	60	0.20164576462863
13102	61	0.0524255830215239
13102	62	0.0528064298062247
13102	63	-0.0485519786523412
13102	64	0.228448622116503
13102	65	0.0478804891473672
13102	66	0.0777884203304069
13102	67	0.0249049437338371
13102	68	0.0887358077131495
13102	69	0.160977308202462
13102	70	0.0252075291133949
13102	71	0.0615914163906268
13102	72	-0.108379932327395
13102	73	-0.0298742666753427
13102	74	0.323953966944806
13103	1	-0.411293807730427
13103	2	0.197455538960813
13103	3	0.243009465568068
13103	4	0.116065477240959
13103	5	0.132670885651883
13103	6	0.319924641687052
13103	7	0.212739761842386
13103	8	0.238845174729704
13103	9	0.180902463986534
13103	10	0.262526240524345
13103	11	0.15275236904327
13103	12	0.168643526159848
13103	13	0.202039353292783
13103	14	0.151354542651809
13103	15	0.095269294275667
13103	16	0.280462526909098
13103	17	0.283276852670369
13103	18	0.1597093518848
13103	19	0.319481195007604
13103	20	0.414315234379103
13103	21	0.146305210276047
13103	22	0.263345113864005
13103	23	0.227203304390741
13103	24	0.293550701871943
13103	25	0.312216053055842
13103	26	0.196417036387366
13103	27	0.208880910551592
13103	28	0.256327344314144
13103	29	0.265222749878568
13103	30	0.183547438268668
13103	31	0.0948164646780896
13103	32	0.169282286108945
13103	33	0.284517214462369
13103	34	0.33227302622862
13103	35	0.1734318157418
13103	36	0.116697620432632
13103	37	-0.0147031752215696
13103	38	0.195326433435824
13103	39	0.0244076922020682
13103	40	0.15398812333585
13103	41	0.203012843627647
13103	42	0.248159727473009
13103	43	0.0963885779585354
13103	44	0.0619662993322336
13103	45	0.110600500407124
13103	46	0.174141923124431
13103	47	0.131518263037051
13103	48	-0.0123864287633566
13103	49	0.205431166136812
13103	50	0.224190005575828
13103	51	0.062173674677517
13103	52	-0.0516501873880344
13103	53	0.184654502451522
13103	54	0.13335015526566
13103	55	0.237680974583732
13103	56	0.188799175973884
13103	57	0.14255681257395
13103	58	0.178389570736364
13103	59	0.221173302000103
13103	60	-0.0916729443466409
13103	61	0.209263379766462
13103	62	0.211726727955735
13103	63	-0.000873265518166022
13103	64	0.0894239973971196
13103	65	0.140218551616229
13103	66	0.0804805556692187
13103	67	0.160232174522164
13103	68	0.0721318758023344
13103	69	0.0785971725825405
13103	70	0.0545470596479021
13103	71	0.159885192189257
13103	72	0.379943493446603
13103	73	0.143935054485688
13103	74	0.20952009756509
13104	1	-0.280485904886927
13104	2	-0.160036214437145
13104	3	0.133903410638759
13104	4	-0.0363767399975714
13104	5	-0.073364510636587
13104	6	-0.0893935945119111
13104	7	-0.197427328685968
13104	8	-0.0160235800152151
13104	9	-0.178020418389302
13104	10	-0.164632154174825
13104	11	-0.0557912996973897
13104	12	-0.021219207923366
13104	13	-0.0324197379548608
13104	14	-0.0598025763424133
13104	15	0.056292598348243
13104	16	-0.0558868727776911
13104	17	-0.0406559117334595
13104	18	0.0129643463358988
13104	19	-0.0752730661878189
13104	20	-0.0819008690046985
13104	21	-0.0121676855984134
13104	22	-0.0293614760987992
13104	23	-0.0214583444385141
13104	24	-0.0516704695954999
13104	25	-0.114102211739855
13104	26	-0.00886628207405238
13104	27	-0.0720394646827316
13104	28	-0.0583423416501461
13104	29	-0.128269539263769
13104	30	0.0856629338346409
13104	31	-0.222350668987715
13104	32	-0.236273622193458
13104	33	-9.34313729530345e-05
13104	34	-0.0559390464704066
13104	35	-0.0301733432374363
13104	36	-0.00774447470497108
13104	37	-0.0494836304985853
13104	38	0.0435136922876893
13104	39	0.033534349595854
13104	40	-0.00255048834371507
13104	41	0.0173524308246797
13104	42	0.120004650572071
13104	43	-0.0299084259424731
13104	44	-0.0255253404217655
13104	45	0.0241234148088623
13104	46	-0.0171673620414836
13104	47	-0.0416389386178153
13104	48	0.0336868619898638
13104	49	-0.125485488089922
13104	50	-0.0136230808781477
13104	51	0.0388787896225011
13104	52	0.0162488763053474
13104	53	0.116375589217888
13104	54	-0.117141064800933
13104	55	-0.0111396857130543
13104	56	-0.0946232839191623
13104	57	-0.0763107169553479
13104	58	0.0670340145278701
13104	59	-0.0260522605032421
13104	60	-0.063680386492976
13104	61	-0.0526579948494614
13104	62	-0.177218300439826
13104	63	-0.187633302560421
13104	64	-0.0392652189849514
13104	65	0.0778444442600588
13104	66	0.0432729896742856
13104	67	-0.0149074495121297
13104	68	-0.0321184672108927
13104	69	0.126391351416913
13104	70	-0.106927466122933
13104	71	-0.00819932744582985
13104	72	0.0644465877140448
13104	73	0.087679338116665
13104	74	0.0199491774081011
13105	1	-1.70165123327277
13105	2	0.00358994535709201
13105	3	0.097409981294259
13105	4	0.0643573178076444
13105	5	0.186751611976469
13105	6	-0.0650399021372792
13105	7	0.103363494976726
13105	8	0.0751099109110953
13105	9	0.0779870016549538
13105	10	0.116001992122754
13105	11	0.110910502026336
13105	12	0.190362556352284
13105	13	0.102089255370281
13105	14	0.1534281866141
13105	15	0.142525123655233
13105	16	0.0935371771738644
13105	17	0.0695148326489559
13105	18	0.174267694022127
13105	19	0.142749208938575
13105	20	0.297116334978448
13105	21	0.133740809518613
13105	22	0.236569023659655
13105	23	0.188911185400443
13105	24	0.246608022561787
13105	25	0.186816507528839
13105	26	0.24353457184278
13105	27	0.116167990686499
13105	28	0.237426817726373
13105	29	0.22661227949871
13105	30	0.165258831699276
13105	31	-0.0295304254372937
13105	32	0.216471875146524
13105	33	0.144447345434671
13105	34	0.28093018304628
13105	35	-0.017231447425722
13105	36	-0.0665236801013123
13105	37	0.0327141112010096
13105	38	0.110133832367936
13105	39	-0.0857062475385888
13105	40	0.100492461627226
13105	41	-0.00752539054474255
13105	42	-0.0234900150899193
13105	43	0.0069768693391552
13105	44	0.0378852066548916
13105	45	0.149138591558916
13105	46	0.04115660657218
13105	47	0.121804780962293
13105	48	0.117133459939225
13105	49	-0.016502099340407
13105	50	-0.00309442090066625
13105	51	0.110006011961573
13105	52	0.0302834455970995
13105	53	0.205772421294427
13105	54	0.128750541967143
13105	55	0.177115737540738
13105	56	0.0710602691689743
13105	57	0.0300917069566182
13105	58	0.134324834395024
13105	59	0.143539769269204
13105	60	0.0238630957025734
13105	61	0.0298976716425869
13105	62	0.125175042316883
13105	63	0.0707137640567481
13105	64	0.108225230497332
13105	65	-0.0633187726697457
13105	66	-0.00913897667327745
13105	67	0.0843098214510718
13105	68	0.197192851652666
13105	69	0.139303572078745
13105	70	0.204759375218558
13105	71	0.0944612488135093
13105	72	0.0274306524444512
13105	73	-0.0274887204347394
13105	74	0.355937957796726
13106	1	-0.883002282091059
13106	2	-0.107514702642565
13106	3	-0.169524142429374
13106	4	-0.0441289018740925
13106	5	-0.053850927505426
13106	6	-0.0476172829449624
13106	7	0.0289706705352799
13106	8	-0.151734014786662
13106	9	-0.148269745544006
13106	10	-0.091708133277038
13106	11	-0.0419396722461585
13106	12	-0.212782220045277
13106	13	-0.0660373992344887
13106	14	-0.175780138182141
13106	15	-0.208737845494312
13106	16	-0.0555028482001205
13106	17	-0.00254548380813446
13106	18	-0.0751569925941382
13106	19	0.0149384789388165
13106	20	0.104002326849979
13106	21	-0.0319219526570222
13106	22	-0.151206377236541
13106	23	-0.169778477595564
13106	24	-0.132349861488834
13106	25	-0.0105460799691528
13106	26	-0.0797247000211527
13106	27	-0.0353998829807054
13106	28	-0.083686894063618
13106	29	-0.0733433276073896
13106	30	0.141475932050369
13106	31	0.0594955585858941
13106	32	-0.138166574540179
13106	33	-0.0566958728707192
13106	34	-0.0904178213571214
13106	35	-0.128549956889458
13106	36	-0.0407954346934289
13106	37	0.0271169808899216
13106	38	0.0382679161084312
13106	39	-0.0105212226968092
13106	40	0.0305747177964406
13106	41	0.0818637697826361
13106	42	0.00976291747651459
13106	43	0.0172331210141721
13106	44	0.0246912346508523
13106	45	-0.0230942820469551
13106	46	0.0270317857170141
13106	47	0.0532604461850426
13106	48	0.103530607125563
13106	49	0.00539988388706547
13106	50	-0.0747738102136424
13106	51	0.176290999238923
13106	52	-0.0380611136006266
13106	53	0.0639553280449192
13106	54	0.0351732331810339
13106	55	-0.0390184147536772
13106	56	0.100105486721731
13106	57	0.106188754444183
13106	58	0.0801353453273137
13106	59	0.264790824982704
13106	60	0.163990217833991
13106	61	-0.0325661341325301
13106	62	-0.0088891659341428
13106	63	0.0716138155204575
13106	64	0.0190463279395203
13106	65	-0.0227005419926485
13106	66	-0.168544117977824
13106	67	0.154333594433403
13106	68	0.105460659729935
13106	69	0.249447208580882
13106	70	-0.0262330886752267
13106	71	0.103100678411373
13106	72	-0.0699011658531035
13106	73	-0.0794826648143996
13106	74	-0.0637005199365106
13107	1	-0.482164955694504
13107	2	-0.204818380335858
13107	3	-0.0494891528945374
13107	4	-0.13019030958311
13107	5	-0.0791161789693611
13107	6	-0.320766578796139
13107	7	-0.158809424030416
13107	8	0.0313523202774704
13107	9	-0.0794164310468375
13107	10	-0.176314662317452
13107	11	-0.221209533137007
13107	12	-0.00317215356403011
13107	13	-0.0749327894679794
13107	14	-0.0468259868113634
13107	15	-0.158717866028454
13107	16	-0.0047235924323914
13107	17	-0.00153377572793545
13107	18	-0.0678095864721584
13107	19	-0.0846704782009837
13107	20	-0.126891530681149
13107	21	-0.0481814457332561
13107	22	-0.167586992287134
13107	23	-0.0502806130778453
13107	24	-0.208083356921854
13107	25	-0.226625418258294
13107	26	-0.0563473099846235
13107	27	0.069454391436409
13107	28	-0.0201943589127751
13107	29	-0.127513998657086
13107	30	-0.144572854069729
13107	31	-0.200196746319996
13107	32	-0.195991563475069
13107	33	-0.167884147358016
13107	34	-0.148403551603771
13107	35	-0.245069296220024
13107	36	-0.0542375299433075
13107	37	-0.0062092842441217
13107	38	-0.110782589120568
13107	39	-0.0177210671964261
13107	40	0.0578532549147965
13107	41	-0.0794824571242359
13107	42	-0.175042810120971
13107	43	-0.0867411212895846
13107	44	0.0123539873021627
13107	45	-0.0996791048560368
13107	46	-0.136243415221436
13107	47	-0.0213247820757303
13107	48	-0.0315006204926789
13107	49	-0.127945243637626
13107	50	-0.0569542613414669
13107	51	-0.0230824343450351
13107	52	0.120729981784898
13107	53	0.0234702919252072
13107	54	0.0848525317526665
13107	55	0.087455387699066
13107	56	-0.0298005549369762
13107	57	0.032740782973832
13107	58	0.0483718990953506
13107	59	-0.110436403062444
13107	60	-0.0411788540840519
13107	61	-0.109005252547817
13107	62	0.124597768192643
13107	63	0.00538656097617718
13107	64	-0.0388787686733423
13107	65	0.0126888005316204
13107	66	0.0949396509678166
13107	67	0.191629286365163
13107	68	0.00104714008481466
13107	69	-0.0496941158628275
13107	70	-0.10543914016997
13107	71	-0.0151940285715497
13107	72	0.0572794765640694
13107	73	0.0951679826565552
13107	74	-0.458470275479435
13108	1	-2.16959889118993
13108	2	-0.154379052241314
13108	3	-0.194305714992073
13108	4	-0.0398859686441213
13108	5	-0.129584019656971
13108	6	-0.201008040514196
13108	7	-0.0372114791409857
13108	8	-0.190858438749792
13108	9	-0.212954127587452
13108	10	-0.217856546214719
13108	11	-0.205848683544374
13108	12	-0.108997675778369
13108	13	-0.105052142907056
13108	14	-0.181589173885655
13108	15	-0.189120003784218
13108	16	-0.153617179853796
13108	17	0.068958169808873
13108	18	-0.0506478980307747
13108	19	-0.0447932063189498
13108	20	-0.0834500469243764
13108	21	-0.142093938243534
13108	22	-0.0979946397227209
13108	23	-0.0847367732442379
13108	24	0.00535144634813634
13108	25	-0.0822034869777752
13108	26	-0.042430960698475
13108	27	-0.113915466482723
13108	28	-0.023643969447285
13108	29	-0.0294567117611777
13108	30	-0.158183829351927
13108	31	-0.0460036733649503
13108	32	-0.147415609095219
13108	33	-0.104312910641511
13108	34	-0.136275093418796
13108	35	-0.0507915119377671
13108	36	-0.178452411659791
13108	37	-0.0167590962741997
13108	38	0.113972133050716
13108	39	-0.104964900865966
13108	40	-0.0122406154318
13108	41	0.00444095659298682
13108	42	-0.136498087032763
13108	43	-0.155577083145445
13108	44	-0.0396964894995975
13108	45	0.0897504522684827
13108	46	0.0531534763978598
13108	47	0.0738923002642622
13108	48	0.0449486963971069
13108	49	0.107459006316532
13108	50	-0.0516945419209591
13108	51	0.127231039889331
13108	52	0.1223409069637
13108	53	0.0674369158019701
13108	54	0.105680466562191
13108	55	0.0137360130946433
13108	56	0.0213343103158721
13108	57	-0.164364050816609
13108	58	-0.0842023253517681
13108	59	0.00132737205932187
13108	60	-0.0887486870948138
13108	61	-0.144290122884421
13108	62	0.0755934392131792
13108	63	-0.00213598677908777
13108	64	0.0544173827134173
13108	65	0.0938980132958207
13108	66	-0.0321193483762769
13108	67	0.065182047923912
13108	68	0.152416732249677
13108	69	-0.0610675956954267
13108	70	0.110360354323007
13108	71	0.0029765652618039
13108	72	0.0304215727047463
13108	73	0.00371278671678965
13108	74	0.204849747338592
13109	1	-0.704942503031663
13109	2	-0.0126847772399152
13109	3	0.0393990250605327
13109	4	-0.060755211466887
13109	5	0.0291282753791258
13109	6	0.0911679346382996
13109	7	0.0519184385936384
13109	8	-0.0341069417438078
13109	9	0.119656958651284
13109	10	-0.0139397069959628
13109	11	-0.0184727811435721
13109	12	0.193852091975842
13109	13	0.0219128523361078
13109	14	0.0657983408045908
13109	15	-0.0084000418389536
13109	16	0.163371039968247
13109	17	-0.00265873656529436
13109	18	0.0104580676080417
13109	19	0.17199130876304
13109	20	0.147517830405079
13109	21	0.190993391769332
13109	22	-0.0485970797025743
13109	23	-0.0184802675640086
13109	24	0.0683483963733238
13109	25	0.0128552740049273
13109	26	0.182545115187139
13109	27	0.081050396184466
13109	28	-0.0905878387180863
13109	29	0.0285847287223433
13109	30	0.159471047809639
13109	31	0.0714963266350495
13109	32	0.0777638917162449
13109	33	0.0610639990904289
13109	34	0.00280012063907265
13109	35	0.0374820344274482
13109	36	-0.0637875456670258
13109	37	0.101052215512873
13109	38	0.0189881304540336
13109	39	0.0461801306651495
13109	40	-0.141806540962733
13109	41	0.14783536213875
13109	42	0.0186648430423517
13109	43	0.0354307532637179
13109	44	0.0803576466406213
13109	45	0.0824701847177067
13109	46	0.113685801124873
13109	47	0.0544680663442918
13109	48	0.00882679622262117
13109	49	0.0668207810130426
13109	50	0.187524515509338
13109	51	0.0584066765600824
13109	52	-0.0377844549919715
13109	53	0.119781274862
13109	54	0.0773533746440123
13109	55	0.0266527261658851
13109	56	-0.0936892864098198
13109	57	0.0122230964904375
13109	58	0.0221302796488843
13109	59	0.0436039496232681
13109	60	0.0335836299783594
13109	61	-0.0237714348600093
13109	62	0.0811044177744762
13109	63	0.0804656362987828
13109	64	-0.0489336942580394
13109	65	-0.00442775928542716
13109	66	0.0640665509968628
13109	67	-0.0610175786081442
13109	68	-0.109383181117998
13109	69	0.164785357639346
13109	70	0.130149458783094
13109	71	0.125403121401149
13109	72	0.07199294959333
13109	73	-0.131525684195459
13109	74	-0.298806409933214
13110	1	-0.148524436130678
13110	2	-0.130124398367755
13110	3	-0.0618599669480489
13110	4	0.00299469434694899
13110	5	0.00745770091000608
13110	6	-0.101913980731553
13110	7	-0.059193811369795
13110	8	-0.0167503706520904
13110	9	-0.123254424356197
13110	10	-0.101939503110614
13110	11	-0.0659581213439964
13110	12	-0.0257005680630797
13110	13	-0.051852367040091
13110	14	0.0152372682790229
13110	15	-0.150982936744917
13110	16	-0.0392325426518596
13110	17	-0.0190346634679628
13110	18	-0.151490333886528
13110	19	-0.11778877208193
13110	20	0.0866774460368802
13110	21	0.0181265976004568
13110	22	-0.0128401331958798
13110	23	-0.0600648445240779
13110	24	-0.0790122302638565
13110	25	-0.0096546654056624
13110	26	0.0218826318636332
13110	27	-0.00678706730454337
13110	28	0.106950467349272
13110	29	0.0316903790057879
13110	30	-0.0441810484419776
13110	31	-0.0728874631502947
13110	32	-0.0371701004031451
13110	33	-0.0332484862276061
13110	34	0.0756121206213436
13110	35	-0.218001816523497
13110	36	0.0490182510185306
13110	37	0.0646206207069326
13110	38	-0.0789213322046933
13110	39	0.0359553094757175
13110	40	0.0844650846022645
13110	41	0.0605742247843892
13110	42	0.0146779040511618
13110	43	0.0915537473018304
13110	44	0.193675682779528
13110	45	0.128425522270689
13110	46	0.0389803314564361
13110	47	0.0268687758371726
13110	48	0.104023423756914
13110	49	-0.00990637759033319
13110	50	0.103896884650403
13110	51	0.0104551482822259
13110	52	0.164313449517678
13110	53	-0.019643444797552
13110	54	-0.0417028556287775
13110	55	0.047293354152167
13110	56	-0.0540855312028938
13110	57	-0.0147310806310088
13110	58	-0.0203811006256132
13110	59	0.21913811004184
13110	60	-0.0440662241602254
13110	61	0.0844632588495529
13110	62	-0.00875918351002269
13110	63	-0.0273373112607587
13110	64	0.0518827415312941
13110	65	0.182560165934269
13110	66	0.0244230766125995
13110	67	-0.080823038087118
13110	68	0.0308515033987575
13110	69	-0.0396266300440615
13110	70	-0.0507971566438172
13110	71	0.0609124003967736
13110	72	0.21992539096096
13110	73	0.151390147623978
13110	74	0.175899609954278
13111	1	0.249399349169614
13111	2	-0.0652139632409039
13111	3	0.219660688229371
13111	4	0.146080982169419
13111	5	0.0751525184257247
13111	6	0.206032391148646
13111	7	0.13579824061874
13111	8	0.0203884351337393
13111	9	0.128791021714868
13111	10	0.12662856695988
13111	11	0.0450881997884593
13111	12	0.193538009529796
13111	13	0.19159452329216
13111	14	0.160984308633132
13111	15	0.179394519092774
13111	16	0.164702113084601
13111	17	0.160858414555832
13111	18	0.09951080350816
13111	19	0.182933384953635
13111	20	0.146140895100984
13111	21	0.0845156987095805
13111	22	0.203923334987877
13111	23	0.178972228301703
13111	24	0.0164681001597486
13111	25	0.0191863952565328
13111	26	0.0565480471581381
13111	27	0.120376620477579
13111	28	0.151939967406001
13111	29	0.0966890078382789
13111	30	0.161578569101458
13111	31	0.261005972937298
13111	32	0.0576250429400602
13111	33	0.0647950150863039
13111	34	0.118754974061915
13111	35	0.0650239495254397
13111	36	0.0402423768138078
13111	37	0.000359927630185553
13111	38	0.089100270201655
13111	39	0.0784623260693422
13111	40	0.0124489833663617
13111	41	-0.0381127284547347
13111	42	0.0874558277781219
13111	43	0.0832926588128444
13111	44	0.0887433302246876
13111	45	0.138783900483396
13111	46	0.0411947453975046
13111	47	-0.0393698948576855
13111	48	0.00778781799484562
13111	49	0.104159474679911
13111	50	-0.123904244996254
13111	51	-0.115013348587162
13111	52	-0.0213262457404397
13111	53	-0.019130775961905
13111	54	-0.0602913874498228
13111	55	-0.108316832433815
13111	56	-0.0209078688993998
13111	57	0.137766781633019
13111	58	-0.0452165971792695
13111	59	-0.121410344448279
13111	60	-0.0185074441832001
13111	61	0.069874528940062
13111	62	-0.036610159165221
13111	63	0.0181886897244894
13111	64	0.121180192197379
13111	65	-0.00479070035964924
13111	66	0.162293484745419
13111	67	0.0945722756641345
13111	68	0.0940395052690022
13111	69	0.0735401390432955
13111	70	0.0761814858277816
13111	71	0.0802135765507614
13111	72	0.0902202916367685
13111	73	0.0666695075593466
13111	74	-0.27687583995241
13112	1	-0.469384030383704
13112	2	-0.0103438197265788
13112	3	0.0507425893061715
13112	4	0.201494428132623
13112	5	0.163773788310756
13112	6	0.0527494893741931
13112	7	0.136920978402259
13112	8	0.149148889942033
13112	9	0.114175662174986
13112	10	0.140302376810041
13112	11	0.0799587910363684
13112	12	0.147556948660416
13112	13	0.162258809377683
13112	14	0.189114414776107
13112	15	0.107725987524091
13112	16	0.20077438461643
13112	17	0.166974560051443
13112	18	0.139182617409134
13112	19	0.207508722085898
13112	20	0.171357198206671
13112	21	0.236737786088064
13112	22	0.0889511108346355
13112	23	0.269358903854965
13112	24	0.123745983390563
13112	25	0.236247898795654
13112	26	0.0981152665663174
13112	27	0.155018893780699
13112	28	0.155444464575652
13112	29	0.0450903305637311
13112	30	0.0650008639560156
13112	31	0.112559903036662
13112	32	0.11486607979154
13112	33	0.226589306116537
13112	34	0.284405926981677
13112	35	0.208422674217857
13112	36	-0.0618393882839214
13112	37	0.153201217502257
13112	38	-0.0623335329487631
13112	39	0.116491273905119
13112	40	-0.0355311530043707
13112	41	0.0278214971543349
13112	42	0.154219633027374
13112	43	0.032700678531171
13112	44	0.189429892810452
13112	45	-0.0893032766855342
13112	46	-0.033214669508709
13112	47	0.070808411234438
13112	48	0.154242153976924
13112	49	0.105396096339362
13112	50	0.144943871807158
13112	51	0.127306353374635
13112	52	-0.0295018384789856
13112	53	0.11418639444917
13112	54	0.115227172972567
13112	55	0.100983403093643
13112	56	0.0919617933315919
13112	57	-0.132364752637031
13112	58	-0.0254607211195292
13112	59	0.106977990205515
13112	60	0.0584832322423239
13112	61	0.0317180020474765
13112	62	0.126784965757025
13112	63	0.0516328696433774
13112	64	0.0139851441634065
13112	65	0.122605633459351
13112	66	0.00194684660380773
13112	67	0.145309484482148
13112	68	-0.0560785629198719
13112	69	0.0573862692843221
13112	70	0.0247965411844078
13112	71	0.0238105532988655
13112	72	0.10359932746163
13112	73	0.105728768906886
13112	74	-0.0735062069332741
13201	1	-0.940726275465437
13201	2	0.0568050256391963
13201	3	-0.0227754867204624
13201	4	0.010688453357254
13201	5	0.0352884363672246
13201	6	0.1161838959517
13201	7	0.0668838353188761
13201	8	-0.0842439852076069
13201	9	0.0348524221209274
13201	10	0.0339511613208074
13201	11	0.151269258451144
13201	12	0.0835081216750737
13201	13	-0.0427004895099259
13201	14	0.0335995219950718
13201	15	-0.0209012942291551
13201	16	0.110415319156395
13201	17	0.0539219877106163
13201	18	-0.0232204368994999
13201	19	0.0296980650617584
13201	20	-0.0838756482126257
13201	21	0.0433513760499764
13201	22	0.116945722198075
13201	23	-0.113692433122537
13201	24	0.0223287855415819
13201	25	-0.0289934777617376
13201	26	-0.00460421555685286
13201	27	0.0482849374259473
13201	28	0.0513671263961797
13201	29	0.0945943524084001
13201	30	0.0213944953254241
13201	31	0.0448186833456248
13201	32	0.0984524451895794
13201	33	0.0218444673458009
13201	34	-0.0566028782758821
13201	35	-0.0172287646934279
13201	36	0.0141399354593261
13201	37	0.189807932711311
13201	38	0.0735205600567213
13201	39	0.0987521811418119
13201	40	0.0903475340909949
13201	41	0.00935103966121176
13201	42	0.0994123495172516
13201	43	0.135828890696899
13201	44	-0.0228508726738639
13201	45	0.038783900483395
13201	46	-0.0414139502546718
13201	47	0.0559199602147729
13201	48	0.126628397704991
13201	49	-0.0146811050302347
13201	50	0.0568928564530253
13201	51	0.107812738369361
13201	52	0.0696157832450695
13201	53	0.0347014779002919
13201	54	0.0167093111859984
13201	55	-0.0425713932650353
13201	56	0.206177401441145
13201	57	0.0111523025369422
13201	58	0.0694714330354174
13201	59	0.0302272474118226
13201	60	0.000734097627471897
13201	61	0.0715169958835844
13201	62	0.026242226453185
13201	63	-0.043245280974844
13201	64	0.091057765120631
13201	65	3.62258901489554e-05
13201	66	0.049095963763321
13201	67	0.0425669470851773
13201	68	-0.0688696719010338
13201	69	0.116892773222084
13201	70	-0.00710095018988
13201	71	-0.0222123598048896
13201	72	0.137958763141903
13201	73	0.0401709847403566
13201	74	0.123454232760864
13202	1	-0.414881175871859
13202	2	0.0537861841829645
13202	3	-0.0371664313871669
13202	4	-0.0600298035466693
13202	5	-0.0862369050407032
13202	6	0.0434265215536911
13202	7	-0.0430760519791207
13202	8	-0.095765501946822
13202	9	0.0239662768179301
13202	10	0.0281178136504749
13202	11	0.0917936747921431
13202	12	0.145250317828967
13202	13	-0.0304247586872037
13202	14	0.0901219055709674
13202	15	-0.0167849448952921
13202	16	0.0783669774612861
13202	17	0.0952785672657086
13202	18	-0.00543440395441053
13202	19	0.0134814697050913
13202	20	0.0571704582349213
13202	21	0.0028701030308298
13202	22	0.0470048391363278
13202	23	-0.0480032847267111
13202	24	0.022585925033475
13202	25	-0.134614285018287
13202	26	-0.0415686461377973
13202	27	0.00736931967577448
13202	28	0.00660513592741552
13202	29	-0.0307331596644502
13202	30	-0.0127820296785117
13202	31	0.14366175414434
13202	32	-0.00406918933354916
13202	33	0.0936664521768193
13202	34	0.0625929884350782
13202	35	0.0126528823227332
13202	36	-0.0189832310540936
13202	37	0.0237903750248947
13202	38	0.132766805514059
13202	39	-0.0256424946320877
13202	40	0.0311757227157159
13202	41	-0.0346416920696058
13202	42	-0.0487662047101622
13202	43	-0.0595036545108556
13202	44	0.0229808187311846
13202	45	0.0347699331468263
13202	46	-0.0331495779091213
13202	47	0.0687872048401985
13202	48	0.0121424880342076
13202	49	0.167782170134899
13202	50	-0.0187496227608861
13202	51	-0.0306628934292519
13202	52	0.0375140053358365
13202	53	0.0298652475682815
13202	54	-0.207032982638623
13202	55	0.00360818331918011
13202	56	-0.0932141070846555
13202	57	-0.0194638421855018
13202	58	-0.0523210063967454
13202	59	-0.0523099475967825
13202	60	0.0405229796641393
13202	61	-0.0239715121192816
13202	62	0.0578822401931163
13202	63	-0.0287050841639171
13202	64	-0.110043690019708
13202	65	-0.00107239438641216
13202	66	0.0400426216539245
13202	67	0.101592498282038
13202	68	0.088896938542554
13202	69	0.153372724449
13202	70	0.142469317134626
13202	71	-0.00177233746164518
13202	72	-0.0153230382326157
13202	73	0.039300448817599
13202	74	-0.192348271122135
13203	1	-0.664352405840233
13203	2	-0.246708282401887
13203	3	-0.174162526177874
13203	4	-0.227938066329017
13203	5	-0.201056546214225
13203	6	-0.216665386836091
13203	7	-0.125563072576377
13203	8	-0.372455171018636
13203	9	-0.25358574087354
13203	10	-0.168170235912136
13203	11	-0.306112503555411
13203	12	-0.237214339957916
13203	13	-0.0870435293676266
13203	14	-0.245501775264792
13203	15	-0.0622363906785921
13203	16	-0.210414484045003
13203	17	-0.258868698742681
13203	18	-0.245839446906189
13203	19	-0.126296862388159
13203	20	-0.132049010662136
13203	21	-0.272081340681844
13203	22	-0.0185077040535759
13203	23	-0.0280061007843173
13203	24	-0.0818996129922738
13203	25	-0.263036036578512
13203	26	-0.0590727908500241
13203	27	-0.0729547202073277
13203	28	-0.222959189592281
13203	29	-0.20937515729841
13203	30	-0.283561842962847
13203	31	-0.171425136417305
13203	32	-0.118851835240534
13203	33	-0.164217335751957
13203	34	-0.0934432448394062
13203	35	-0.125132950974937
13203	36	-0.0169059774525451
13203	37	-0.22081816740549
13203	38	-0.149891570427407
13203	39	-0.19055468358701
13203	40	-0.283549059042628
13203	41	-0.0539889560617013
13203	42	0.018092127108595
13203	43	-0.039253361026276
13203	44	-0.0239880027467407
13203	45	-0.04922009695035
13203	46	-0.109793920315042
13203	47	-0.174103152519436
13203	48	-0.161978916118237
13203	49	-0.141268119171784
13203	50	-0.0588555974154588
13203	51	0.0540771913378748
13203	52	-0.079453931235058
13203	53	-0.150043528597323
13203	54	-0.116729715048614
13203	55	0.046607409990429
13203	56	-0.0694415690822723
13203	57	-0.291323010785902
13203	58	-0.127436593551955
13203	59	-0.173137819102458
13203	60	-0.0607587706325532
13203	61	-0.0204067300614739
13203	62	-0.0360427318113636
13203	63	-0.00767822859727829
13203	64	-0.178620460640758
13203	65	-0.187799718707318
13203	66	-0.0673435551204236
13203	67	0.121655090127199
13203	68	0.0315129269644316
13203	69	0.0342919785468396
13203	70	-0.0359494382741659
13203	71	-0.0253644033844935
13203	72	-0.0377608338724471
13203	73	0.0496670174656941
13203	74	-0.00365879545692138
13204	1	-0.407742095880106
13204	2	-0.0072919356116472
13204	3	-0.00142899173659927
13204	4	-0.00651962148043239
13204	5	0.00805733049790902
13204	6	0.0377181130865267
13204	7	0.0485810521999923
13204	8	0.0316308926869056
13204	9	0.0325479263602517
13204	10	-0.050907024139768
13204	11	-0.0531189936971259
13204	12	-0.0245260521626278
13204	13	0.0453373759773044
13204	14	-0.0566085168882751
13204	15	0.162815492952063
13204	16	-0.0139746598128454
13204	17	-0.120898253264471
13204	18	0.0239497542205882
13204	19	-0.131564985476366
13204	20	0.00639999495222554
13204	21	0.0267917452756947
13204	22	-0.0265944988046272
13204	23	-0.0916264715997528
13204	24	0.0673576680149566
13204	25	-0.00486710485044739
13204	26	0.0123767392789276
13204	27	0.0179025098802654
13204	28	0.00394500171768186
13204	29	-0.00514209217355699
13204	30	-0.0228133875869929
13204	31	-0.016786034673629
13204	32	-0.111155389209813
13204	33	-0.0447506873262071
13204	34	0.045513768734061
13204	35	0.0873346762277762
13204	36	0.05721854129429
13204	37	0.163415976294743
13204	38	0.161949495081231
13204	39	0.152746102178391
13204	40	0.115232370337601
13204	41	0.0834686434137595
13204	42	0.166015386895516
13204	43	0.0456977407421277
13204	44	0.129509721339723
13204	45	0.168015994962474
13204	46	-0.00170880282838226
13204	47	0.143388725831969
13204	48	0.0373611892039776
13204	49	0.0611395372801837
13204	50	0.0168789322491207
13204	51	0.163347543614755
13204	52	0.253977375605444
13204	53	-0.0555774454713216
13204	54	0.0489235181787535
13204	55	-0.00543408049583149
13204	56	0.17212486618655
13204	57	0.175220750940625
13204	58	0.203717782413925
13204	59	0.0924439061799518
13204	60	0.112985743178882
13204	61	0.269736563479682
13204	62	0.0443987498077689
13204	63	0.0446262749064061
13204	64	0.114977738534954
13204	65	0.190559948991002
13204	66	0.131596356071825
13204	67	-0.0201019831017746
13204	68	0.127273680133058
13204	69	0.107724623236223
13204	70	0.0579798972748051
13204	71	0.127694671964235
13204	72	0.199319942329502
13204	73	0.146619044496127
13204	74	0.0346148309035428
13205	1	-0.214548878834929
13205	2	-0.144625441366205
13205	3	-0.113837240546609
13205	4	-0.0823120163648774
13205	5	-0.192823872480172
13205	6	-0.0383497865292881
13205	7	-0.185025321477674
13205	8	-0.0825933174169435
13205	9	-0.156497134827816
13205	10	-0.0584285995476961
13205	11	-0.0563235555093584
13205	12	-0.116537677200043
13205	13	-0.0361809835343507
13205	14	-0.186378715802952
13205	15	-0.0910880703454993
13205	16	-0.134222879400554
13205	17	-0.0983734552626316
13205	18	-0.1403088971947
13205	19	-0.104837548914581
13205	20	-0.114908512128977
13205	21	-0.161266187225515
13205	22	-0.104654559093667
13205	23	-0.11470356707148
13205	24	-0.112383087056052
13205	25	-0.234170504210461
13205	26	-0.0524155592625846
13205	27	-0.0766820382584896
13205	28	-0.116464733967788
13205	29	-0.151569314874635
13205	30	-0.090521090333489
13205	31	-0.078788896110332
13205	32	-0.177651978824457
13205	33	-0.0624549897338014
13205	34	-0.167951006588545
13205	35	-0.0862321453260435
13205	36	-0.0368572429426166
13205	37	0.0091903875016115
13205	38	-0.0719360258096344
13205	39	-0.142144958783803
13205	40	-0.165924108848593
13205	41	-0.00826791634751345
13205	42	0.0425154661005536
13205	43	-0.147289616421219
13205	44	-0.15232374685624
13205	45	-0.104138519715576
13205	46	-0.193119923836143
13205	47	-0.201163914791245
13205	48	-0.0573870419727385
13205	49	-0.165498428926426
13205	50	-0.226505076363516
13205	51	-0.264425132174885
13205	52	0.0456702394056947
13205	53	-0.114697320606865
13205	54	-0.0721073198384019
13205	55	-0.0116286007640696
13205	56	-0.000185374324132681
13205	57	-0.0855656140914789
13205	58	-0.0927821628252801
13205	59	-0.0768043929861406
13205	60	-0.129016492694461
13205	61	-0.118766729567064
13205	62	-0.0442654709270798
13205	63	-0.0861890187021572
13205	64	-0.0364157337059368
13205	65	-0.0622961360568652
13205	66	-0.0469210387449905
13205	67	-0.128898922398797
13205	68	-0.0411823662747963
13205	69	-0.152936588581291
13205	70	-0.0559338376015717
13205	71	-0.161210114059273
13205	72	-0.0476228926336972
13205	73	-0.0733838282767536
13205	74	-0.0861772818488618
13206	1	-0.743228365632209
13206	2	0.193983060464713
13206	3	0.168375922404199
13206	4	0.204162020618853
13206	5	0.215510502168978
13206	6	0.211372927454768
13206	7	0.29718137157181
13206	8	0.131593400129368
13206	9	0.249319306460045
13206	10	0.290743221367975
13206	11	0.222135669206168
13206	12	0.247963877162036
13206	13	0.228738386906194
13206	14	0.297511927641423
13206	15	0.170241012304949
13206	16	0.136207197775221
13206	17	0.201575483261259
13206	18	0.232186283680271
13206	19	0.291496300530817
13206	20	0.287908939605245
13206	21	0.184504749089719
13206	22	0.22725340846295
13206	23	0.145300708137825
13206	24	0.315799422517181
13206	25	0.231344477734076
13206	26	0.184831916365866
13206	27	0.209052273340838
13206	28	0.231501782389955
13206	29	0.24472761807499
13206	30	0.166709373260311
13206	31	0.134521720680581
13206	32	0.333222720118982
13206	33	0.293506294884132
13206	34	0.138492571114654
13206	35	0.256033373081138
13206	36	0.197722966324001
13206	37	0.0936597914301345
13206	38	0.176901172522349
13206	39	0.229030139177716
13206	40	0.133572403532611
13206	41	0.108100305753112
13206	42	0.17864738551738
13206	43	0.0172857369006678
13206	44	0.19135372545351
13206	45	0.0933070919793337
13206	46	0.0859538690339789
13206	47	0.17996201701154
13206	48	0.0559306442363052
13206	49	0.037853581784141
13206	50	0.134238272231272
13206	51	0.227321560717243
13206	52	0.335756353684801
13206	53	0.155619695284351
13206	54	0.119159185771025
13206	55	0.0823129815251846
13206	56	0.0700989472801439
13206	57	0.125841945082222
13206	58	0.0612581293749841
13206	59	-0.0324241148859485
13206	60	0.266744517456765
13206	61	0.196308330700305
13206	62	0.118826043551785
13206	63	0.114918245870484
13206	64	0.108264945369122
13206	65	0.0696975019057788
13206	66	0.161894480734318
13206	67	0.043706147003725
13206	68	0.197533259221949
13206	69	0.160958692496166
13206	70	0.0718502599040178
13206	71	0.0639492874504768
13206	72	0.205691491760973
13206	73	0.109956803310773
13206	74	0.139937367832665
13207	1	-0.127575067216839
13207	2	-0.0815456640007142
13207	3	-0.0617369219693416
13207	4	0.036583089667392
13207	5	-0.0245234193760737
13207	6	-0.139645531194411
13207	7	-0.00518956247287861
13207	8	-0.0690031511802189
13207	9	-0.0637564094177705
13207	10	0.0779609073597456
13207	11	-0.0152943513612058
13207	12	0.11211653711154
13207	13	0.00465603943130333
13207	14	-0.0902334268289735
13207	15	-0.00466419257273287
13207	16	0.0517198062575588
13207	17	-0.041962364930086
13207	18	0.0961050019397476
13207	19	0.0159409327062434
13207	20	-0.078122077163826
13207	21	-0.10006387218143
13207	22	0.0127282288639705
13207	23	0.0726228231006729
13207	24	-0.0235362480669252
13207	25	-0.0137978205480778
13207	26	-0.113144812934358
13207	27	0.0340158011815248
13207	28	0.0481532320161406
13207	29	-0.0518110196695574
13207	30	0.131924193466375
13207	31	-0.0127569201181998
13207	32	-0.112733175374061
13207	33	0.114642926578682
13207	34	0.0663001150843172
13207	35	0.167101089452835
13207	36	-0.121162611007549
13207	37	0.0104949056090362
13207	38	-0.138008138870646
13207	39	-0.0180311644735198
13207	40	-0.152197295189282
13207	41	-0.000521636994811558
13207	42	-0.0345248485503831
13207	43	-0.028592217957808
13207	44	-0.13174174562473
13207	45	-0.0148974446014094
13207	46	0.0334989512448445
13207	47	-0.0758431427853452
13207	48	-0.0654366285610806
13207	49	-0.194341830432421
13207	50	-0.160395513303321
13207	51	-0.16535682794018
13207	52	-0.0217859386229833
13207	53	-0.112993889636883
13207	54	-0.0103075026489137
13207	55	-0.0103491229225696
13207	56	0.0720148273099781
13207	57	-0.181584977655071
13207	58	-0.0804983673382864
13207	59	-0.186850070872289
13207	60	-0.195117139054396
13207	61	-0.114110423320035
13207	62	-0.132865076647796
13207	63	-0.135649183972994
13207	64	-0.0917679794643718
13207	65	0.00734188112845402
13207	66	0.0234834410772962
13207	67	-0.053739047037439
13207	68	-0.0190451816518404
13207	69	0.0909313554685838
13207	70	0.0608694051691643
13207	71	-0.113532894170937
13207	72	-0.0397030265925764
13207	73	0.0933369208892927
13207	74	-0.185479204050864
13208	1	-0.137635316526197
13208	2	-0.2340038521209
13208	3	-0.11001663848792
13208	4	-0.134143025881983
13208	5	-0.179915569581027
13208	6	-0.291853540712609
13208	7	-0.171526143691281
13208	8	-0.167051703757117
13208	9	-0.263466435848144
13208	10	-0.253160387158331
13208	11	-0.10068756095437
13208	12	-0.229084428833204
13208	13	-0.226852610880947
13208	14	-0.0960728290080581
13208	15	-0.0591020784684773
13208	16	-0.185776017308129
13208	17	-0.139736155665595
13208	18	-0.155782474733336
13208	19	-0.131072950712152
13208	20	-0.20013276883568
13208	21	-0.165218963899996
13208	22	-0.164178873654933
13208	23	-0.0981739183298274
13208	24	-0.044146781645459
13208	25	-0.172592644214269
13208	26	-0.157213325471808
13208	27	-0.0948916436012581
13208	28	-0.104315142529209
13208	29	-0.200264856148905
13208	30	-0.130622630134624
13208	31	-0.200557114067735
13208	32	-0.141893243500874
13208	33	-0.0431324396572563
13208	34	-0.0680358793959996
13208	35	-0.0355907073510764
13208	36	0.014866742714382
13208	37	0.0460215923485521
13208	38	0.0797418132026095
13208	39	0.109515437238315
13208	40	-0.0545561368280332
13208	41	-0.210746808121485
13208	42	0.144051332421007
13208	43	0.110068455046459
13208	44	0.120834582502738
13208	45	0.074714213769866
13208	46	-0.0348184456117835
13208	47	-0.151795044558284
13208	48	0.024204347655882
13208	49	0.0610839560932632
13208	50	-0.0282593961365194
13208	51	-0.0744640238485559
13208	52	-0.00982347035913023
13208	53	0.0719130279788232
13208	54	0.0987526012339899
13208	55	0.216015002210874
13208	56	0.129737218822761
13208	57	0.0491985657409657
13208	58	-0.031710850052832
13208	59	0.0558260373608164
13208	60	0.192365900428499
13208	61	0.105239259753183
13208	62	0.0542470260315895
13208	63	0.0628160520473457
13208	64	0.170394036834402
13208	65	-0.0943081539478001
13208	66	0.162902176968942
13208	67	0.140302868933738
13208	68	0.00214817812502588
13208	69	-0.0273326347248926
13208	70	0.0084374651425847
13208	71	0.0331151084258039
13208	72	0.0320914790392379
13208	73	-0.0494085112665417
13208	74	-0.131498405650419
13209	1	-0.219682623645745
13209	2	-0.257079274062377
13209	3	-0.345664418970863
13209	4	-0.263584851545247
13209	5	-0.22395109688134
13209	6	-0.232837564698023
13209	7	-0.150340888084443
13209	8	-0.225669557780442
13209	9	-0.127485339076848
13209	10	-0.256632866649568
13209	11	-0.135352350586295
13209	12	-0.36774202200575
13209	13	-0.274547416719507
13209	14	-0.223469257285046
13209	15	-0.164027311889015
13209	16	-0.286667852311346
13209	17	-0.250926723044223
13209	18	-0.199857135912218
13209	19	-0.245971322638447
13209	20	-0.215327932097004
13209	21	-0.20662521634587
13209	22	-0.175415253760733
13209	23	-0.202448485796111
13209	24	-0.27832025847664
13209	25	-0.273057398156098
13209	26	-0.185199527388008
13209	27	-0.135451560700055
13209	28	-0.263190601830495
13209	29	-0.16896271025572
13209	30	-0.241501952732399
13209	31	-0.296866110998593
13209	32	-0.087785177643255
13209	33	-0.206143567245178
13209	34	-0.204198035578784
13209	35	-0.314816931432702
13209	36	0.0625350971336971
13209	37	0.07019668138188
13209	38	0.0547101405129382
13209	39	0.165195424470859
13209	40	9.87920874067072e-05
13209	41	0.0586966434201202
13209	42	0.0821357331704391
13209	43	0.00179909562729108
13209	44	0.0414994138477169
13209	45	0.0230645011469193
13209	46	-0.0351239681920319
13209	47	-0.112863870761302
13209	48	-0.0956829822019927
13209	49	-0.00623983004889084
13209	50	0.0494175004836919
13209	51	-0.052223056985973
13209	52	0.00814896736495285
13209	53	0.112299292136576
13209	54	0.0438865892792251
13209	55	-0.0286435940256382
13209	56	0.0629569006880502
13209	57	-0.0602776494020105
13209	58	0.0628427135015244
13209	59	-0.169102464774667
13209	60	-0.00952273858532493
13209	61	0.0709240901844836
13209	62	0.0940351682337734
13209	63	0.290796400246307
13209	64	-0.0227922940256704
13209	65	0.123389920774891
13209	66	0.0688897368313235
13209	67	-0.0619059622551461
13209	68	-0.0244402135649011
13209	69	0.150110283375113
13209	70	0.0859732871637036
13209	71	0.022446172664651
13209	72	-0.01429098655872
13209	73	0.148280853943682
13209	74	-0.250521832944521
13210	1	-0.340024599334217
13210	2	0.0827940713062674
13210	3	0.0660201638378766
13210	4	-0.00419489292206165
13210	5	0.0359612187496516
13210	6	0.102932752687884
13210	7	0.0327112931428815
13210	8	0.115435066811742
13210	9	-0.0401905959703655
13210	10	0.0134592088429741
13210	11	-0.0953190885287967
13210	12	0.077459339268124
13210	13	-0.0145189933374539
13210	14	-0.115230747412951
13210	15	-0.00791903399457539
13210	16	0.0103389717043427
13210	17	-0.0294317513537976
13210	18	0.0783060906147739
13210	19	-0.0658195334921743
13210	20	-0.0119718554546324
13210	21	0.0438830108089761
13210	22	-0.0829140754205042
13210	23	-0.0727988370987873
13210	24	0.0697313946394402
13210	25	-0.126775314119143
13210	26	0.0496345369893874
13210	27	0.0247923525301204
13210	28	-0.0189926007763219
13210	29	-0.0246383461182873
13210	30	-0.0286142992572636
13210	31	-0.0186767985892047
13210	32	-0.037753861797178
13210	33	-0.0426403253070617
13210	34	-0.019925955733477
13210	35	-0.0498460005682233
13210	36	0.12644289646969
13210	37	0.0986650271735741
13210	38	0.0181537949367296
13210	39	0.164836861591944
13210	40	0.0365507290603517
13210	41	-0.027546463011852
13210	42	0.101811487785959
13210	43	-0.0286006093083913
13210	44	0.0684500345788663
13210	45	0.0777727424393362
13210	46	0.0648336016450557
13210	47	0.159461368838443
13210	48	0.136088915802404
13210	49	0.106720064133079
13210	50	0.0510135482079832
13210	51	0.0862776025759118
13210	52	-0.131355474823373
13210	53	0.120450273849322
13210	54	0.0388073824929336
13210	55	-0.0399908063712147
13210	56	-0.0572096741371269
13210	57	0.0266906311117907
13210	58	-0.0572112577437238
13210	59	0.096365526388233
13210	60	-0.0647127970648569
13210	61	-0.0153332197570393
13210	62	0.109955751210151
13210	63	0.117424052038551
13210	64	-0.0168099775924446
13210	65	-0.0684339853323621
13210	66	0.0782115626444835
13210	67	-0.0678662902220708
13210	68	0.0658058307134013
13210	69	0.19636987988536
13210	70	-0.0811657085374051
13210	71	-0.0141629822151188
13210	72	-0.0134141696101153
13210	73	0.0930808539436825
13210	74	-0.133230658866012
13211	1	-0.722889364679645
13211	2	-0.249446741438167
13211	3	-0.19592659208061
13211	4	-0.0646098749254946
13211	5	-0.0767201483915017
13211	6	-0.137649261350425
13211	7	-0.124859037362853
13211	8	-0.0720646204309077
13211	9	-0.147215957784972
13211	10	-0.0371746167467606
13211	11	-0.19797017534875
13211	12	-0.0415619743506142
13211	13	-0.136650298407261
13211	14	-0.14484741442449
13211	15	-0.0637974452981496
13211	16	0.0911165196082848
13211	17	-0.0324274595791181
13211	18	-0.0527771750615429
13211	19	0.0144429960405787
13211	20	-0.101390026703925
13211	21	-0.0759794003020033
13211	22	-0.0311789382245067
13211	23	-0.0336220063254657
13211	24	-0.033194512908004
13211	25	-0.0474083863863157
13211	26	-0.124854174059472
13211	27	-0.050606850949606
13211	28	0.0838785319706119
13211	29	-0.149709502641542
13211	30	0.0211131048188733
13211	31	-0.13192904087343
13211	32	-0.140259964453811
13211	33	0.0918821216090535
13211	34	-0.0614670291924355
13211	35	-0.0506568028621643
13211	36	-0.0168275462508731
13211	37	0.017531930597201
13211	38	-0.0133246929405786
13211	39	-0.0188943458825861
13211	40	0.0772289494293901
13211	41	-0.107102130107073
13211	42	0.0187487705581688
13211	43	0.0895501346814314
13211	44	-0.0468049465006786
13211	45	-0.191900541364774
13211	46	0.12135691958872
13211	47	-0.0706558833413737
13211	48	-0.0403067048013384
13211	49	0.0319453658034448
13211	50	-0.0965780328623964
13211	51	-0.0575541703068225
13211	52	0.0758920805802745
13211	53	-0.0903222539556268
13211	54	-0.10660141216097
13211	55	-0.123110660068598
13211	56	-0.191120332778866
13211	57	-0.056127804880866
13211	58	-0.0680321054835105
13211	59	0.0950240594105125
13211	60	0.0934424671047935
13211	61	0.0567214361134063
13211	62	0.19336807015263
13211	63	0.0783447193213505
13211	64	0.0168322347550784
13211	65	0.0379800491065225
13211	66	0.0254672623407757
13211	67	-0.132851265826751
13211	68	0.0594797243872947
13211	69	-0.0238031429096424
13211	70	0.0537557949036369
13211	71	-0.000610987484762404
13211	72	0.00536200803761488
13211	73	0.0993045827572416
13211	74	-0.240256615234252
13212	1	-0.492577656752491
13212	2	0.00815322872695035
13212	3	0.131353279096629
13212	4	0.0758037377724428
13212	5	-0.0191345629019075
13212	6	0.0654699489841661
13212	7	0.112017410261608
13212	8	0.0934525153138139
13212	9	0.0785408692752654
13212	10	0.139835075594334
13212	11	0.0300048219541225
13212	12	0.16670788216225
13212	13	0.0689381480344622
13212	14	0.0679970352884141
13212	15	0.0795514403556723
13212	16	0.0936335714423961
13212	17	0.0690592232747491
13212	18	0.100983818226943
13212	19	0.0437256669018851
13212	20	0.0970380479205772
13212	21	0.131704813448941
13212	22	0.0273889341354732
13212	23	0.0896101769885789
13212	24	0.0563741998899658
13212	25	0.105954764070731
13212	26	0.083471090092452
13212	27	0.0256532399668714
13212	28	0.083007726335552
13212	29	0.0729646085386833
13212	30	0.059843976863192
13212	31	0.0665051605573126
13212	32	0.165264949671005
13212	33	-0.00460748479692086
13212	34	0.0490734749904362
13212	35	0.0768442992970009
13212	36	0.199971155918213
13212	37	0.0896686395069395
13212	38	0.0369130538746134
13212	39	0.159539579019544
13212	40	0.0712252377877434
13212	41	0.324431485399465
13212	42	0.167802965224517
13212	43	0.257789481675708
13212	44	0.125789844764391
13212	45	0.131827848271925
13212	46	0.272050537803679
13212	47	0.097203179296379
13212	48	0.189030188170449
13212	49	0.106849085597993
13212	50	0.214038284818756
13212	51	0.326111013637771
13212	52	0.140280477895587
13212	53	0.162758239919064
13212	54	0.171410532566043
13212	55	0.206174225062284
13212	56	0.0711482644172321
13212	57	0.155154953541306
13212	58	0.320853861827544
13212	59	0.106295039171151
13212	60	0.184536181546051
13212	61	0.192444357748371
13212	62	0.0785894355164416
13212	63	0.207788741252372
13212	64	0.104949253933889
13212	65	0.251374947441576
13212	66	0.203174330448228
13212	67	0.239671355747639
13212	68	0.0830533678306438
13212	69	0.0874394757069794
13212	70	0.160075023726392
13212	71	0.18747199607963
13212	72	0.10471396375705
13212	73	0.0250808539436846
13212	74	0.10393573955816
13301	1	0.830962907744084
13301	2	-0.0144144450134789
13301	3	-0.0571137985610655
13301	4	-0.154259288801534
13301	5	0.045723319262116
13301	6	0.0985237236227618
13301	7	-0.113296828285428
13301	8	-0.106029042424332
13301	9	-0.042738582100732
13301	10	-0.104879873906235
13301	11	-0.0855703071264742
13301	12	-0.0166696373439237
13301	13	-0.100052300597625
13301	14	0.0207799692237884
13301	15	-0.0956229525978642
13301	16	-0.0498876226839542
13301	17	0.0882203881998009
13301	18	-0.0879930896949048
13301	19	-0.205524890559353
13301	20	-0.12542363200194
13301	21	-0.130960984068416
13301	22	-0.0583843106400224
13301	23	0.0422847322451432
13301	24	-0.0390651511098881
13301	25	-0.0410866172407012
13301	26	0.0138230823125056
13301	27	-0.0432255176795948
13301	28	-0.101633239480115
13301	29	0.0226235071834182
13301	30	-0.0861689994299653
13301	31	-0.0626665905003065
13301	32	-0.000129393703915071
13301	33	0.00906002054583155
13301	34	-0.130416853736136
13301	35	-0.0949190801038924
13301	36	0.069998460950309
13301	37	-0.0166457419404864
13301	38	-0.115184056707058
13301	39	-0.0504630022172563
13301	40	-0.0183630590660329
13301	41	0.0762472164296426
13301	42	-0.126850163556107
13301	43	-0.0379592295614088
13301	44	-0.0627785749166705
13301	45	-0.0453051975792533
13301	46	-0.16339462658317
13301	47	-0.00817478221927814
13301	48	0.0394734929122507
13301	49	0.0257920407498133
13301	50	0.0969801064848639
13301	51	-0.00726523563561443
13301	52	-0.0160173125112166
13301	53	-0.0556983866519687
13301	54	-0.0583534802566348
13301	55	-0.0775828874796858
13301	56	-0.033878218586942
13301	57	-0.142977135399285
13301	58	-0.118440334259098
13301	59	0.0397280156259825
13301	60	0.113344799124469
13301	61	-0.0357656943469564
13301	62	-0.0177228014852915
13301	63	-0.154705396940734
13301	64	-0.0592931213366796
13301	65	0.117886643743972
13301	66	0.00623430281608961
13301	67	-0.0977065230078011
13301	68	0.00484844581127675
13301	69	0.00935312277113098
13301	70	-0.0119767762334817
13301	71	0.0569337939279038
13301	72	-0.109217209662901
13301	73	-0.0254830137407964
13301	74	0.133455906758165
13302	1	0.0885692512780309
13302	2	0.140273898622517
13302	3	0.147868878494855
13302	4	0.140259076993768
13302	5	0.106189949185836
13302	6	0.118848755047829
13302	7	0.0589530286619464
13302	8	0.144975198608833
13302	9	0.189377104277582
13302	10	0.181615370372107
13302	11	0.113120653657752
13302	12	0.0804511576168991
13302	13	0.245363661407495
13302	14	0.241458011976654
13302	15	0.212032041822987
13302	16	0.141955416272182
13302	17	0.172908634711852
13302	18	0.222225839980112
13302	19	0.200569458920221
13302	20	0.14850336389847
13302	21	0.163194056110115
13302	22	0.217661628710587
13302	23	0.305331658019334
13302	24	0.160691573936475
13302	25	0.083818327831608
13302	26	0.138892043730635
13302	27	0.053952730880269
13302	28	0.158489708485938
13302	29	0.14314159638068
13302	30	0.108133463947809
13302	31	0.227575312406664
13302	32	0.216702677770549
13302	33	0.185538872765193
13302	34	0.257231880978296
13302	35	0.004636379513272
13302	36	0.00841425455670475
13302	37	0.0566824411935016
13302	38	0.157427665197396
13302	39	-0.0822952934597581
13302	40	-0.134208294307101
13302	41	-0.0716129772229266
13302	42	-0.0724724306840088
13302	43	0.00917016856295305
13302	44	-0.113037223368529
13302	45	-0.0738608664979594
13302	46	-0.238152545506523
13302	47	-0.00672587713243189
13302	48	-0.013210619271014
13302	49	0.0156043615422377
13302	50	-0.073104681705523
13302	51	-0.0552944266596498
13302	52	0.047240754468362
13302	53	0.0751974479527462
13302	54	-0.111133895955277
13302	55	-0.0854124931833198
13302	56	-0.0447308686421337
13302	57	0.108016974583883
13302	58	-0.0194179950010636
13302	59	-0.00949670067844721
13302	60	-0.0739863046680611
13302	61	0.0448187220189098
13302	62	0.0337196493398295
13302	63	0.110128556119989
13302	64	-0.207713569844636
13302	65	-0.246787595817565
13302	66	-0.00194375060175389
13302	67	0.026473291341496
13302	68	-0.0812450358614498
13302	69	0.148381820727927
13302	70	0.0703805008321652
13302	71	-0.21437316887701
13302	72	-0.00629768012189658
13302	73	-0.105357475294646
13302	74	-0.214197147726132
13303	1	-0.12163787335297
13303	2	-0.0212009307735528
13303	3	0.0180854575053786
13303	4	0.0015615267381186
13303	5	-0.127609134756355
13303	6	-0.0231178742748455
13303	7	-0.00780393082681741
13303	8	0.062696133521591
13303	9	0.0683557999068256
13303	10	0.0529111046550739
13303	11	0.0853593775478956
13303	12	0.0477206822289631
13303	13	0.0238481410507134
13303	14	0.118715736102487
13303	15	0.0258875776124086
13303	16	0.125054972987158
13303	17	-0.15310011045468
13303	18	-0.0262108511915287
13303	19	-0.0689063207566818
13303	20	0.0297003679847876
13303	21	0.0546433043335881
13303	22	-0.0206397200855264
13303	23	-0.00206508907143643
13303	24	-0.00105593655374747
13303	25	-0.0642449503251754
13303	26	-0.0564470332593316
13303	27	-0.00539838766376732
13303	28	-0.101773432133029
13303	29	0.0065303860801933
13303	30	-0.0304345392463432
13303	31	-0.0658561807395799
13303	32	0.16254675960878
13303	33	0.114366685752508
13303	34	-0.0122008508692417
13303	35	0.111932690637154
13303	36	0.0466236935802655
13303	37	0.114492075454336
13303	38	0.0327484826533535
13303	39	0.040453897775059
13303	40	0.0330905607778789
13303	41	-0.0450232776795616
13303	42	-0.0675457209413324
13303	43	0.0992819822306572
13303	44	0.0759061535392078
13303	45	0.126498492174797
13303	46	-0.0599104221987403
13303	47	0.099339782561664
13303	48	0.0480440777119426
13303	49	0.0656843667724942
13303	50	0.0497723263204861
13303	51	0.05765435133398
13303	52	-0.0321794964134128
13303	53	0.0224087732128524
13303	54	0.057468764005975
13303	55	-0.00974325886024019
13303	56	0.00901444471856649
13303	57	0.128150643756015
13303	58	-0.10937179427092
13303	59	-0.0173249341106256
13303	60	-0.00242171140256175
13303	61	0.0191895655037442
13303	62	0.0284117206021435
13303	63	0.0355638793471513
13303	64	-0.0188366498032764
13303	65	0.017660868395275
13303	66	-0.0907114741769419
13303	67	-0.0479263723901013
13303	68	0.0274109801813509
13303	69	0.0341479709462291
13303	70	0.1173483844616
13303	71	0.0199052403980247
13303	72	0.171374263523006
13303	73	0.0664314111042259
13303	74	-0.0617086897731269
13304	1	-0.161829613765949
13304	2	-0.0451684823959724
13304	3	-0.00256351004624378
13304	4	0.0126234736407724
13304	5	-0.0199395182371802
13304	6	-0.027911384599328
13304	7	-0.0299278246321251
13304	8	0.00185542555698959
13304	9	0.0871611096413432
13304	10	-0.0234163289732479
13304	11	0.107114539789784
13304	12	0.00679147868913788
13304	13	-0.150561888447811
13304	14	-0.082980429089254
13304	15	-0.0504398560159061
13304	16	-0.047142667130835
13304	17	0.0356904500172988
13304	18	-0.048703476560263
13304	19	-0.0261334593997518
13304	20	-0.034458924050611
13304	21	0.0269884370769518
13304	22	-0.0512444398495333
13304	23	0.00604700532384328
13304	24	-0.0202299778516775
13304	25	-0.090793622891546
13304	26	-0.0575532279495974
13304	27	-0.0669765587552078
13304	28	-0.0719061754958616
13304	29	0.0124300910949415
13304	30	-0.110818020072301
13304	31	0.108185117195518
13304	32	-0.0170255117776534
13304	33	-0.0298073555454295
13304	34	-0.0391182549990319
13304	35	0.13184419506193
13304	36	0.113877274777614
13304	37	0.124242693477122
13304	38	-0.0201799521589052
13304	39	0.085900647225273
13304	40	0.1374233179775
13304	41	0.209654382714625
13304	42	0.230643032216598
13304	43	0.0805770422428296
13304	44	0.157632783388081
13304	45	0.115095019603565
13304	46	0.1390000816141
13304	47	0.109160625112168
13304	48	0.154985375960393
13304	49	0.17528891561129
13304	50	0.146228828308786
13304	51	0.0688780076570694
13304	52	0.309495447485347
13304	53	0.180049735630661
13304	54	0.0398584056279816
13304	55	0.152977647636597
13304	56	0.154716587827352
13304	57	0.0314299604170714
13304	58	0.0857702057225609
13304	59	0.08685998285506
13304	60	0.244067408165201
13304	61	0.163571944095992
13304	62	0.175320174651908
13304	63	0.0342262407155687
13304	64	0.301753579518973
13304	65	0.15729941941111
13304	66	0.110038975644727
13304	67	0.0617989043068619
13304	68	0.0209565401174174
13304	69	0.0751639999146931
13304	70	0.203327455689987
13304	71	0.100322900633593
13304	72	0.0904099457486751
13304	73	0.209475843505267
13304	74	0.524753408731094
13305	1	1.31842585459271
13305	2	-0.0521082887075437
13305	3	-0.0961482765626371
13305	4	-0.034501115884467
13305	5	-0.254664987152413
13305	6	-0.214249532314582
13305	7	-0.145921730125529
13305	8	-0.0534056085611141
13305	9	-0.149206258311018
13305	10	-0.157791155043263
13305	11	-0.157032925006789
13305	12	-0.0747851618184612
13305	13	-0.262833692310451
13305	14	-0.137361377494663
13305	15	-0.0949415814013364
13305	16	-0.00568471644346147
13305	17	-0.201247408278469
13305	18	-0.242204060965001
13305	19	-0.0591384129256625
13305	20	-0.215113039929726
13305	21	-0.117693479770601
13305	22	-0.092396273767271
13305	23	-0.140043744383959
13305	24	-0.0579414767107025
13305	25	-0.123659432431253
13305	26	-0.10980179476654
13305	27	-0.102740041807472
13305	28	-0.0510937137604586
13305	29	-0.305221714993998
13305	30	-0.0745397042711105
13305	31	-0.134478516132248
13305	32	-0.101552004792623
13305	33	-0.197183656541704
13305	34	-0.0310896469954685
13305	35	0.00575539336993813
13305	36	0.00269147462351071
13305	37	-0.0049980063504762
13305	38	-0.0218197665683988
13305	39	0.222010839849389
13305	40	0.0389346215187771
13305	41	0.10560989036432
13305	42	0.209919595894064
13305	43	0.0732044572291741
13305	44	0.0371310041115507
13305	45	0.0990214804088083
13305	46	-0.0718205153382456
13305	47	0.130561859457849
13305	48	-0.0358741497356334
13305	49	-0.0434420007977039
13305	50	0.0731410150173701
13305	51	-0.106245494667597
13305	52	-0.0167434728440412
13305	53	-0.0730544167931555
13305	54	-0.0474214960289743
13305	55	-0.0140510232162327
13305	56	0.0854775637861849
13305	57	-0.06002652617628
13305	58	0.126406713602016
13305	59	0.0464608466148135
13305	60	-0.0723075529533759
13305	61	-0.0306801289479921
13305	62	-0.0735485088435937
13305	63	-0.0201177990061581
13305	64	-0.026386647270229
13305	65	0.0171645038564279
13305	66	0.00752128326730883
13305	67	0.0762998737767759
13305	68	-0.0822415270074757
13305	69	-0.0256609119035005
13305	70	-0.0587784694711573
13305	71	-0.0414764701078099
13305	72	-0.0541053662579642
13305	73	-0.0898359602156091
13305	74	-0.121030084091871
13306	1	0.741002955448963
13306	2	0.250808567396117
13306	3	0.183796976146311
13306	4	0.161608795459021
13306	5	0.223265603133257
13306	6	0.136490692736565
13306	7	0.14814841839307
13306	8	0.221536139563462
13306	9	0.114104058427635
13306	10	0.246933877161027
13306	11	0.211031313077626
13306	12	0.221458776197757
13306	13	0.126468800680385
13306	14	0.20788991067689
13306	15	0.130005376240554
13306	16	0.217725433590637
13306	17	0.134991414938931
13306	18	0.208793324804489
13306	19	0.109538653831933
13306	20	0.165141468670718
13306	21	0.234559873264175
13306	22	0.183734191489982
13306	23	0.194092328208299
13306	24	0.161379202231487
13306	25	0.231167895749394
13306	26	0.143636486661059
13306	27	0.162443333201999
13306	28	0.190637361483915
13306	29	0.208450899994261
13306	30	0.066176462281895
13306	31	0.124583676032643
13306	32	0.18289474446857
13306	33	0.154579528273032
13306	34	0.272933047556322
13306	35	0.212194356770716
13306	36	0.123867026441921
13306	37	0.187297313737261
13306	38	0.143691626605985
13306	39	0.169103368750143
13306	40	0.0964913097385178
13306	41	0.0727194557588504
13306	42	0.143049133532578
13306	43	0.156328771631479
13306	44	0.0963246131407374
13306	45	0.0675895635670258
13306	46	0.119796474338152
13306	47	0.0875311368580185
13306	48	0.0809153066005592
13306	49	0.0336703927019784
13306	50	0.245195608746599
13306	51	0.16650506651721
13306	52	-0.0104500324709278
13306	53	0.16104473261408
13306	54	0.0184813821286909
13306	55	0.228888393824953
13306	56	0.105133364785864
13306	57	0.31070925399149
13306	58	0.0742938913623163
13306	59	0.144125721170916
13306	60	0.0173540951944915
13306	61	0.0510038700973325
13306	62	0.029549915127582
13306	63	0.0772063654138719
13306	64	-0.0586924884546534
13306	65	0.0573782803143246
13306	66	-0.0499228569257752
13306	67	0.0780334426861771
13306	68	-0.0487012692608246
13306	69	0.106652983878142
13306	70	0.0421643729971137
13306	71	0.119223092289204
13306	72	0.0418429252960166
13306	73	0.0275814068998699
13306	74	0.308960917181118
13307	1	1.1871528399611
13307	2	-0.124117451946301
13307	3	0.00287840348980239
13307	4	-0.0347835895453272
13307	5	-0.102859443085897
13307	6	0.0183672923994607
13307	7	-0.283158965386761
13307	8	-0.101388530419783
13307	9	-0.0659749162994885
13307	10	-0.113867989132366
13307	11	-0.0193259969916681
13307	12	-0.138010537885997
13307	13	-0.143636230844685
13307	14	-0.260342074657828
13307	15	-0.0783586698201333
13307	16	-0.111002741365063
13307	17	-0.0570976367640981
13307	18	0.057585564308539
13307	19	0.0277729201118859
13307	20	-0.0860720842256057
13307	21	-0.144544927765367
13307	22	-0.188151868093108
13307	23	-0.11805607609044
13307	24	-0.31371017480636
13307	25	-0.153081187070526
13307	26	-0.04447846817623
13307	27	-0.116107798386928
13307	28	-0.147077887715348
13307	29	-0.219918116126024
13307	30	0.00316279942000364
13307	31	-0.1687139164897
13307	32	-0.282287677126938
13307	33	-0.071596148927604
13307	34	-0.0427332645634237
13307	35	-0.0539922509595314
13307	36	-0.0489723877943931
13307	37	-0.0921308482027428
13307	38	-0.0919369060944888
13307	39	-0.0183050484650664
13307	40	-0.153254294714458
13307	41	-0.0480352337063721
13307	42	-0.0556102457624519
13307	43	0.0551112257778357
13307	44	-0.0197020968790582
13307	45	0.016309099516036
13307	46	-0.0258929348792876
13307	47	0.215157104736299
13307	48	-0.100624689804874
13307	49	-0.0228054648649447
13307	50	0.0283712527688849
13307	51	-0.00159062069877081
13307	52	-0.192374600067943
13307	53	-0.12036796224681
13307	54	-0.0544059155516265
13307	55	-0.109987565794256
13307	56	-0.0461187181311473
13307	57	-0.106929330441126
13307	58	0.015861986799699
13307	59	-0.023917820868796
13307	60	-0.0816381232007117
13307	61	-0.0808533719705622
13307	62	-0.0352747959535264
13307	63	-0.0590382002350935
13307	64	-0.103295079921601
13307	65	0.129560182036911
13307	66	-0.0656070972587557
13307	67	-0.0943556015591298
13307	68	-0.0602224267434295
13307	69	-0.173284748054684
13307	70	0.0217313260584717
13307	71	0.0681878755709349
13307	72	-0.134504156152168
13307	73	-0.0195699138973282
13307	74	-0.167357783248235
13308	1	-0.0281538847617
13308	2	-0.0227563762570959
13308	3	0.0808685102132074
13308	4	0.00974730930945356
13308	5	0.0744544539246768
13308	6	0.0378305317932259
13308	7	0.0688730492776699
13308	8	0.0116011592005449
13308	9	0.0889354395295001
13308	10	0.0579915192389961
13308	11	-0.066413557061189
13308	12	0.00131791515801183
13308	13	0.0256224709388704
13308	14	0.119906374244998
13308	15	-0.00833483917372746
13308	16	-0.0311670124251933
13308	17	0.0837089793233901
13308	18	-0.0401408232975768
13308	19	0.0822932413582365
13308	20	-0.0626681240557261
13308	21	-0.142712816232475
13308	22	-0.0287975970753962
13308	23	-0.0154740116485641
13308	24	-0.0450698695780218
13308	25	0.134533773529334
13308	26	0.159484466677299
13308	27	0.11653156235036
13308	28	0.120934327827811
13308	29	0.0556790914356284
13308	30	-0.00146476680473029
13308	31	0.0608784708999295
13308	32	0.0876111168560314
13308	33	0.111219895417605
13308	34	-0.0357576672144688
13308	35	0.104461988590863
13308	36	0.101825743717988
13308	37	0.0472821026031056
13308	38	0.0289033337861397
13308	39	-0.0334924523553966
13308	40	0.137357749913321
13308	41	-0.000941779045717794
13308	42	0.185852207205734
13308	43	0.0917868774075146
13308	44	0.0156416891078166
13308	45	0.0794730474863101
13308	46	0.0616354576526916
13308	47	0.127858344211703
13308	48	0.01723252404134
13308	49	0.151025046105985
13308	50	-0.0126318126203842
13308	51	-0.00393362972216948
13308	52	0.107102049137396
13308	53	0.105494697101804
13308	54	0.249899502653093
13308	55	0.058426777896706
13308	56	-0.0232547167691521
13308	57	-0.0395145606207237
13308	58	0.190877815421509
13308	59	0.0747823951947595
13308	60	0.169492088138504
13308	61	0.0624189379684665
13308	62	0.0377142085337496
13308	63	-0.0380658736163255
13308	64	0.0726073165124674
13308	65	0.102913296126957
13308	66	-0.122108346362317
13308	67	0.220470592160083
13308	68	0.236178464931264
13308	69	0.0480207121950187
13308	70	0.151776760938013
13308	71	0.00281392137279113
13308	72	0.000308010935015091
13308	73	0.0453896101179083
13308	74	0.055322827968844
13309	1	0.706769729232253
13309	2	0.18018592776426
13309	3	-0.0432716529227442
13309	4	-0.0262121903375103
13309	5	-0.0482926281803948
13309	6	0.0184361821883243
13309	7	-0.0540067979598504
13309	8	-0.059899534640202
13309	9	0.0865632950518105
13309	10	-0.105568295105805
13309	11	0.00204862568017461
13309	12	-0.0835593422065628
13309	13	-0.0379906082688706
13309	14	-0.052022725362832
13309	15	0.0154947551906801
13309	16	0.0401186527201745
13309	17	-0.0106217589492132
13309	18	0.000937121587107015
13309	19	-0.0583699871785228
13309	20	0.00669371714891298
13309	21	-0.0845054694928322
13309	22	-0.127524036425712
13309	23	0.0726920413234495
13309	24	-0.0545095340189192
13309	25	0.0826397582194147
13309	26	-0.0387696083070495
13309	27	-0.0736098642776852
13309	28	-0.0444182922349086
13309	29	0.0837233435153237
13309	30	-0.181236537824894
13309	31	-0.0134653977807417
13309	32	-0.0576804693601503
13309	33	-0.0462668669775965
13309	34	0.0523539139388518
13309	35	0.0748215375324364
13309	36	-0.0350522717157702
13309	37	-0.0113799979135436
13309	38	-0.0335238685486487
13309	39	-0.0506003966676474
13309	40	-0.0516161152318801
13309	41	0.0562564803834675
13309	42	0.121395005730129
13309	43	-0.0920874789871107
13309	44	0.0236506716359486
13309	45	-0.0135919607663055
13309	46	0.0269514572055343
13309	47	-0.0520748128904742
13309	48	0.115729134221972
13309	49	0.101997440942675
13309	50	0.152111435687992
13309	51	-0.0416051756244613
13309	52	-0.0132186192258246
13309	53	-0.0788245139985477
13309	54	-0.0728973486201809
13309	55	0.148088691219456
13309	56	-0.0266092634851276
13309	57	0.0161503073506708
13309	58	0.178846161142026
13309	59	0.285925273457053
13309	60	0.0243784655745003
13309	61	0.0104759772601426
13309	62	0.0334592839121584
13309	63	0.162434125970179
13309	64	-0.0211673429622721
13309	65	0.0788884792503666
13309	66	-0.0346696285559958
13309	67	0.00709953074045444
13309	68	-0.134138001217238
13309	69	-0.111092592886401
13309	70	0.152712389867979
13309	71	-0.0561988384968402
13309	72	-0.00908017471898859
13309	73	0.136177418138985
13309	74	0.260878729945524
13310	1	0.253040467198087
13310	2	0.219390184226391
13310	3	0.192513946656639
13310	4	0.107936660109111
13310	5	0.192767829812187
13310	6	0.265128680230973
13310	7	0.233978754757302
13310	8	0.189550405639025
13310	9	0.204350369076991
13310	10	0.0417305544835855
13310	11	0.056120210595104
13310	12	0.0827215682922926
13310	13	0.116423299526829
13310	14	0.154859736161562
13310	15	0.167531262011423
13310	16	0.211828724099355
13310	17	0.159462421618969
13310	18	0.112540667114907
13310	19	0.0727156735503627
13310	20	0.175294879560838
13310	21	0.251536729374479
13310	22	0.0779611305352716
13310	23	0.0834446373195874
13310	24	0.0425009985531943
13310	25	0.19747508319756
13310	26	0.395314663699622
13310	27	0.260269242596777
13310	28	0.218050204344721
13310	29	0.131871428164509
13310	30	0.172524727683928
13310	31	0.145886188962962
13310	32	0.0807774203535914
13310	33	0.0931025502734215
13310	34	0.118389654962165
13310	35	0.181304527114165
13310	36	-0.0228819901025616
13310	37	-0.100090232925403
13310	38	0.0034284445792423
13310	39	0.0406563186976641
13310	40	0.11919978868913
13310	41	-0.0548310458038586
13310	42	-0.092484453030437
13310	43	0.0265750138394623
13310	44	-0.0706835305751952
13310	45	0.021440120875944
13310	46	-0.0188236532479635
13310	47	0.0758979246277605
13310	48	-0.140534910139195
13310	49	0.0660952138959203
13310	50	0.0459516220933978
13310	51	-0.027506469115508
13310	52	-0.187194893694944
13310	53	-0.119956312560696
13310	54	-0.0212526789559746
13310	55	-0.0909501516965108
13310	56	0.00633991497565489
13310	57	0.0200905469348385
13310	58	-0.0520859603430566
13310	59	-0.0159310182051868
13310	60	0.0693481950859862
13310	61	-0.0809627401754227
13310	62	-0.0619859582216975
13310	63	-0.0388050822693486
13310	64	-0.194572381753368
13310	65	0.0791780074903699
13310	66	-0.126505956717445
13310	67	0.0647658950912984
13310	68	-0.0454204906953564
13310	69	-0.0895923207111124
13310	70	0.00477922326530233
13310	71	0.0188119743452688
13310	72	0.160282482123932
13310	73	-0.0433000717225127
13310	74	-0.0478783751679046
13311	1	-0.549102722738237
13311	2	0.263285787712906
13311	3	0.235397538981594
13311	4	0.234189874031216
13311	5	0.178953928209719
13311	6	0.199787981648903
13311	7	0.105316812162798
13311	8	0.235143183310221
13311	9	0.253117227893824
13311	10	0.251452865523234
13311	11	0.207195104496343
13311	12	0.134966517625756
13311	13	0.268068655085841
13311	14	0.215824019374459
13311	15	0.175667953557117
13311	16	0.131518989810651
13311	17	0.270185781211808
13311	18	0.186105859615267
13311	19	0.235401289288603
13311	20	0.252660950490942
13311	21	0.248140350892449
13311	22	0.273047344344711
13311	23	0.29290760146678
13311	24	0.251704615807931
13311	25	0.286189991431392
13311	26	0.0719836954475426
13311	27	0.176473297340792
13311	28	0.196324953701939
13311	29	0.0928907274305217
13311	30	0.258649212162197
13311	31	0.151433471809419
13311	32	0.287031791439915
13311	33	0.161624435395439
13311	34	0.204124357809498
13311	35	0.262020791463257
13311	36	-0.0770031182184141
13311	37	0.024438735149694
13311	38	-0.00213351143453622
13311	39	-0.0785094948941492
13311	40	-0.0720804172361227
13311	41	0.141176391306175
13311	42	-0.0531736937949674
13311	43	-0.0236287577292984
13311	44	-0.0504458108839714
13311	45	-0.0774291263910527
13311	46	-0.225905992286023
13311	47	-0.0094189946940233
13311	48	-0.0292019113630673
13311	49	-0.00569046629311742
13311	50	-0.114102504442052
13311	51	-0.194388771440849
13311	52	-0.0554518733443246
13311	53	-0.0926877321275583
13311	54	-0.012589931052716
13311	55	-0.0253725244895051
13311	56	-0.0145517782024314
13311	57	-0.121168882652817
13311	58	0.12985257143184
13311	59	0.0160042338013113
13311	60	-0.0503842935036189
13311	61	-0.0534803293342563
13311	62	0.0148533888519751
13311	63	-0.0308785099921849
13311	64	-0.0869832044640901
13311	65	-0.0836600838497219
13311	66	-0.170946743727633
13311	67	0.118908754826016
13311	68	-0.0240338526295716
13311	69	-0.0609200313419365
13311	70	-0.00141528166589211
13311	71	0.0361407060166172
13311	72	-0.144039111620209
13311	73	0.104508411924584
13311	74	-0.0846534346681267
13312	1	-0.30818476164092
13312	2	0.148490319542169
13312	3	0.195615656996974
13312	4	0.160509740953486
13312	5	0.143160619175429
13312	6	0.276152541230303
13312	7	0.258810134385087
13312	8	0.202747217181077
13312	9	0.256285214315923
13312	10	0.252775487908806
13312	11	0.177789054964265
13312	12	0.18292177272432
13312	13	0.289987171098424
13312	14	0.0618656131726567
13312	15	0.201689402210889
13312	16	0.153797786632026
13312	17	0.314639208785174
13312	18	0.171202466477233
13312	19	0.189171304623635
13312	20	0.182176517743677
13312	21	0.0933349184567334
13312	22	0.0232080531581786
13312	23	0.145666791812914
13312	24	0.103975786526242
13312	25	0.0560020911326546
13312	26	0.216347992543191
13312	27	0.197866841847734
13312	28	0.201971582894302
13312	29	0.228881601590906
13312	30	0.154964154291093
13312	31	0.187413451536855
13312	32	0.282758752740463
13312	33	0.146726139068136
13312	34	0.152878792831217
13312	35	0.155916022696005
13312	36	-0.0132952376038986
13312	37	-0.160206996432677
13312	38	-0.305679697183912
13312	39	-0.112568129384385
13312	40	-0.00736486169209627
13312	41	-0.0521311946574485
13312	42	-0.0404766006194066
13312	43	-0.0597675860251172
13312	44	-0.159759735991813
13312	45	-0.0125534062990269
13312	46	0.0270878527265666
13312	47	-0.155937473137513
13312	48	-0.130262984190274
13312	49	-0.103750339247391
13312	50	0.0809280137356012
13312	51	0.0254054586626609
13312	52	-0.121655522022202
13312	53	-0.0157529644711403
13312	54	0.0473395848466538
13312	55	0.0843084485393462
13312	56	0.0331398692307445
13312	57	0.0105497525037919
13312	58	0.0322930464519118
13312	59	-0.011144691871948
13312	60	-0.0640862306488188
13312	61	-0.0823444979525263
13312	62	-0.111583089798529
13312	63	-0.0155809641595823
13312	64	0.00109783085697046
13312	65	-0.0855275006772303
13312	66	-0.124415843785634
13312	67	-0.0886670077040677
13312	68	-0.203239455210863
13312	69	-0.0706778374311767
13312	70	-0.0535361649424999
13312	71	0.0648181387288318
13312	72	-0.0213749689453522
13312	73	-0.0490049350711388
13312	74	0.274081044168661
13401	1	0.903305563941185
13401	2	-0.223672219830462
13401	3	-0.138913282363454
13401	4	-0.161214341750011
13401	5	-0.197037063845336
13401	6	-0.189691463071135
13401	7	-0.184976654714895
13401	8	-0.231635137778923
13401	9	-0.215066458591899
13401	10	-0.0707265217160398
13401	11	-0.31680776166796
13401	12	-0.20550797429938
13401	13	-0.00420466990097168
13401	14	-0.183538180327901
13401	15	-0.112825656628786
13401	16	-0.146982573193782
13401	17	-0.277972235780453
13401	18	-0.123849966808564
13401	19	-0.0468873901498128
13401	20	-0.217350781884903
13401	21	-0.264561953850105
13401	22	-0.141486155919075
13401	23	-0.228589418194787
13401	24	-0.255129453751671
13401	25	-0.235899158876883
13401	26	-0.188112840745653
13401	27	-0.170759672997555
13401	28	-0.107320586814126
13401	29	-0.272088051929941
13401	30	-0.0440889196341203
13401	31	-0.236294935500872
13401	32	-0.231821742839884
13401	33	-0.17166433065784
13401	34	-0.127226912672946
13401	35	-0.154132406593419
13401	36	-0.168798140957009
13401	37	-0.304592594297915
13401	38	-0.13227654139255
13401	39	-0.301676013851605
13401	40	-0.18396076630426
13401	41	-0.218745139521928
13401	42	-0.207076451536764
13401	43	-0.286338434731292
13401	44	-0.20937919941958
13401	45	-0.194582370926355
13401	46	-0.0446418817434733
13401	47	-0.223559618177845
13401	48	-0.246823512703443
13401	49	-0.202131697915611
13401	50	-0.129635470292698
13401	51	-0.136441306020075
13401	52	-0.186981170354052
13401	53	-0.254458367207796
13401	54	-0.14855621114711
13401	55	-0.191561197795615
13401	56	-0.179852803312379
13401	57	-0.312640236091802
13401	58	-0.320303198120982
13401	59	-0.406390894553276
13401	60	-0.159281909870629
13401	61	-0.16979784033461
13401	62	-0.260240858527553
13401	63	-0.049001957259911
13401	64	-0.224798814652985
13401	65	-0.334065227812395
13401	66	-0.268525080523972
13401	67	-0.123152603049945
13401	68	-0.230299412714331
13401	69	-0.27711380488865
13401	70	-0.323739927681238
13401	71	-0.206026305715611
13401	72	-0.272135751846172
13401	73	-0.366593265238571
13401	74	0.104298776294854
13402	1	0.714114959195804
13402	2	0.0290790770427947
13402	3	0.0131114573953859
13402	4	0.077469182664327
13402	5	-0.00989542256413856
13402	6	0.0316916373320808
13402	7	0.133473644326557
13402	8	0.00871315982220011
13402	9	0.067816817038441
13402	10	-0.0951099725734963
13402	11	-0.0327777689466231
13402	12	-0.0509459458240045
13402	13	0.0370306235370634
13402	14	0.0204462148304358
13402	15	-0.106468185599034
13402	16	0.00502999694520412
13402	17	0.0793379701403012
13402	18	-0.0401531751979007
13402	19	-0.124096850103676
13402	20	-0.137065026887079
13402	21	-0.0247543570804467
13402	22	-0.111150374540898
13402	23	-0.0140297774296414
13402	24	-0.000533920310246572
13402	25	0.0440082595847429
13402	26	0.0683657488108054
13402	27	0.0283710464349411
13402	28	-0.0697366414695892
13402	29	-0.0168484529112121
13402	30	0.0285370609638136
13402	31	-0.0161425071610637
13402	32	-0.0102131193548303
13402	33	-0.0291292756057118
13402	34	-0.0286747123209494
13402	35	0.0069243477381562
13402	36	0.165741920094788
13402	37	0.0112296501933002
13402	38	0.162940323328094
13402	39	0.0597383261395592
13402	40	0.040072832927244
13402	41	0.180614343213307
13402	42	0.0476264994063769
13402	43	0.146566663715923
13402	44	0.0609541918911489
13402	45	0.108767020550331
13402	46	0.0504359244848587
13402	47	0.152794887048614
13402	48	0.0927471961409907
13402	49	0.185204755755038
13402	50	0.119668839220928
13402	51	0.113582329341241
13402	52	0.0690087967544741
13402	53	-0.0124322673809729
13402	54	0.0254757451389693
13402	55	0.200622561505583
13402	56	0.112245402949526
13402	57	0.0317872027078536
13402	58	0.11862445117287
13402	59	0.0901018461015539
13402	60	0.0227742613248481
13402	61	0.0387635976705241
13402	62	-0.0902225547501629
13402	63	0.0156654210341713
13402	64	0.0890129685920158
13402	65	-0.0168264146453581
13402	66	0.129652272246126
13402	67	-0.0838798217290062
13402	68	-0.142001633958401
13402	69	0.248024221336337
13402	70	-0.0399334958423054
13402	71	0.192295689749237
13402	72	0.0929044583399588
13402	73	-0.0319793848886931
13402	74	0.178807831029445
13403	1	0.273353790107336
13403	2	-0.0140507448045923
13403	3	-0.134296869030472
13403	4	0.00116073156048557
13403	5	-0.0115869467353207
13403	6	0.0169937071026069
13403	7	-0.0913617094596191
13403	8	-0.211143163643982
13403	9	-0.0210856519336247
13403	10	-0.00318418840635815
13403	11	-0.118148381846744
13403	12	-0.213742059851327
13403	13	-0.115179690166421
13403	14	-0.123941696243286
13403	15	0.0411177943624423
13403	16	-0.147405588767363
13403	17	-0.0658870798018683
13403	18	-0.259842376137023
13403	19	-0.101883747972281
13403	20	-0.0545788419677606
13403	21	-0.0841600815840735
13403	22	-0.190689098051408
13403	23	-0.0199886494151613
13403	24	-0.193710162538096
13403	25	0.053332322985078
13403	26	0.0375153881848149
13403	27	-0.192393385739948
13403	28	-0.0992404066103916
13403	29	-0.167382657398065
13403	30	-0.0540654229195496
13403	31	-0.0824330692864592
13403	32	-0.151564437005305
13403	33	-0.145685257302517
13403	34	-0.175741315150375
13403	35	-0.0827415430424665
13403	36	-0.183738295937289
13403	37	0.0695053249225168
13403	38	-0.104308984302889
13403	39	-0.221850965661794
13403	40	-0.275777850615945
13403	41	-0.0474120092015298
13403	42	-0.162782789714072
13403	43	-0.106397761913442
13403	44	-0.0289247080674713
13403	45	-0.192425538793835
13403	46	0.0331030051901777
13403	47	-0.11730416715816
13403	48	-0.070160062524991
13403	49	-0.214164215725376
13403	50	-0.214812949156894
13403	51	-0.269044943357294
13403	52	-0.235207807894781
13403	53	-0.189539228744124
13403	54	-0.151655885310525
13403	55	-0.0712442665241326
13403	56	-0.127868816773152
13403	57	0.0395500031780855
13403	58	-0.225073628123255
13403	59	-0.187018449486672
13403	60	-0.275740955234575
13403	61	-0.194399994396498
13403	62	-0.120033136483869
13403	63	-0.241897490770228
13403	64	-0.336720765095798
13403	65	-0.271648047415106
13403	66	-0.0372083828220795
13403	67	-0.187712702066612
13403	68	-0.266485754769676
13403	69	-0.217114367761553
13403	70	-0.270587687028346
13403	71	-0.173416650786656
13403	72	-0.159534959815758
13403	73	-0.0940257204507802
13403	74	-0.412447548206707
13404	1	1.14731306985617
13404	2	-0.112649014431796
13404	3	-0.16725549303413
13404	4	-0.131418656485614
13404	5	-0.123588499953762
13404	6	0.0449810467094736
13404	7	0.0107149811627636
13404	8	-0.0987095792059733
13404	9	-0.213263484975265
13404	10	-0.182725185259123
13404	11	-0.244578792410351
13404	12	-0.138107188742438
13404	13	-0.201746521593108
13404	14	-0.0352077802066901
13404	15	-0.217593000459523
13404	16	-0.153926088463969
13404	17	-0.113838388066611
13404	18	-0.192381301672604
13404	19	-0.222372574514822
13404	20	-0.0949579024030172
13404	21	-0.0635765499798211
13404	22	-0.199196541043996
13404	23	-0.0991986327544012
13404	24	-0.0811229190989735
13404	25	-0.336508723090915
13404	26	-0.196232593501129
13404	27	-0.110849417633275
13404	28	-0.0792431810945615
13404	29	-0.286457605576643
13404	30	-0.256463889039352
13404	31	-0.0978964304677916
13404	32	-0.0902441797758229
13404	33	-0.0758841933602028
13404	34	-0.0143357756356082
13404	35	-0.190103610609007
13404	36	-0.265572277329504
13404	37	-0.0897500767063235
13404	38	-0.09576047411025
13404	39	0.0861986383045874
13404	40	-0.138366197098854
13404	41	-0.118317978459167
13404	42	-0.268678039654247
13404	43	-0.0581422596838834
13404	44	-0.181831742002757
13404	45	-0.146820092261365
13404	46	-0.133544556374353
13404	47	-0.0447102943684925
13404	48	-0.153915095326319
13404	49	0.00170388938654042
13404	50	-0.166775440869984
13404	51	-0.0379908325316975
13404	52	-0.154247020263455
13404	53	-0.279161287022163
13404	54	-0.159645688267595
13404	55	0.052036084742852
13404	56	0.0558904210621094
13404	57	-0.0494092600890781
13404	58	-0.218573966842051
13404	59	-0.117025266485427
13404	60	-0.354441479235398
13404	61	-0.147548579585177
13404	62	-0.195415289345014
13404	63	-0.105963335973151
13404	64	-0.173443898830264
13404	65	-0.0137281005156851
13404	66	-0.168746840900639
13404	67	-0.06657430848459
13404	68	-0.237525943894966
13404	69	-0.169591693953251
13404	70	-0.134827081238278
13404	71	-0.202976826190692
13404	72	-0.223262817144004
13404	73	-0.313422516842834
13404	74	0.114352454600862
13405	1	0.233733926614953
13405	2	0.0565709194046207
13405	3	0.0904187350495391
13405	4	-0.124135837920836
13405	5	-0.00745930595937949
13405	6	0.0636499800038379
13405	7	0.0127299715560838
13405	8	-0.0149876743683919
13405	9	-0.0160872149400646
13405	10	0.0814097831490415
13405	11	0.0547991147808915
13405	12	0.0495782873392514
13405	13	0.169614788888531
13405	14	0.0830106655640535
13405	15	-0.0577735171106326
13405	16	0.0261799965232186
13405	17	-0.0374735631768459
13405	18	0.0211532847387872
13405	19	-0.0707970506882702
13405	20	0.0175514039199882
13405	21	-0.0404022684468757
13405	22	-0.0439273411654639
13405	23	-0.020365681134038
13405	24	0.0773130321136577
13405	25	0.0204482440931244
13405	26	-0.0554803115008582
13405	27	-0.0704450762276849
13405	28	0.101028927748978
13405	29	0.00703946228123442
13405	30	0.0428950980543021
13405	31	-0.0728594653271273
13405	32	0.0677287020482993
13405	33	0.0318222461896127
13405	34	0.152854031729419
13405	35	0.00539018974801309
13405	36	0.146707970079291
13405	37	0.0453087894973407
13405	38	0.0397719033229649
13405	39	0.08762194966436
13405	40	-0.102699429401206
13405	41	0.239215841729113
13405	42	0.0816630828680118
13405	43	0.27947778268377
13405	44	0.00410803159493156
13405	45	-0.0363439425718184
13405	46	0.0248349020633611
13405	47	0.0681681965617216
13405	48	0.0578482528936703
13405	49	-0.00604908383153457
13405	50	0.15832963806222
13405	51	0.0631928971271876
13405	52	0.0695370435451537
13405	53	0.179412975418224
13405	54	0.0978283898708128
13405	55	0.134593315981753
13405	56	0.0553238407572039
13405	57	0.0343027344748918
13405	58	0.139186224511533
13405	59	0.0616991052463192
13405	60	0.0655771453484277
13405	61	0.0945732788044751
13405	62	0.139241184176875
13405	63	-0.0218866106642679
13405	64	-0.0856569917829972
13405	65	0.078990532492007
13405	66	-0.0238796829162666
13405	67	-0.00851049210574928
13405	68	0.0862389244233981
13405	69	0.0418536797896607
13405	70	0.0200063486502202
13405	71	0.0245382685989597
13405	72	0.210302473836457
13405	73	-0.0150731586803019
13405	74	0.228749591267992
13406	1	-0.331097286079871
13406	2	0.09772775057667
13406	3	0.0414962374353145
13406	4	-0.045156719119813
13406	5	0.0683049045358182
13406	6	0.0361324897016786
13406	7	0.023228310058208
13406	8	0.0609899395229689
13406	9	0.0947795446633179
13406	10	0.102767675425596
13406	11	0.102805178763113
13406	12	0.127408630715479
13406	13	0.136976540902701
13406	14	0.201536389911531
13406	15	-0.0554071413562127
13406	16	0.240043457150293
13406	17	0.0702863755551348
13406	18	0.121022840758108
13406	19	0.11318439153068
13406	20	0.118706461349518
13406	21	0.138104591409913
13406	22	-0.0248055654274921
13406	23	0.0813875524817149
13406	24	0.149291872843591
13406	25	0.097769560320927
13406	26	0.0736019522749771
13406	27	0.277911948577923
13406	28	0.148899189570002
13406	29	0.0987262452204121
13406	30	0.125880842522669
13406	31	0.0478298553572074
13406	32	-0.0300733353536486
13406	33	0.260400379085425
13406	34	0.103876104661644
13406	35	-0.0275321341872541
13406	36	0.0020281342170918
13406	37	-0.0622452073853097
13406	38	0.120587502775841
13406	39	-0.0471070321087055
13406	40	0.0105683760509692
13406	41	0.0454966573285631
13406	42	0.0555545165289857
13406	43	0.0310324793787515
13406	44	0.105064931328897
13406	45	0.17594746156
13406	46	0.0163672781787341
13406	47	-0.0512746567624518
13406	48	-0.0046000356973579
13406	49	0.158144981926284
13406	50	0.117607142167309
13406	51	0.0265358053789271
13406	52	-0.0837932357468247
13406	53	-0.0282262877534478
13406	54	-0.0332062202279602
13406	55	-0.0585384812362477
13406	56	-0.0461913664916125
13406	57	-0.0428139069742244
13406	58	-0.0388205252509906
13406	59	-0.00602728051305235
13406	60	0.0806666804559839
13406	61	0.00496734527382614
13406	62	0.0777838829680491
13406	63	0.0889987007083519
13406	64	-0.0392623107941148
13406	65	-0.024024213364747
13406	66	-0.122190593172007
13406	67	0.0248721718914098
13406	68	0.0451961688098095
13406	69	0.0383801420575551
13406	70	-0.0899884775421782
13406	71	0.175190519298887
13406	72	0.141947399914834
13406	73	-0.000150836197164494
13406	74	-0.248802601763423
13407	1	0.0891816232976161
13407	2	0.0055721870922909
13407	3	-0.125894968891362
13407	4	-0.148138555147419
13407	5	0.0435526039794496
13407	6	-0.0523931872650465
13407	7	0.0233939658000963
13407	8	-0.124704592595947
13407	9	-0.0149997313132673
13407	10	0.0315888012050252
13407	11	-0.0829166359089584
13407	12	-0.0619344119394043
13407	13	-0.0398511614423569
13407	14	0.0287649660824627
13407	15	-0.119569008253947
13407	16	-0.0597091374695253
13407	17	-0.087533719041808
13407	18	-0.0141561654642786
13407	19	0.0136303550851125
13407	20	-0.0165094661723373
13407	21	-0.0968535731636777
13407	22	-0.0472352548572772
13407	23	-0.0680729717876716
13407	24	-0.0944560115332749
13407	25	-0.121897795107685
13407	26	-0.104650977577165
13407	27	-0.154257416284239
13407	28	-0.0858439819500205
13407	29	-0.0468000368635373
13407	30	0.0370495029395101
13407	31	-0.0959367837328458
13407	32	-0.0783891032970701
13407	33	-0.144579062612252
13407	34	-0.081740664012365
13407	35	-0.108994243785354
13407	36	-0.0733227216277967
13407	37	-0.0439364812827208
13407	38	-0.0426868813673664
13407	39	-0.0890048985806828
13407	40	0.108238801404525
13407	41	-0.03638322693633
13407	42	-0.139313794225188
13407	43	-0.112616286203576
13407	44	-0.0474262127721303
13407	45	-0.115204075715894
13407	46	0.0459561210980723
13407	47	0.0434239722632626
13407	48	-0.118996617725969
13407	49	-0.011786874973204
13407	50	-0.0836664848303386
13407	51	-0.243271749199465
13407	52	-0.079170109157964
13407	53	-0.0342271885733183
13407	54	-0.023532381944058
13407	55	-0.0611253823556979
13407	56	0.0554328806235844
13407	57	-0.157512575918709
13407	58	-0.116701162736284
13407	59	-0.0562071556719843
13407	60	0.0672037480292218
13407	61	-0.145082186884757
13407	62	-0.0692284118636479
13407	63	-0.0448459480020347
13407	64	-0.174684378983017
13407	65	-0.138655833089253
13407	66	-0.0304371836552662
13407	67	-0.0237721662266139
13407	68	-0.149458408684339
13407	69	-0.0509260466803454
13407	70	-0.0416871921951341
13407	71	-0.143149475396925
13407	72	-0.112865927657609
13407	73	-0.10315128216218
13407	74	0.0827829882281392
13408	1	1.39487854095105
13408	2	-0.04642094316171
13408	3	-0.195421769939902
13408	4	-0.186096161583286
13408	5	-0.0663271754655455
13408	6	-0.0922851695483331
13408	7	-0.114150100004842
13408	8	-0.160255528146884
13408	9	-0.0743620200233792
13408	10	-0.2611324317336
13408	11	-0.0369684301781419
13408	12	-0.0348554098604055
13408	13	-0.288194739133758
13408	14	-0.0615269981225453
13408	15	0.108816149479033
13408	16	0.0980780811872606
13408	17	-0.189018397700401
13408	18	-0.16758651889463
13408	19	-0.173549885356003
13408	20	-0.148250404435011
13408	21	-0.120122577954419
13408	22	-0.213950883529428
13408	23	0.0954563602199201
13408	24	-0.285914024730417
13408	25	-0.259862180898153
13408	26	-0.0627025910635624
13408	27	-0.0946262131747773
13408	28	-0.243045916325869
13408	29	-0.110618621334297
13408	30	-0.156252494710316
13408	31	-0.138976646337923
13408	32	-0.160652051864368
13408	33	-0.157602202809308
13408	34	-0.17668778504644
13408	35	-0.0757302105213213
13408	36	-0.231763887027398
13408	37	-0.0776550088217292
13408	38	-0.00737435370312767
13408	39	-0.243426966926741
13408	40	-0.0300617162901489
13408	41	-0.193820742635225
13408	42	-0.260295866716838
13408	43	-0.119110860593487
13408	44	-0.176603613801191
13408	45	-0.189909117758113
13408	46	-0.196972160160705
13408	47	-0.203444282009002
13408	48	-0.138534477324107
13408	49	-0.117636928471008
13408	50	-0.165204917567827
13408	51	-0.195193926092159
13408	52	-0.21849969918285
13408	53	-0.194750471399594
13408	54	-0.277734779918497
13408	55	-0.158189928880518
13408	56	-0.138847249462927
13408	57	-0.105220417660732
13408	58	-0.296830088994511
13408	59	-0.122619811657124
13408	60	-0.122980025253874
13408	61	-0.343869578124369
13408	62	-0.302602835265539
13408	63	-0.241685217805134
13408	64	-0.433903783988846
13408	65	-0.230699059063255
13408	66	-0.257973301925247
13408	67	-0.172894973244162
13408	68	-0.247796392265144
13408	69	-0.188530749585851
13408	70	-0.261645693378703
13408	71	-0.241444757586507
13408	72	-0.471384936940588
13408	73	-0.160569930649757
13408	74	-0.0490691164324275
13409	1	1.71533804520944
13409	2	0.0317875311361497
13409	3	0.0755243004475084
13409	4	0.106977260540415
13409	5	0.0568210940514398
13409	6	0.111484743160126
13409	7	0.0282605468750816
13409	8	0.0494927184728695
13409	9	0.0773522026405615
13409	10	-0.00485850786191122
13409	11	0.0505973786167218
13409	12	0.0104840913450204
13409	13	0.0730974942255145
13409	14	0.0424445097595765
13409	15	0.0797482824223437
13409	16	0.00077713360698084
13409	17	-0.0394354425308521
13409	18	0.11408989015608
13409	19	0.00920385493964204
13409	20	0.230024604566253
13409	21	0.115232403769276
13409	22	0.0958544402423698
13409	23	0.0355502388612834
13409	24	0.0663260046045835
13409	25	0.0487481729635988
13409	26	0.0517425742195954
13409	27	0.201107767475406
13409	28	0.0922499971823356
13409	29	0.0336793877681814
13409	30	0.00206857422527662
13409	31	0.118832719292669
13409	32	0.0446377059393583
13409	33	0.100385197077536
13409	34	0.0777334542909998
13409	35	-0.000178478545009852
13409	36	-0.106011795635865
13409	37	0.0283580121839151
13409	38	0.0229572136441334
13409	39	0.0704533348142675
13409	40	-0.00846125657639618
13409	41	-0.0816560923454333
13409	42	-0.00416377116381028
13409	43	0.141492706906966
13409	44	-0.0297534058265541
13409	45	-0.0667646657838503
13409	46	-0.0257085795486844
13409	47	0.106846211981647
13409	48	-0.0130506494111273
13409	49	0.0178615811165699
13409	50	-0.167972190780446
13409	51	-0.1126609186433
13409	52	0.136117599247044
13409	53	-0.231694688652759
13409	54	-0.0879439845089607
13409	55	0.120859972107951
13409	56	-0.112429079097218
13409	57	-0.0511335674625073
13409	58	0.0363903934430709
13409	59	0.152258703380745
13409	60	0.00349562968152384
13409	61	0.0428003875878957
13409	62	-0.0146916895602729
13409	63	-0.00130249415089168
13409	64	-0.046976093035731
13409	65	-0.0869326558463044
13409	66	0.061653355815416
13409	67	0.0121849076115126
13409	68	-0.00268400601363794
13409	69	-0.0774532268554609
13409	70	-0.0676762824202299
13409	71	0.0483405560420209
13409	72	0.015213723636073
13409	73	-0.0693455275179957
13409	74	0.260142863206696
13410	1	-0.197931504003648
13410	2	-0.00336846453311423
13410	3	0.00100440974952321
13410	4	-0.0329469717646269
13410	5	-0.0383956339091078
13410	6	0.0701132190064868
13410	7	-0.00846510466467265
13410	8	-0.133600238581586
13410	9	-0.104482546191008
13410	10	-0.110743995811099
13410	11	-0.111999772577022
13410	12	-0.150106437558868
13410	13	0.058024502039224
13410	14	0.0349476158457591
13410	15	-0.0442545313460627
13410	16	-0.123650900171661
13410	17	0.0262008067534509
13410	18	0.0230438086574836
13410	19	-0.0218435824301864
13410	20	-0.104278199066677
13410	21	-0.173664487593889
13410	22	0.0719119023333548
13410	23	-0.0659390715708028
13410	24	-0.0865504896225602
13410	25	0.0139714185031465
13410	26	-0.191097318196725
13410	27	-0.0853495625188145
13410	28	0.0320634105075968
13410	29	-0.217183302078965
13410	30	-0.282401934568753
13410	31	-0.170461200698846
13410	32	-0.14855816979572
13410	33	-0.0560273019072355
13410	34	-0.182411248044922
13410	35	-0.110158764714384
13410	36	-0.0406294078416494
13410	37	-0.189222205769497
13410	38	0.128875688309535
13410	39	-0.11610475095673
13410	40	-0.100000961464474
13410	41	-0.162682223006001
13410	42	-0.136530361334337
13410	43	-0.0610714080844161
13410	44	0.00176914195526479
13410	45	-0.285208797350748
13410	46	-0.116298342959944
13410	47	-0.120464847808925
13410	48	0.00747106020607191
13410	49	0.0356043489066096
13410	50	-0.10397825846001
13410	51	-0.100640851345624
13410	52	-0.00193032752495981
13410	53	-0.205134757283183
13410	54	-0.132090981875976
13410	55	-0.0753259648539029
13410	56	-0.175721200991383
13410	57	-0.21069173332544
13410	58	-0.056895558469833
13410	59	-0.0285151468028886
13410	60	-0.120044732301409
13410	61	-0.184263337467769
13410	62	-0.141995937892474
13410	63	-0.107831638014034
13410	64	-0.0683018018614376
13410	65	-0.102560949003234
13410	66	-0.0910345924134717
13410	67	-0.223962155596261
13410	68	0.0676064397429244
13410	69	-0.149665176858626
13410	70	-0.297968986382195
13410	71	-0.200383944604503
13410	72	-0.0830437508223199
13410	73	-0.090411576709819
13410	74	-0.0404049327504126
13411	1	-0.746297979451533
13411	2	0.235785593627313
13411	3	0.164145662132622
13411	4	0.232242245757156
13411	5	0.260020259232196
13411	6	0.308526953870711
13411	7	0.239656252172182
13411	8	0.313662946178923
13411	9	0.341438395777033
13411	10	0.190083001151898
13411	11	0.387640857160271
13411	12	0.105694445964403
13411	13	0.265905467919602
13411	14	0.15762014526085
13411	15	0.240944141484832
13411	16	0.128576321868799
13411	17	0.272314280740218
13411	18	0.368704558333313
13411	19	0.197380499831006
13411	20	0.255878807026171
13411	21	0.281946261996296
13411	22	0.209386444084885
13411	23	0.307147041971703
13411	24	0.257642974223728
13411	25	0.394421367886409
13411	26	0.276637124650897
13411	27	0.32460900198712
13411	28	0.343187787219449
13411	29	0.267363434040831
13411	30	0.242935381870637
13411	31	0.135829320525069
13411	32	0.331948648475638
13411	33	0.259456623210824
13411	34	0.148310627121013
13411	35	0.352293551921989
13411	36	-0.0172248236395589
13411	37	-0.0153538087998655
13411	38	-0.119313413100436
13411	39	-0.0444351830816245
13411	40	0.0061943334839043
13411	41	-0.107061929418933
13411	42	-0.0923391310053177
13411	43	-0.10152448479284
13411	44	0.115120558619523
13411	45	0.058933531912551
13411	46	0.037007089841552
13411	47	0.0708190944603047
13411	48	-0.0445760370538011
13411	49	0.167799870997769
13411	50	0.117896691018892
13411	51	0.175441916795755
13411	52	0.034604231913093
13411	53	-0.00224519902164388
13411	54	0.176655305664774
13411	55	0.225047327040087
13411	56	-0.0425897910961979
13411	57	0.131177107719978
13411	58	0.254901294306912
13411	59	-0.0510236126804742
13411	60	0.00338878404841836
13411	61	0.0644074126882757
13411	62	-0.133351610496206
13411	63	0.01224439342473
13411	64	-0.037893678746272
13411	65	-0.0519584604346264
13411	66	-0.0631089681636325
13411	67	-0.0881165532056229
13411	68	-0.0604906001284817
13411	69	-0.061398467981256
13411	70	-0.128050475055652
13411	71	-0.107735707425014
13411	72	-0.22864679132487
13411	73	-0.0483287132544916
13411	74	-0.115999470316559
13412	1	-2.09853585246334
13412	2	0.270292973552209
13412	3	0.216775042256909
13412	4	0.216262140775015
13412	5	0.244153935015564
13412	6	0.294085816822651
13412	7	0.151168365313623
13412	8	0.315854847963493
13412	9	0.223256577595215
13412	10	0.306676636075473
13412	11	0.372823879614167
13412	12	0.326468851463858
13412	13	0.203844152905134
13412	14	0.26259152599598
13412	15	0.203169243832129
13412	16	0.235432918542095
13412	17	0.344871436189429
13412	18	0.226714075405965
13412	19	0.31496730316119
13412	20	0.248169091984487
13412	21	0.252226694394857
13412	22	0.26888159930305
13412	23	0.396586161349724
13412	24	0.296611857795469
13412	25	0.301466280430304
13412	26	0.224565096204124
13412	27	0.232216013667454
13412	28	0.123561950282003
13412	29	0.380250569534894
13412	30	0.179054840597018
13412	31	0.393514586153309
13412	32	0.213454922242605
13412	33	0.275588330381225
13412	34	0.239599831241179
13412	35	0.311363176572065
13412	36	-0.0988021275201305
13412	37	0.00463212733799878
13412	38	-0.0135152808969181
13412	39	-0.0735441667749299
13412	40	-0.0253984631214976
13412	41	-0.121985999012573
13412	42	-0.0598223900324442
13412	43	-0.0945359210332768
13412	44	-0.119902180874341
13412	45	-0.0687256461506323
13412	46	-0.117699204812688
13412	47	-0.220793438072391
13412	48	-0.0621886036496377
13412	49	-0.142500305519938
13412	50	-0.238997509861669
13412	51	-0.0475520459963761
13412	52	-0.0590989413245993
13412	53	-0.0204099485821629
13412	54	-0.153106247625374
13412	55	0.145947643309533
13412	56	-0.0272595052877733
13412	57	0.0097927596385361
13412	58	-0.138379106833533
13412	59	0.0951132119553364
13412	60	-0.200398321145542
13412	61	-0.050789876103785
13412	62	-0.1120915369331
13412	63	-0.167190069340123
13412	64	-0.13924755831956
13412	65	0.0206609874417438
13412	66	-0.184926901038317
13412	67	-0.0724491300760519
13412	68	-0.30355040360346
13412	69	-0.0427452204411978
13412	70	-0.19753602888499
13412	71	-0.108132218130805
13412	72	-0.326609871290806
13412	73	-0.309438055619275
13412	74	-0.00689434424734259
13501	1	-0.262022918874578
13501	2	0.196013178769185
13501	3	0.187071208744847
13501	4	0.15889631343299
13501	5	0.204873520692647
13501	6	0.265311953638722
13501	7	0.20881965655893
13501	8	0.0704540399989284
13501	9	0.247320748718209
13501	10	0.163385513355585
13501	11	0.182024218736302
13501	12	0.243367944663525
13501	13	0.195228453367974
13501	14	0.180739870529905
13501	15	0.0239510159909884
13501	16	0.135058869681139
13501	17	0.301742873339684
13501	18	0.133281911589577
13501	19	0.202851850515302
13501	20	0.265537740941028
13501	21	0.289563549990802
13501	22	0.14076603358123
13501	23	0.0193158250518479
13501	24	0.281877772507144
13501	25	0.282841907334664
13501	26	0.204514988768771
13501	27	0.172339002243348
13501	28	0.160362487762576
13501	29	0.16661379639455
13501	30	0.238411517770764
13501	31	0.0960840518985648
13501	32	0.280581607186356
13501	33	0.0841752061221328
13501	34	0.158524119767641
13501	35	0.125724454721173
13501	36	0.138267315445908
13501	37	0.187791266545425
13501	38	0.07722137032885
13501	39	0.0868161916382917
13501	40	0.216464537786798
13501	41	0.135307541368888
13501	42	0.0682471701856997
13501	43	0.15049666910901
13501	44	0.141853963919587
13501	45	0.170393277204852
13501	46	0.273447882823262
13501	47	0.14003577203934
13501	48	0.0941318781693141
13501	49	0.225007456010594
13501	50	0.0753160308368024
13501	51	0.176383143906051
13501	52	0.139743133184474
13501	53	0.222366374564423
13501	54	0.185652445612895
13501	55	0.119871222449156
13501	56	0.155431745796882
13501	57	0.00552291221824674
13501	58	0.129123957456912
13501	59	0.141269561273603
13501	60	0.159801559761462
13501	61	0.0921859024429281
13501	62	0.159666978856386
13501	63	0.144169406576943
13501	64	0.0371629327584202
13501	65	0.0928650538584321
13501	66	0.0721754022692593
13501	67	0.112934892682794
13501	68	0.0644626023150252
13501	69	0.136500898710445
13501	70	0.0178080526451865
13501	71	0.196417441621826
13501	72	0.0796033605977797
13501	73	0.128733014671511
13501	74	0.253971161272261
13502	1	-0.525443851609296
13502	2	-0.0289610066507819
13502	3	-0.0510574557455605
13502	4	0.0199145396823717
13502	5	-0.0935604830812906
13502	6	0.0551963226215406
13502	7	-0.0600060834670586
13502	8	-0.118521328268208
13502	9	0.0290446280716523
13502	10	0.0767606203945803
13502	11	-0.0299272093975418
13502	12	-0.0262512565678676
13502	13	0.0620489399342787
13502	14	-0.0281303033235858
13502	15	-0.028671114424661
13502	16	-0.03509569511683
13502	17	0.0656172468785883
13502	18	-0.0553688479659087
13502	19	-0.0621427602094968
13502	20	0.0334315553630944
13502	21	0.00587672708171283
13502	22	0.0648297493588501
13502	23	0.00183427332588337
13502	24	-0.0580160842970656
13502	25	-0.000588094216134039
13502	26	-0.0337287817781373
13502	27	-0.0141006614735844
13502	28	-0.0767331119110821
13502	29	0.00313032591323292
13502	30	0.015175361561738
13502	31	-0.0887373844131076
13502	32	0.0623029580594832
13502	33	-0.0735265930963038
13502	34	0.0300685299959937
13502	35	-0.0115056841863179
13502	36	0.106446219140594
13502	37	0.0563568784550412
13502	38	0.00446808268529963
13502	39	0.0660449567475041
13502	40	-0.066048590706842
13502	41	0.158374780770068
13502	42	0.0304324164068817
13502	43	0.141933354716244
13502	44	0.0307648573809374
13502	45	0.0191876720537323
13502	46	0.0412520569367487
13502	47	0.00783126079416974
13502	48	0.151430162586358
13502	49	-0.122371449998596
13502	50	0.149624889678016
13502	51	0.0929034947246592
13502	52	0.0703934144727967
13502	53	0.0376735954168694
13502	54	0.0884972193302076
13502	55	0.196296746475539
13502	56	-0.0459172933779115
13502	57	0.136312004683099
13502	58	-0.00926057844242933
13502	59	0.193047827767131
13502	60	0.102205991229084
13502	61	0.0128182506912324
13502	62	0.198899822150182
13502	63	0.0455598765415175
13502	64	0.11034543541772
13502	65	0.00968437295413338
13502	66	0.0872429553940748
13502	67	0.0181766710714157
13502	68	0.136944840308374
13502	69	0.110290513860846
13502	70	-0.134683030919085
13502	71	-0.0526864912383544
13502	72	0.0806309700556795
13502	73	0.204833234896064
13502	74	0.231129724520564
13503	1	-0.0499507248734865
13503	2	-0.129237269784792
13503	3	-0.0769558061415765
13503	4	-0.118045054229601
13503	5	-0.129242777647402
13503	6	-0.128377944544127
13503	7	-0.120768923695948
13503	8	-0.0836444903298883
13503	9	-0.179593206111811
13503	10	-0.0796475575498476
13503	11	-0.17111518975171
13503	12	-0.149164426748428
13503	13	-0.216389647277815
13503	14	-0.125107307035222
13503	15	-0.133535984990786
13503	16	-0.016241810248502
13503	17	-0.108168702829637
13503	18	-0.101920562346002
13503	19	-0.168096450698059
13503	20	-0.129872267713253
13503	21	-0.161070687482258
13503	22	-0.177089187386947
13503	23	-0.0992561930106106
13503	24	-0.174279542445738
13503	25	-0.15010114153305
13503	26	-0.172303079814071
13503	27	-0.175545837428942
13503	28	-0.108378990885242
13503	29	-0.205357530239574
13503	30	-0.220704579867082
13503	31	-0.168764298137923
13503	32	-0.138214839161989
13503	33	-0.169356380636856
13503	34	-0.0642929906320333
13503	35	-0.204638156719497
13503	36	0.0429063036666903
13503	37	0.051880746026356
13503	38	-0.0413997163542348
13503	39	0.0875493471467834
13503	40	0.0558683371638438
13503	41	-0.0964678493352764
13503	42	-0.0547426164296212
13503	43	-0.0381220792524246
13503	44	-0.0195302890903761
13503	45	0.0945576004930828
13503	46	0.173032000489336
13503	47	0.0123004837614644
13503	48	0.0437437264548635
13503	49	0.0774100153338537
13503	50	0.0879433390068485
13503	51	-0.00552605732748646
13503	52	-0.0291303674537247
13503	53	0.105526286294484
13503	54	-0.0185918805910745
13503	55	-0.0311870652223263
13503	56	-0.0352333984423225
13503	57	0.0607949051177457
13503	58	-0.0916563328711106
13503	59	0.0709051006555015
13503	60	-0.0473451592202494
13503	61	-0.0583117598572898
13503	62	0.033926742964745
13503	63	-0.0920217637767919
13503	64	0.0897342869009066
13503	65	-0.0489546347858791
13503	66	-0.0341898723777945
13503	67	0.0376771660593249
13503	68	-0.114998881558272
13503	69	-0.018089361155468
13503	70	0.0456456669729803
13503	71	-0.142408928940341
13503	72	-0.0272511701270446
13503	73	-0.00893420333945727
13503	74	-0.37477462330552
13504	1	-0.10133305526054
13504	2	-0.0237836905244571
13504	3	-0.0173275218456546
13504	4	0.0269122314251078
13504	5	0.00585038671201588
13504	6	-0.0379654652286305
13504	7	-0.0581841340388749
13504	8	-0.0630806609720125
13504	9	-0.00633938200073914
13504	10	-0.0560843066854702
13504	11	-0.137911681121395
13504	12	0.00503140002640379
13504	13	-0.15705975799878
13504	14	-0.0476985542941009
13504	15	-0.0329587022958151
13504	16	0.00961577272494907
13504	17	-0.10906536774737
13504	18	0.0168979655898553
13504	19	-0.125312417118529
13504	20	-0.0273579735425784
13504	21	-0.0492832771151157
13504	22	-0.0647547643333084
13504	23	-0.0423830176194571
13504	24	-0.155413524229914
13504	25	-0.110836231872206
13504	26	-0.0251966235575978
13504	27	-0.004991963540526
13504	28	0.0313992981193465
13504	29	0.152004001288326
13504	30	-0.0527944212522371
13504	31	-0.150818488179766
13504	32	-0.205809517021834
13504	33	-0.110754585961686
13504	34	-0.0281546365132925
13504	35	-0.0645782893694005
13504	36	0.125260620869739
13504	37	0.102725850875672
13504	38	-0.0155860757533404
13504	39	-0.0187823273683776
13504	40	0.080690075164739
13504	41	0.0545342096843484
13504	42	0.0615617249993861
13504	43	0.0893433424178127
13504	44	-0.147563643694923
13504	45	-0.00668075393910783
13504	46	0.0741793006849818
13504	47	0.0472615250818862
13504	48	0.0179207047236858
13504	49	-0.0648433067023504
13504	50	0.0901978558233765
13504	51	0.0257935807777727
13504	52	-0.0851220112501991
13504	53	-0.0468543291512944
13504	54	0.139149934972863
13504	55	0.0680437117838721
13504	56	0.100869054430319
13504	57	-0.0171954111836143
13504	58	0.103286868479209
13504	59	-0.0405852879901261
13504	60	0.0721336244393171
13504	61	0.265960357676327
13504	62	0.203117487402046
13504	63	0.040112480326961
13504	64	0.0971878803201989
13504	65	0.0595533322212844
13504	66	0.113834068215262
13504	67	0.0414269532450646
13504	68	-0.0663464276745955
13504	69	-0.0149118011467237
13504	70	0.0257159762073442
13504	71	0.114326360526157
13504	72	0.022091636666012
13504	73	0.0242563232803548
13504	74	0.122503423457331
13505	1	-0.385057624900604
13505	2	6.08582496717247e-05
13505	3	0.0761960758810574
13505	4	0.155387096208347
13505	5	0.0842999927301911
13505	6	0.0824158872135072
13505	7	-0.0126955691211066
13505	8	0.0847382995748944
13505	9	0.201186357229965
13505	10	0.124382980468248
13505	11	0.156595910235716
13505	12	0.148855631967763
13505	13	-0.0626455142516988
13505	14	0.216551782031843
13505	15	0.0718972952881316
13505	16	0.160834508139388
13505	17	0.0542915770402601
13505	18	0.0706359882678314
13505	19	0.113631656680994
13505	20	0.129008333461236
13505	21	0.151183186383221
13505	22	0.054491590991617
13505	23	0.125065572557084
13505	24	0.102393630589837
13505	25	0.198136120762122
13505	26	0.200078340064294
13505	27	0.203625668175697
13505	28	0.0836086164072398
13505	29	0.139434471046442
13505	30	0.159113164613835
13505	31	0.107680537161364
13505	32	0.0704455965053299
13505	33	0.0910906766471058
13505	34	0.0491701308040646
13505	35	0.169502648499524
13505	36	-0.0589113767224205
13505	37	-0.0484313935714979
13505	38	-0.165201858013518
13505	39	-0.00133268633436501
13505	40	-0.0211454806628879
13505	41	-0.054299567467659
13505	42	-0.115155479181013
13505	43	-0.0535985802523058
13505	44	-0.155080928816965
13505	45	-0.0244815388689972
13505	46	-0.0751814133699611
13505	47	-0.0246551801429717
13505	48	-0.0463739524712778
13505	49	0.0776906071609815
13505	50	-0.0745034384524743
13505	51	-0.173552535621511
13505	52	-0.00038252901877911
13505	53	-0.0695645782264975
13505	54	-0.167624938719307
13505	55	0.0494711831108745
13505	56	-0.0105913955967196
13505	57	-0.0451172327015499
13505	58	-0.0837185308191479
13505	59	0.0132964459277005
13505	60	-0.070208871651019
13505	61	-0.00547471048951564
13505	62	-0.1801195439282
13505	63	-0.200320001017268
13505	64	-0.113134044582864
13505	65	0.0633707481503478
13505	66	-0.0792052381679866
13505	67	0.138140552077083
13505	68	0.0332923124855995
13505	69	-0.0828772213663527
13505	70	-0.103924562358536
13505	71	0.0792406825216716
13505	72	-0.00780551376112726
13505	73	-0.0977271862573232
13505	74	-0.322329125792464
13506	1	-0.133384645423163
13506	2	-0.15871733361239
13506	3	-0.0624200476807921
13506	4	-0.186906028074478
13506	5	-0.132329270955744
13506	6	-0.054255619838905
13506	7	-0.0275213660076901
13506	8	-0.0721562037101364
13506	9	-0.0933849639922499
13506	10	-0.00825712838965842
13506	11	-0.119712263246413
13506	12	-0.142192023830042
13506	13	-0.0817159570962218
13506	14	-0.17352915057171
13506	15	-0.148083004680394
13506	16	-0.0648476308372281
13506	17	-0.0529263520193126
13506	18	-0.0791553335636621
13506	19	0.0203865334542499
13506	20	-0.035441233442711
13506	21	0.0391214866969989
13506	22	0.0221642455200879
13506	23	-0.128440322220378
13506	24	-0.127604236932527
13506	25	0.00362877386893246
13506	26	-0.0415262985822977
13506	27	-0.109340811306822
13506	28	-0.0197353116165573
13506	29	-0.0171503152488341
13506	30	0.00492487699337119
13506	31	-0.0685992032856433
13506	32	-0.10611339696522
13506	33	0.0264461403594396
13506	34	-0.131262863702268
13506	35	-0.132121080899218
13506	36	0.0152836792607189
13506	37	-0.0435365981137892
13506	38	-0.0497478278243904
13506	39	-0.0789608111479154
13506	40	0.0710750511271812
13506	41	-0.0368906022110096
13506	42	-0.032170175997031
13506	43	0.051864498720704
13506	44	-0.0300212665056492
13506	45	0.0472052141091481
13506	46	0.0945156015257353
13506	47	0.0568037622431206
13506	48	0.0402333501956278
13506	49	0.0654876392689445
13506	50	0.0177841581338001
13506	51	0.035314431946567
13506	52	0.0883623494172667
13506	53	0.251571138447105
13506	54	0.124151705688917
13506	55	0.12704153771837
13506	56	-0.0383031767703272
13506	57	0.00228956167946137
13506	58	0.0826643250577348
13506	59	-0.0873884317039497
13506	60	-0.0314216893619985
13506	61	-0.102784666639927
13506	62	0.0342465827839149
13506	63	0.0441181868186362
13506	64	0.0618057270644101
13506	65	0.00898155692516411
13506	66	0.0443044606561642
13506	67	0.100689932416216
13506	68	0.0748077096634674
13506	69	0.0816957189208765
13506	70	0.0142220644028797
13506	71	-0.0612094217925829
13506	72	-0.025046060890979
13506	73	0.0177832929680761
13506	74	0.0924499699193362
13507	1	-0.516858848911333
13507	2	-0.251091891582657
13507	3	-0.164291807559941
13507	4	-0.139847027834154
13507	5	-0.132191941330312
13507	6	-0.182409909673076
13507	7	-0.197927850970096
13507	8	-0.0910221292259834
13507	9	-0.0244098185086798
13507	10	-0.0715588437225065
13507	11	-0.159679207576417
13507	12	-0.323381298386295
13507	13	-0.221279334718353
13507	14	-0.262845710378755
13507	15	-0.0588482525603666
13507	16	-0.136988063253881
13507	17	-0.180336862456365
13507	18	-0.122644031764644
13507	19	-0.147251901245518
13507	20	-0.15486624073835
13507	21	-0.194316345898187
13507	22	-0.203757740523791
13507	23	-0.213269261005699
13507	24	0.00916319534680099
13507	25	-0.204346483194961
13507	26	-0.290914216150185
13507	27	-0.0901473868209521
13507	28	-0.149715119870073
13507	29	-0.117518154796329
13507	30	-0.148642635537954
13507	31	-0.2090096257459
13507	32	-0.196130284217602
13507	33	-0.132900749982852
13507	34	-0.219474080957738
13507	35	-0.138126569792682
13507	36	0.129784168137512
13507	37	-0.0146424676592858
13507	38	0.0839599750524229
13507	39	-0.000319687033695004
13507	40	0.0169936859009354
13507	41	0.0525657708333256
13507	42	0.0861572196564424
13507	43	0.0183694273592607
13507	44	0.00317509948856554
13507	45	0.112707154012767
13507	46	0.0642879130993705
13507	47	0.0552185197764601
13507	48	0.101351135421496
13507	49	0.113175469731161
13507	50	-0.0177768589941323
13507	51	0.0818804301332321
13507	52	-0.00837555645093602
13507	53	0.0669068952520533
13507	54	0.138945836043689
13507	55	-0.0406168451516038
13507	56	-0.0745407338862094
13507	57	0.120300414663895
13507	58	-0.0359041732385634
13507	59	0.0597103547441122
13507	60	-0.0630358104807485
13507	61	0.00193903197320822
13507	62	0.0769825722853028
13507	63	0.0854382729155034
13507	64	-0.0384921802385065
13507	65	0.0232465814098433
13507	66	0.00608298165922605
13507	67	-0.00814401538975318
13507	68	0.00368696069878638
13507	69	0.0149894153791266
13507	70	-0.0701819365648788
13507	71	-0.00608205424685337
13507	72	-0.0573753688235712
13507	73	0.0128542379741035
13507	74	0.184812467634679
13508	1	-0.427728191025992
13508	2	-0.110994529549387
13508	3	-0.0172425643244161
13508	4	-0.0585439293833794
13508	5	-0.0543023147150485
13508	6	-0.134059085085369
13508	7	-0.0238324210065031
13508	8	-0.118159788075133
13508	9	-0.2962677511495
13508	10	-0.126394707040852
13508	11	0.0267448794871896
13508	12	-0.122553141036398
13508	13	-0.0181264468765647
13508	14	-0.108733592330637
13508	15	0.0376648748045199
13508	16	0.0230379505249445
13508	17	0.0396574930444515
13508	18	0.0119365574050576
13508	19	0.0046492687052222
13508	20	0.0764728888040196
13508	21	0.00796421025231098
13508	22	-0.0637702565871834
13508	23	-0.0553437594707518
13508	24	0.000890545957211941
13508	25	-0.119937236925232
13508	26	0.0822507638598111
13508	27	-0.133325574512817
13508	28	0.139259812306697
13508	29	-0.0562424310510607
13508	30	0.0921181224758953
13508	31	-0.00843245897214473
13508	32	-0.0130131374338518
13508	33	0.0715003976576156
13508	34	-0.0337934837563338
13508	35	-0.119373669457133
13508	36	0.0184766983755793
13508	37	0.111652163267784
13508	38	0.0394957785543468
13508	39	-0.0984792603893325
13508	40	0.0733213143764289
13508	41	0.0270548785814455
13508	42	0.039690588260477
13508	43	-0.11762558435565
13508	44	0.103371607689006
13508	45	-0.0681001574876134
13508	46	0.0501337873269208
13508	47	-0.00234699409433148
13508	48	0.138814480236242
13508	49	-0.102355208986275
13508	50	-0.0874094099080693
13508	51	-0.0640196704835105
13508	52	0.109699156728368
13508	53	-0.2534387843574
13508	54	-0.166281208740941
13508	55	0.0452973568414379
13508	56	-0.0260506643339298
13508	57	0.0815586275900557
13508	58	0.0199998249879485
13508	59	-0.0868494222325253
13508	60	0.0540713765623266
13508	61	0.079339468176947
13508	62	0.0568755152706331
13508	63	0.11165510822574
13508	64	-0.0226735920541259
13508	65	0.0069313884967741
13508	66	0.0742299954417689
13508	67	0.236242341712448
13508	68	-0.0201989690845039
13508	69	-0.0625919429741515
13508	70	0.166380210101721
13508	71	-0.0834364207171063
13508	72	0.123639381174513
13508	73	0.117337229782606
13508	74	0.120169409736981
13509	1	-0.869174537845137
13509	2	-0.202738214668852
13509	3	-0.0376973406592569
13509	4	-0.00422094195676337
13509	5	-0.127582502618118
13509	6	-0.196743491206952
13509	7	-0.0745292431092253
13509	8	-0.137276904870419
13509	9	-0.0274372557493976
13509	10	-0.0179960024467576
13509	11	-0.152032913299216
13509	12	-0.169851532049378
13509	13	-0.0594769555388339
13509	14	-0.159525861869732
13509	15	-0.136342778851898
13509	16	-0.0488663430468108
13509	17	-0.0472041394304483
13509	18	-0.193490606153894
13509	19	0.00488035197222558
13509	20	-0.0779409690473969
13509	21	-0.12225065253223
13509	22	-0.271349452841626
13509	23	-0.149816348195003
13509	24	-0.0407650037809475
13509	25	-0.0608541574671975
13509	26	-0.0666921697366831
13509	27	-0.0306983698723968
13509	28	-0.130542181707462
13509	29	0.0487321665347338
13509	30	-0.0564851633718746
13509	31	-0.0119455944371794
13509	32	-0.0392592288334228
13509	33	-0.096216376866515
13509	34	-0.0972702152342322
13509	35	-0.0627716651726047
13509	36	-0.0750141677017737
13509	37	0.0368928691644612
13509	38	0.036561835771451
13509	39	-0.141813212453187
13509	40	0.0267622294788623
13509	41	0.00273238850046909
13509	42	0.0845396566843348
13509	43	0.0712975925162027
13509	44	-0.0806071389176424
13509	45	-0.168936023749012
13509	46	-0.0464577809229212
13509	47	0.0626817768748325
13509	48	0.0339849018237501
13509	49	-0.034272349886713
13509	50	-0.00497525453139502
13509	51	0.148506886734175
13509	52	-0.051325584725447
13509	53	0.0173766357314875
13509	54	0.0375730124156632
13509	55	-0.0671192921776935
13509	56	0.135121866328085
13509	57	-0.00949246721345531
13509	58	0.0999789198319263
13509	59	0.0761879992370211
13509	60	-0.103752897315488
13509	61	0.0289142128488677
13509	62	0.114908144641618
13509	63	0.133268499377259
13509	64	-0.0899621529156107
13509	65	-0.0152534976691285
13509	66	-0.101449815978391
13509	67	0.126494805550657
13509	68	-0.0267577126135023
13509	69	-0.0159331470585045
13509	70	0.156575868287966
13509	71	0.0324680427595396
13509	72	-0.000264108850522859
13509	73	0.190269162920721
13509	74	-0.116822168575204
13510	1	-0.318384353133755
13510	2	-0.303926710256516
13510	3	-0.153818944775434
13510	4	-0.225887691785776
13510	5	-0.125518927807981
13510	6	-0.23803745502665
13510	7	-0.215297823070372
13510	8	-0.285741815277007
13510	9	-0.284181744911599
13510	10	-0.17287452155788
13510	11	-0.182817545890273
13510	12	-0.124001879828796
13510	13	-0.248272203320816
13510	14	-0.16116530871976
13510	15	-0.234902701089126
13510	16	-0.268612318379851
13510	17	-0.247669039912687
13510	18	-0.0928734496610133
13510	19	-0.241689890482306
13510	20	-0.192273985444892
13510	21	-0.129412584504699
13510	22	-0.197062551572607
13510	23	-0.188398622265197
13510	24	-0.107387553053258
13510	25	-0.0920667774863162
13510	26	-0.13900481531099
13510	27	-0.112146789599464
13510	28	-0.226812612421327
13510	29	-0.160303923074395
13510	30	-0.0773643336303707
13510	31	-0.143493491950657
13510	32	-0.2303071653551
13510	33	-0.278577340222796
13510	34	-0.136007695051283
13510	35	-0.214254403840037
13510	36	-0.0623639208638309
13510	37	-0.17287898650887
13510	38	-0.0924713871944789
13510	39	0.0583713212311139
13510	40	-0.0657134210483932
13510	41	0.0549261419662272
13510	42	-0.0735777545979843
13510	43	-0.106730819228609
13510	44	-0.0714046143495821
13510	45	-0.112914691931216
13510	46	-0.133408925514956
13510	47	0.0543469862929555
13510	48	-0.00583767433091253
13510	49	0.0251018327968353
13510	50	-0.0633993308497693
13510	51	-0.14016741297867
13510	52	-0.0836190202165099
13510	53	-0.0144888144738857
13510	54	-0.0341852243254053
13510	55	-0.0596200004257383
13510	56	-0.0304258380481102
13510	57	0.185403134793056
13510	58	0.158159555653405
13510	59	-0.0429353773863568
13510	60	-0.0850277890903754
13510	61	-0.069141034749066
13510	62	-0.122640088355524
13510	63	-0.0345370081156275
13510	64	-0.0325616281902299
13510	65	0.0100389915557173
13510	66	0.0470850717181719
13510	67	-0.0829177522874431
13510	68	0.0603463965305622
13510	69	0.0084059171373454
13510	70	-0.110045620399326
13510	71	-0.0654809438399724
13510	72	-0.159554612185772
13510	73	-0.0772790466362636
13510	74	-0.199607399225251
13511	1	-0.353158659305464
13511	2	-0.0779949439263099
13511	3	0.0444417184875547
13511	4	-0.0945203462476805
13511	5	0.00575409870450017
13511	6	-0.0780645161631952
13511	7	-0.0418031540286563
13511	8	-0.103458214952703
13511	9	0.0263320921589809
13511	10	0.0586329768046596
13511	11	-0.125407364047881
13511	12	-0.00471910766143679
13511	13	0.0920754458361657
13511	14	-0.00704194468188035
13511	15	0.0433427054155118
13511	16	-0.050291945511745
13511	17	-0.0661702346433586
13511	18	-0.0642809753802069
13511	19	0.0352155782397503
13511	20	0.00558675410188414
13511	21	0.0399207236032453
13511	22	0.0176411078536844
13511	23	-0.0690988643875201
13511	24	0.0412874027321095
13511	25	0.0233563717720955
13511	26	-0.00150300453760366
13511	27	0.0237579501180036
13511	28	0.0497420944778071
13511	29	-0.00900667742470773
13511	30	-0.0819240992330919
13511	31	-0.00531736228699486
13511	32	-0.0128983589409657
13511	33	0.00282091792713146
13511	34	0.0370863597982023
13511	35	-0.145060005699683
13511	36	0.0803199298407051
13511	37	0.0843372074126094
13511	38	0.0209368177203686
13511	39	0.101710636349779
13511	40	0.0411415783459503
13511	41	0.00912175008706839
13511	42	-0.0105289027756399
13511	43	0.0514705709970045
13511	44	0.0313916041492988
13511	45	0.0110712602242771
13511	46	0.0149912849840419
13511	47	-0.115652677069775
13511	48	0.0882308632908959
13511	49	0.172493138520736
13511	50	-0.0304408569639278
13511	51	-0.124773234892587
13511	52	-0.0136973065042412
13511	53	0.0255257441246926
13511	54	-0.0154850833775271
13511	55	-0.0224169591765246
13511	56	0.0101468508889937
13511	57	-0.0406830339688753
13511	58	0.0679747578849259
13511	59	0.0591799540097995
13511	60	0.0720031366049341
13511	61	0.129478724487136
13511	62	0.0923090606689669
13511	63	-0.101039759549892
13511	64	0.0534980664173048
13511	65	-0.0926790891985334
13511	66	-0.0389213208274697
13511	67	0.0182889698452726
13511	68	-0.0651343961078297
13511	69	-0.00474091633928708
13511	70	0.174790888143718
13511	71	0.124834101890769
13511	72	-0.0365566173153411
13511	73	0.192277672696299
13511	74	0.140961865349638
13512	1	-0.948799047796957
13512	2	0.183159449798968
13512	3	0.0123691195411268
13512	4	0.0438609895006259
13512	5	0.0332365269150579
13512	6	0.0847442976219739
13512	7	0.0576984549423045
13512	8	0.10588406757018
13512	9	0.0813444990634196
13512	10	-0.0236088843508924
13512	11	-0.0458427432778024
13512	12	0.0527730636835599
13512	13	-0.0209717197980623
13512	14	0.12901305438934
13512	15	-0.0803047156981691
13512	16	-0.00955761518083165
13512	17	0.038125756204316
13512	18	0.0385704506426237
13512	19	-0.0502504212114658
13512	20	-0.0278029797622352
13512	21	0.0216380342287295
13512	22	0.00419792616867198
13512	23	0.0414803907509977
13512	24	-0.186272237764683
13512	25	0.151368334557709
13512	26	-0.0567310724159853
13512	27	-0.0260601389748985
13512	28	0.0250087038414293
13512	29	-0.0330864846472352
13512	30	-0.0557088307863651
13512	31	-0.235992839128762
13512	32	-0.0612093805907108
13512	33	-0.0367057917720501
13512	34	-0.0322957223445215
13512	35	0.0625478291651689
13512	36	-0.0934252180168542
13512	37	0.14150647704443
13512	38	-0.011678295862616
13512	39	0.0440372425802167
13512	40	0.0752539783330448
13512	41	0.0486248839959345
13512	42	0.100033524596746
13512	43	-0.0276823663537371
13512	44	-0.151358214923356
13512	45	0.0257256418508618
13512	46	0.00504834781349928
13512	47	0.0717289658552858
13512	48	-0.0803774984648982
13512	49	0.0325477750170577
13512	50	0.00984213980473214
13512	51	0.107529514490672
13512	52	0.0172565132662328
13512	53	-0.00405575276710124
13512	54	-0.0909437213270365
13512	55	0.0772791940562527
13512	56	0.194024786185864
13512	57	0.208468544438155
13512	58	0.0753939860500878
13512	59	0.102453110137894
13512	60	-0.0720022836679632
13512	61	0.0516966267907719
13512	62	-0.0200078407039257
13512	63	-0.1327535722371
13512	64	-0.0510476987245454
13512	65	0.0165713269935281
13512	66	0.0556328875717611
13512	67	0.0310548237288941
13512	68	-0.02692064517408
13512	69	-0.110691507611165
13512	70	-0.024147412059385
13512	71	0.058269715723263
13512	72	0.00240315901315569
13512	73	-0.011341818121096
13512	74	0.0138123332162152
13601	1	-0.0937515108556077
13601	2	0.37945774530094
13601	3	0.237948390178577
13601	4	0.206417623818684
13601	5	0.221978253021629
13601	6	0.308008897122654
13601	7	0.271143609350503
13601	8	0.226099285469886
13601	9	0.265262971043725
13601	10	0.243841648507178
13601	11	0.25803268283957
13601	12	0.220239705922182
13601	13	0.211037319719004
13601	14	0.0297632892167314
13601	15	0.121199806272017
13601	16	0.226327949144753
13601	17	0.436679250834068
13601	18	0.0889043457353083
13601	19	0.311949095678344
13601	20	0.140183329119225
13601	21	0.178114911274776
13601	22	0.163772826869113
13601	23	0.222570375125322
13601	24	0.200822336284887
13601	25	0.442828693424488
13601	26	0.184171800575747
13601	27	0.0249789160708147
13601	28	0.376611701356246
13601	29	0.206482834131442
13601	30	0.108170941581946
13601	31	0.187927579104432
13601	32	0.17760298279525
13601	33	0.11440733217929
13601	34	0.301192569246396
13601	35	0.295163431806536
13601	36	0.0602441769165836
13601	37	-0.0719857117508624
13601	38	-0.192268563730003
13601	39	0.0360510775651548
13601	40	0.104547773420876
13601	41	0.116933143104902
13601	42	-0.0246236829252453
13601	43	-0.00712749808118929
13601	44	0.061629249650295
13601	45	0.0695544097241907
13601	46	0.121097683836545
13601	47	0.0994813217358512
13601	48	0.0360353914558189
13601	49	0.144777064927084
13601	50	-0.0617490695911371
13601	51	0.305033514208986
13601	52	0.0367445691515158
13601	53	0.189310211212238
13601	54	0.164908871845448
13601	55	0.155367938599198
13601	56	-0.100686310349602
13601	57	-0.0384764465931227
13601	58	-0.00285192753646157
13601	59	0.132127728704518
13601	60	-0.0367509560113817
13601	61	-0.0972440069167817
13601	62	0.00573448471329385
13601	63	-0.153764702882896
13601	64	0.0959621537694204
13601	65	0.0692456632767176
13601	66	-0.0818165589227036
13601	67	0.123208576262115
13601	68	0.151001899656471
13601	69	0.116927775166147
13601	70	0.103329802891729
13601	71	0.160640360951056
13601	72	0.196575904595548
13601	73	0.0402429079036466
13601	74	0.226356486766683
13602	1	-0.623366572805583
13602	2	-0.107386901499279
13602	3	-0.0919022623767241
13602	4	-0.156080684661219
13602	5	-0.0369827294611724
13602	6	-0.164314479022046
13602	7	-0.099168842969398
13602	8	-0.0588082972212831
13602	9	-0.0469158298598416
13602	10	-0.141311126712132
13602	11	-0.141147367272566
13602	12	-0.101402980168594
13602	13	-0.114272470104332
13602	14	-0.0507188774883005
13602	15	-0.129878173323654
13602	16	-0.162582037701732
13602	17	-0.292788091684407
13602	18	-0.31435212801366
13602	19	-0.0374955505147696
13602	20	-0.0959145325277717
13602	21	-0.214895144542595
13602	22	-0.173741150638747
13602	23	-0.137364970862627
13602	24	-0.275518509927302
13602	25	-0.0117902388512832
13602	26	-0.036973742366655
13602	27	-0.15803804642082
13602	28	-0.16039444467318
13602	29	-0.10945142097583
13602	30	-0.0348095176264138
13602	31	-0.196573831068143
13602	32	-0.057742541837996
13602	33	-0.142836328035344
13602	34	-0.0420558810655649
13602	35	-0.166289960603919
13602	36	-0.121387016762952
13602	37	-0.0121044300195621
13602	38	-0.0303650743819261
13602	39	-0.052894600535339
13602	40	-0.169128290419494
13602	41	-0.0511884526445527
13602	42	-0.0480120069077472
13602	43	-0.0238005498362313
13602	44	-0.163803650302356
13602	45	0.0517679381430511
13602	46	0.121940172354265
13602	47	0.0916276319353884
13602	48	-0.0494645327465193
13602	49	0.103116127845496
13602	50	-0.00122063626475466
13602	51	-0.137592162273101
13602	52	-0.0847641659555833
13602	53	-0.0724346933101572
13602	54	-0.0765885606454049
13602	55	-0.0379372944800167
13602	56	-0.054949085285422
13602	57	-0.186064583031467
13602	58	-0.0219279628011648
13602	59	-0.0692124962212759
13602	60	-0.0377910161565751
13602	61	-0.216806349607687
13602	62	-0.0715553562763702
13602	63	-0.106884734738451
13602	64	-0.0697335774867653
13602	65	-0.0112693553414047
13602	66	-0.131566227796874
13602	67	-0.168890554575285
13602	68	-0.133365893085184
13602	69	-0.254952506067596
13602	70	-0.0591984443195912
13602	71	-0.166323957776989
13602	72	-0.165828545468713
13602	73	-0.102972672276934
13602	74	0.00875965813553137
13603	1	-0.779194375227124
13603	2	-0.023831031098112
13603	3	0.00313196019277484
13603	4	-0.0835082642585476
13603	5	-0.0803957842709977
13603	6	0.0692609341030277
13603	7	-0.0241796784554751
13603	8	0.0249644518099359
13603	9	0.014287184415295
13603	10	0.00189954182469165
13603	11	0.175357603200524
13603	12	-0.108677873156552
13603	13	0.0971730462340261
13603	14	-0.0193137032776747
13603	15	-0.0338247563197669
13603	16	0.138348716194741
13603	17	-0.109998255522363
13603	18	-0.0400221123828572
13603	19	-0.103725115531233
13603	20	0.0971505199132778
13603	21	0.0949745897743313
13603	22	0.0430898471955103
13603	23	-0.0119847998528186
13603	24	0.107847405873116
13603	25	-0.0557262346569445
13603	26	0.105610950934192
13603	27	0.126213828717894
13603	28	0.0479796378575799
13603	29	-0.0717331192909043
13603	30	-0.037263928353326
13603	31	-0.0765299891544231
13603	32	0.0445887007448036
13603	33	-0.0307573707013162
13603	34	0.0638253133613986
13603	35	0.0411889063977924
13603	36	0.0350788619265714
13603	37	0.023823512882224
13603	38	-0.0095900677578129
13603	39	0.0621588997833342
13603	40	0.0191972677659109
13603	41	-0.0404036770880865
13603	42	0.016193440743578
13603	43	0.0132153723183208
13603	44	-0.023144997548691
13603	45	0.0742059044030157
13603	46	-0.0368815089721295
13603	47	0.0715669427853811
13603	48	-0.0139731222217776
13603	49	0.0910614719644371
13603	50	0.0460231376456193
13603	51	-0.0710878335998473
13603	52	0.0522936237141494
13603	53	-0.0164498009277949
13603	54	0.0991067760638344
13603	55	0.0687187909758578
13603	56	0.156938131764392
13603	57	0.144383479645342
13603	58	0.0750373025884059
13603	59	-0.0942760744331608
13603	60	0.0362257771059404
13603	61	0.0240664966532051
13603	62	0.0470968975407757
13603	63	-0.0256888952777032
13603	64	-0.125009795326648
13603	65	-0.0586517900339771
13603	66	-0.0863849799753353
13603	67	-0.0328496603016504
13603	68	-0.167391812764613
13603	69	-0.0949237267040957
13603	70	-0.013454973923622
13603	71	-0.0133973247483112
13603	72	0.0233510780090782
13603	73	-0.17207018183786
13603	74	0.0319492611517518
13604	1	0.993347238240506
13604	2	-0.0214479113490533
13604	3	0.018238515890193
13604	4	0.0484391356878611
13604	5	-0.0341461192278842
13604	6	-0.0440451297988602
13604	7	-0.110937453395969
13604	8	0.0598019386087003
13604	9	-0.126014434411644
13604	10	-0.0693477588168463
13604	11	0.119303552980632
13604	12	-0.0574895643341833
13604	13	0.0532040435386065
13604	14	0.038346169675151
13604	15	-0.100837807816433
13604	16	-0.088624968015786
13604	17	-0.0204297982155737
13604	18	0.0419940522425435
13604	19	0.0638961782693102
13604	20	-0.0134620965334946
13604	21	-0.108652599267458
13604	22	-0.09632709137734
13604	23	-0.00678902740282439
13604	24	-0.145205627654093
13604	25	0.0453657248014494
13604	26	-0.0347231784143389
13604	27	0.00850209655730794
13604	28	-0.075464782942845
13604	29	0.0831430648802183
13604	30	-0.0615680061578985
13604	31	-0.00397537147815541
13604	32	-0.119633765798916
13604	33	0.0272660289928908
13604	34	-0.163165118693584
13604	35	0.0202994185271734
13604	36	0.0397632282547065
13604	37	-0.0165902787471879
13604	38	0.00432766550760277
13604	39	0.0144876057464316
13604	40	0.0406337355280897
13604	41	0.149504927303219
13604	42	0.160699908018913
13604	43	0.144918191122748
13604	44	-0.062350588388469
13604	45	0.0893858313034173
13604	46	0.115717552048622
13604	47	0.00111869144587473
13604	48	0.117826240913942
13604	49	0.110988394020801
13604	50	-0.0556788963169694
13604	51	0.0143500033772241
13604	52	0.140042178977922
13604	53	-0.0533323976180355
13604	54	-0.0242417510745838
13604	55	0.0478739298142159
13604	56	-0.00531611531683751
13604	57	-0.0819442629247931
13604	58	0.0258988220650167
13604	59	-0.0209892123289706
13604	60	0.0322135116930085
13604	61	0.0444655604734123
13604	62	-0.0699493725330385
13604	63	0.0603821177023747
13604	64	0.024406877925891
13604	65	0.0223155427947859
13604	66	-0.180733486948441
13604	67	0.201283430511708
13604	68	-0.0100873582232666
13604	69	0.0959466929904735
13604	70	0.0990741487204474
13604	71	0.130145632646105
13604	72	0.000720552189143575
13604	73	0.0502481282878335
13604	74	0.0910246740155145
13605	1	1.01909343183261
13605	2	-0.0698031443216891
13605	3	-0.146803765766343
13605	4	-0.0393279481484079
13605	5	-0.165728363755623
13605	6	-0.215051136758746
13605	7	-0.14541570904823
13605	8	-0.169698693145605
13605	9	-0.10801914256939
13605	10	-0.234849738784234
13605	11	-0.112528216849036
13605	12	-0.122536875319646
13605	13	-0.167965107793016
13605	14	-0.0919222729622646
13605	15	-0.316845720627278
13605	16	-0.248393954173665
13605	17	-0.0780328200481577
13605	18	-0.118044047129935
13605	19	-0.201234601929606
13605	20	-0.0857829641897965
13605	21	-0.155684324627273
13605	22	-0.175188733656171
13605	23	-0.210927723941943
13605	24	-0.198956359994973
13605	25	-0.219627851774938
13605	26	-0.091904442487639
13605	27	-0.116297612623953
13605	28	-0.332379227881397
13605	29	-0.310891621607297
13605	30	-0.185675079688451
13605	31	-0.287066149982984
13605	32	-0.0600781290682235
13605	33	-0.223059112710658
13605	34	-0.137619657089424
13605	35	-0.194982329773445
13605	36	-0.146408797807624
13605	37	-0.0547600504726731
13605	38	0.117740053363505
13605	39	-0.175196817641243
13605	40	-0.133548914631206
13605	41	-0.0298153504261904
13605	42	-0.160309411739526
13605	43	-0.0412897064930533
13605	44	0.00642504280351375
13605	45	-0.0242070277166206
13605	46	0.0119658483956258
13605	47	0.0232255249896411
13605	48	-0.0169107106034545
13605	49	-0.00483211731035738
13605	50	-0.0660715201373065
13605	51	-0.101062690328504
13605	52	-0.0456707528761839
13605	53	-0.0594947542780915
13605	54	0.127223824409896
13605	55	0.0628267338128481
13605	56	-0.121524599480267
13605	57	-0.0227670264915503
13605	58	0.139900938554582
13605	59	-0.075246026836183
13605	60	-0.05081273943415
13605	61	0.0413568007487726
13605	62	-0.143835274840164
13605	63	-0.00952304615096011
13605	64	-0.0939627234672713
13605	65	0.0970797872246862
13605	66	-0.009613802414286
13605	67	0.0388374409011263
13605	68	-0.0930968699614496
13605	69	-0.221223880140762
13605	70	0.0111986192320117
13605	71	0.0251800067334642
13605	72	-0.0267687503688734
13605	73	0.123291628354458
13605	74	0.243593944704052
13606	1	-0.464386698038744
13606	2	0.0513125150920253
13606	3	0.00832154726936807
13606	4	-0.0722144086043635
13606	5	-0.0250399757238711
13606	6	0.11540952414483
13606	7	0.0264793588342584
13606	8	-0.0362754242126826
13606	9	-0.0507574726238857
13606	10	-0.00645467705584224
13606	11	-0.0411237302018392
13606	12	0.0427607207779133
13606	13	0.182792603927034
13606	14	0.0279473977022704
13606	15	-0.00512254938697509
13606	16	0.113475899109943
13606	17	0.101987651607104
13606	18	-0.0487627218764928
13606	19	-0.0056269627276464
13606	20	0.0830784230682582
13606	21	0.0241353519194263
13606	22	-0.0791975085312231
13606	23	0.055314281822298
13606	24	0.103668059266354
13606	25	-0.0174473571520366
13606	26	-0.0224997491774772
13606	27	-0.0235206835382584
13606	28	-0.0688257011722158
13606	29	-0.0990447674498114
13606	30	0.0157773716577339
13606	31	0.0226726847069685
13606	32	-0.0174159666236946
13606	33	-0.0637475866134523
13606	34	-0.0102680429572288
13606	35	0.0741615445731867
13606	36	0.0274033678706047
13606	37	-0.0292627398808847
13606	38	0.24509042999933
13606	39	-0.0458304973984411
13606	40	0.0687723131511362
13606	41	0.0652330529880061
13606	42	0.0591228605656511
13606	43	-0.0389739672988938
13606	44	0.0431600151973939
13606	45	-0.0420993801848581
13606	46	-0.0776754056132702
13606	47	-0.128409925949796
13606	48	-0.0178820423722925
13606	49	0.057970088805412
13606	50	0.112991444353007
13606	51	0.11530084890196
13606	52	0.0906623944651201
13606	53	0.234334514739047
13606	54	0.0741585082249046
13606	55	0.113635177942321
13606	56	0.132808684657221
13606	57	-0.0733838346476219
13606	58	0.0102588193180893
13606	59	0.0213856386981064
13606	60	-0.0964853837578019
13606	61	-0.127970751574097
13606	62	0.0541463012818753
13606	63	-0.107798510561679
13606	64	-0.00361064700634728
13606	65	0.0575800382767184
13606	66	0.00847952871422564
13606	67	0.018559690813241
13606	68	0.0118409232637688
13606	69	0.111490215611923
13606	70	0.0299420595021189
13606	71	0.170137934084991
13606	72	-0.0293116625018612
13606	73	0.0326856178739234
13606	74	0.016815765710497
13607	1	0.529113715667037
13607	2	-0.207334736723816
13607	3	-0.301831851689265
13607	4	-0.192427162253178
13607	5	-0.358146999584712
13607	6	-0.265290871286105
13607	7	-0.303995315518918
13607	8	-0.259536220835876
13607	9	-0.274769436716177
13607	10	-0.278459330022109
13607	11	-0.196391855751237
13607	12	-0.242434456679469
13607	13	-0.31132784927734
13607	14	-0.197245608133521
13607	15	-0.104870439546829
13607	16	-0.214586257921439
13607	17	-0.346913083629211
13607	18	-0.275229330376142
13607	19	-0.296850911797776
13607	20	-0.236347533090495
13607	21	-0.372299806634167
13607	22	-0.186909346212595
13607	23	-0.261473391436468
13607	24	-0.227881894112009
13607	25	-0.221054088348303
13607	26	-0.322247016331133
13607	27	-0.395667648919584
13607	28	-0.336543774848927
13607	29	-0.230396871860904
13607	30	-0.128807087660412
13607	31	-0.227190179762779
13607	32	-0.203348902083512
13607	33	-0.222425632735487
13607	34	-0.318327399427424
13607	35	-0.338987980176924
13607	36	-0.0182501319127013
13607	37	-0.040088046254354
13607	38	-0.0552860172024836
13607	39	0.0580164106784906
13607	40	0.0303444272680693
13607	41	-0.00855130829145168
13607	42	0.00984019930811542
13607	43	0.00871999079988939
13607	44	0.0759579933458667
13607	45	0.0321381268650427
13607	46	0.146419158607898
13607	47	-0.121021999702805
13607	48	-0.0521119183958945
13607	49	0.0105306678109756
13607	50	-0.0339785815854157
13607	51	0.0625070363495936
13607	52	-0.00722953514585356
13607	53	-0.0550479009316405
13607	54	-0.0975021376832998
13607	55	-0.112950881757598
13607	56	0.0474899727525653
13607	57	0.115483740575982
13607	58	-0.115192596440785
13607	59	-0.181405267368987
13607	60	-0.0213769494841216
13607	61	0.174469804829521
13607	62	0.151377237151436
13607	63	-0.0981795059686519
13607	64	0.0218750119995832
13607	65	-0.0887747513963291
13607	66	-0.121551489062426
13607	67	-0.0276606814443738
13607	68	0.00406198350629694
13607	69	-0.0378166711670573
13607	70	0.051082138951017
13607	71	-0.16665024421566
13607	72	0.0311036353405072
13607	73	-0.0143918334741144
13607	74	0.375434036392981
13608	1	-0.544669720261375
13608	2	-0.0465267634324462
13608	3	0.0640917685091686
13608	4	0.00217571079653212
13608	5	0.0341534573988937
13608	6	-0.0620950670943685
13608	7	0.0485064095782022
13608	8	0.0104009315650515
13608	9	-0.00841167918548535
13608	10	-0.0615521283302058
13608	11	-0.10781284165224
13608	12	-0.0520883734202044
13608	13	0.0264762517741133
13608	14	-0.0757500840847598
13608	15	-0.0871477188986276
13608	16	0.000924007496458046
13608	17	-0.0319317123528435
13608	18	0.0261794359657799
13608	19	0.0661185340725368
13608	20	0.0382420042462996
13608	21	0.0660601622763011
13608	22	0.0692882141774334
13608	23	-0.0894517054977371
13608	24	0.103964009225578
13608	25	-0.0550946582145926
13608	26	-0.0193234490337488
13608	27	0.00910321109437717
13608	28	0.0294397223516754
13608	29	0.0464562196236002
13608	30	-0.0413151608824265
13608	31	0.0953906294836244
13608	32	0.0210948085931335
13608	33	0.00141044263512669
13608	34	-0.0379164222870685
13608	35	-0.0425370877479878
13608	36	-0.110702894267362
13608	37	-0.0146424676592858
13608	38	0.0653146173659707
13608	39	0.0259360207288637
13608	40	0.0265066234960685
13608	41	-0.0165820554350802
13608	42	0.0409698242045664
13608	43	-0.057948820903917
13608	44	0.0109738245665554
13608	45	0.132204256515429
13608	46	-0.0444164935205293
13608	47	-0.10404442854631
13608	48	-0.0274518613660888
13608	49	0.0712587999696765
13608	50	0.00169364315521392
13608	51	0.105855775282571
13608	52	-0.040242682078798
13608	53	-0.103629158910564
13608	54	-0.0246548992914626
13608	55	0.100626256997081
13608	56	0.137830880292533
13608	57	-0.018577876064839
13608	58	-0.0370492114065044
13608	59	-0.0899079658665798
13608	60	-0.0618234171264618
13608	61	0.118118969877351
13608	62	-0.0494299333705612
13608	63	-0.0231997390464045
13608	64	-0.0723485584855155
13608	65	-0.0743369188470382
13608	66	-0.0347941668707392
13608	67	-0.252305612356288
13608	68	-0.0191719261142183
13608	69	-0.0934383806959858
13608	70	-0.185194612511509
13608	71	-0.0331535099614584
13608	72	0.0657279584415775
13608	73	0.0587567479276956
13608	74	-0.0216311623469707
13609	1	0.680761991593542
13609	2	0.0516368806491272
13609	3	-0.0575433852994713
13609	4	-0.134324939480738
13609	5	-0.0858458426498743
13609	6	-0.147018343408014
13609	7	-0.0645774852213847
13609	8	-0.181701812243773
13609	9	-0.149073652415737
13609	10	-0.225957689104035
13609	11	-0.187688566440443
13609	12	-0.153541223802243
13609	13	-0.116377584861787
13609	14	-0.106116113419496
13609	15	-0.0966512502654737
13609	16	-0.217139024240687
13609	17	-0.130445332049021
13609	18	-0.0916584824244282
13609	19	-0.205973394360832
13609	20	-0.101048290365426
13609	21	-0.108060608663536
13609	22	-0.138178459112432
13609	23	-0.205380563357963
13609	24	-0.103681038732368
13609	25	-0.131783911479523
13609	26	-0.0457460434594239
13609	27	-0.102616907761856
13609	28	-0.146335530082347
13609	29	-0.267452714463573
13609	30	-0.102498236513284
13609	31	0.0233035555507115
13609	32	0.00781944326375594
13609	33	0.0133897692368876
13609	34	-0.173979603046092
13609	35	-0.116871908289525
13609	36	-0.0598766276876717
13609	37	-0.0366563696996991
13609	38	-0.065229189492463
13609	39	-0.12264466651731
13609	40	0.0444840655179419
13609	41	-0.0331869738906008
13609	42	0.017065197123415
13609	43	-0.160274407058758
13609	44	-0.0769989571026457
13609	45	0.0959029158892548
13609	46	-0.0635525640058034
13609	47	0.0324318723340156
13609	48	0.0265420650066162
13609	49	0.113371730581164
13609	50	0.120414506465835
13609	51	-0.095371824230206
13609	52	-0.102312443648401
13609	53	0.0218622171649017
13609	54	0.0531976789316673
13609	55	-0.156401638992868
13609	56	0.109555319951987
13609	57	-0.137036045623603
13609	58	-0.201415036421182
13609	59	0.0708583289073488
13609	60	-0.0509543625169471
13609	61	0.0757506485323844
13609	62	0.0600102016060831
13609	63	-0.174160096891264
13609	64	-0.0906589425686164
13609	65	-0.053327042968462
13609	66	-0.0695721144782624
13609	67	-0.119870520219706
13609	68	-0.070995032769595
13609	69	0.0327874726955528
13609	70	-0.0651387881011871
13609	71	-0.0733282634493051
13609	72	-0.0265130500309354
13609	73	0.0565079725877524
13609	74	0.147286776909745
13610	1	0.299407685480201
13610	2	-0.0526725794133434
13610	3	0.0682280337099002
13610	4	0.0446900092028848
13610	5	0.14029483115646
13610	6	0.0887012014380346
13610	7	-0.0522582081129528
13610	8	-0.0253028831942359
13610	9	0.0210680254066631
13610	10	0.0235453229441589
13610	11	0.0550512818415712
13610	12	0.0042906592856653
13610	13	0.13219950126048
13610	14	0.0145236679281169
13610	15	0.0444487051115914
13610	16	-0.00593978283060181
13610	17	0.0390827804007756
13610	18	-0.0727316640397788
13610	19	0.145428323622205
13610	20	0.0811605449759369
13610	21	-0.00854253637437807
13610	22	0.0359859764074315
13610	23	0.0331725379360961
13610	24	-0.0231913020076959
13610	25	0.128793397757427
13610	26	0.105173746812774
13610	27	-0.0353623339108964
13610	28	0.0113992981193505
13610	29	0.104596593880913
13610	30	0.0283166898588689
13610	31	0.0251074377461578
13610	32	0.144560853348537
13610	33	-0.0192731044802059
13610	34	0.0355490671904093
13610	35	0.0457920810009682
13610	36	0.13684115547079
13610	37	0.0587058283962349
13610	38	0.0277169082103299
13610	39	0.135641151910662
13610	40	0.085090840403943
13610	41	0.0864840127226998
13610	42	0.00200999137428681
13610	43	0.126586689763471
13610	44	0.197592507331045
13610	45	0.124178561909744
13610	46	-0.0142420842102879
13610	47	0.125790180471881
13610	48	0.034517532233771
13610	49	-0.122928464401397
13610	50	0.0646612180349422
13610	51	-0.0408464772205903
13610	52	0.0591494768502443
13610	53	-0.0831854717778384
13610	54	0.0102294561223601
13610	55	0.043380000145369
13610	56	0.0155238303773331
13610	57	0.116680809153401
13610	58	0.00315987000019646
13610	59	0.022356022085539
13610	60	-0.0381967427781973
13610	61	0.0888549629639144
13610	62	0.0911692312556838
13610	63	0.0719763350908025
13610	64	0.0590204726862069
13610	65	0.141250497113575
13610	66	-0.0550535819676625
13610	67	-0.02210132245051
13610	68	0.0901436856750735
13610	69	-0.016134168455153
13610	70	0.00637212851842861
13610	71	-0.0152933192079772
13610	72	0.0371626084119328
13610	73	-0.0528826315334925
13610	74	0.310812235731326
13611	1	0.310931458388055
13611	2	-0.0953087449906853
13611	3	0.00369131706245795
13611	4	-0.0148229986146227
13611	5	-0.139084894590045
13611	6	0.0785474144330394
13611	7	-0.0404819682052207
13611	8	-0.0740879658547513
13611	9	0.111603716807409
13611	10	-0.0727753229612631
13611	11	0.030017320544637
13611	12	0.0709175976427048
13611	13	-0.0193755339823767
13611	14	-0.0300527770289492
13611	15	0.0176461932571783
13611	16	0.0257300877320006
13611	17	-0.180774966619602
13611	18	0.107927056964968
13611	19	0.0201008854574027
13611	20	0.0373773846529843
13611	21	-0.00526302849279148
13611	22	-0.0274729496466506
13611	23	0.0266007065891785
13611	24	-0.0939358874235623
13611	25	-0.118115483442118
13611	26	-0.0274278166884443
13611	27	-0.0111075601059483
13611	28	-0.0867834521049247
13611	29	0.00391736794217223
13611	30	0.0752217263832833
13611	31	-0.108794907505668
13611	32	-0.0852225632860879
13611	33	-0.138191469211719
13611	34	0.0117530912837083
13611	35	0.0324010775407615
13611	36	0.01286692331675
13611	37	0.0662865852769201
13611	38	0.0527606697316187
13611	39	0.137148185842165
13611	40	0.0952045650349831
13611	41	0.0740298489052336
13611	42	0.113954065145926
13611	43	0.0332926588128402
13611	44	-0.0767580407114679
13611	45	-0.0465960446791556
13611	46	0.0350647023109403
13611	47	0.0572601991861958
13611	48	0.120070313110922
13611	49	0.0558722546535577
13611	50	-0.0454321174236725
13611	51	0.0342324830424729
13611	52	0.164100359138942
13611	53	0.089342260247264
13611	54	0.120956624907635
13611	55	0.0732923629684876
13611	56	0.170549019277445
13611	57	0.0783346940283352
13611	58	0.122112591306127
13611	59	0.10309537757297
13611	60	0.106832136698124
13611	61	0.0267999290490408
13611	62	-0.0840184479229293
13611	63	0.195144543639763
13611	64	0.0994425914232266
13611	65	0.063024979045494
13611	66	0.0919114788279813
13611	67	0.0555583915728448
13611	68	0.105504714506772
13611	69	-0.0718282784492743
13611	70	0.0788194275961587
13611	71	0.0610499262833315
13611	72	0.194297909924913
13611	73	0.115428935013107
13611	74	0.079396078565118
13612	1	0.437710095916501
13612	2	0.0482235506459645
13612	3	-0.0994512697853018
13612	4	0.0469556220961103
13612	5	0.00274076891620467
13612	6	0.190260307139397
13612	7	-0.0133574854046969
13612	8	-0.0436998233066603
13612	9	0.0804266042213087
13612	10	0.0701904351541245
13612	11	0.0567032266734344
13612	12	0.0806651433170487
13612	13	0.0182547539266125
13612	14	0.0339419793548004
13612	15	0.10283536107147
13612	16	0.0598551258094915
13612	17	-0.0089646394039633
13612	18	0.0157469857777883
13612	19	0.0621445796271658
13612	20	0.00425424346712333
13612	21	0.0418074065697098
13612	22	0.075145070838488
13612	23	0.0962851141867489
13612	24	-0.00782452404677514
13612	25	0.113797835439684
13612	26	-0.00157138934658718
13612	27	-0.0102456158234645
13612	28	0.0589977371822243
13612	29	0.0156795292316332
13612	30	0.104602561123819
13612	31	0.103376319027596
13612	32	0.0421701400791648
13612	33	0.116151997304726
13612	34	0.111475979267951
13612	35	0.0291981077961196
13612	36	0.00299597112001493
13612	37	0.0373125806964367
13612	38	-0.0916509113945665
13612	39	0.165101328824534
13612	40	-0.0390758917540381
13612	41	0.158318962963854
13612	42	0.0163338153685615
13612	43	-0.0192183731518583
13612	44	-0.09435424386308
13612	45	-0.0196457525417131
13612	46	0.0758720744300518
13612	47	-0.0728320277788654
13612	48	0.00683246105198521
13612	49	0.0317925862539497
13612	50	0.218394659647252
13612	51	0.0617310198548253
13612	52	0.0531439312313822
13612	53	-0.0399989961441563
13612	54	-0.021846920588132
13612	55	0.20573962541615
13612	56	0.171140739291673
13612	57	0.0272693465981177
13612	58	0.138631831604407
13612	59	0.0987090076403803
13612	60	-0.0253231644467249
13612	61	0.0711384056659341
13612	62	-0.032290887317636
13612	63	0.0787166502755738
13612	64	0.0197849559927619
13612	65	0.044445973715213
13612	66	0.09565554041761
13612	67	-0.00700440281342907
13612	68	0.0864878660693478
13612	69	0.0653311018766445
13612	70	-0.0567182093727254
13612	71	-0.0787358573725356
13612	72	-0.101128314190746
13612	73	0.00222264751390355
13612	74	0.386705660956437
21101	1	-0.52381899056293
21101	2	0.122024443558995
21101	3	0.131839144821011
21101	4	0.064003183136311
21101	5	0.0163350327504617
21101	6	0.0616565460231229
21101	7	-0.0508183346952293
21101	8	0.0959928270729904
21101	9	0.0244289021061519
21101	10	0.213877601425168
21101	11	-0.042972042115295
21101	12	0.169686814934984
21101	13	0.0675241613636217
21101	14	0.0723477420021936
21101	15	0.0439904303811645
21101	16	0.197503723967337
21101	17	0.0916407972784157
21101	18	0.199938284389667
21101	19	-2.93650791505229e-05
21101	20	0.0973894479295225
21101	21	0.154368856030686
21101	22	0.168826459295381
21101	23	0.118915036764044
21101	24	0.150551079614431
21101	25	0.0743841150570006
21101	26	-0.0271352077113676
21101	27	0.112148800641378
21101	28	0.198339054331257
21101	29	0.0252306773314572
21101	30	0.182369080857463
21101	31	0.0778254405591028
21101	32	0.0936056259692606
21101	33	-0.0570549844614519
21101	34	0.24380387262876
21101	35	0.266644753293512
21101	36	-0.12993047119781
21101	37	0.0593109718893956
21101	38	0.00965714292807718
21101	39	0.0138211001706665
21101	40	0.0707980065291949
21101	41	0.0848641551964633
21101	42	-0.125685857193346
21101	43	0.0693908887676358
21101	44	0.0165378631907629
21101	45	0.00335132607293076
21101	46	0.0825734746375346
21101	47	-0.0705647625401227
21101	48	0.057447290584129
21101	49	0.0705347172911601
21101	50	-0.150411340285821
21101	51	0.0696082940798775
21101	52	0.0627206842829224
21101	53	0.0859887572947216
21101	54	0.010431156575109
21101	55	0.0702412200006464
21101	56	-0.0543854318835528
21101	57	0.215509471283383
21101	58	-0.0031998246666447
21101	59	0.0309556412335752
21101	60	0.0661633390585834
21101	61	0.0785132186280819
21101	62	-0.132555686685144
21101	63	0.0651597552979482
21101	64	0.0876818215134918
21101	65	0.168947194300088
21101	66	0.14566086043213
21101	67	-0.0075729347877953
21101	68	0.00268647833718205
21101	69	0.111262771826652
21101	70	0.20876293946187
21101	71	0.0668734232816774
21101	72	0.166974677601686
21101	73	-0.0201297937936715
21101	74	0.359073584169693
21102	1	1.08238264424463
21102	2	0.0666001751225664
21102	3	0.117314853323037
21102	4	0.0564249019904075
21102	5	0.0287488722420797
21102	6	-0.0854463469200368
21102	7	-0.0607197465744918
21102	8	0.0165909539627549
21102	9	-0.00633488357519241
21102	10	0.0186465375190537
21102	11	-0.0306767133601085
21102	12	-0.142197569834146
21102	13	-0.053858378481614
21102	14	0.0988406569819489
21102	15	0.0592155367205294
21102	16	-0.0298024309037785
21102	17	0.0863837250701422
21102	18	-0.029135922549294
21102	19	0.0488486265161967
21102	20	0.0717408418720211
21102	21	0.0255060466215724
21102	22	0.063814736341449
21102	23	-0.0123125422858195
21102	24	-0.0449576837740793
21102	25	0.109751562399801
21102	26	-0.0365071648681337
21102	27	0.0698228512742887
21102	28	-0.0260965783238944
21102	29	0.113968313778955
21102	30	0.0251677919731321
21102	31	0.0611218327079257
21102	32	0.15924071539682
21102	33	0.111322187167715
21102	34	0.281786883954545
21102	35	0.169953124635697
21102	36	-0.0722273893179661
21102	37	0.0740511651502516
21102	38	0.0179480992718837
21102	39	0.21281131563385
21102	40	0.0641889789511083
21102	41	-0.00495965919035513
21102	42	0.0727696782663898
21102	43	0.016668969010297
21102	44	0.119315996939108
21102	45	0.105046465247142
21102	46	-0.00395841937101693
21102	47	0.178669643857305
21102	48	0.080570331186351
21102	49	0.0856573377747196
21102	50	0.295209715321775
21102	51	0.145209176064846
21102	52	0.167918794013161
21102	53	0.0412887259839962
21102	54	0.0816838769772659
21102	55	0.061615182399315
21102	56	0.194959815305474
21102	57	0.184461126055375
21102	58	0.0739773441689735
21102	59	0.0613595808486522
21102	60	0.162874669127419
21102	61	0.0915475341078249
21102	62	0.11227327349242
21102	63	0.276140753429182
21102	64	0.224644331993787
21102	65	0.0400339131732821
21102	66	0.0871936189837896
21102	67	0.186928426314338
21102	68	0.0909876911065339
21102	69	0.07376868741175
21102	70	-0.00396588618005467
21102	71	0.24449270931953
21102	72	0.12868398819159
21102	73	0.165257042264187
21102	74	-0.000887044899904765
21103	1	0.86361198513146
21103	2	-0.0687053344568263
21103	3	-0.0775619278845916
21103	4	0.0963220226227399
21103	5	0.0871451379590908
21103	6	0.0693779329967654
21103	7	0.0346349186252297
21103	8	-0.077533051383881
21103	9	0.00945587690536343
21103	10	0.0815469121376395
21103	11	-0.0222161882506882
21103	12	0.00461688539257921
21103	13	0.0228214939325326
21103	14	0.0173343331821698
21103	15	0.0621885188228006
21103	16	-0.0545814638441584
21103	17	-0.00201773608710454
21103	18	-0.0605178292276065
21103	19	0.101706520770492
21103	20	-0.157599884106304
21103	21	-0.0482684004983369
21103	22	0.0260239404739977
21103	23	-0.00184622337587115
21103	24	0.0530008138268556
21103	25	-0.0502173292985972
21103	26	0.092186945947546
21103	27	0.019167308962011
21103	28	-0.0147835474198743
21103	29	0.128761163695067
21103	30	-0.017637488395664
21103	31	0.0201703433215812
21103	32	0.025724496133158
21103	33	0.0878685544612168
21103	34	0.103721936126092
21103	35	-0.0382140109073887
21103	36	0.0611270145624303
21103	37	-0.0311948250191421
21103	38	0.152462060966187
21103	39	0.0554426112304114
21103	40	0.0270840241455659
21103	41	0.0453584914009255
21103	42	0.109919595894063
21103	43	0.169389590104281
21103	44	0.116286896498231
21103	45	0.15902534858526
21103	46	0.0809688134060309
21103	47	-0.0338210896734026
21103	48	-0.00710731645494178
21103	49	0.155816103837992
21103	50	0.0930512201630265
21103	51	0.291309907936927
21103	52	0.0694918784227667
21103	53	0.134342082422521
21103	54	0.219142649078726
21103	55	0.0480895232118925
21103	56	-0.0286819230487936
21103	57	0.0557555813508088
21103	58	0.161745363017104
21103	59	0.188769859567358
21103	60	0.124062658626748
21103	61	0.275803231297516
21103	62	0.0168539691501053
21103	63	0.105431109910185
21103	64	0.0864799834081538
21103	65	0.30877002277245
21103	66	0.254451084544939
21103	67	0.0513178389165319
21103	68	0.114325024524078
21103	69	0.13323522660481
21103	70	0.106763300144785
21103	71	0.228381268593644
21103	72	0.0578080109350196
21103	73	0.200583362904254
21103	74	0.140931638396168
21104	1	-0.639245940170813
21104	2	-0.182060591072897
21104	3	-0.11706518192274
21104	4	-0.0307381754159017
21104	5	-0.116215315693111
21104	6	-0.201152916013996
21104	7	-0.266719230119662
21104	8	-0.151201594288771
21104	9	0.00730933945477119
21104	10	-0.0942950351311893
21104	11	-0.0493163532310277
21104	12	0.0407863007682536
21104	13	-0.117920824212327
21104	14	-0.183095655983635
21104	15	-0.0111145866396924
21104	16	-0.0693146982159618
21104	17	0.00134188769904853
21104	18	-0.208630098841603
21104	19	-0.202009337836337
21104	20	-0.14398430147439
21104	21	-0.106293375613468
21104	22	0.0609085453769964
21104	23	-0.0802887189194124
21104	24	-0.288067315656555
21104	25	-0.129198645012686
21104	26	-0.2073963279244
21104	27	-0.150803780579494
21104	28	-0.0856551453580749
21104	29	-0.203337151128544
21104	30	-0.159134095503141
21104	31	-0.00867431864656254
21104	32	-0.118455986691799
21104	33	-0.0870709134790602
21104	34	-0.141205322409931
21104	35	-0.192430389884684
21104	36	0.119524101008835
21104	37	0.0816123825990402
21104	38	0.146364990525157
21104	39	-0.0719402657447574
21104	40	0.083161290897408
21104	41	-0.0699543067139459
21104	42	0.0565126678392502
21104	43	0.0294915521335994
21104	44	0.181799966162522
21104	45	0.106661928542074
21104	46	0.0667369134075244
21104	47	0.0847640982903926
21104	48	-0.0148900037338038
21104	49	-0.0520758022381642
21104	50	-0.169604415466786
21104	51	0.0422851624161851
21104	52	0.00124951434298026
21104	53	-0.0360382529428662
21104	54	0.00524929101185734
21104	55	0.0546415484823157
21104	56	0.0690269219845661
21104	57	0.107769346966265
21104	58	-0.0104131623911385
21104	59	0.0822285669677285
21104	60	0.120782118823492
21104	61	-0.00896354557157508
21104	62	-0.0530751532905924
21104	63	0.136318442190834
21104	64	0.204577321132099
21104	65	0.145310956945671
21104	66	0.167810290810323
21104	67	0.108359001065899
21104	68	0.121891325974154
21104	69	-0.0288050874622883
21104	70	0.00328224576436043
21104	71	0.160299136809449
21104	72	0.129652712359295
21104	73	0.1616959799941
21104	74	0.200320318025604
21105	1	-0.194416368032972
21105	2	-0.0535144797889231
21105	3	0.00327696865520721
21105	4	0.0636904752499809
21105	5	-0.102460877920493
21105	6	0.0135560414742244
21105	7	-0.0429095774689827
21105	8	0.0650408950770043
21105	9	0.0629039768281103
21105	10	0.0105697492950085
21105	11	-0.0315391724172756
21105	12	-0.0138574888624845
21105	13	-0.0270559199638498
21105	14	0.0807443001072983
21105	15	-0.0277408938137569
21105	16	0.0185024684510253
21105	17	-0.0763995783458284
21105	18	0.0143127749217626
21105	19	-0.137033775782896
21105	20	-0.0254617101437304
21105	21	-0.0107409079509893
21105	22	-0.0546610066229718
21105	23	-0.0315674351976583
21105	24	0.0253549051913637
21105	25	-0.112911512185825
21105	26	0.0237331129887224
21105	27	-0.0430564973563534
21105	28	0.0318209336705166
21105	29	-0.0256745358720778
21105	30	-0.0719382653183658
21105	31	0.0499844835558463
21105	32	0.00983212017420954
21105	33	-0.129473504732417
21105	34	0.0833841413467269
21105	35	-0.0751446736663581
21105	36	0.0419259012335047
21105	37	-0.0222734559728792
21105	38	-0.0385731106220604
21105	39	0.0730897956804313
21105	40	0.0677172139835278
21105	41	-0.0993132133667629
21105	42	0.174124569518781
21105	43	0.0956486322955783
21105	44	0.0675800328228959
21105	45	-0.121905733975936
21105	46	-0.0350767834951711
21105	47	0.0868645567065798
21105	48	0.126279052965373
21105	49	0.0885068364306179
21105	50	-0.0143441079897499
21105	51	0.0892323235258914
21105	52	0.0603851884030249
21105	53	0.138419604520678
21105	54	0.0537708991603552
21105	55	0.0891608657694789
21105	56	-0.161305941630843
21105	57	0.167453846317791
21105	58	0.0176875276813817
21105	59	0.066280651682618
21105	60	-0.0641670322002099
21105	61	-0.0468833904325976
21105	62	0.0698737429031198
21105	63	0.0353930618144389
21105	64	0.224292835131536
21105	65	-0.00251282728932267
21105	66	0.0707492136500179
21105	67	0.187450071460539
21105	68	0.0950586195125069
21105	69	-0.0500724737894274
21105	70	0.0685187655370783
21105	71	-0.046888294464928
21105	72	0.10140117299548
21105	73	-0.118619146056318
21105	74	-0.0944634843079584
21106	1	-0.212938173498312
21106	2	-0.120109141339704
21106	3	-0.0509232458495426
21106	4	0.032832758366041
21106	5	0.0421277865608438
21106	6	-0.0756314840171015
21106	7	0.0555114711873443
21106	8	0.0131065758274644
21106	9	-0.00958201238623246
21106	10	-0.078247679971291
21106	11	-0.0492792440195657
21106	12	0.0615798289217722
21106	13	-0.033900811880649
21106	14	-0.0869999256362917
21106	15	0.0939244636689835
21106	16	0.128879891070703
21106	17	-0.00600954224256611
21106	18	0.165340358420003
21106	19	-0.0370341534321028
21106	20	0.042875802507524
21106	21	-0.0321139649458075
21106	22	0.0668098615170294
21106	23	-0.0435049267005496
21106	24	0.056539288641261
21106	25	0.0847312014503316
21106	26	-0.0107726952561151
21106	27	-0.0599147580551573
21106	28	0.0904604146294474
21106	29	-0.0228950376923507
21106	30	-0.107089853710939
21106	31	-0.046397259370778
21106	32	-0.031027636015466
21106	33	0.00231851629509094
21106	34	-0.194950878819739
21106	35	-0.076279509540008
21106	36	-0.0893055166941821
21106	37	0.159064125289341
21106	38	-0.107813374680241
21106	39	-0.162433255224855
21106	40	-0.0794802604222724
21106	41	0.0982131249209104
21106	42	0.0598640197547553
21106	43	0.00684700798134941
21106	44	0.152885846776712
21106	45	0.00811325488733416
21106	46	-0.120209907963108
21106	47	0.0838979821337915
21106	48	-0.145457613753898
21106	49	-0.160584177021477
21106	50	-0.0549294234037134
21106	51	0.0324476004492453
21106	52	0.185446794193837
21106	53	-0.0991920976537841
21106	54	0.0661037884338853
21106	55	0.0298423623296813
21106	56	0.0321576787269393
21106	57	0.0158363565158268
21106	58	0.0432905525433895
21106	59	0.0625300306772374
21106	60	-0.055074895302667
21106	61	0.0222761039974557
21106	62	0.129782130869366
21106	63	0.0104799875140671
21106	64	-0.104360618091064
21106	65	0.0282186643923765
21106	66	0.0866249434945487
21106	67	0.0227895505653635
21106	68	-0.0134501088777341
21106	69	0.0388843840961144
21106	70	-0.0300989253033777
21106	71	0.040333272037131
21106	72	0.0581262736846071
21106	73	0.081404429179436
21106	74	0.230974168965012
21107	1	0.13959026242334
21107	2	-0.0186011135813153
21107	3	0.0334236518632665
21107	4	-0.00856768511114936
21107	5	0.0660642625596957
21107	6	-0.0570577969970216
21107	7	0.159079820056064
21107	8	-0.017689424665285
21107	9	0.0481285366221087
21107	10	0.0431932102681003
21107	11	-0.0849904500311496
21107	12	-0.0751250944962862
21107	13	-0.00532527703894914
21107	14	0.16521746031205
21107	15	-0.0344036683886699
21107	16	-0.0302329492364422
21107	17	-0.074062759505324
21107	18	-0.0133706833407672
21107	19	-0.0186144515473288
21107	20	0.0609023290134942
21107	21	0.0739222523580167
21107	22	0.102193592474201
21107	23	-0.0692635601337983
21107	24	-0.0443076296028977
21107	25	0.0829952756916938
21107	26	-0.0176014227229544
21107	27	0.0895411611334467
21107	28	0.0637049840870034
21107	29	-0.118460265795662
21107	30	-0.117184092613741
21107	31	0.10970055198716
21107	32	0.111605715111708
21107	33	0.0943523519621507
21107	34	-0.0424347617089111
21107	35	-0.0140592492024751
21107	36	-0.046443868098315
21107	37	0.0173231793782875
21107	38	-0.0560178169828589
21107	39	-0.0622120766292014
21107	40	0.0398866365454893
21107	41	-0.0890508453812515
21107	42	-0.0457114373558483
21107	43	-0.232882798328092
21107	44	-0.028170366126993
21107	45	-0.0823654417207251
21107	46	-0.0800513619742631
21107	47	-0.0558935000079046
21107	48	0.0635755893452199
21107	49	6.20062467433513e-05
21107	50	-0.0337004649542507
21107	51	-0.0655098355851678
21107	52	0.0317848999389625
21107	53	-0.00421542505059591
21107	54	-0.082320891481352
21107	55	-0.00338242575521974
21107	56	0.0114752686910222
21107	57	-0.0228639176916161
21107	58	-0.00599875978443265
21107	59	0.0249742505796604
21107	60	0.00227684753374291
21107	61	-0.0859773484413395
21107	62	-0.203614995186477
21107	63	-0.0159207948854103
21107	64	0.0713429981065232
21107	65	0.108346560942785
21107	66	-0.0752135395122124
21107	67	0.0263008015727877
21107	68	-0.18837363535367
21107	69	0.0778284750536287
21107	70	0.0104993837294955
21107	71	0.0815553936307936
21107	72	-0.085062359435355
21107	73	-0.142759430979147
21107	74	-0.153779443922929
21108	1	-0.140170344562225
21108	2	-0.11491658812794
21108	3	-0.0972415225336505
21108	4	-0.0505582421444402
21108	5	-0.0483303265089425
21108	6	0.0388663201170871
21108	7	-0.0682850398982993
21108	8	-0.0401738842262276
21108	9	-0.157908009451724
21108	10	-0.00731467017589438
21108	11	0.122431169469138
21108	12	0.0461700309173594
21108	13	-0.0382144420946418
21108	14	-0.0353341465426951
21108	15	-0.0172391747187035
21108	16	0.0494254275810491
21108	17	0.00366826371691076
21108	18	-0.00957835593290923
21108	19	-0.00919958602118243
21108	20	-0.073693256193657
21108	21	-0.0347860864259744
21108	22	-0.0706749569717715
21108	23	-0.126093601268117
21108	24	-0.0636843647298591
21108	25	-0.0526548306567491
21108	26	-0.13388484738514
21108	27	-0.0328603272602805
21108	28	-0.00956618749010119
21108	29	-0.109277961789303
21108	30	-0.0824504240042216
21108	31	0.0289051673643215
21108	32	-0.0550722162535706
21108	33	-0.0168009109244238
21108	34	-0.0090283895232659
21108	35	-0.011246102693562
21108	36	0.0609062334595905
21108	37	0.0842723508175993
21108	38	-0.0505818946724617
21108	39	-0.130214283418482
21108	40	0.114457098089659
21108	41	0.0430578635442913
21108	42	0.178735293161061
21108	43	0.150346780665721
21108	44	-0.119307155744664
21108	45	0.0170382932659763
21108	46	0.090373336963971
21108	47	0.00265604275184472
21108	48	-0.0190710186225971
21108	49	0.0772652062515533
21108	50	0.22151781263949
21108	51	-0.0632112790646175
21108	52	-0.0332290482823865
21108	53	-0.0351337629016655
21108	54	0.110839982349148
21108	55	0.0671859151401364
21108	56	0.0892037624122679
21108	57	0.094262976713317
21108	58	0.0629527967277781
21108	59	-0.0496806182906653
21108	60	0.0295839101539102
21108	61	-0.068037487880872
21108	62	-0.00890872881129212
21108	63	-0.0741190476976712
21108	64	-0.0555097890694256
21108	65	0.0708681509787539
21108	66	0.0481976514184836
21108	67	-0.115775573760232
21108	68	-0.025209491992058
21108	69	0.0885937037087672
21108	70	0.0515668265596574
21108	71	0.102054502365199
21108	72	0.17678037395698
21108	73	0.083755951523699
21108	74	-0.183978882678183
21109	1	-0.106800052544752
21109	2	-0.118702020118661
21109	3	-0.0100976245732483
21109	4	0.0761687355381468
21109	5	-0.0550450358093357
21109	6	0.0358862291862962
21109	7	0.0141569530631003
21109	8	0.0611996554762086
21109	9	0.0355935498684303
21109	10	0.05181666548755
21109	11	0.0463741456192679
21109	12	0.0532696808151627
21109	13	0.0891774994499528
21109	14	0.0917752127779607
21109	15	0.0596941099212884
21109	16	0.0111137850837508
21109	17	0.156139103461349
21109	18	-0.0580538193513007
21109	19	0.077566317088575
21109	20	-0.0191724341243145
21109	21	0.090001565644755
21109	22	-0.0274504781129821
21109	23	0.0749594470556332
21109	24	0.116046703266441
21109	25	0.00983130069755589
21109	26	-0.0987704417966597
21109	27	0.0126142079870064
21109	28	0.0172528030589305
21109	29	-0.088476181338514
21109	30	-0.0516219097396657
21109	31	0.033217013847235
21109	32	-0.0204330459705488
21109	33	0.0689907598091608
21109	34	-0.00770357971791924
21109	35	-0.0560227731730762
21109	36	0.102836110837345
21109	37	0.119533773761901
21109	38	0.19399876860588
21109	39	0.263908095964183
21109	40	0.114911966676146
21109	41	0.181491729244215
21109	42	0.211724650045689
21109	43	0.178790487515819
21109	44	0.0940211516028029
21109	45	0.149589373198303
21109	46	0.170219492951524
21109	47	0.042940574456388
21109	48	0.0623187655174746
21109	49	0.0521883032259254
21109	50	0.174251460544475
21109	51	0.0767723470126924
21109	52	0.260411315082038
21109	53	0.243162941751287
21109	54	0.29687569531432
21109	55	0.235299996746399
21109	56	0.32867730418085
21109	57	0.245575034174621
21109	58	0.133183383958148
21109	59	0.144470096886209
21109	60	0.157254476401008
21109	61	0.10269271519612
21109	62	0.135020636110553
21109	63	0.190109546487513
21109	64	0.175328349444314
21109	65	0.240503033794646
21109	66	0.243229817888889
21109	67	0.217886710940931
21109	68	0.24087321615815
21109	69	0.285566452399451
21109	70	0.119356977003271
21109	71	0.219440036539048
21109	72	0.121410460823661
21109	73	0.159077048949626
21109	74	-0.00343601085107537
21110	1	-0.223506686617846
21110	2	-0.14197503055253
21110	3	-0.176287677336422
21110	4	-0.0743100987768166
21110	5	-0.0668372280164142
21110	6	-0.0752670525302221
21110	7	-0.14237482618875
21110	8	-0.112986718633174
21110	9	-0.0791884263803979
21110	10	-0.123072752857588
21110	11	-0.0314221011624269
21110	12	-0.157807926180269
21110	13	-0.032078654446245
21110	14	-0.101577185111509
21110	15	-0.1451425917246
21110	16	-0.198744015634837
21110	17	0.0577659679615152
21110	18	-0.199091128460466
21110	19	-0.121582258388372
21110	20	-0.20894635492688
21110	21	-0.100627084479335
21110	22	-0.0982776020398219
21110	23	-0.22207635527198
21110	24	-0.226259545177982
21110	25	-0.176566174642964
21110	26	-0.152536543652616
21110	27	-0.120774816364197
21110	28	-0.0881110139419832
21110	29	-0.168303200957652
21110	30	-0.212410553419396
21110	31	-0.0307267054349225
21110	32	0.0312901482410979
21110	33	-0.116121716941066
21110	34	-0.119149129548603
21110	35	-0.107985048898612
21110	36	0.0384039921382708
21110	37	-0.134677929855179
21110	38	-0.0553529675182673
21110	39	-0.210414539361238
21110	40	-0.149286809212832
21110	41	-0.222239610036233
21110	42	-0.137777283749323
21110	43	-0.0561564873421645
21110	44	0.125514116451185
21110	45	-0.0567331441146592
21110	46	-0.113599011570166
21110	47	-0.0864527636796879
21110	48	0.0545919800163972
21110	49	-0.136262301611431
21110	50	0.144408345920183
21110	51	-0.0844277120374102
21110	52	0.0410268190808125
21110	53	-0.0603556265340117
21110	54	0.0169082611453604
21110	55	-0.0299202785724049
21110	56	-0.162779746274211
21110	57	-0.0410699160895476
21110	58	0.0186032785971335
21110	59	0.0990153801893996
21110	60	-0.0484612306488188
21110	61	-0.143314075657024
21110	62	-0.00773074906093996
21110	63	-0.0413580559202842
21110	64	0.0615413682501895
21110	65	0.053950474914167
21110	66	-0.0611599495126995
21110	67	-0.0412046570878246
21110	68	-0.113084912051683
21110	69	-0.0742130127235399
21110	70	0.0257571134521939
21110	71	-0.0147894084409756
21110	72	-0.254136859875935
21110	73	0.0503779827377784
21110	74	-0.413351687503706
21111	1	-0.234336036486873
21111	2	-0.143306962890367
21111	3	-0.0370785491601353
21111	4	-0.100401173350228
21111	5	-0.0525448540690121
21111	6	-0.0208798154018623
21111	7	-0.0248687954951095
21111	8	-0.150336321273365
21111	9	-0.0347037362026583
21111	10	0.0468448153299477
21111	11	-0.0638953515213032
21111	12	-0.0508408101097686
21111	13	-0.0827882783973521
21111	14	-0.199792395778807
21111	15	0.0264528412274032
21111	16	-0.004762869877041
21111	17	-0.0863583605225955
21111	18	-0.0826561933551702
21111	19	0.000335798174354807
21111	20	-0.0811696459836924
21111	21	-0.0996447843801818
21111	22	0.00229623880905905
21111	23	-0.166209193323802
21111	24	-0.0108694369954705
21111	25	-0.167259297432331
21111	26	0.0785148689356205
21111	27	-0.0498290704080873
21111	28	-0.0200733202568273
21111	29	-0.00337482931893618
21111	30	-0.0477448684361903
21111	31	-0.148454724851533
21111	32	-0.0962201742345243
21111	33	0.0129665753736887
21111	34	-0.102137393744776
21111	35	-0.0221420097250018
21111	36	0.0370545892435459
21111	37	-0.0290970592371593
21111	38	0.110428772617112
21111	39	0.0687924387907657
21111	40	0.0561768416594361
21111	41	0.0908405726724837
21111	42	0.140289966264433
21111	43	0.0665615799078481
21111	44	0.0555146667786275
21111	45	0.158566509179053
21111	46	0.165494262305721
21111	47	0.145444919957129
21111	48	0.082119541022216
21111	49	0.116663500444801
21111	50	0.0918928564530219
21111	51	-0.00444974150181565
21111	52	0.223681805789354
21111	53	0.0549390620349897
21111	54	0.0805535846547087
21111	55	0.0374516380381422
21111	56	0.08116125782756
21111	57	0.0958238065330335
21111	58	0.0535050731428441
21111	59	0.221527125985645
21111	60	0.108285537049362
21111	61	0.0558280437914433
21111	62	0.13033127961306
21111	63	0.12282383312337
21111	64	0.0286521356129441
21111	65	0.0821420559877595
21111	66	0.122697833044569
21111	67	0.167878836279648
21111	68	0.0750364362954627
21111	69	0.185416822574865
21111	70	0.0716900271307139
21111	71	-0.000222492138611585
21111	72	0.131733020524585
21111	73	0.102049292210239
21111	74	-0.0733777836404812
21112	1	-0.403567246363671
21112	2	-0.208930974253427
21112	3	-0.156782937764266
21112	4	-0.161981976966409
21112	5	-0.220872799670058
21112	6	-0.141207037141655
21112	7	-0.166602911883146
21112	8	-0.067985907331483
21112	9	-0.249584943540739
21112	10	-0.199452881723708
21112	11	-0.172278992777748
21112	12	-0.207932892812217
21112	13	-0.186506529725627
21112	14	-0.270055758895474
21112	15	-0.177774846986289
21112	16	-0.219467278009802
21112	17	-0.173095555924775
21112	18	-0.371924429516206
21112	19	-0.184386823661519
21112	20	-0.153118329949258
21112	21	-0.261666414291788
21112	22	-0.0650719396774164
21112	23	-0.207550914421105
21112	24	-0.135649577158965
21112	25	-0.286712287461008
21112	26	-0.300117163487108
21112	27	-0.239512875835224
21112	28	-0.128234986075078
21112	29	-0.157229325395633
21112	30	-0.150777664818968
21112	31	-0.213041375339813
21112	32	-0.198374182225635
21112	33	-0.0962436477344113
21112	34	-0.325262156960129
21112	35	-0.187878375811323
21112	36	-0.0792711404596673
21112	37	0.0532257271253584
21112	38	-0.0593136850723681
21112	39	0.0310465472038146
21112	40	0.0879992601043682
21112	41	0.254868043852269
21112	42	0.0800446878734604
21112	43	0.0640057790739021
21112	44	0.103110599111403
21112	45	-0.022792833232927
21112	46	0.00169759114062629
21112	47	0.10899226929395
21112	48	0.0883479519874726
21112	49	-0.127372132538198
21112	50	0.0328743311187054
21112	51	0.0945709648873105
21112	52	0.0857859784198425
21112	53	0.136002496562675
21112	54	0.1204711756926
21112	55	-0.00421610859624622
21112	56	0.0819063719919413
21112	57	0.126783116007267
21112	58	0.0644063455866402
21112	59	0.0484250768241381
21112	60	0.114735224241173
21112	61	0.0557511789470553
21112	62	0.137935803304437
21112	63	0.224521528331323
21112	64	0.124953868147003
21112	65	0.115901403402226
21112	66	0.250036695515163
21112	67	-0.0221365566699845
21112	68	0.16844205459315
21112	69	0.0531772004023594
21112	70	0.0961139343316617
21112	71	0.126165617249562
21112	72	0.0584889052439621
21112	73	0.0778271517467743
21112	74	-0.0577018890908505
21201	1	0.343533330112173
21201	2	-0.057168594415689
21201	3	-0.0762304754321548
21201	4	-0.171053075654125
21201	5	0.00468770504300409
21201	6	0.0057054208473204
21201	7	-0.0481372517135128
21201	8	0.0505902251039316
21201	9	-0.0218527434634694
21201	10	0.0051486984715865
21201	11	-0.0295666272067194
21201	12	0.0589273212641004
21201	13	-0.0471910285097934
21201	14	-0.108251765733392
21201	15	-0.147904787621648
21201	16	0.0447259461895584
21201	17	-0.0563461928762976
21201	18	0.0137568497905107
21201	19	-0.030136608398422
21201	20	-0.0527072468665395
21201	21	-0.0418336756148818
21201	22	-0.025486128608982
21201	23	-0.0184355258238611
21201	24	-0.0416957558286057
21201	25	0.0284980391076317
21201	26	-0.0266077815510286
21201	27	-0.0803177957018022
21201	28	-0.0677474435590426
21201	29	-0.080518267816224
21201	30	0.0374587433047182
21201	31	-0.073106345657493
21201	32	-0.00792390989572311
21201	33	0.0465403038648446
21201	34	-0.116340290521727
21201	35	-0.0261207178738587
21201	36	-0.0535296962242882
21201	37	-0.114399950806629
21201	38	-0.0761582730455359
21201	39	0.0100720810270545
21201	40	0.0821908814964729
21201	41	0.0966574178228967
21201	42	0.0013921863634323
21201	43	-0.00243293951304224
21201	44	0.0690445312902241
21201	45	0.0545440560559172
21201	46	-0.00748064808854565
21201	47	-0.0705526905566103
21201	48	0.0816774860640308
21201	49	-0.0287725807977282
21201	50	0.00775039200937755
21201	51	-0.091989148962341
21201	52	-0.0823524823532154
21201	53	-0.0658043018737402
21201	54	0.0810127005563714
21201	55	-0.0225803427159761
21201	56	0.0414304721561223
21201	57	0.00571424865355397
21201	58	-0.00450093615879155
21201	59	-0.0814803094657677
21201	60	-0.0678321255585033
21201	61	-0.102321655182649
21201	62	0.031727201140221
21201	63	-0.00542126404661758
21201	64	-0.162750875806914
21201	65	0.167620042549835
21201	66	0.105401878239704
21201	67	-0.178538585155785
21201	68	0.0849862897640818
21201	69	-0.0471570688849852
21201	70	0.0145823934372231
21201	71	0.130496627100925
21201	72	0.0191012849211702
21201	73	0.0557516158104576
21201	74	0.157504165415133
21202	1	-0.352515432973529
21202	2	-0.246202435800345
21202	3	-0.210179805616306
21202	4	-0.114761993820547
21202	5	-0.149927607025163
21202	6	-0.212657723084156
21202	7	-0.0676663713782588
21202	8	-0.166922578691484
21202	9	-0.0748152485378313
21202	10	-0.209078583761382
21202	11	-0.232223850433563
21202	12	-0.19789538973712
21202	13	-0.25984833374654
21202	14	-0.152597593274777
21202	15	-0.140404982395154
21202	16	-0.0752017415823545
21202	17	-0.149231116586591
21202	18	-0.127298125545011
21202	19	-0.127777593665343
21202	20	-0.195826821399187
21202	21	-0.114475480980794
21202	22	-0.171528330902795
21202	23	-0.0999918071670223
21202	24	-0.104174997073024
21202	25	-0.079627399132761
21202	26	-0.200641499920842
21202	27	-0.124054699746118
21202	28	0.00299685777812897
21202	29	-0.0425743379838934
21202	30	-0.0626292123115206
21202	31	-0.197271894939291
21202	32	-0.0718439625460761
21202	33	-0.106646498282174
21202	34	-0.29990714704131
21202	35	-0.0864835911726658
21202	36	0.00711588147665054
21202	37	0.039819789928849
21202	38	0.0187995010994015
21202	39	-0.0363989444854127
21202	40	0.0321814144732286
21202	41	-0.000686499211603575
21202	42	0.0172829279877789
21202	43	0.118675404405458
21202	44	0.00293199482096185
21202	45	0.0120337710838143
21202	46	-0.00280434880539104
21202	47	0.0456003432375525
21202	48	0.0855537341439074
21202	49	-0.10227168474038
21202	50	-0.0235386911660243
21202	51	0.0814993325722568
21202	52	-0.125408802676255
21202	53	-0.205637634139954
21202	54	0.0645615005832667
21202	55	-0.143319314439275
21202	56	-0.0201292745777977
21202	57	-0.00645203412663164
21202	58	0.121941932494444
21202	59	0.013081761212753
21202	60	-0.013749454119349
21202	61	0.118993290237668
21202	62	0.113907506489682
21202	63	0.0683615841605274
21202	64	0.00822294915995769
21202	65	0.094233951228972
21202	66	-0.0114046186241978
21202	67	-0.124102341927255
21202	68	0.0185264011403632
21202	69	-0.107986583141667
21202	70	0.0697669030352444
21202	71	-0.0824998447173684
21202	72	-0.0347418548110525
21202	73	-0.000934870872043803
21202	74	-0.0950055336693296
21203	1	-0.283914646753022
21203	2	-0.163127291551223
21203	3	-0.288288284588596
21203	4	-0.237458872351937
21203	5	-0.128865418201809
21203	6	-0.181584827164826
21203	7	-0.189034885780714
21203	8	-0.177129065812501
21203	9	-0.102492663995605
21203	10	-0.231060470968565
21203	11	-0.114754365389821
21203	12	-0.0734467811250425
21203	13	-0.113000352058187
21203	14	-0.163866504422451
21203	15	-0.0685912655521435
21203	16	-0.19109563174883
21203	17	-0.0342395518324494
21203	18	-0.12512623683039
21203	19	-0.10223210908773
21203	20	-0.146474218500408
21203	21	-0.14447579636704
21203	22	-0.132525208044349
21203	23	-0.134601572808307
21203	24	-0.139135563100467
21203	25	-0.0621380287185573
21203	26	-0.121159219817223
21203	27	-0.112978762220393
21203	28	-0.0238335584996463
21203	29	-0.251985731018237
21203	30	-0.146967505227302
21203	31	-0.101977270724689
21203	32	-0.0439246618696529
21203	33	-0.192826459815741
21203	34	-0.137578912274201
21203	35	-0.182447742981431
21203	36	0.0223290737617603
21203	37	0.0703279029770201
21203	38	0.080465795787795
21203	39	-0.128986032304816
21203	40	-0.0984532732926553
21203	41	0.114448598519367
21203	42	0.074389831760783
21203	43	0.0190440736333244
21203	44	-0.0622915370290684
21203	45	-0.0912001200484553
21203	46	-0.10419915256179
21203	47	-0.14521040403028
21203	48	0.0380568373601164
21203	49	-0.138092382356753
21203	50	-0.122606082770737
21203	51	0.076790188057096
21203	52	0.0276156910036605
21203	53	0.0540866587501654
21203	54	-0.0454660221467051
21203	55	-0.0844088079735599
21203	56	-0.0635828155892852
21203	57	-0.16485843608384
21203	58	0.173686451296497
21203	59	-0.0724220104082463
21203	60	-0.154725469458789
21203	61	0.132831392223366
21203	62	0.0396073863919497
21203	63	0.0716474570624541
21203	64	0.00995612763615839
21203	65	0.0352068370916143
21203	66	0.135832838667653
21203	67	-0.0182810372742921
21203	68	-0.0443169779022483
21203	69	0.0356149717583349
21203	70	-0.0133609435028461
21203	71	-0.0784511621830219
21203	72	-0.0335189344772928
21203	73	0.00799532926512825
21203	74	-0.163221777390959
21204	1	-0.898831215672608
21204	2	-0.169844519565416
21204	3	-0.062559309925124
21204	4	0.0487567249252301
21204	5	-0.0206077933223234
21204	6	0.00761952373384389
21204	7	-0.133810820327817
21204	8	-0.094110830214106
21204	9	-0.010437983913917
21204	10	-0.0781986064156683
21204	11	-0.0239430767554367
21204	12	0.027349280821106
21204	13	0.0226434551481418
21204	14	0.00839906650550404
21204	15	-0.0157082730586282
21204	16	0.145416606671482
21204	17	-0.0357148649266676
21204	18	-0.0065997042654331
21204	19	0.167903182587132
21204	20	-0.0247408531108917
21204	21	-0.0385131029674568
21204	22	0.0491010119727946
21204	23	0.0624784000896454
21204	24	-0.132997532078825
21204	25	0.0306403440414584
21204	26	-0.056148303714572
21204	27	-0.0232602981002543
21204	28	-0.0148651119861185
21204	29	-0.0664605559841789
21204	30	-0.0198805139674718
21204	31	0.116704200071396
21204	32	0.133768604145693
21204	33	0.0826940282153998
21204	34	-0.120722701266786
21204	35	-0.0516840043559128
21204	36	-0.0338734174147959
21204	37	0.0403453044748616
21204	38	-0.0281729751981175
21204	39	0.0694124970512675
21204	40	0.0149200792790793
21204	41	0.175836479032192
21204	42	-0.00926361879308502
21204	43	0.0252507824112129
21204	44	-0.160690181756678
21204	45	0.0456877780687748
21204	46	-0.0559067038778593
21204	47	0.0762223090403609
21204	48	-0.0342161800061547
21204	49	0.0546967060642132
21204	50	-0.0748037952211433
21204	51	0.00295266840434039
21204	52	0.0241760031351248
21204	53	-0.164882899899936
21204	54	-0.182384278012421
21204	55	-0.242015745069736
21204	56	-0.0103610894207478
21204	57	-0.180054496142041
21204	58	-0.084040140975425
21204	59	-0.0680789673921538
21204	60	-0.0139831185378299
21204	61	-0.158356871405843
21204	62	-0.0609581679137605
21204	63	-0.0563006103670389
21204	64	0.114013227561031
21204	65	-0.00856530591937599
21204	66	0.00655068375197487
21204	67	-0.0300199419393792
21204	68	0.147317779869098
21204	69	0.1248685305587
21204	70	-0.0446272722691106
21204	71	-0.0237931448758602
21204	72	0.0717158904251676
21204	73	0.188785891103059
21204	74	-0.0163650123215362
21205	1	-1.08211881339437
21205	2	-0.105917924205652
21205	3	-0.128174667333685
21205	4	-0.145901355642625
21205	5	-0.091913067349779
21205	6	-0.04235466105429
21205	7	-0.121337397799877
21205	8	-0.197930261954212
21205	9	-0.193368234057218
21205	10	-0.178646205600963
21205	11	-0.129573232175211
21205	12	-0.101702792729888
21205	13	-0.0577861750235371
21205	14	-0.290094707353241
21205	15	-0.120531855559577
21205	16	-0.0170549864319938
21205	17	-0.0683757831351315
21205	18	-0.0849027301334928
21205	19	-0.172101858493612
21205	20	-0.104180154839902
21205	21	-0.0192423522123164
21205	22	-0.124957342602187
21205	23	-0.0913046464305864
21205	24	-0.123821545510864
21205	25	-0.0893097329976413
21205	26	-0.179870247457735
21205	27	-0.110840132151125
21205	28	-0.123096302453604
21205	29	-0.0922521886032257
21205	30	-0.0242308853406357
21205	31	-0.117384888834565
21205	32	-0.0630921034756895
21205	33	-0.0935681730294178
21205	34	-0.151052119631771
21205	35	-0.115822406414622
21205	36	-0.0452631854698637
21205	37	0.0772318307660385
21205	38	0.0365446892106505
21205	39	-0.0456130046368699
21205	40	0.0735972029759964
21205	41	-0.00135978112245994
21205	42	0.0128530295157248
21205	43	-0.0319547099811359
21205	44	0.145397106570812
21205	45	-0.0441437829107088
21205	46	0.0223059291813215
21205	47	0.0139208159358404
21205	48	-0.0471848649639028
21205	49	-0.0954304791200116
21205	50	0.122471202959105
21205	51	-0.0625142216446122
21205	52	-0.0197809340589288
21205	53	-0.0754766798750595
21205	54	0.003447240598625
21205	55	-0.118528542447635
21205	56	-0.00861800289313663
21205	57	0.0544401452529826
21205	58	-0.0375794736437101
21205	59	-0.0252001256618613
21205	60	0.101265923802998
21205	61	-0.00692623468953002
21205	62	0.0272302133004914
21205	63	0.0441329971251534
21205	64	-0.00342449890692365
21205	65	0.0821734452600609
21205	66	-0.0766348853142205
21205	67	0.114983814634627
21205	68	0.10854929414652
21205	69	0.127419880107858
21205	70	0.0522192673325321
21205	71	0.0597921845303588
21205	72	0.104750293684695
21205	73	-0.2104836945513
21205	74	0.0681814602428474
21206	1	0.355484761108652
21206	2	-0.100354950641304
21206	3	-0.0800819839778306
21206	4	-0.146389478388905
21206	5	0.0905011880198359
21206	6	0.0350285852617986
21206	7	0.120795337473155
21206	8	0.0725569013370375
21206	9	0.10041089939498
21206	10	0.125962110208988
21206	11	-0.0513007576074287
21206	12	-0.0283292688914258
21206	13	0.183986498098129
21206	14	0.0415499851280998
21206	15	0.133521975197887
21206	16	0.05316832672613
21206	17	0.00939151170805985
21206	18	0.102452985153555
21206	19	-0.0505930088535393
21206	20	0.0645228218693248
21206	21	0.127463252337634
21206	22	-0.00768288782583681
21206	23	0.0126670976187953
21206	24	0.09782869048842
21206	25	0.114041829981254
21206	26	0.0546372189679971
21206	27	0.142905340420455
21206	28	-0.0299406815129615
21206	29	-0.00168523063535275
21206	30	0.0223671802914183
21206	31	0.0279905379230385
21206	32	0.103611075785153
21206	33	0.0203913646198615
21206	34	0.105379693764888
21206	35	0.018774875662487
21206	36	0.070098660182353
21206	37	0.0384776078111884
21206	38	0.102922127215727
21206	39	0.0648647680209891
21206	40	0.123661131248987
21206	41	0.0513577552949229
21206	42	0.147718638956263
21206	43	0.189816531583858
21206	44	0.0199306211945824
21206	45	0.142094910602189
21206	46	0.119046872353174
21206	47	0.116300208235096
21206	48	0.023832299436009
21206	49	0.0830345253725255
21206	50	-0.0364674773712323
21206	51	0.0300219761657772
21206	52	0.107386054957523
21206	53	0.118947386724059
21206	54	0.142056481325653
21206	55	-0.00200928178924897
21206	56	0.0821388121799487
21206	57	0.156134504551225
21206	58	-0.0181286580979574
21206	59	0.0324051547317268
21206	60	0.205258458940989
21206	61	0.166170040606261
21206	62	0.0554943079870966
21206	63	-0.0411531310108231
21206	64	0.00618484373713812
21206	65	0.212331800060454
21206	66	0.291826636343565
21206	67	0.101799810329645
21206	68	0.0241371622199864
21206	69	0.205239162252973
21206	70	0.00668907347822767
21206	71	0.123664040368176
21206	72	0.21186226128237
21206	73	0.0473386461514735
21206	74	0.00725793242527573
21207	1	-0.449664814782103
21207	2	0.0439851689866124
21207	3	0.019055858702032
21207	4	-0.0332016076264097
21207	5	0.0371052392983131
21207	6	0.0158903736130398
21207	7	0.0101072309805375
21207	8	0.0797789550179147
21207	9	0.0386055345872336
21207	10	0.0108965977316942
21207	11	0.0685147169480658
21207	12	0.139471123035534
21207	13	0.185278401690653
21207	14	0.0908498666480853
21207	15	-0.0215889614501563
21207	16	0.00881365332509887
21207	17	0.0248948672751865
21207	18	-0.058909924453161
21207	19	0.112432310612029
21207	20	-0.0699678780646664
21207	21	0.09617417750664
21207	22	0.0619968881690482
21207	23	0.118689797405203
21207	24	-0.020480673532191
21207	25	0.0351767783051073
21207	26	0.0654213598649207
21207	27	0.12541775212415
21207	28	0.138564338513852
21207	29	0.0647450567914163
21207	30	-0.0694563664835925
21207	31	-0.0143747781808159
21207	32	0.0814247710906386
21207	33	0.0865300641274942
21207	34	-0.111220421845367
21207	35	-0.010089253591417
21207	36	-0.0809184017980371
21207	37	0.14733160769692
21207	38	0.000496963551725571
21207	39	-0.00143486432462936
21207	40	0.106247706748348
21207	41	0.031672234659375
21207	42	0.0803167078074196
21207	43	0.108032364772136
21207	44	0.0907720541298787
21207	45	0.0550045356531754
21207	46	0.0539740055869018
21207	47	0.131388227885992
21207	48	0.115748368405555
21207	49	0.0861233212764674
21207	50	0.0710023630715568
21207	51	0.257277762175143
21207	52	0.0870059099585276
21207	53	0.105207000978446
21207	54	0.0804024636015299
21207	55	0.264828639627844
21207	56	0.0881144985296061
21207	57	0.082082069759025
21207	58	0.194643976872101
21207	59	-0.040701693348872
21207	60	0.14075102070742
21207	61	0.0694076211295496
21207	62	0.134839018675699
21207	63	0.23628238987768
21207	64	0.0606648388848328
21207	65	0.166085692283247
21207	66	0.0365462587969745
21207	67	0.0338491846442039
21207	68	0.0592284081359793
21207	69	0.135499697572016
21207	70	0.138987242472403
21207	71	0.119143679219853
21207	72	0.0879000488733652
21207	73	0.0945464577699084
21207	74	-0.0830353782733155
21208	1	-1.03472366236249
21208	2	-0.0914054654658187
21208	3	0.0582934894454574
21208	4	-0.0574034834060733
21208	5	-0.107277851983234
21208	6	-0.0664305282297804
21208	7	-0.0879430387462321
21208	8	-0.0117273636393378
21208	9	-0.0406676425145704
21208	10	0.0425143951091087
21208	11	-0.0357952790049865
21208	12	-0.0260077097755911
21208	13	0.00132130347506632
21208	14	-0.0677940105751276
21208	15	0.0185096880385558
21208	16	-0.00286772697504034
21208	17	0.135449987077259
21208	18	-0.036813920080796
21208	19	-0.0948885912307915
21208	20	-0.0752262984212138
21208	21	0.0726356668656791
21208	22	-0.0153487751335106
21208	23	-0.0148463351343224
21208	24	-0.0985319445648329
21208	25	-0.125143764736443
21208	26	0.119009998380989
21208	27	0.104432571451021
21208	28	0.0424869542585498
21208	29	-0.00289263319594113
21208	30	0.106331744678052
21208	31	0.0312717316424127
21208	32	0.0406225999257472
21208	33	0.0119891002871526
21208	34	-0.0211508728084979
21208	35	0.109426510717874
21208	36	0.0713482450006211
21208	37	0.082214871830864
21208	38	-0.0645222384314579
21208	39	-0.048556598802179
21208	40	0.12977978794531
21208	41	0.158926181733698
21208	42	0.125116594017889
21208	43	0.117992335241048
21208	44	0.0570788388306056
21208	45	0.0840574410114456
21208	46	0.213132369456019
21208	47	0.00171828525488138
21208	48	0.0246801691925995
21208	49	0.197934771716071
21208	50	0.104340303900472
21208	51	0.155119828067754
21208	52	-0.124691567584016
21208	53	0.100698836259014
21208	54	0.134796091333307
21208	55	0.167809293692315
21208	56	-0.00149606579194028
21208	57	0.0690672926617708
21208	58	-0.0809162360858551
21208	59	0.0820633414821472
21208	60	0.0723622044185603
21208	61	0.144911141145215
21208	62	0.0915118199718279
21208	63	0.137823914151269
21208	64	0.144648590103621
21208	65	0.060637314273329
21208	66	0.234853923005005
21208	67	0.011850789467708
21208	68	0.321169080876956
21208	69	0.209757451969416
21208	70	0.00801726047216533
21208	71	0.0338295911368718
21208	72	-0.00625063104028811
21208	73	0.114737526101841
21208	74	-0.281375303412396
21209	1	0.156100778133776
21209	2	-0.042805929008825
21209	3	-0.17096455075162
21209	4	-0.151578641445568
21209	5	-0.0228144911186128
21209	6	-0.089929119332794
21209	7	-0.147834497904391
21209	8	-0.121791479364504
21209	9	-0.00704312635981097
21209	10	-0.0260302350507189
21209	11	-0.115077595663813
21209	12	-0.101856025269363
21209	13	-0.131827006037156
21209	14	-0.063297611089645
21209	15	-0.111580891993746
21209	16	-0.128073376358266
21209	17	-0.0553372708249853
21209	18	-0.0549116046829425
21209	19	-0.127534639340752
21209	20	-0.149370007530464
21209	21	0.0754274599666402
21209	22	-0.114513271468326
21209	23	-0.0840254943442602
21209	24	-0.0775873665684159
21209	25	-0.19902584849212
21209	26	-0.0932776903543555
21209	27	-0.042690869911219
21209	28	-0.084298551211873
21209	29	-0.0715387071720599
21209	30	-0.0776718453283465
21209	31	-0.125242604941974
21209	32	-0.123317343179494
21209	33	-0.0761938671748439
21209	34	0.00870351692005755
21209	35	0.0469910076993472
21209	36	0.0486521569605216
21209	37	-0.0541191709010675
21209	38	0.000835074441326356
21209	39	0.0831346167896569
21209	40	-0.0567971771354792
21209	41	-0.000215259278874669
21209	42	-0.0143341354492179
21209	43	-0.00709237255207285
21209	44	0.0514461206205326
21209	45	-0.0140874661848898
21209	46	-0.089610876427642
21209	47	-0.160422526436633
21209	48	0.0202137718712052
21209	49	0.0434566653902664
21209	50	0.0367454133772469
21209	51	0.116231275461395
21209	52	0.0164693301558287
21209	53	0.0504393102156158
21209	54	0.0225899602301993
21209	55	-0.0109950705823749
21209	56	0.156318383595853
21209	57	0.107652121717742
21209	58	0.117667428333171
21209	59	0.0782228736571113
21209	60	-0.0474022334217068
21209	61	0.225125217613936
21209	62	0.100207784996833
21209	63	-0.0270028600207368
21209	64	0.0213968715137582
21209	65	-0.00470489852103384
21209	66	-0.0405714483944166
21209	67	0.0637367109137585
21209	68	-0.126741254747067
21209	69	0.0594009785691227
21209	70	-0.0908671562208596
21209	71	0.0491270376730242
21209	72	0.057085447226477
21209	73	-0.012809199708812
21209	74	-0.345436442978048
21210	1	0.0886055752304173
21210	2	-0.126853242634706
21210	3	-0.174120157504571
21210	4	-0.068383849539579
21210	5	-0.169325108550687
21210	6	-0.089023281766103
21210	7	-0.094496580205977
21210	8	-0.214317741075376
21210	9	-0.192209860036918
21210	10	-0.240102932869796
21210	11	-0.412300677676086
21210	12	-0.0843516749089943
21210	13	-0.139607130953131
21210	14	-0.0650069091605943
21210	15	-0.137042466292371
21210	16	0.00863762888343445
21210	17	-0.259560630451936
21210	18	-0.165374859560877
21210	19	-0.159269135464783
21210	20	-0.279822982155849
21210	21	-0.08900765265345
21210	22	-0.182085190689904
21210	23	-0.144920700651326
21210	24	-0.144387469105027
21210	25	-0.275005051854983
21210	26	-0.184203944832355
21210	27	-0.0973283115164065
21210	28	-0.231456537367301
21210	29	-0.142426446601426
21210	30	-0.0992672894692959
21210	31	-0.267166464062626
21210	32	-0.290745455867658
21210	33	-0.225958612662808
21210	34	-0.321823887159283
21210	35	-0.30197277688017
21210	36	-0.126356276234752
21210	37	-0.142529057370901
21210	38	-0.098921192390506
21210	39	-0.114267267822115
21210	40	0.027966942245385
21210	41	-0.240801324875306
21210	42	-0.110436355162669
21210	43	-0.102703859057257
21210	44	-0.110442157676523
21210	45	-0.0817820262306626
21210	46	-0.187248291148741
21210	47	-0.233622768420908
21210	48	-0.0753488394828707
21210	49	-0.195859467461922
21210	50	-0.304406735686392
21210	51	-0.0911175071903543
21210	52	-0.130837921653224
21210	53	-0.0371263034207274
21210	54	-0.223957328134404
21210	55	-0.0866254285995538
21210	56	-0.241191001915453
21210	57	0.00440588786840124
21210	58	-0.187117191409051
21210	59	-0.224220164028289
21210	60	-0.229160442151603
21210	61	-0.0547335873178412
21210	62	0.0197292368669579
21210	63	-0.22391252660978
21210	64	-0.131763701260837
21210	65	-0.0047525510089983
21210	66	0.0173846319965349
21210	67	0.0187251384876816
21210	68	-0.117360723402875
21210	69	-0.164751872912483
21210	70	-0.218853899498868
21210	71	-0.145922830103309
21210	72	-0.175944545302201
21210	73	-0.269564455355784
21210	74	-0.307089060009822
21211	1	0.240499448885398
21211	2	-0.0527665539849309
21211	3	-0.075810108910332
21211	4	-0.106949017883903
21211	5	-0.0342352959856065
21211	6	0.0687094933119994
21211	7	-0.0640492528890704
21211	8	-0.0648882894960607
21211	9	-0.0238601116856501
21211	10	0.0681721886157973
21211	11	-0.152533018877058
21211	12	-0.0403500261759149
21211	13	-0.133441736992701
21211	14	-0.0307306162067604
21211	15	-0.108699443036556
21211	16	-0.161323972990914
21211	17	0.063087755525153
21211	18	-0.0085304478982593
21211	19	-0.122435136853191
21211	20	-0.0524464201981942
21211	21	-0.138244028911693
21211	22	-0.118759739457687
21211	23	-0.210008777707905
21211	24	-0.0603997044399804
21211	25	-0.0802115773669527
21211	26	0.0505192415612541
21211	27	-0.165998044248099
21211	28	-0.0351651021017716
21211	29	-0.130878806892994
21211	30	-0.236277008316918
21211	31	-0.115630539036594
21211	32	-0.0963457248714761
21211	33	-0.0268795168627349
21211	34	-0.126952314788582
21211	35	-0.0923754148530946
21211	36	-0.0587368100584911
21211	37	-0.0725626677027691
21211	38	-0.00523147729845874
21211	39	0.0774117115589732
21211	40	0.0871725638253693
21211	41	0.00501202375882315
21211	42	-0.0830135348050263
21211	43	-0.0783984561160125
21211	44	0.146216569289045
21211	45	-0.0465955982171025
21211	46	-0.104588480011067
21211	47	-0.0623182231251675
21211	48	-0.0188266483282291
21211	49	-0.192918847860952
21211	50	-0.0864848368296123
21211	51	-0.240946009633063
21211	52	-0.115383114644388
21211	53	-0.0328134783369549
21211	54	-0.0489784366193078
21211	55	-0.0302461561237024
21211	56	0.0397159208425819
21211	57	-0.0947430245601879
21211	58	-0.0932543357357289
21211	59	-0.144383429334411
21211	60	-0.110471248070418
21211	61	0.029241532340599
21211	62	-0.052720353247004
21211	63	-0.00999208738750212
21211	64	0.00745289244995462
21211	65	0.139566824468467
21211	66	0.0775482098965554
21211	67	-0.140784881501041
21211	68	0.0143738974459069
21211	69	-0.128210767519661
21211	70	-0.135139454179487
21211	71	-0.0961336119445022
21211	72	-0.046172015260133
21211	73	0.0203019065752628
21211	74	-0.0997907080349236
21212	1	-0.724683999865089
21212	2	-0.265368171258793
21212	3	-0.157245869588209
21212	4	-0.292164511023394
21212	5	-0.293849688002467
21212	6	-0.306689448577977
21212	7	-0.233137170648973
21212	8	-0.215454980536535
21212	9	-0.158129327565902
21212	10	-0.203861017113482
21212	11	-0.19594348814455
21212	12	-0.330139909611766
21212	13	-0.223963909989386
21212	14	-0.247266811311924
21212	15	-0.307186474736845
21212	16	-0.296417955527794
21212	17	-0.287021926611715
21212	18	-0.227856010288043
21212	19	-0.218072583625094
21212	20	-0.347710732641737
21212	21	-0.287980576720201
21212	22	-0.336589538588832
21212	23	-0.176928860292101
21212	24	-0.360176038905976
21212	25	-0.254957803011067
21212	26	-0.181209004814932
21212	27	-0.230249194835224
21212	28	-0.331607959859092
21212	29	-0.213025350830364
21212	30	-0.399917379945805
21212	31	-0.221911454344777
21212	32	-0.31163778044376
21212	33	-0.391008081532185
21212	34	-0.386816179901061
21212	35	-0.327155405390322
21212	36	0.0379454468785951
21212	37	-0.253395078186344
21212	38	-0.106507366179493
21212	39	0.135866389818204
21212	40	-0.105784521697281
21212	41	-0.110372667145413
21212	42	0.0511894371639059
21212	43	-0.0971421237958552
21212	44	-0.0830026212735433
21212	45	-0.0384103495112527
21212	46	0.0177558739912556
21212	47	0.109909750506183
21212	48	0.0265654904810972
21212	49	0.0180452405151286
21212	50	0.00676351425050825
21212	51	-0.0624643920118473
21212	52	-0.029559790705477
21212	53	-0.11406474388918
21212	54	0.0125325556082316
21212	55	-0.119066339337166
21212	56	-0.0635918153876958
21212	57	-0.0913173449427447
21212	58	0.00388082156698033
21212	59	-0.0871594225719363
21212	60	-0.05653128559387
21212	61	0.0492989141292881
21212	62	0.0761338277111392
21212	63	0.0190415376908959
21212	64	-0.0728334763931144
21212	65	0.0883395499013915
21212	66	0.0813098505728433
21212	67	-0.0382986384249406
21212	68	-0.120826860267115
21212	69	0.0395515346027793
21212	70	0.0278953213405018
21212	71	0.0900829348380725
21212	72	-0.0746474767923146
21212	73	-0.0704280891457501
21212	74	-0.148002569466072
21301	1	-0.764296018223504
21301	2	0.111662932569224
21301	3	0.168286131022899
21301	4	0.035307293153501
21301	5	0.0654945406698957
21301	6	0.194677962512834
21301	7	0.145643026454948
21301	8	0.0661785982872445
21301	9	0.112244495994901
21301	10	-0.00427602781837066
21301	11	0.10874772338115
21301	12	0.0554961785303973
21301	13	0.132446414840729
21301	14	0.0838991218133742
21301	15	0.124869910630835
21301	16	0.132462541061919
21301	17	0.0845076170020818
21301	18	0.127064995364726
21301	19	0.110301235750022
21301	20	0.0994902472272088
21301	21	0.173599802042474
21301	22	-0.0195913656405011
21301	23	0.134828311356578
21301	24	0.194179794579085
21301	25	0.150819541548273
21301	26	0.139153412753224
21301	27	0.137724085842187
21301	28	0.112285282142587
21301	29	0.0171601378170081
21301	30	0.19498335652554
21301	31	0.0421299504549495
21301	32	0.112970439405181
21301	33	0.1203202143288
21301	34	0.0757669321141563
21301	35	0.0712750149152725
21301	36	-0.0386112313301581
21301	37	0.0490685566366338
21301	38	0.0137072463745795
21301	39	-0.0225509384848195
21301	40	0.127267209846337
21301	41	-0.089181261984578
21301	42	-0.105850485167103
21301	43	0.245771165322303
21301	44	0.102947456974867
21301	45	0.0196669758948431
21301	46	0.114874430978446
21301	47	0.0845063026367825
21301	48	0.09022850881788
21301	49	0.015959209718396
21301	50	-0.032119921529528
21301	51	-0.0343284697876243
21301	52	-0.0796531663509299
21301	53	0.00598465304925355
21301	54	0.041978716436283
21301	55	-0.124614767537061
21301	56	-0.0661303903820212
21301	57	0.0246367316137821
21301	58	0.00727795200631931
21301	59	0.0285415601304067
21301	60	0.161864920744975
21301	61	0.0332177616248543
21301	62	0.00237737696533458
21301	63	0.140788588456736
21301	64	-0.00590718132728085
21301	65	0.00652649076101852
21301	66	0.099149121550667
21301	67	0.172651535514781
21301	68	0.138270648383703
21301	69	-0.143553777150537
21301	70	0.0639424086276392
21301	71	-0.0160461469854525
21301	72	0.0561214503691474
21301	73	-0.0808984089157718
21301	74	-0.0956006150194142
21302	1	0.860976312931182
21302	2	0.0709948134697349
21302	3	-0.0604720389117404
21302	4	-0.0467551614579733
21302	5	-0.112428480390381
21302	6	-0.164436053463923
21302	7	0.0494193517999051
21302	8	0.0331357515189055
21302	9	0.0443432614270023
21302	10	-0.125191060498111
21302	11	-0.131266800947103
21302	12	-0.126784141004826
21302	13	-0.0160648415136677
21302	14	-0.0377421272788538
21302	15	0.0983630115749179
21302	16	-0.0265788532735982
21302	17	0.00389759521559085
21302	18	0.0631579510655271
21302	19	-0.2317466945332
21302	20	-0.0370384383210833
21302	21	0.0563158514251896
21302	22	0.0301544586151294
21302	23	0.048408558270161
21302	24	0.126278560011187
21302	25	-0.0303714533682111
21302	26	-0.00826851898243319
21302	27	0.00773134800631681
21302	28	-0.114657346760829
21302	29	-0.123725846206227
21302	30	-0.0029106158782426
21302	31	0.113299158879059
21302	32	-0.0998109694546585
21302	33	0.0723899311043965
21302	34	-0.0171887686846759
21302	35	0.00591553779108978
21302	36	0.0264812537219115
21302	37	-0.0127662971604607
21302	38	0.119396440432638
21302	39	0.0520365987557483
21302	40	0.0436613867658409
21302	41	0.0209778887182139
21302	42	-0.181143919615536
21302	43	-0.129761523106538
21302	44	-0.0365970461159506
21302	45	-0.110049935921886
21302	46	-0.140294347574475
21302	47	0.131383428628283
21302	48	-0.0885429678677667
21302	49	-0.0885315321062095
21302	50	-0.155822554674501
21302	51	-0.093329877176636
21302	52	0.0577181316277446
21302	53	0.00313536369554157
21302	54	-0.0687813774880652
21302	55	-0.162954674266778
21302	56	0.0330863447146825
21302	57	0.0316247740785727
21302	58	0.0336503695222277
21302	59	0.0663169087890054
21302	60	-0.117419828238795
21302	61	-0.0630439798178131
21302	62	0.0323851641697246
21302	63	0.0615883480097281
21302	64	0.121610968051328
21302	65	0.0983013547858036
21302	66	0.0883573283176489
21302	67	0.0927203637997494
21302	68	0.138927877748493
21302	69	0.0078347214414336
21302	70	-0.029556310751417
21302	71	-0.00924191368599026
21302	72	-0.068839571762183
21302	73	0.161330082213382
21302	74	-0.0261617232156013
21303	1	-0.613640501345444
21303	2	-0.155690357724605
21303	3	-0.12106416810661
21303	4	-0.14938219768171
21303	5	-0.179888153412552
21303	6	-0.220310521844482
21303	7	-0.240047189027607
21303	8	-0.184578280305431
21303	9	-0.129429447219003
21303	10	-0.292554785086089
21303	11	-0.239239386212148
21303	12	-0.181484424404438
21303	13	-0.0656268234437718
21303	14	-0.131052960194424
21303	15	-0.135481942136302
21303	16	-0.189535723027191
21303	17	-0.0908355967448244
21303	18	-0.151603881594021
21303	19	-0.29558169251564
21303	20	-0.28617590923124
21303	21	-0.178938647285435
21303	22	-0.260281111710576
21303	23	-0.0805131607261913
21303	24	-0.21580336671915
21303	25	-0.277341520019554
21303	26	-0.232069614661768
21303	27	-0.232121693198167
21303	28	-0.198755011754081
21303	29	-0.0838134942771021
21303	30	-0.0923971100050949
21303	31	-0.128697227560124
21303	32	-0.211192090809163
21303	33	-0.112653384291889
21303	34	-0.316579395445792
21303	35	-0.354527608512093
21303	36	-0.0617708660459968
21303	37	0.0317848724182497
21303	38	-0.00944845267447647
21303	39	-0.0276450484202044
21303	40	-0.131639814776008
21303	41	-0.00288973221804412
21303	42	0.016917754273436
21303	43	-0.119241571309665
21303	44	-0.0270165384597547
21303	45	-0.0517097339148691
21303	46	-0.137734712525464
21303	47	-0.178574021607872
21303	48	0.0479376583289124
21303	49	-0.0962765361282507
21303	50	0.0280854381282865
21303	51	-0.0432128081794048
21303	52	0.125947151459272
21303	53	-0.0480324143428632
21303	54	0.0937490084966939
21303	55	-0.156325681991333
21303	56	0.137409432626832
21303	57	0.0454989677347299
21303	58	-0.0858696798964829
21303	59	0.0558611673972749
21303	60	-0.0975395344509593
21303	61	0.119178204151574
21303	62	-0.158666884556737
21303	63	0.0116338752645575
21303	64	-0.0601940742415152
21303	65	-0.0284507151416094
21303	66	0.0401886166780372
21303	67	-0.146072923669614
21303	68	-0.00809384474067798
21303	69	-0.00265311062083384
21303	70	-0.0172293241816135
21303	71	0.11323184960812
21303	72	-0.00135485489546738
21303	73	-0.113557569701634
21303	74	-0.0729518991766369
21304	1	1.84684970694091
21304	2	0.161134966450277
21304	3	0.0427036308023183
21304	4	0.0075906668698984
21304	5	0.110415980343031
21304	6	0.127590090326926
21304	7	0.0061530068403215
21304	8	0.0140013743343204
21304	9	-0.00136534254072274
21304	10	0.0243864444394859
21304	11	0.0599457089789865
21304	12	0.152684567212283
21304	13	0.0773777636350061
21304	14	0.0307472747124748
21304	15	0.0617211177111088
21304	16	-0.0242713854612688
21304	17	-0.00468669000420618
21304	18	-0.0999936924232969
21304	19	-0.00741002874885055
21304	20	0.0638396727017962
21304	21	0.122205127177025
21304	22	-0.0135086584143096
21304	23	0.0330202361015566
21304	24	0.0333888295257054
21304	25	0.123777821433436
21304	26	0.0850456748155466
21304	27	0.0352434120219556
21304	28	0.117664441767673
21304	29	0.0497956246874267
21304	30	0.076208694012557
21304	31	0.0616598780369202
21304	32	0.1381918675403
21304	33	-0.0497334713891746
21304	34	0.0140052804129809
21304	35	0.0512645628285924
21304	36	0.111866870167574
21304	37	0.219266891943207
21304	38	0.0388007477849825
21304	39	0.0397570065512269
21304	40	0.0350602404516138
21304	41	0.17255770599737
21304	42	-0.00102681231574309
21304	43	-0.0177046475510778
21304	44	0.00402558362478089
21304	45	0.208714741790224
21304	46	0.081505918203348
21304	47	0.00977491700091804
21304	48	0.114076549341824
21304	49	0.0554273840547523
21304	50	0.0363288513833169
21304	51	0.0387608863950035
21304	52	0.125569581735711
21304	53	0.00199424539960802
21304	54	-0.0822444086569831
21304	55	-0.0279408973507671
21304	56	0.126373292725951
21304	57	0.00420095233770468
21304	58	-0.0124904374280916
21304	59	-0.189564352712516
21304	60	-0.077618490468204
21304	61	-0.00591592652395434
21304	62	0.103115322899889
21304	63	0.0257580151988392
21304	64	0.0741425385234038
21304	65	0.15904413655916
21304	66	0.0712584601758408
21304	67	0.120889258063954
21304	68	0.167337568574013
21304	69	0.1585052609543
21304	70	-0.165059840482456
21304	71	-0.0762685202484832
21304	72	-0.0311705679573535
21304	73	0.0705531370102364
21304	74	0.0667037384416815
21305	1	1.29552366988566
21305	2	0.128633463471644
21305	3	-0.0172836621965331
21305	4	0.0885886446804669
21305	5	0.165270464684728
21305	6	0.0164204996836474
21305	7	0.137317815278863
21305	8	0.117957350723891
21305	9	-0.0115586802463596
21305	10	0.0271710539383108
21305	11	0.0201779874945913
21305	12	0.124300405874358
21305	13	0.0702306903443031
21305	14	0.109445695218568
21305	15	0.029458451700286
21305	16	0.147120646019296
21305	17	-0.0514142956226138
21305	18	0.116410636155159
21305	19	0.0892051267411205
21305	20	0.100283351993482
21305	21	-0.0494489691229134
21305	22	0.00648792572516754
21305	23	0.0658138634721652
21305	24	0.0546936882457203
21305	25	0.100445444541052
21305	26	0.0580441171831438
21305	27	0.0409485822684417
21305	28	0.195692670439037
21305	29	0.0209464964150285
21305	30	0.147103239566469
21305	31	-0.0440007493883456
21305	32	0.00104233483001792
21305	33	0.0400446343112151
21305	34	-0.155055221308615
21305	35	0.0520493909424857
21305	36	0.010915136269027
21305	37	-0.00206277383735198
21305	38	-0.030092937800589
21305	39	0.125766738499088
21305	40	-0.107682054383709
21305	41	-0.0469052861134998
21305	42	-0.0103627220851337
21305	43	0.0541704071600648
21305	44	-0.0851099548712497
21305	45	-0.0169857444118335
21305	46	0.145091422616105
21305	47	-0.0194590479037515
21305	48	-0.139962898029019
21305	49	0.0923946104552584
21305	50	0.0115857737388083
21305	51	0.145136962587117
21305	52	-0.18514819806294
21305	53	0.0412617989245021
21305	54	0.104219946626728
21305	55	0.0721354600073241
21305	56	0.21551527640527
21305	57	0.0213897006567834
21305	58	0.0342255126208499
21305	59	0.0242283603628834
21305	60	-0.156213155768306
21305	61	0.0341117198155629
21305	62	0.0508281194108946
21305	63	0.0260786057786717
21305	64	-0.0198727221241199
21305	65	-0.0207695492512485
21305	66	0.0951311471571188
21305	67	0.0638028460704803
21305	68	0.0507146391824236
21305	69	0.0386120734776796
21305	70	-0.00549305368621589
21305	71	0.0517891368455921
21305	72	0.0724166595148148
21305	73	-0.0837327359048672
21305	74	0.0675156780591948
21306	1	1.96905123880796
21306	2	-0.00211006200872177
21306	3	-0.123893937885754
21306	4	-0.134552541618614
21306	5	-0.116653094212516
21306	6	-0.0527106615527728
21306	7	-0.0854161028497913
21306	8	0.0505701326787786
21306	9	-0.129990175651535
21306	10	-0.106830616905469
21306	11	-0.0993291135914589
21306	12	-0.00408305277225907
21306	13	-0.107964798377502
21306	14	-0.106364664012844
21306	15	-0.100616736269636
21306	16	-0.139721459243859
21306	17	-0.126832006566644
21306	18	-0.0839653036944696
21306	19	-0.0292890253056655
21306	20	-0.126408377329831
21306	21	0.0207055839263717
21306	22	-0.092749751801982
21306	23	-0.100831917647305
21306	24	-0.116964624202069
21306	25	-0.0630361761774125
21306	26	-0.0955586397090826
21306	27	-0.024162111131723
21306	28	-0.198595132401401
21306	29	-0.0777899279792891
21306	30	-0.21199241623971
21306	31	-0.0054773575754794
21306	32	-0.133356161410582
21306	33	-0.032344672288616
21306	34	-0.0531755220604921
21306	35	-0.13788377530647
21306	36	-0.0683025181510928
21306	37	-0.0683975968486905
21306	38	-0.119431221425188
21306	39	0.0465958914199547
21306	40	-0.0565493736405074
21306	41	0.0314641453067779
21306	42	0.0597855476366931
21306	43	-0.110419284526095
21306	44	-0.0813568312993027
21306	45	-0.0790921145921715
21306	46	0.166534306562923
21306	47	0.0173350859852235
21306	48	-0.061612696389588
21306	49	-0.0621501503082911
21306	50	-0.0372268573581422
21306	51	-0.111264897017627
21306	52	-0.145372606998286
21306	53	-0.0536261959406872
21306	54	-0.113881246410727
21306	55	0.175629997832033
21306	56	0.037871138835996
21306	57	-0.00719520823093944
21306	58	-0.127719807599377
21306	59	-0.163481023723143
21306	60	-0.00971993309372721
21306	61	-0.0957870534776148
21306	62	0.0389033413330679
21306	63	-0.0745500108639376
21306	64	-0.0515561114032224
21306	65	0.00586450218482781
21306	66	0.0803711961793354
21306	67	-0.0723302190405946
21306	68	-0.0592063440097519
21306	69	0.0431463362048277
21306	70	-0.0098613242011254
21306	71	0.00948609989388416
21306	72	-0.0473696923891183
21306	73	0.0247695547477491
21306	74	0.0642188001508188
21307	1	-0.366800924960206
21307	2	0.0666870737968601
21307	3	-0.0111984075998812
21307	4	-0.11049927081293
21307	5	-0.0495076285659373
21307	6	0.00945055544320184
21307	7	-0.0661773846283893
21307	8	0.0114137686463209
21307	9	-0.0235635104372207
21307	10	-0.15685498205012
21307	11	-0.0500782701274787
21307	12	-0.135664579979526
21307	13	-0.181424706248592
21307	14	-0.0543797646695552
21307	15	-0.04946383495421
21307	16	-0.208057233869134
21307	17	-0.0528793494759583
21307	18	-0.15125696020899
21307	19	-0.160448605537219
21307	20	-0.0728259844433055
21307	21	-0.181935597754475
21307	22	-0.0723885170337795
21307	23	-0.120199484486626
21307	24	-0.125789966245705
21307	25	-0.145001239426463
21307	26	-0.143577753448447
21307	27	-0.233455837250304
21307	28	-0.281929516780188
21307	29	-0.131692077558348
21307	30	-0.21216282892793
21307	31	-0.0926525486985383
21307	32	-0.139493311376619
21307	33	-0.159830848652135
21307	34	0.0297773328178366
21307	35	-0.139610977413909
21307	36	-0.0339126887140182
21307	37	-0.1339981739441
21307	38	-0.146442856293355
21307	39	-0.15053514121643
21307	40	-0.0301590087540831
21307	41	-0.0849594992440927
21307	42	-0.0770706953680715
21307	43	-0.160701994346013
21307	44	-0.0580380121138546
21307	45	-0.247711807973054
21307	46	0.00376826446321843
21307	47	-0.0484961084499247
21307	48	-0.127528067751605
21307	49	-0.0543792899183728
21307	50	0.0184300732815004
21307	51	-0.104938774223861
21307	52	0.0186572007647499
21307	53	-0.0939897334295594
21307	54	-0.205296623759409
21307	55	0.0919325522014987
21307	56	-0.0237120730934564
21307	57	-0.13218581979654
21307	58	-0.116207855339539
21307	59	-0.103984117802568
21307	60	0.0261711120861747
21307	61	-0.0199528072171375
21307	62	-0.0913974520390184
21307	63	-0.191614469743847
21307	64	-0.242451428327144
21307	65	-0.282873293515806
21307	66	-0.133175437427376
21307	67	-0.138237652371885
21307	68	-0.105451372122751
21307	69	-0.188437805161151
21307	70	0.103026786645685
21307	71	-0.0217076968983818
21307	72	-0.181720101514784
21307	73	-0.169190146911745
21307	74	0.00694710101119966
21308	1	-0.00892372653836304
21308	2	-0.0544056053363136
21308	3	-0.103246649273164
21308	4	-0.177938940576905
21308	5	-0.17901290435239
21308	6	-0.176224754046579
21308	7	-0.267828838599783
21308	8	-0.123292596770547
21308	9	-0.202376448596468
21308	10	-0.168465850240203
21308	11	-0.0850770028677204
21308	12	-0.104839132916752
21308	13	-0.193462761161562
21308	14	-0.113581028947529
21308	15	-0.141321150937593
21308	16	-0.151257982115283
21308	17	-0.141989313241147
21308	18	-0.244649136180712
21308	19	-0.0291042057147877
21308	20	-0.152257917381071
21308	21	-0.145741259439021
21308	22	-0.0525892947935418
21308	23	-0.110499242383725
21308	24	-0.0577761502238303
21308	25	-0.24135557803401
21308	26	-0.252726699523421
21308	27	0.0087693796062922
21308	28	-0.131213689968497
21308	29	-0.141500181266139
21308	30	-0.0214749213852556
21308	31	-0.00327422404332367
21308	32	-0.0152186388331899
21308	33	-0.161386550727734
21308	34	-0.279409402851854
21308	35	-0.0660204577948136
21308	36	0.0951954988828305
21308	37	0.107172092650885
21308	38	-0.072663880296389
21308	39	0.0675431928021055
21308	40	-0.118822555131494
21308	41	0.0498139108314888
21308	42	-0.0775396874935552
21308	43	-0.0691833832963979
21308	44	0.0100646728107208
21308	45	0.0503037513071689
21308	46	-0.0194387814872599
21308	47	-0.03700833133977
21308	48	-0.0373025846865502
21308	49	0.14104400472759
21308	50	-0.09242853334068
21308	51	-0.206825178828396
21308	52	-0.119924178044641
21308	53	0.0387068768729151
21308	54	-0.00155442856770094
21308	55	-0.101367863921325
21308	56	-0.104136165174715
21308	57	-0.0294230704877592
21308	58	0.00790111585830999
21308	59	-0.141257447373398
21308	60	-0.130057240079488
21308	61	0.052121097576638
21308	62	-0.139861507930249
21308	63	-0.058777341773002
21308	64	-0.0408970375072428
21308	65	-0.109740220036215
21308	66	-0.0159553344329098
21308	67	0.0118669315177442
21308	68	-0.0580671113710522
21308	69	0.0398329738228327
21308	70	-0.0378027281564286
21308	71	0.0264772277727374
21308	72	0.0744847934102495
21308	73	-0.0330449726872359
21308	74	0.166408365297265
21309	1	1.43262687766683
21309	2	0.028347336451688
21309	3	3.81122554848901e-05
21309	4	0.00661511142981297
21309	5	-0.0669095932838637
21309	6	-0.0428149930725965
21309	7	-0.137508406683246
21309	8	0.0065045477474257
21309	9	0.0847267198437578
21309	10	-0.00685181764360721
21309	11	-0.016023351171107
21309	12	-0.096462731118244
21309	13	-0.0762828333378209
21309	14	-0.0889161579183764
21309	15	-0.133421444625121
21309	16	0.0211016668796304
21309	17	-0.14080866783857
21309	18	0.0123911553642202
21309	19	-0.103044303095054
21309	20	-0.0929882503642787
21309	21	0.00994038658034668
21309	22	-0.086547192186103
21309	23	-0.114804398491991
21309	24	0.0254034086680335
21309	25	-0.154412850587825
21309	26	-0.0573417710879696
21309	27	-0.116436084388937
21309	28	-0.0820528832120999
21309	29	-0.0171961281500899
21309	30	-0.139717905498998
21309	31	-0.0105628473125279
21309	32	-0.140438999562356
21309	33	-0.190720755467176
21309	34	-0.0350560573940584
21309	35	-0.142384602433857
21309	36	0.00624384311777959
21309	37	-0.180253643931714
21309	38	0.0656127611290458
21309	39	-0.0521708831741776
21309	40	-0.287534042083763
21309	41	-0.1877264111126
21309	42	-0.130548901682673
21309	43	-0.137799097409207
21309	44	-0.0590739767922415
21309	45	0.12568013330398
21309	46	0.0746685577643404
21309	47	-0.128707536214719
21309	48	-0.0631494112903539
21309	49	-0.042581997072098
21309	50	-0.0701534548016909
21309	51	-0.00168879874087224
21309	52	-0.178001695894146
21309	53	-0.0550464544862805
21309	54	-0.257138115600902
21309	55	-0.217155216272197
21309	56	-0.0766545913344601
21309	57	-0.149700266976872
21309	58	-0.131173446967793
21309	59	-0.160371413852921
21309	60	-0.0929234937093852
21309	61	-0.152933328385551
21309	62	-0.140588440758549
21309	63	-0.127367690181437
21309	64	0.0175733459821146
21309	65	-0.208846020293265
21309	66	-0.1971301491864
21309	67	-0.100616406645109
21309	68	-0.0338008126432428
21309	69	-0.218452820516575
21309	70	-0.280671165933221
21309	71	-0.159657997169653
21309	72	-0.122814642381627
21309	73	0.0252141872770153
21309	74	0.0654995446018205
21310	1	2.07730013090576
21310	2	0.0185292847024279
21310	3	0.0863093434965094
21310	4	0.0586904997596669
21310	5	-0.118611840415774
21310	6	0.069659626750763
21310	7	0.00406629519830659
21310	8	-0.0432922135842304
21310	9	-0.0881145843554165
21310	10	-0.107448054539283
21310	11	-0.0362683159018644
21310	12	-0.108642257074408
21310	13	-0.0682321887076327
21310	14	0.054342775114776
21310	15	-0.155884873500135
21310	16	-0.119805983468325
21310	17	0.0166214117473515
21310	18	-0.0853800574663168
21310	19	0.0370624909020734
21310	20	-0.136035923015235
21310	21	-0.20991670855981
21310	22	-0.14207816389181
21310	23	-0.0902993776881331
21310	24	0.0109962133222083
21310	25	-0.200135962065978
21310	26	-0.174433807761666
21310	27	0.0445745069034302
21310	28	-0.0268684232444016
21310	29	-0.0717493712895489
21310	30	-0.00470391352597233
21310	31	-0.0783381104510426
21310	32	-0.109470910203093
21310	33	0.0238272143817042
21310	34	-0.140176343650893
21310	35	-0.111286653362534
21310	36	0.0501384099063173
21310	37	-0.0319235699584084
21310	38	-0.123068303406278
21310	39	-0.0648488867453025
21310	40	0.03680062333585
21310	41	-0.0725200511091941
21310	42	0.0170774906309035
21310	43	0.0879806832216943
21310	44	-0.0137212006677601
21310	45	-0.0152580522244605
21310	46	-0.00821334003346408
21310	47	0.105261684089683
21310	48	-0.187771297184412
21310	49	-0.0668023864947713
21310	50	0.107541979260041
21310	51	-0.039217772690904
21310	52	-0.0164161691864635
21310	53	-0.0930987856359522
21310	54	-0.109938687693507
21310	55	0.04026091725013
21310	56	0.0327950204902905
21310	57	-0.1051567787107
21310	58	-0.087114219194568
21310	59	-0.147620721553153
21310	60	-0.0648469102897167
21310	61	-0.0672902484046034
21310	62	-0.263930526520966
21310	63	-0.217631480183485
21310	64	-0.0239206472141262
21310	65	-0.11903430291094
21310	66	0.0902733819056962
21310	67	-0.104466502490105
21310	68	-0.0809755604842337
21310	69	-0.0652880048537057
21310	70	-0.148570419042819
21310	71	-0.0359539344938185
21310	72	-0.0698617018587129
21310	73	-0.0500885763481165
21310	74	-0.00608334080606454
21311	1	0.155911389183903
21311	2	0.102320013179249
21311	3	-0.0534608551789901
21311	4	0.0503196388325122
21311	5	-0.0282681318065023
21311	6	-0.049209909673074
21311	7	-0.00585820811294724
21311	8	-0.118058438749792
21311	9	0.0810383957770355
21311	10	-0.0964546770558457
21311	11	0.179747578137871
21311	12	-0.006257488862488
21311	13	-0.204674572813595
21311	14	-0.00540225799780814
21311	15	-0.020899443036555
21311	16	-0.079258301349121
21311	17	0.0748161137341086
21311	18	0.0311053729972599
21311	19	0.0675320273259103
21311	20	0.0464938783092705
21311	21	-0.0357425363743786
21311	22	0.0067119023333575
21311	23	-0.0669311657676062
21311	24	-0.0020653760817666
21311	25	-0.0261399355759124
21311	26	0.0104774505164826
21311	27	-0.0397771487257117
21311	28	0.0422289277489796
21311	29	-0.131299702415383
21311	30	-0.0177277545855716
21311	31	-0.100003673364952
21311	32	-0.204357665169979
21311	33	-0.0236138452209502
21311	34	-0.0232657476244
21311	35	-0.162163474554589
21311	36	-0.166613640674683
21311	37	-0.0823029274430311
21311	38	-0.10158060689227
21311	39	-0.121322400074078
21311	40	-0.207496198263605
21311	41	-0.0345448289629218
21311	42	-0.0145122222877561
21311	43	-0.0362407839663774
21311	44	-0.190631857333791
21311	45	-0.155432678803088
21311	46	-0.0880123015053513
21311	47	-0.0105838615649532
21311	48	-0.203583079990999
21311	49	-0.179755951894258
21311	50	-0.0484969121218839
21311	51	-0.0974808237411793
21311	52	-0.129757992108424
21311	53	-0.116009802952668
21311	54	-0.0153732697418221
21311	55	-0.167733296013559
21311	56	-0.225448186068192
21311	57	-0.21025231629465
21311	58	-0.209630227086556
21311	59	0.0395505740351396
21311	60	-0.0538977103443941
21311	61	-0.0652383156262957
21311	62	-0.164718883643367
21311	63	0.0213529047424998
21311	64	-0.0430705255090871
21311	65	-0.292522757775913
21311	66	-0.197179824228826
21311	67	-0.257895653794044
21311	68	-0.0303006760913505
21311	69	-0.198632254187146
21311	70	-0.262618452972156
21311	71	-0.0788658118884484
21311	72	-0.244477115338178
21311	73	-0.329810421224103
21311	74	-0.00605141448739488
21312	1	0.118945034744041
21312	2	0.225993448922971
21312	3	0.165723558459078
21312	4	0.163738896981634
21312	5	0.113262928515717
21312	6	0.123978250686612
21312	7	0.176093234374875
21312	8	0.203551452595278
21312	9	0.110940081801765
21312	10	0.223781366406129
21312	11	0.300834277276124
21312	12	0.203265028934446
21312	13	0.242081965215633
21312	14	0.177735996029917
21312	15	0.110155933508963
21312	16	0.209059870250726
21312	17	0.155986739436621
21312	18	0.253042727811795
21312	19	0.136734125490023
21312	20	0.132845320797095
21312	21	0.159898827432293
21312	22	-0.0148247031368598
21312	23	0.031439609803769
21312	24	0.144600491284287
21312	25	0.111125107511391
21312	26	0.192215779478637
21312	27	0.154686095935212
21312	28	0.170155941611846
21312	29	0.204403707101292
21312	30	0.189717131139417
21312	31	0.243213261816763
21312	32	0.0640340920424549
21312	33	0.220817926978377
21312	34	0.125327733079978
21312	35	0.242477064973329
21312	36	0.0708501133499126
21312	37	-0.0687042251597205
21312	38	-0.0882840569675949
21312	39	-0.0805044471778444
21312	40	-0.0183448217780722
21312	41	-0.0703769602508899
21312	42	0.0529825223535028
21312	43	-0.0246124295830654
21312	44	0.0755671756939122
21312	45	-0.0804580043412955
21312	46	0.0907541393169211
21312	47	-0.000173533978234275
21312	48	0.0255213886621277
21312	49	0.257974333462123
21312	50	-0.0439509053975655
21312	51	-0.0541602711440845
21312	52	0.0233152276070783
21312	53	-0.0102751923771294
21312	54	0.0260666280816579
21312	55	-0.0350612389563807
21312	56	0.0170049437500239
21312	57	-0.0782020399857473
21312	58	-0.0216345457703895
21312	59	-0.0153229480857604
21312	60	-0.0433014651297086
21312	61	0.135309183345285
21312	62	0.0272587768633201
21312	63	-0.0192283517131671
21312	64	-0.0548339266914368
21312	65	0.0430585910333718
21312	66	-0.0357618958088892
21312	67	0.124465767778553
21312	68	0.127899182905765
21312	69	-0.022761438465345
21312	70	0.0814135087068664
21312	71	0.021168811030023
21312	72	-0.031068573410991
21312	73	-0.0291898787966787
21312	74	0.120398942110512
21401	1	-0.519459499284906
21401	2	0.0138897674325555
21401	3	0.0301141920799921
21401	4	0.0910682210631393
21401	5	0.0351768587417034
21401	6	0.154357576149231
21401	7	0.114981867501413
21401	8	-0.0145257355361821
21401	9	0.0930452010700407
21401	10	0.0409933380670324
21401	11	0.0488523040357904
21401	12	0.11865668883128
21401	13	0.0611121946722264
21401	14	0.154968252399172
21401	15	0.161291105167599
21401	16	0.171874401864486
21401	17	0.0305446581575524
21401	18	0.148880042184409
21401	19	0.114935429972412
21401	20	0.0879910427705184
21401	21	0.236013229221086
21401	22	0.0456359098947914
21401	23	-0.0127617895861292
21401	24	0.132488877226358
21401	25	0.0168400266169044
21401	26	0.119520172633685
21401	27	0.0318266319926224
21401	28	0.084582802985274
21401	29	-0.0684482846460028
21401	30	0.241339164128981
21401	31	0.150064379565109
21401	32	0.0835092535445767
21401	33	0.168228120752588
21401	34	0.0981633639067852
21401	35	0.149461478186431
21401	36	-0.134427460290645
21401	37	0.018037682866904
21401	38	-0.192589291459235
21401	39	0.0211737157732657
21401	40	-0.0372831674294076
21401	41	-0.248628866091437
21401	42	-0.0301110789525652
21401	43	-0.0506186064134369
21401	44	-0.119315485459495
21401	45	-0.0506921820274968
21401	46	-0.167569814040569
21401	47	-0.0565927563843474
21401	48	-0.261362963346365
21401	49	-0.107006533225231
21401	50	-0.179077607681997
21401	51	-0.168656557681004
21401	52	-0.0239973392036816
21401	53	-0.0607382147597733
21401	54	-0.0907906811644423
21401	55	0.0332218751797484
21401	56	-0.0257432392326677
21401	57	-0.00119119327887063
21401	58	0.0128293318162633
21401	59	-0.034107377945368
21401	60	-0.0654999783154508
21401	61	-0.0558511411939904
21401	62	0.0685866251462741
21401	63	-0.24408505914117
21401	64	-0.0741972100689878
21401	65	-0.0702892634773278
21401	66	-0.152996504931188
21401	67	-0.254332175969445
21401	68	-0.193198335193962
21401	69	-0.174501307260726
21401	70	-0.350171475996582
21401	71	-0.226698140340936
21401	72	0.0409198252810086
21401	73	-0.00815633963197371
21401	74	-0.0761139202850032
21402	1	-0.209421443836735
21402	2	0.144816823685815
21402	3	0.0424160678979355
21402	4	0.0927436538418931
21402	5	0.0850241758858061
21402	6	-0.048544994100844
21402	7	0.0940644935756083
21402	8	0.0255768332952329
21402	9	0.14631644455752
21402	10	0.1944834092481
21402	11	0.0328860396763275
21402	12	0.112033693126257
21402	13	0.0289697048599535
21402	14	0.0868529014768669
21402	15	0.00785778022798667
21402	16	0.0442471395514445
21402	17	0.0661309354977107
21402	18	0.0890333279691191
21402	19	0.131252102372819
21402	20	0.0421861860015795
21402	21	-0.0575294031661215
21402	22	0.100617343233921
21402	23	-0.0901934546981877
21402	24	0.0197702711977783
21402	25	0.0957790137674266
21402	26	0.073811784475204
21402	27	0.0535001495857301
21402	28	0.0336743311260861
21402	29	0.0585817234758039
21402	30	0.0604200878159276
21402	31	0.0745216549652525
21402	32	0.0883312654116324
21402	33	-0.029282137903877
21402	34	-0.0210668733279675
21402	35	0.0636136361395998
21402	36	-0.00232032260661441
21402	37	-0.047878193760873
21402	38	-0.0893545903345725
21402	39	0.0391721177843039
21402	40	-0.101953535480845
21402	41	-0.0624380372397937
21402	42	-0.168983679048814
21402	43	-0.033801174316288
21402	44	-0.0349056316614664
21402	45	0.119180878308271
21402	46	-0.205621926236212
21402	47	0.0340497547995824
21402	48	0.0303012566296772
21402	49	-0.0949014765657168
21402	50	-0.0867920889646001
21402	51	-0.240032940847392
21402	52	-0.177736183628632
21402	53	-0.088985848425672
21402	54	0.0389883933914632
21402	55	0.0514646716312299
21402	56	-0.0350681287085166
21402	57	-0.0527024654507571
21402	58	0.0106909673311577
21402	59	-0.0402122620870173
21402	60	-0.0712181992899303
21402	61	-0.121238226175521
21402	62	-0.111264903580953
21402	63	-0.0510729731051995
21402	64	-0.266275176305399
21402	65	-0.152185288194431
21402	66	-0.101554785222397
21402	67	-0.0784760129995092
21402	68	-0.197863196244342
21402	69	-0.0174614719994466
21402	70	0.018675838287642
21402	71	-0.221905436001521
21402	72	-0.168420713862048
21402	73	-0.102628221615625
21402	74	-0.26029156176287
21403	1	0.075992233829453
21403	2	-0.0946802884798785
21403	3	-0.0894089698094547
21403	4	-0.174066484847728
21403	5	-0.111506744174527
21403	6	-0.159785475283932
21403	7	-0.123238600269815
21403	8	-0.0470273678598971
21403	9	-0.142196596681487
21403	10	-0.235338538292645
21403	11	-0.0500702197505163
21403	12	-0.0474170665397082
21403	13	-0.133111375226868
21403	14	-0.245384158450292
21403	15	-0.107756758270341
21403	16	-0.134156642223935
21403	17	-0.179695500142209
21403	18	-0.0348952303209913
21403	19	-0.133944895751007
21403	20	-0.062791189564031
21403	21	-0.195360032603638
21403	22	-0.273487796007522
21403	23	-0.0681631416348765
21403	24	-0.218939584226568
21403	25	-0.142292575093258
21403	26	-0.2137319009164
21403	27	-0.157929788243059
21403	28	-0.273782535297777
21403	29	-0.362287937709496
21403	30	-0.0835485690652149
21403	31	-0.163137911675662
21403	32	-0.217094920071943
21403	33	-0.269546273576907
21403	34	-0.0677725349547202
21403	35	-0.239838889335886
21403	36	-0.00481309283976827
21403	37	0.00950317750323393
21403	38	-0.11778155553931
21403	39	0.078785022826473
21403	40	-0.0733061800607828
21403	41	0.0498499709810716
21403	42	0.0381829767180903
21403	43	0.08447769394256
21403	44	0.0562447114170297
21403	45	0.0297435082805748
21403	46	0.0584853203641629
21403	47	-0.202981754695962
21403	48	0.202348152382903
21403	49	0.032567169907793
21403	50	0.00698273832256291
21403	51	-0.135059796857632
21403	52	-0.0357229764967855
21403	53	-0.128605776520175
21403	54	-0.0350840489225561
21403	55	0.0896118766220653
21403	56	-0.086740992799875
21403	57	-0.0754672805266523
21403	58	0.0295446493650928
21403	59	0.0349438483974964
21403	60	-0.00525541227675319
21403	61	-0.0571021805166865
21403	62	0.01491602836726
21403	63	-0.0842758495211413
21403	64	0.0123304099942416
21403	65	-0.0442659628337481
21403	66	0.073889159778993
21403	67	0.00162846828082763
21403	68	0.077561694633097
21403	69	-0.072026889998952
21403	70	0.0834111356106249
21403	71	-0.0198278837779569
21403	72	0.0442118140670118
21403	73	-0.104410581931901
21403	74	-0.380763269110005
21404	1	-0.483830634309843
21404	2	0.0620988688063804
21404	3	0.0817491486103243
21404	4	0.22227719851421
21404	5	0.103819173991148
21404	6	0.0806632240897116
21404	7	0.0892991999961836
21404	8	0.0505511861081089
21404	9	0.146591862999465
21404	10	0.0316279299922826
21404	11	-0.0561628424759988
21404	12	0.00906786164907203
21404	13	0.0188605541284304
21404	14	0.144759166784311
21404	15	0.090760579699328
21404	16	0.0426352947099886
21404	17	-0.0156664933140149
21404	18	0.026389495771042
21404	19	0.0878247139496366
21404	20	0.0577981602342419
21404	21	0.0269519691201268
21404	22	0.164939564326531
21404	23	0.108309304107351
21404	24	0.0716395121334656
21404	25	0.113311523310031
21404	26	0.112791812017051
21404	27	0.0919903389590147
21404	28	0.123954278260534
21404	29	0.108110831877916
21404	30	0.0768620142662613
21404	31	0.0921244054527861
21404	32	0.0985698073574923
21404	33	0.0509145367419208
21404	34	0.224584195535883
21404	35	-0.0279029213147268
21404	36	-0.106800506728334
21404	37	-0.0278820793706274
21404	38	-0.190550439403211
21404	39	-0.0055757403757255
21404	40	-0.105727229142062
21404	41	-0.020509294290143
21404	42	-0.231494157467445
21404	43	-0.0480961512001272
21404	44	-0.137698150341215
21404	45	-0.184926895866411
21404	46	-0.081224481024627
21404	47	-0.0244255998135117
21404	48	-0.125095922616602
21404	49	-0.0536298932177814
21404	50	-0.0738825309205211
21404	51	-0.0936411303551381
21404	52	-0.162042643208238
21404	53	-0.096892586832027
21404	54	-0.132428762267416
21404	55	-0.118738303097409
21404	56	-0.310121851454625
21404	57	-0.116667098659732
21404	58	-0.166531559651894
21404	59	-0.0149109018618816
21404	60	-0.10629839853484
21404	61	-0.0821423416182938
21404	62	-0.24611224737351
21404	63	-0.168767184718689
21404	64	-0.124583383586348
21404	65	-0.206544298113243
21404	66	-0.0106381805443263
21404	67	-0.158410616349606
21404	68	-0.193247678591362
21404	69	-0.0517132938070262
21404	70	-0.21902426375442
21404	71	-0.241752934366033
21404	72	-0.115774034249284
21404	73	-0.260381162219652
21404	74	-0.0230344956629196
21405	1	-0.337445225379572
21405	2	-0.0537856673392412
21405	3	-0.116040191816428
21405	4	-0.108593056554447
21405	5	-0.0193894432819128
21405	6	-0.0603168864172616
21405	7	-0.0566463133359747
21405	8	-0.210850813892762
21405	9	-0.0708376240475914
21405	10	-0.112630811253325
21405	11	-0.19914422514082
21405	12	-0.174170108000872
21405	13	-0.150162792409475
21405	14	-0.0825917356950967
21405	15	-0.300702874222225
21405	16	-0.112365278093307
21405	17	-0.0513543780691705
21405	18	-0.102457875191838
21405	19	-0.165404762609278
21405	20	-0.0221206851676641
21405	21	-0.00198897175371116
21405	22	-0.124237544864513
21405	23	-0.152605126880836
21405	24	-0.0350541675419294
21405	25	-0.203331395736029
21405	26	-0.219063838084359
21405	27	-0.136238910067689
21405	28	-0.351696958640652
21405	29	-0.0947115209437825
21405	30	-0.10198364478763
21405	31	-0.0793090488891579
21405	32	-0.0430388698973942
21405	33	0.0746335051412359
21405	34	-0.0502836660384318
21405	35	-0.195653676613297
21405	36	-0.0397379314324695
21405	37	-0.0124447758858537
21405	38	-0.203141885419569
21405	39	-0.208010869371769
21405	40	-0.152877455356027
21405	41	-0.171561440991667
21405	42	-0.1283328312904
21405	43	0.135220335751072
21405	44	0.000214415070608709
21405	45	-0.0962554972934413
21405	46	-0.0867171724299922
21405	47	-0.0267485356343897
21405	48	-0.0972368056156796
21405	49	-0.0908841442873083
21405	50	-0.116715557786463
21405	51	-0.258336832476289
21405	52	-0.096138402768716
21405	53	-0.0856201526327922
21405	54	-0.051626690672002
21405	55	-0.151633984537376
21405	56	-0.154063843359722
21405	57	-0.0822249416195717
21405	58	-0.13071962072577
21405	59	-0.154897448544887
21405	60	-0.0471177791935844
21405	61	-0.108486354928687
21405	62	-0.2044155275726
21405	63	-0.118257102734908
21405	64	0.0708117477784285
21405	65	-0.0889140871132952
21405	66	-0.127706106504611
21405	67	-0.0797099036642379
21405	68	-0.103433523682199
21405	69	-0.0302502458085172
21405	70	-0.122155157275621
21405	71	-0.15016453843652
21405	72	-0.151310501638548
21405	73	-0.190589988388929
21405	74	-0.191803608812769
21406	1	0.0940769325386945
21406	2	0.0285871847051844
21406	3	0.0531520944613
21406	4	-0.0882172790016398
21406	5	-0.172156961795142
21406	6	0.0143905447002695
21406	7	0.0953487589449793
21406	8	0.0603797286110535
21406	9	0.0582880739292477
21406	10	-0.0411006444924169
21406	11	-0.0901442810063955
21406	12	0.0821288799372155
21406	13	-0.0201706727757269
21406	14	-0.0159119134313528
21406	15	-0.105812279083509
21406	16	-0.153144405097699
21406	17	-0.000491875663847452
21406	18	-0.0932637296153871
21406	19	-0.0617767193609495
21406	20	0.0206733557799268
21406	21	-0.0264410596610105
21406	22	-0.0782206232251426
21406	23	-0.164722759860751
21406	24	0.0341469677273949
21406	25	-0.11086708438318
21406	26	0.0211341714555147
21406	27	0.041235195083452
21406	28	-0.00631677463648117
21406	29	-0.136871985641427
21406	30	-0.0105995455738395
21406	31	0.0194563796452698
21406	32	-0.02863392416279
21406	33	-0.100884727462521
21406	34	-0.0662630971132359
21406	35	-0.00807093385030555
21406	36	-0.170957248948852
21406	37	-0.0847395515181475
21406	38	-0.17287852238438
21406	39	-0.135041741144072
21406	40	0.0391056559904754
21406	41	-0.0850502086197622
21406	42	-0.202839819939911
21406	43	-0.0701116344286987
21406	44	-0.28542620491551
21406	45	-0.261182401914979
21406	46	-0.204346031485386
21406	47	-0.224381424450307
21406	48	-0.127954476115598
21406	49	-0.173715125683245
21406	50	-0.135542449721719
21406	51	-0.197449869657653
21406	52	-0.145406513298965
21406	53	-0.128857643297465
21406	54	-0.202911231374017
21406	55	-0.2430604221774
21406	56	-0.159168738464615
21406	57	-0.30865462304925
21406	58	-0.00854544160660708
21406	59	-0.156962776084654
21406	60	-0.148529329922425
21406	61	-0.104519296939202
21406	62	-0.220092874995551
21406	63	-0.261034382704018
21406	64	-0.26250940231904
21406	65	-0.222421801022783
21406	66	-0.193885183343106
21406	67	0.00394686086197282
21406	68	-0.115551505417805
21406	69	-0.211543015169255
21406	70	-0.258084868694681
21406	71	-0.098555340210325
21406	72	-0.0253800928098542
21406	73	-0.104039854618108
21406	74	-0.537244395797252
21407	1	-1.38650669343496
21407	2	-0.107461124778663
21407	3	-0.172866622910867
21407	4	-0.116545520949249
21407	5	-0.162886370310009
21407	6	-0.242620353944318
21407	7	-0.229740671090347
21407	8	-0.12557394927201
21407	9	-0.224344924565912
21407	10	-0.15415537853675
21407	11	-0.176119296374992
21407	12	-0.18727915682819
21407	13	-0.172303255588339
21407	14	-0.156632187849716
21407	15	-0.235453145296887
21407	16	-0.273624318496431
21407	17	-0.131130261947888
21407	18	-0.174837261453249
21407	19	-0.253541394342051
21407	20	-0.221546651698524
21407	21	-0.222502006366582
21407	22	-0.222320365788235
21407	23	-0.29841892882294
21407	24	-0.146150800867424
21407	25	-0.281648275404436
21407	26	-0.235619821502226
21407	27	-0.202585566496559
21407	28	-0.200607861027329
21407	29	-0.268161120965651
21407	30	-0.243095798233277
21407	31	-0.487983408361053
21407	32	-0.213396480446676
21407	33	-0.20983457787878
21407	34	-0.350567384413182
21407	35	-0.0346192812576263
21407	36	-0.574478048366437
21407	37	-0.681185398563073
21407	38	-0.464118276405074
21407	39	-0.405940233897709
21407	40	-0.377522477233256
21407	41	-0.543273841662931
21407	42	-0.395052779796544
21407	43	-0.323398372151551
21407	44	-0.432804488999089
21407	45	-0.39990757658785
21407	46	-0.372067782770138
21407	47	-0.442093937494874
21407	48	-0.492903634541818
21407	49	-0.359324421942645
21407	50	-0.501729988658177
21407	51	-0.507864810736073
21407	52	-0.413421029379016
21407	53	-0.337737823149212
21407	54	-0.328283694613781
21407	55	-0.267756010948823
21407	56	-0.419970792988522
21407	57	-0.560147344077734
21407	58	-0.363958362660163
21407	59	-0.409225653565869
21407	60	-0.474800516363103
21407	61	-0.61380923574638
21407	62	-0.471203632383059
21407	63	-0.415191996691412
21407	64	-0.393866197580415
21407	65	-0.430007627762144
21407	66	-0.506476876383026
21407	67	-0.501133692312571
21407	68	-0.454998196407665
21407	69	-0.437224966470396
21407	70	-0.348445438560475
21407	71	-0.401414062629534
21407	72	-0.571488948891258
21407	73	-0.71279460779774
21407	74	-0.608470275479434
21408	1	-2.21731684237835
21408	2	-0.00808157286357414
21408	3	-0.123166802839574
21408	4	-0.175450384958129
21408	5	0.015952010937351
21408	6	-0.17586748302756
21408	7	-0.0915682794848749
21408	8	-0.114791824951219
21408	9	-0.115976354421221
21408	10	0.0645207392803968
21408	11	-0.026987076897818
21408	12	0.0618760559432232
21408	13	-0.018305976461491
21408	14	-0.122908998679804
21408	15	-0.0435725596107019
21408	16	-0.170025311658399
21408	17	0.0779276125445776
21408	18	-0.0700641749805371
21408	19	0.0121692993322569
21408	20	-0.0884244404853405
21408	21	0.0111481852751041
21408	22	-0.0176995171749752
21408	23	-0.106185408432154
21408	24	-0.0566150985242757
21408	25	0.0128986052646951
21408	26	-0.0642629142733711
21408	27	0.0757705118611227
21408	28	0.0336221077648347
21408	29	-0.0673539450799296
21408	30	0.0021910400218772
21408	31	-0.00835101674321947
21408	32	-0.0722130180645095
21408	33	-0.172813210803817
21408	34	0.134564545793516
21408	35	-0.0201758456886054
21408	36	-0.13248464793967
21408	37	-0.189062006060752
21408	38	-0.231381761235305
21408	39	-0.0173767710957264
21408	40	-0.145618775947703
21408	41	-0.148797559216959
21408	42	-0.181139606683466
21408	43	0.00492610075423983
21408	44	-0.233989914353671
21408	45	-0.208470826303085
21408	46	0.00103370182581841
21408	47	0.108333570089933
21408	48	-0.161756962394982
21408	49	0.0104818070673005
21408	50	-0.0743386772563497
21408	51	-0.0887640638822162
21408	52	-0.0961379333696257
21408	53	-0.321843567087505
21408	54	-0.169064147381832
21408	55	-0.254517961010997
21408	56	-0.110635888807217
21408	57	0.102745401754639
21408	58	0.0895568111588858
21408	59	0.0413080545142677
21408	60	-0.0951149057222338
21408	61	-0.0448164048274151
21408	62	-0.105301141991156
21408	63	-0.104532037319061
21408	64	-0.0474833162086767
21408	65	-0.242445076715192
21408	66	-0.17753253142574
21408	67	-0.23753734841285
21408	68	-0.268464114987431
21408	69	-0.244141221916067
21408	70	-0.0568262471799486
21408	71	-0.130400823265447
21408	72	-0.0534419890649858
21408	73	0.0670181088456445
21408	74	-0.123861787732871
21409	1	-0.986971516461576
21409	2	0.0529125121922753
21409	3	0.0335120623101552
21409	4	-0.0201849012385473
21409	5	0.00441437905018915
21409	6	-0.0640719704705504
21409	7	0.029774954145239
21409	8	-0.0634364095354201
21409	9	0.0282129713790908
21409	10	0.0762535740298276
21409	11	0.0790459595038371
21409	12	-0.0207662926524534
21409	13	0.0292505752322043
21409	14	0.00406161882808931
21409	15	-0.00600500955846428
21409	16	-0.141781633366492
21409	17	0.150525075439596
21409	18	0.0387151637592069
21409	19	-0.0139670646598731
21409	20	0.0599577551351658
21409	21	-0.114942062627833
21409	22	-0.017507758148291
21409	23	0.0274238283105603
21409	24	0.0108198982964396
21409	25	0.0742085839661328
21409	26	-0.112002928480756
21409	27	0.0609401035443256
21409	28	0.0206894093913021
21409	29	0.0575699383268216
21409	30	-0.0106796693111946
21409	31	-0.0916254657060449
21409	32	0.0164884461604586
21409	33	-0.0924733793701762
21409	34	0.0231503597581479
21409	35	0.00488713736803703
21409	36	-0.0269713307374246
21409	37	-0.0892159582324652
21409	38	0.0171721291357514
21409	39	-0.14880580150411
21409	40	-0.143988427944038
21409	41	-0.182477303791465
21409	42	-0.0878332130946973
21409	43	0.0126759607413334
21409	44	0.0263820349493713
21409	45	0.0513219933952058
21409	46	0.00255864611167311
21409	47	0.00661726405081708
21409	48	0.00587793826375815
21409	49	-0.0485163342855941
21409	50	0.0309565268650047
21409	51	-0.0636795614462073
21409	52	0.0105767360752012
21409	53	0.0651536989159638
21409	54	0.0486395972186102
21409	55	0.151543832089232
21409	56	-0.0338954265675113
21409	57	-0.0306738924810688
21409	58	-0.0850930853525469
21409	59	0.00141938756699744
21409	60	-0.0285228503671249
21409	61	0.0895367897738311
21409	62	-0.0616406007256032
21409	63	0.0818544538255708
21409	64	-0.0316089561436144
21409	65	-0.157578701386456
21409	66	0.0845401629182305
21409	67	-0.161451785306625
21409	68	-0.134466895751721
21409	69	0.040671771398749
21409	70	0.11022147794143
21409	71	-0.0199084250404624
21409	72	-0.104896861711715
21409	73	-0.171748048821705
21409	74	-0.0402331934125613
21410	1	-0.330059342523413
21410	2	0.219269606675184
21410	3	-0.0452950015204507
21410	4	0.146839964035767
21410	5	0.254567640551222
21410	6	0.177752691952939
21410	7	0.0643271577407063
21410	8	0.150686276697364
21410	9	0.247129452687602
21410	10	0.0906997944888701
21410	11	0.0802906675687609
21410	12	0.130044950161903
21410	13	0.27365388247096
21410	14	0.100142457449351
21410	15	0.182154215500027
21410	16	0.0797693409272995
21410	17	0.193554325116224
21410	18	0.187313503078563
21410	19	0.188319019195831
21410	20	0.0739247726182128
21410	21	0.059668845739445
21410	22	0.0349200324146537
21410	23	-0.0362222226781768
21410	24	0.0285882824548196
21410	25	0.138712096944417
21410	26	0.124812409866074
21410	27	0.0909610626564046
21410	28	0.0607850253099542
21410	29	0.0932596471781153
21410	30	-0.0933635269432997
21410	31	0.124646733139116
21410	32	0.221570790114569
21410	33	0.108522740144906
21410	34	0.23593750440812
21410	35	0.063895062030781
21410	36	0.0204805151694742
21410	37	-0.0784367278531448
21410	38	0.109800117646351
21410	39	0.00960506062312305
21410	40	0.0162414128095349
21410	41	-0.020671366898668
21410	42	0.00679459589406406
21410	43	0.142441209537481
21410	44	0.0204366940690761
21410	45	-0.239728446961301
21410	46	-0.0747708320770215
21410	47	-0.232582564540948
21410	48	-0.15813930688369
21410	49	-0.0587410731950655
21410	50	-0.0634040035497208
21410	51	-0.0722686715429717
21410	52	0.0152848126661382
21410	53	-0.0482887165469847
21410	54	-0.356598092063763
21410	55	-0.273459611126839
21410	56	-0.22050317009559
21410	57	0.0136549701581998
21410	58	-0.216608928196628
21410	59	-0.300481805422898
21410	60	-0.158490796429
21410	61	-0.3688872609168
21410	62	-0.171987861513557
21410	63	-0.259977134999055
21410	64	-0.164129772689407
21410	65	-0.289873808670478
21410	66	-0.264429100176834
21410	67	-0.350287712518089
21410	68	-0.170890475871381
21410	69	-0.306866858526462
21410	70	-0.175801313981104
21410	71	-0.199627599316905
21410	72	-0.106723681198545
21410	73	-0.0276999951981409
21410	74	-0.220684475238762
21411	1	-1.09524422037462
21411	2	0.126444922049235
21411	3	0.0313683064248984
21411	4	0.0122135229961415
21411	5	0.108883103511442
21411	6	0.14353176711915
21411	7	0.0815895035111893
21411	8	0.242790811958997
21411	9	0.120620250779062
21411	10	0.119304739712078
21411	11	0.177260903370758
21411	12	0.12769779667822
21411	13	0.259413398024805
21411	14	0.182526458081576
21411	15	0.175271800381829
21411	16	0.152236716876878
21411	17	0.339346044880322
21411	18	0.119688119048291
21411	19	0.231720119670989
21411	20	0.125016357045602
21411	21	0.147216880393543
21411	22	0.292041509461747
21411	23	0.306609376962243
21411	24	0.154067147207016
21411	25	0.248076508328502
21411	26	0.140238325364599
21411	27	0.114172790520946
21411	28	0.190741361932858
21411	29	0.255525894992481
21411	30	0.210441706734798
21411	31	0.253680409259594
21411	32	0.206439256660715
21411	33	0.0762923516198768
21411	34	0.243561307863651
21411	35	0.0798396036147153
21411	36	-0.0136615814726255
21411	37	0.0124817923416884
21411	38	0.00429718648552324
21411	39	-0.0488006088022885
21411	40	-0.104649439166849
21411	41	-0.0988327370008264
21411	42	0.0113118972863688
21411	43	-0.0272254229901705
21411	44	-0.095060082489276
21411	45	0.0201013992514234
21411	46	-0.0679874619420886
21411	47	-0.0572723938335145
21411	48	-0.0660827743615826
21411	49	0.113472850778741
21411	50	0.0525212717535695
21411	51	-0.00103140513266453
21411	52	-0.130841570045497
21411	53	0.0425168838147627
21411	54	-0.0806287597472846
21411	55	-0.127442515493925
21411	56	-0.275398246661339
21411	57	-0.206246048017725
21411	58	-0.0758880234587451
21411	59	-0.0573819650340468
21411	60	-0.0877566459244008
21411	61	-0.0594882336756015
21411	62	0.0174694773590431
21411	63	-0.157052310696557
21411	64	-0.0746780362934558
21411	65	-0.0645965024328845
21411	66	-0.00904117935766635
21411	67	-0.0281131376539534
21411	68	-0.0157971658793272
21411	69	-0.130181250526995
21411	70	-0.121892424910598
21411	71	-0.123094883181047
21411	72	-0.0407268107442889
21411	73	-0.0216065106772589
21411	74	-0.049710250803308
21412	1	-1.02069516307819
21412	2	0.33059084001232
21412	3	0.228075494274989
21412	4	0.257611370501781
21412	5	0.297066657585074
21412	6	0.381942664429886
21412	7	0.223607626520433
21412	8	0.294742185275169
21412	9	0.209145104045369
21412	10	0.136681048373177
21412	11	0.270645550056742
21412	12	0.167889781028315
21412	13	0.161432759479695
21412	14	0.222357492392206
21412	15	0.219888700489186
21412	16	0.223029998182859
21412	17	0.174132182376859
21412	18	0.225163407318632
21412	19	0.157696769915617
21412	20	0.19713038376949
21412	21	0.230505825560101
21412	22	0.113643571600129
21412	23	0.20519426324956
21412	24	0.260082517833986
21412	25	0.224305618246241
21412	26	0.216552957536763
21412	27	0.191507718668987
21412	28	0.267955604816059
21412	29	0.260796397428614
21412	30	0.161875365539231
21412	31	0.0665236277270935
21412	32	0.171284144502408
21412	33	0.179549337306355
21412	34	0.18296514161117
21412	35	0.286601580047595
21412	36	-0.148817989356303
21412	37	-0.0213525142198918
21412	38	-0.0240274782027754
21412	39	-0.0742321796884013
21412	40	-0.0835415544225953
21412	41	-0.0733213933076655
21412	42	-0.0545432140232904
21412	43	-0.194347948274405
21412	44	-0.0106145911688103
21412	45	-0.0876593861377515
21412	46	-0.129024955849864
21412	47	-0.0298067307490726
21412	48	-0.0940661251634509
21412	49	-0.0515165686443595
21412	50	-0.365588450119191
21412	51	-0.174791251843331
21412	52	-0.168766486658939
21412	53	-0.223547044805052
21412	54	0.0445646261018382
21412	55	-0.00490282220162186
21412	56	-0.161526078094681
21412	57	-0.0781609828312
21412	58	-0.0653958586710104
21412	59	-0.142145427871512
21412	60	0.0789608069925478
21412	61	0.0389476305570113
21412	62	-0.131583152315329
21412	63	-0.0873951035269158
21412	64	-0.157333082382081
21412	65	-0.0609604068848881
21412	66	0.0262042612665709
21412	67	-0.125444920667924
21412	68	-0.101996713745294
21412	69	-0.183465359317125
21412	70	0.0228431180344373
21412	71	-0.13454732375628
21412	72	-0.147407042828426
21412	73	-0.0552894139906286
21412	74	0.0942442604224922
21501	1	0.177831032704141
21501	2	0.0503581862204676
21501	3	-0.0516226078711526
21501	4	0.0186271026275371
21501	5	-0.0131620048105852
21501	6	0.0228444534906842
21501	7	0.105406106777508
21501	8	0.109535174321131
21501	9	-0.0296718901494373
21501	10	0.126668234195549
21501	11	0.0756179086243165
21501	12	0.188704709429381
21501	13	0.102336344379125
21501	14	-0.0861998814660581
21501	15	0.0911241737477013
21501	16	0.1145019660107
21501	17	-0.039410845047918
21501	18	-0.0189549314958697
21501	19	-0.0873068883814767
21501	20	0.15907612858777
21501	21	0.0350111212565167
21501	22	-0.0251916995975776
21501	23	0.0752244970619529
21501	24	0.0989395997815805
21501	25	0.0232617725562818
21501	26	0.0137084939624472
21501	27	0.0332465423251591
21501	28	0.0469999637682861
21501	29	0.11071396264218
21501	30	0.0498952680657467
21501	31	0.0539740466499055
21501	32	0.0237400696981922
21501	33	-0.0260814278425556
21501	34	-0.0518539392322737
21501	35	0.0156022885349074
21501	36	0.0369601454976518
21501	37	0.0152276540087115
21501	38	-0.00716542663683839
21501	39	0.11789494378538
21501	40	-0.110095284861657
21501	41	0.038040650909906
21501	42	0.013767200571543
21501	43	0.000719511424271957
21501	44	-0.11835675180977
21501	45	-0.020930346166864
21501	46	0.0135026480499505
21501	47	-0.0910680080652355
21501	48	-0.0472756185767906
21501	49	-0.0758112279642376
21501	50	-0.049426378189473
21501	51	0.0973131543245245
21501	52	0.201700156466316
21501	53	0.110364113781436
21501	54	0.114962482213983
21501	55	0.017218769330519
21501	56	0.0447821121970122
21501	57	0.0592447628467312
21501	58	0.144204597444762
21501	59	-0.0249027526142314
21501	60	0.071204784659237
21501	61	-0.0534793975357033
21501	62	0.00363521679908985
21501	63	0.0306391949916076
21501	64	0.0492875571072346
21501	65	0.0306515032463821
21501	66	-0.0517631446586719
21501	67	0.0171746029734265
21501	68	-0.0164013238341738
21501	69	-0.0480939681436112
21501	70	-0.0562143527324395
21501	71	0.0281127952173819
21501	72	0.0128710687541869
21501	73	0.013202045996664
21501	74	-0.281844035126625
21502	1	-1.24277773968578
21502	2	-0.184680418786193
21502	3	-0.190020106438887
21502	4	-0.153210958719683
21502	5	-0.209997145485406
21502	6	-0.36941494926991
21502	7	-0.185037185794734
21502	8	-0.253075861355988
21502	9	-0.369648717253924
21502	10	-0.136044309885214
21502	11	-0.25514630235169
21502	12	-0.262237618452119
21502	13	-0.173062477781194
21502	14	-0.311899018256987
21502	15	-0.244678564706824
21502	16	-0.260916184718454
21502	17	-0.11797265516438
21502	18	-0.291029400220879
21502	19	-0.311839894920311
21502	20	-0.186528439905274
21502	21	-0.287397827951054
21502	22	-0.290939069588894
21502	23	-0.241906255760405
21502	24	-0.250440322086085
21502	25	-0.294669525208739
21502	26	-0.234297495487837
21502	27	-0.227153390626363
21502	28	-0.331296486217909
21502	29	-0.231152546187879
21502	30	-0.368611555881472
21502	31	-0.243613464581657
21502	32	-0.17921324472362
21502	33	-0.332339259187833
21502	34	-0.354744509323467
21502	35	-0.294767074266609
21502	36	-0.0434987747713507
21502	37	-0.0554980015996449
21502	38	0.0435434997703013
21502	39	0.142132894631217
21502	40	0.0393699163909673
21502	41	-0.0846749872661547
21502	42	0.145940305953239
21502	43	-0.0393265419418114
21502	44	0.0325045856916262
21502	45	-0.00367708056453608
21502	46	0.042884137387901
21502	47	-0.0261944692470308
21502	48	0.113008320252966
21502	49	0.0498918361083724
21502	50	0.0643379588463091
21502	51	0.00621944730208668
21502	52	-0.0122942887359656
21502	53	-0.0537921647345811
21502	54	-0.112916925162097
21502	55	-0.0420049726288028
21502	56	-0.0800832145845689
21502	57	-0.00530301538258016
21502	58	-0.126655972826505
21502	59	0.104177417226438
21502	60	0.0555698540072669
21502	61	0.0651558990198993
21502	62	-0.00364481688620089
21502	63	0.0063479779139044
21502	64	-0.017624396345326
21502	65	-0.130471355633183
21502	66	-0.00311674445146082
21502	67	-0.00697069707489817
21502	68	-0.00859719758717858
21502	69	0.02740393363392
21502	70	-0.0743908584945601
21502	71	-0.0626289816900183
21502	72	-0.0379235412278334
21502	73	-0.074571914785956
21502	74	-0.0762701649211124
21503	1	-0.871143778314313
21503	2	-0.0329167651528977
21503	3	0.0641716466029081
21503	4	0.0614329674141239
21503	5	0.128864298699558
21503	6	0.112137488758854
21503	7	0.0253540513310995
21503	8	0.00383863894087
21503	9	0.141224568264562
21503	10	0.0990335624309751
21503	11	0.0913048126353715
21503	12	0.105885918122546
21503	13	-0.0493157702476665
21503	14	0.0224323820592147
21503	15	0.150655510634152
21503	16	0.0832537442674166
21503	17	0.116500219222353
21503	18	0.155809293168325
21503	19	0.00563238370509822
21503	20	0.0972166153014271
21503	21	0.146902937609944
21503	22	0.0444707048992825
21503	23	0.127558641787637
21503	24	0.135792357346602
21503	25	0.037705253305063
21503	26	0.065335041393169
21503	27	0.0202861442179838
21503	28	0.0760823846270924
21503	29	0.173161309701513
21503	30	0.145525844844222
21503	31	0.142905806321437
21503	32	0.153839911451541
21503	33	0.0269284213506822
21503	34	0.119394266630763
21503	35	0.0298017428367174
21503	36	0.0416462149519248
21503	37	0.0596889639143399
21503	38	0.00747816428579284
21503	39	0.0613713338569681
21503	40	0.0674292252976016
21503	41	0.0719449693098753
21503	42	0.238563540781662
21503	43	0.148809048551257
21503	44	0.0153844059884705
21503	45	0.0981072391766347
21503	46	-0.00430188627215955
21503	47	-0.00441703046320185
21503	48	0.099299730638954
21503	49	0.191321196574577
21503	50	0.0976409831148572
21503	51	-0.00350588142846675
21503	52	0.11446286260815
21503	53	0.00666485307408493
21503	54	0.110528536405376
21503	55	0.0656913920461122
21503	56	0.0223116679214499
21503	57	0.0868533595342029
21503	58	0.140812830051964
21503	59	0.145451942840587
21503	60	0.069664093437261
21503	61	0.0384330723348469
21503	62	0.127025687045546
21503	63	0.105175857087431
21503	64	0.166221964809075
21503	65	0.0798365822741758
21503	66	0.121157859681944
21503	67	0.140612969037882
21503	68	0.0811992405047732
21503	69	0.23395353552889
21503	70	0.155231347530709
21503	71	0.0417807118282454
21503	72	0.0113119674137536
21503	73	-0.0260195841287967
21503	74	-0.22781567196693
21504	1	-1.29475410789212
21504	2	-0.168881156411395
21504	3	-0.128029276231619
21504	4	0.0282816271366073
21504	5	-0.0635307049059186
21504	6	-0.0606993833572886
21504	7	-0.103179260744533
21504	8	-0.0571157486913165
21504	9	-0.102201955100156
21504	10	-0.0185160805646163
21504	11	-0.0510939423299703
21504	12	0.0416980666930726
21504	13	-0.119827789187866
21504	14	-0.00714787203289546
21504	15	-0.0260971038552711
21504	16	-0.150393973863743
21504	17	-0.0634756991313878
21504	18	-0.0122443346050787
21504	19	-0.154581422966487
21504	20	-0.112801443328159
21504	21	-0.159463589005959
21504	22	-0.0106904368479306
21504	23	-0.00399607804830282
21504	24	0.0119305303509805
21504	25	-0.0753586490261995
21504	26	-0.166005590419196
21504	27	-0.105615745216937
21504	28	0.0111166470472241
21504	29	-0.0342435620645034
21504	30	-0.000192082070952893
21504	31	-0.130989053481912
21504	32	-0.105682811368816
21504	33	-0.0951892838174402
21504	34	-0.115581537098087
21504	35	-0.0872049950224252
21504	36	0.0296422085674592
21504	37	0.0365850383770479
21504	38	0.00163520471127043
21504	39	-0.00897138620543814
21504	40	0.173807631718425
21504	41	0.0554328337138301
21504	42	-0.10488831160314
21504	43	0.0832631976016387
21504	44	-0.11147843971839
21504	45	0.00250782460861387
21504	46	-0.0281631623699852
21504	47	0.0879333502001245
21504	48	-0.110116219542526
21504	49	-0.072645767793972
21504	50	-0.0715511321084605
21504	51	-0.123012743145757
21504	52	0.0540698588928095
21504	53	-0.0104280963431123
21504	54	0.0471868950426497
21504	55	-0.00334170805570722
21504	56	-0.0848163681771936
21504	57	0.0479283441888114
21504	58	0.0553307355373533
21504	59	0.133467367871376
21504	60	-0.0117684028455542
21504	61	0.0469406826867811
21504	62	0.168991164335935
21504	63	0.193642220063602
21504	64	0.0457323263995733
21504	65	0.0475020889042952
21504	66	0.117914876071673
21504	67	0.219658749894272
21504	68	0.13065253689544
21504	69	0.126249144951188
21504	70	0.189288752416417
21504	71	0.0343365060757677
21504	72	0.0243902853542224
21504	73	0.0577651514643449
21504	74	-0.486364432039522
21505	1	-0.234973876335918
21505	2	0.143128689319862
21505	3	0.0818671926893728
21505	4	0.0561296612708091
21505	5	-0.00441831879228971
21505	6	0.179407592196782
21505	7	0.174974402208669
21505	8	0.184713737764788
21505	9	0.105761507220564
21505	10	0.19661188988507
21505	11	0.115102252782592
21505	12	0.148072204480819
21505	13	0.221206952990443
21505	14	0.168575303707506
21505	15	0.0873551568138566
21505	16	0.193552169855067
21505	17	0.14919247873037
21505	18	0.137992732757922
21505	19	0.149079671304968
21505	20	0.119759398129766
21505	21	0.139632482324203
21505	22	0.212151244143378
21505	23	0.183156193993057
21505	24	0.0399223576504681
21505	25	0.257486990377721
21505	26	0.251278348048267
21505	27	0.149852769000539
21505	28	0.102150842483461
21505	29	0.223109572079757
21505	30	0.218128041973884
21505	31	0.217018016986586
21505	32	0.200462678883866
21505	33	0.199088622991468
21505	34	0.102020714604471
21505	35	0.199503541152218
21505	36	0.125533706658835
21505	37	0.121206329257717
21505	38	0.0836742977775273
21505	39	0.0546153589753828
21505	40	0.116427882974307
21505	41	0.0802399872846635
21505	42	0.105436313219293
21505	43	0.0750357553375594
21505	44	0.286047628474648
21505	45	0.0996307433105628
21505	46	0.15562222379058
21505	47	0.142804183439537
21505	48	-0.144000227549093
21505	49	-0.0829230530414051
21505	50	0.136415851511934
21505	51	0.106317605092208
21505	52	-0.00267488157075491
21505	53	0.021344824322334
21505	54	-0.00635960809235314
21505	55	0.14792524614667
21505	56	0.0929004893786711
21505	57	0.117419021723023
21505	58	0.150751571704326
21505	59	0.212147990539478
21505	60	0.015873256000809
21505	61	0.0784731497463085
21505	62	0.098368070152631
21505	63	0.160657131078509
21505	64	0.209853967147993
21505	65	0.22709118367321
21505	66	0.130052853739386
21505	67	0.118485652232579
21505	68	0.175902979940986
21505	69	0.230898433085422
21505	70	0.0996003731641935
21505	71	0.204497096183793
21505	72	0.191008115428225
21505	73	0.133509232322062
21505	74	-0.210542961453314
21506	1	0.12169066417475
21506	2	0.127203059682362
21506	3	0.0465452964138358
21506	4	0.124242743922224
21506	5	0.0964091292700253
21506	6	0.107319127309715
21506	7	0.0870790309936069
21506	8	0.24023639830623
21506	9	0.215184276406845
21506	10	0.294350888670998
21506	11	0.147693239067927
21506	12	0.128764261412137
21506	13	0.0390921060586109
21506	14	0.0831382033716537
21506	15	0.126699678164471
21506	16	0.16951460234916
21506	17	0.213371807619133
21506	18	0.0274177860327782
21506	19	0.263042682763484
21506	20	0.272318850846801
21506	21	0.0882828023293953
21506	22	0.170959870110728
21506	23	0.239186886228005
21506	24	0.168373584006112
21506	25	0.164368889030463
21506	26	0.124831313570304
21506	27	0.239907069509364
21506	28	0.248044672897272
21506	29	0.174759470048919
21506	30	0.187680374304939
21506	31	0.169331368744167
21506	32	0.206049658154811
21506	33	0.140813690480265
21506	34	0.0492366324561573
21506	35	0.180192585496677
21506	36	0.0640565819598251
21506	37	-0.0416257474801398
21506	38	0.155260766020533
21506	39	-0.0212108607225616
21506	40	-0.00612126936918855
21506	41	-0.139526498184566
21506	42	-0.0265317775283549
21506	43	-0.0722720421329015
21506	44	-0.0214872999114135
21506	45	0.0681419516843107
21506	46	0.0723606236540704
21506	47	0.18747748724406
21506	48	0.0755784399508528
21506	49	0.0531505519225703
21506	50	0.00267046913256763
21506	51	-0.105605979463405
21506	52	-0.0495612738430253
21506	53	0.000771457171161671
21506	54	-0.245092576598843
21506	55	0.0585884607358906
21506	56	-0.0289009809339333
21506	57	0.0824419886723575
21506	58	-0.0303404894571671
21506	59	0.0806263000504615
21506	60	-0.170371785436423
21506	61	-0.0367007097109706
21506	62	0.0143007014899652
21506	63	-0.00571955691011539
21506	64	0.156641371589195
21506	65	0.0555178066673037
21506	66	0.0605726867830469
21506	67	0.114678180783983
21506	68	0.124761011658116
21506	69	0.0866241953014466
21506	70	0.0468939194615672
21506	71	-0.130032671674485
21506	72	0.0248347441148553
21506	73	-0.020929890867059
21506	74	0.126245881725808
21507	1	-0.283135899319351
21507	2	0.209775400019449
21507	3	0.125557510692307
21507	4	0.170574157993759
21507	5	0.213485158142884
21507	6	0.214733980420924
21507	7	0.241154662458271
21507	8	0.280045393498938
21507	9	0.26233499736778
21507	10	0.18407316097742
21507	11	0.307790094406847
21507	12	0.168355092482415
21507	13	0.167207133621694
21507	14	0.15755652725165
21507	15	0.164890578655417
21507	16	0.194500483900335
21507	17	0.28235826847019
21507	18	0.220256204522933
21507	19	0.116861600717094
21507	20	0.129215497976659
21507	21	0.0760489314491934
21507	22	0.263162806165603
21507	23	0.189859289763852
21507	24	0.152756315892198
21507	25	0.0348454584949494
21507	26	0.180468195274251
21507	27	0.169967464434087
21507	28	0.145497474386723
21507	29	0.124930810961338
21507	30	0.088572173107849
21507	31	0.327054894964768
21507	32	0.120619341337608
21507	33	0.2442377816771
21507	34	0.224725575586007
21507	35	0.221697118359366
21507	36	0.1280519699148
21507	37	0.0560755043120977
21507	38	-0.00315455053748082
21507	39	0.039208817059837
21507	40	0.116644792204333
21507	41	-0.118528385728737
21507	42	0.0072069859233892
21507	43	0.0877307989802958
21507	44	0.146960849031267
21507	45	0.151621250137019
21507	46	0.179510228418458
21507	47	0.0450875831481738
21507	48	0.190792833082604
21507	49	0.13211858896441
21507	50	0.0342144595810794
21507	51	0.0511199337452766
21507	52	0.149083673933156
21507	53	0.0623746209545999
21507	54	0.0121994848258069
21507	55	0.192352401156214
21507	56	0.0984293546780322
21507	57	0.018636426568527
21507	58	0.0765630863734543
21507	59	-0.00274214550810115
21507	60	-0.0915406044688325
21507	61	-0.0168009797740467
21507	62	0.0725386460866204
21507	63	0.181508885740698
21507	64	0.120556732331409
21507	65	0.00411036915907204
21507	66	0.110983441077295
21507	67	0.131893240383832
21507	68	0.0788752226332008
21507	69	-0.119776195798273
21507	70	-0.0117725810541955
21507	71	-0.136257426714252
21507	72	-0.0372882278634208
21507	73	0.0422646923275209
21507	74	-0.0129721401571103
21508	1	-0.13063265188687
21508	2	-0.118389484437181
21508	3	-0.0381966087543475
21508	4	-0.0511735771557511
21508	5	0.057419876994377
21508	6	-0.110444379786756
21508	7	-0.0614221245045883
21508	8	-0.0297143243383502
21508	9	-0.0848909038195913
21508	10	-0.018739238845356
21508	11	-0.127222278847832
21508	12	-0.144587228503113
21508	13	-0.125468265516197
21508	14	0.00958417397872324
21508	15	-0.0117522483170873
21508	16	-0.0117776999556511
21508	17	0.00206407853058721
21508	18	-0.0242828191552888
21508	19	-0.115433429219742
21508	20	0.00570766635474484
21508	21	-0.0135627050579146
21508	22	-0.0173803602262339
21508	23	-0.000388151466175657
21508	24	-0.0404923654473706
21508	25	-0.0577375886745557
21508	26	-0.104290866315203
21508	27	-0.0308372147323155
21508	28	-0.0575702655036778
21508	29	-0.020595925371012
21508	30	-0.0640925510652224
21508	31	-0.0110348431485932
21508	32	0.0554519424574451
21508	33	-0.0754813919756216
21508	34	-0.0418693413171027
21508	35	-0.158978729413406
21508	36	0.0870972816365381
21508	37	0.035542550432389
21508	38	-0.0317851329051777
21508	39	0.0159525629868114
21508	40	0.0637073362258533
21508	41	-0.0180072871634067
21508	42	0.112239955175504
21508	43	0.0950983951662252
21508	44	0.185580091484773
21508	45	0.161888610763974
21508	46	0.106583325910691
21508	47	0.041985402783645
21508	48	-0.0424373595698739
21508	49	0.112001215546648
21508	50	0.0974359276140717
21508	51	-0.00123709064871491
21508	52	0.04619533055007
21508	53	0.144197672173576
21508	54	0.0116476430349337
21508	55	0.0920674945253168
21508	56	0.0365080519365861
21508	57	0.065164851439512
21508	58	0.106117796599456
21508	59	0.0703236197141024
21508	60	-0.0814071229697078
21508	61	0.121766064785525
21508	62	0.104498781546503
21508	63	0.074832569675003
21508	64	0.133184484338706
21508	65	-0.00755071954166908
21508	66	0.0551343844735186
21508	67	-0.00333522481648885
21508	68	0.160843974902171
21508	69	-0.0848546735569826
21508	70	0.183889027183717
21508	71	0.0475711960778611
21508	72	0.0138963674522756
21508	73	0.105128272365825
21508	74	-0.0785259857858378
21509	1	0.151530130033098
21509	2	0.177050320646305
21509	3	0.181345001336386
21509	4	0.17149387016487
21509	5	0.0272586617513326
21509	6	0.098702828247859
21509	7	0.246116608870942
21509	8	0.286096173256063
21509	9	0.110984515835604
21509	10	0.165214429825561
21509	11	0.376252409763048
21509	12	0.2211351904933
21509	13	0.239838457933111
21509	14	0.126840787390186
21509	15	0.141117540858026
21509	16	0.320080498065224
21509	17	0.203236025886376
21509	18	0.261860277828887
21509	19	0.19176745924392
21509	20	0.179442633799752
21509	21	0.279876204474817
21509	22	0.223449237618858
21509	23	0.307023739064022
21509	24	0.214271959203735
21509	25	0.189779244511939
21509	26	0.144397216255868
21509	27	0.253204988902397
21509	28	0.0351431297987546
21509	29	0.155884484993109
21509	30	0.2467565792358
21509	31	0.130702036737539
21509	32	0.217184355327824
21509	33	0.32070357791229
21509	34	0.203560021043238
21509	35	0.262359512268254
21509	36	0.153826212498849
21509	37	0.156135933399391
21509	38	0.143758808884833
21509	39	0.131732871805383
21509	40	-0.0475153223146307
21509	41	0.239057959198469
21509	42	0.116076865923738
21509	43	0.0944472392220845
21509	44	-0.0428066415426755
21509	45	0.0159443694140506
21509	46	0.0495099291785266
21509	47	0.191984465068103
21509	48	0.0679623225792838
21509	49	0.0144529596628331
21509	50	0.163370902216784
21509	51	0.0039079257422614
21509	52	0.06474424907897
21509	53	-0.11804301249397
21509	54	0.0916630362291997
21509	55	0.0419927267539038
21509	56	0.0472638144896749
21509	57	-0.124115418292654
21509	58	0.0697127970979565
21509	59	0.131663304600799
21509	60	0.145132544254224
21509	61	0.109470978237951
21509	62	0.0869784181379814
21509	63	0.107633321554701
21509	64	0.142609465618492
21509	65	0.112605246454983
21509	66	0.0272157567883866
21509	67	-0.0121940038183581
21509	68	-0.105554725210915
21509	69	-0.0204406503711496
21509	70	0.11169002713072
21509	71	-0.026884151920811
21509	72	0.037130828015961
21509	73	0.0807900935185017
21509	74	-0.211093314960237
21510	1	0.0347435037711641
21510	2	0.0652912909779673
21510	3	0.105241896422971
21510	4	0.0703317006493265
21510	5	0.0853605150084249
21510	6	0.151834342117347
21510	7	0.206463993168619
21510	8	0.0968008149252881
21510	9	0.152444803617215
21510	10	0.163353087738727
21510	11	0.140891490689697
21510	12	0.117126303071174
21510	13	0.181857051762357
21510	14	0.106566079733064
21510	15	0.154822984404078
21510	16	0.0594542504789999
21510	17	0.00865810393388244
21510	18	0.152650642503481
21510	19	0.0958602595158879
21510	20	0.197893802922913
21510	21	0.229335337730411
21510	22	0.0604154831852171
21510	23	0.102827296350753
21510	24	0.145094216831914
21510	25	0.278637599290278
21510	26	0.0805736435055451
21510	27	0.207968346939573
21510	28	0.184142384213359
21510	29	0.132235465319262
21510	30	0.107053549598369
21510	31	0.041459575786952
21510	32	0.254010672560888
21510	33	0.166137681352744
21510	34	0.180523170581402
21510	35	0.159671127782389
21510	36	0.046679407030382
21510	37	0.0390359457586626
21510	38	-0.137546432240022
21510	39	0.0067036744436848
21510	40	-0.0166153008843324
21510	41	0.033743529125303
21510	42	0.0440808492375879
21510	43	0.0409294594419478
21510	44	0.0837147545240029
21510	45	0.00721508897780154
21510	46	0.0315274640209964
21510	47	-0.00417692580916196
21510	48	0.061427343283782
21510	49	-0.0161669446792203
21510	50	0.0502414803062337
21510	51	-0.0400888605443797
21510	52	0.0807811613590701
21510	53	0.0158292497635628
21510	54	-0.104300790552408
21510	55	-0.0736536100840226
21510	56	0.0530517822091952
21510	57	-0.0401650857666098
21510	58	-0.046179076062522
21510	59	-0.0669802742073244
21510	60	0.0409203425326012
21510	61	0.0863781137915609
21510	62	-0.0283027274042382
21510	63	0.0346258964903114
21510	64	0.106048022143028
21510	65	0.147171066193067
21510	66	0.0687407375442675
21510	67	0.0656671182591069
21510	68	-0.0627144370142503
21510	69	0.0225528862074356
21510	70	-0.0189051826999957
21510	71	-0.0388019384912468
21510	72	0.181268362779576
21510	73	0.155433441589757
21510	74	-0.299984036947322
21511	1	-0.216192695536218
21511	2	0.0920682733910496
21511	3	0.16124534754416
21511	4	0.239660032175934
21511	5	0.132324303896979
21511	6	0.0993601357127005
21511	7	0.177590505956644
21511	8	0.219005403912838
21511	9	-0.0898021488523142
21511	10	0.156555912959284
21511	11	0.204857411723346
21511	12	-0.0342810894676262
21511	13	0.00838261326809686
21511	14	0.108703642153479
21511	15	0.133168938203987
21511	16	0.249278461131965
21511	17	0.207363163658464
21511	18	0.261824283738562
21511	19	0.119691785268422
21511	20	0.150605829897771
21511	21	0.120549748043175
21511	22	0.0923355029384965
21511	23	0.109559605790643
21511	24	0.205321613328216
21511	25	0.147487295891565
21511	26	0.133340385463526
21511	27	0.259308479110899
21511	28	0.184236189473637
21511	29	0.146878209838782
21511	30	0.16102806992275
21511	31	0.164253512716741
21511	32	0.123016616221847
21511	33	0.0954475768667962
21511	34	0.0941684429958727
21511	35	0.181416555702597
21511	36	-0.0346440059033242
21511	37	0.0284636048752276
21511	38	0.00570069459658384
21511	39	0.0630003799630572
21511	40	0.0693599826386659
21511	41	-0.0487664855164098
21511	42	-0.185634256156533
21511	43	0.0855587833205362
21511	44	0.0115277553750843
21511	45	-0.175535956644381
21511	46	-0.0719589977769033
21511	47	0.120346471566229
21511	48	-0.122172297769431
21511	49	-0.028420752071419
21511	50	-0.0617573288031394
21511	51	0.153204248248763
21511	52	0.0282571361983344
21511	53	0.0743922019129002
21511	54	-0.0539152427001142
21511	55	0.0372097524332631
21511	56	0.164021445584467
21511	57	0.087513380726115
21511	58	0.126366936207411
21511	59	0.0352147952258406
21511	60	0.0359439195540077
21511	61	0.0616025818390824
21511	62	0.148931030050974
21511	63	0.0927615196440783
21511	64	0.042602228335447
21511	65	0.081824910009999
21511	66	0.0342821723345068
21511	67	-0.0443345421433108
21511	68	0.10435548460616
21511	69	0.145591249623195
21511	70	-0.028487781486497
21511	71	0.113612539972998
21511	72	0.0970482843314429
21511	73	0.0738598719881622
21511	74	-0.343523856979715
21512	1	0.0344937949289665
21512	2	0.0740133704503414
21512	3	0.0475258593632013
21512	4	0.0398133551700361
21512	5	0.00928878022222435
21512	6	0.0573566971491886
21512	7	0.188513784705719
21512	8	0.106161309903705
21512	9	0.0926053616657256
21512	10	-0.0271009966249594
21512	11	-0.0247026911619557
21512	12	0.141079674512739
21512	13	0.0547861094126176
21512	14	0.0455636306916034
21512	15	-0.126069281456665
21512	16	0.0142849661553655
21512	17	0.179148609245779
21512	18	-0.0196802643456451
21512	19	0.0306939662846233
21512	20	0.0267739501225535
21512	21	-0.00637018448927762
21512	22	0.0397754570909825
21512	23	0.0168656026345531
21512	24	0.0535784300223625
21512	25	0.0364474970991324
21512	26	0.0316602153279675
21512	27	0.0689251852060693
21512	28	-0.0521129034897996
21512	29	0.0334349474948539
21512	30	0.1551469312313
21512	31	0.0146067395614438
21512	32	0.139148259426065
21512	33	-0.0466924807685203
21512	34	-0.030827686583109
21512	35	-0.0833900454702032
21512	36	-0.0213609660417617
21512	37	0.0800862612595452
21512	38	-0.0386198308933672
21512	39	0.126510087121325
21512	40	0.183750449561387
21512	41	0.141610634963882
21512	42	0.0610688115088038
21512	43	0.0249544346378059
21512	44	-0.001397922571023
21512	45	0.0775766028188443
21512	46	0.0355189896963708
21512	47	-0.0243024012422168
21512	48	0.137012051190176
21512	49	-0.116481066960986
21512	50	-0.0488562618736239
21512	51	0.0176535296525486
21512	52	-0.0395109490092409
21512	53	-0.0988885248247016
21512	54	-0.074561989375141
21512	55	0.0801552376647621
21512	56	-0.0259850947990472
21512	57	0.0598830518397762
21512	58	0.0447520142053293
21512	59	-0.0909146679167989
21512	60	-0.100668254762809
21512	61	0.109301283166936
21512	62	0.00867604371472197
21512	63	0.180701301489904
21512	64	0.0878078569944662
21512	65	-0.020245911814861
21512	66	-0.0264799020312125
21512	67	-0.0231152375613419
21512	68	-0.00537889932510893
21512	69	-0.0221232656265897
21512	70	0.0146565409080068
21512	71	-0.196324167537391
21512	72	-0.0740821562974716
21512	73	0.13562206800119
21512	74	-0.0568398406968242
21601	1	-0.8572947846585
21601	2	0.143388737793384
21601	3	0.142653523375031
21601	4	0.0754081847301578
21601	5	0.00998824512282326
21601	6	0.0610913088484537
21601	7	0.022908323162433
21601	8	0.146119627862717
21601	9	0.0394075265650145
21601	10	0.156827207590787
21601	11	0.145271217455495
21601	12	0.104745273119647
21601	13	0.0890108861628462
21601	14	0.0557707720590557
21601	15	0.0898180224386635
21601	16	0.140237068269073
21601	17	0.122334878965631
21601	18	0.0909178831516044
21601	19	0.173169395319412
21601	20	0.0613013519079715
21601	21	0.020238942098409
21601	22	0.165331886086399
21601	23	0.087340483298199
21601	24	0.100102617419452
21601	25	-0.0904132093370791
21601	26	-0.0791241741788866
21601	27	0.112471104726765
21601	28	-0.0338207879293293
21601	29	0.0262531814189018
21601	30	0.117584674334005
21601	31	0.125060502102151
21601	32	0.168284414440095
21601	33	-0.00927460882777353
21601	34	0.112805738971858
21601	35	0.150894527070108
21601	36	-0.0538875489489001
21601	37	-0.0619129700925285
21601	38	-0.0808960664019338
21601	39	-0.0104782375575923
21601	40	-0.0712314791150988
21601	41	-0.0111304735895672
21601	42	-0.0864223687586261
21601	43	-0.0815235459084676
21601	44	-0.132777336692165
21601	45	-0.136780798671339
21601	46	-0.233541222007204
21601	47	-0.14627495034474
21601	48	0.0333699406203394
21601	49	0.0665913444416972
21601	50	-0.217593374537522
21601	51	-0.118119193938227
21601	52	0.0371656020856506
21601	53	-0.126852295703884
21601	54	-0.0988018113822449
21601	55	-0.111254580959795
21601	56	0.0908970780717908
21601	57	0.0269665205130707
21601	58	-0.0877560483504283
21601	59	-0.11298307660072
21601	60	-0.16384499741747
21601	61	-0.0160301651295356
21601	62	-0.131513342746089
21601	63	0.0507569230150722
21601	64	-0.0591902288586894
21601	65	0.0715123299433813
21601	66	-0.0639442747426173
21601	67	-0.0016847295432072
21601	68	-0.0774327488888105
21601	69	0.0173823993901649
21601	70	0.0660453533035934
21601	71	0.0289558627805206
21601	72	0.00285903134317778
21601	73	-0.133721350925406
21601	74	0.306102588842172
21602	1	0.52495029495898
21602	2	0.222913934151894
21602	3	0.180281394061133
21602	4	0.128073438224611
21602	5	0.195948889470095
21602	6	0.147757263579201
21602	7	0.238456077601334
21602	8	0.0280017436210258
21602	9	0.153520462646334
21602	10	0.211630429327137
21602	11	0.221803505189541
21602	12	0.149516371319883
21602	13	0.141119348159052
21602	14	0.254433608263589
21602	15	0.2096896147142
21602	16	0.0406176864928227
21602	17	0.151975384250825
21602	18	0.0490014216294838
21602	19	0.137536282645058
21602	20	0.109341902625381
21602	21	0.168113998580033
21602	22	0.129282723002049
21602	23	0.210806220250632
21602	24	0.124664715103641
21602	25	0.172086204241722
21602	26	0.0765978152581184
21602	27	0.240415556441462
21602	28	0.126864794010373
21602	29	0.0881635194691199
21602	30	0.16175978340835
21602	31	0.21720301356514
21602	32	0.15073838346224
21602	33	0.230305303715227
21602	34	0.0874059848983961
21602	35	0.067911297481885
21602	36	0.0410574382463977
21602	37	-0.0795956347357389
21602	38	0.0875227897111301
21602	39	-0.00690556690724264
21602	40	-0.112612332129743
21602	41	0.0727066695385759
21602	42	0.00376574974021793
21602	43	0.0142681326144043
21602	44	0.0341613904253535
21602	45	-0.0669463113337727
21602	46	0.000665202476660909
21602	47	0.0179377974500028
21602	48	-0.125985872083199
21602	49	0.0262219050032044
21602	50	0.00445695901712639
21602	51	-0.026144898196975
21602	52	0.0249781020856474
21602	53	0.134603895164069
21602	54	0.0428950101135186
21602	55	-0.0302106843141914
21602	56	0.0330415041229841
21602	57	0.0246810305155094
21602	58	-0.0466964261904437
21602	59	0.190874175594359
21602	60	-0.00964841778782244
21602	61	0.0250103869466898
21602	62	-0.0280352562506962
21602	63	-0.056464096091382
21602	64	-0.0390009731015653
21602	65	0.037198604453188
21602	66	0.0131531427433131
21602	67	-0.0496391592906704
21602	68	-0.0528200955123665
21602	69	-0.14845771612783
21602	70	-0.0643623905856572
21602	71	0.0252458861957052
21602	72	-0.108204106665298
21602	73	-0.0235810749903251
21602	74	-0.0410099580191172
21603	1	0.936730129086975
21603	2	-0.0168166588724468
21603	3	0.0491452837547754
21603	4	0.0875021913365508
21603	5	-0.00158574085335061
21603	6	-0.029744320012334
21603	7	-0.22435836966384
21603	8	-0.0286128813992264
21603	9	0.0543624668594234
21603	10	-0.0500734169589094
21603	11	-0.0897994331706968
21603	12	-0.175812254613696
21603	13	0.0867683997227573
21603	14	-0.0363457151868189
21603	15	-0.0257026740543296
21603	16	-0.128642469362049
21603	17	-0.0995548071059531
21603	18	-0.173594465451849
21603	19	0.0968864699753453
21603	20	-0.0390117759718294
21603	21	-0.10051345721444
21603	22	0.0282931624302876
21603	23	-0.138931811971162
21603	24	0.0619268694755846
21603	25	-0.0264139258828564
21603	26	0.126131085411473
21603	27	0.0617453068477971
21603	28	0.0586218195098809
21603	29	-0.0948499447417106
21603	30	-0.0469839742947826
21603	31	0.0879543234040341
21603	32	0.176123110274283
21603	33	-0.0954904203421094
21603	34	-0.0153562161219796
21603	35	-0.0675502273817301
21603	36	-0.190418499608853
21603	37	-0.0436217810032602
21603	38	-0.000567395965262563
21603	39	-0.0488722209428616
21603	40	-0.0380632605117057
21603	41	-0.123769899869025
21603	42	0.084714341378465
21603	43	0.0481780732484793
21603	44	-0.0814019542759183
21603	45	-0.0189211755500125
21603	46	0.0950128568756483
21603	47	0.0893775384071986
21603	48	0.067585014712833
21603	49	0.0896081960652069
21603	50	-0.0277043486435673
21603	51	-0.0332210621645856
21603	52	0.00385968103302048
21603	53	0.0440295024515223
21603	54	-0.16558076578697
21603	55	0.142286237741622
21603	56	-0.105912159517246
21603	57	-0.0931486584256405
21603	58	-0.0781339348067505
21603	59	0.161358851439573
21603	60	-0.121011389509725
21603	61	-0.131256006542785
21603	62	-0.0270913139558431
21603	63	-0.0352973680193145
21603	64	0.0262997805751937
21603	65	-0.0048078020698199
21603	66	0.0356635896534385
21603	67	-0.0232940924294027
21603	68	0.035068360091536
21603	69	0.0103502543496035
21603	70	-0.0664845437947719
21603	71	-0.137309209567093
21603	72	0.270163542999853
21603	73	-0.0340091370391846
21603	74	0.307380397715178
21604	1	0.707234127185476
21604	2	-0.00675976652177468
21604	3	-0.0968685656431916
21604	4	-0.0449250503885708
21604	5	-0.0752251735059524
21604	6	0.0412328912710649
21604	7	-0.078434447294697
21604	8	-0.00980415078755925
21604	9	0.0103605043529598
21604	10	0.0777310035106424
21604	11	-0.018345576858195
21604	12	-0.0681454510969459
21604	13	-0.159168042522488
21604	14	0.0572759481390932
21604	15	0.100092846499244
21604	16	-0.0202568851414142
21604	17	-0.0456405345743107
21604	18	-0.11062775052752
21604	19	0.0552610595839766
21604	20	-0.0174337377410865
21604	21	-0.0890854159967205
21604	22	0.117938652923442
21604	23	-0.0780528022742928
21604	24	-0.0238114028323579
21604	25	0.0174034161156698
21604	26	0.0179018407603806
21604	27	0.0607748575685463
21604	28	0.0746717286931187
21604	29	0.1417385351928
21604	30	-0.05460139738652
21604	31	0.0852158388301731
21604	32	-0.0812747383407171
21604	33	0.0390105450229541
21604	34	0.0938577771592293
21604	35	-0.0636029710140704
21604	36	0.0353233265431214
21604	37	-0.0231104679201763
21604	38	0.0234372717049069
21604	39	0.0456190010358242
21604	40	0.0445151439184386
21604	41	0.140660059760691
21604	42	0.139034533819576
21604	43	0.0587783140629128
21604	44	-0.00640867827246439
21604	45	0.235904648279302
21604	46	0.0311499380054485
21604	47	0.148495543668545
21604	48	-0.0888217366591491
21604	49	0.121686648592949
21604	50	-0.0306071435469804
21604	51	-0.0471064366585097
21604	52	-0.112874462016912
21604	53	0.00415517721535252
21604	54	0.0538993127912377
21604	55	-0.0270376073169132
21604	56	0.107344287587487
21604	57	0.0931667119283972
21604	58	-0.00739809668222335
21604	59	0.0124801340684826
21604	60	0.157623239656161
21604	61	0.149376841727467
21604	62	0.10491471499715
21604	63	-0.0243732762651518
21604	64	0.0734991278061017
21604	65	-0.10952908541649
21604	66	-0.0938818584804082
21604	67	0.0270379576746862
21604	68	0.124313452124248
21604	69	0.00739302300736
21604	70	-0.0950363739823104
21604	71	0.171642894429155
21604	72	0.0897515348234492
21604	73	0.0984938570396565
21604	74	-0.220619808189717
21605	1	0.367330139183903
21605	2	-0.172892486820754
21605	3	0.00176101982101073
21605	4	-0.133336611167486
21605	5	-0.191027506806503
21605	6	-0.155847409673079
21605	7	-0.192961333112947
21605	8	-0.205624063749795
21605	9	-0.0804366042229674
21605	10	-0.266610927055844
21605	11	-0.246621171862131
21605	12	-0.372451238862482
21605	13	-0.285546447813594
21605	14	-0.274136632997809
21605	15	-0.371590068036554
21605	16	-0.278208301349125
21605	17	-0.152583886265887
21605	18	-0.240538377002736
21605	19	-0.0901648476740888
21605	20	-0.135818621690731
21605	21	-0.173464411374376
21605	22	-0.124572472666642
21605	23	-0.135218665767603
21605	24	-0.194296626081766
21605	25	-0.117274310575908
21605	26	-0.0441694244835205
21605	27	-0.20908339872571
21605	28	-0.268892947251025
21605	29	-0.151855952415382
21605	30	-0.0895652545855725
21605	31	-0.236316173364948
21605	32	-0.196613915169983
21605	33	-0.28360759522095
21605	34	-0.2623126226244
21605	35	-0.302654099554587
21605	36	0.0758063421921946
21605	37	-0.101323414727766
21605	38	-0.0257972581166896
21605	39	-0.159954590422586
21605	40	-0.0296968279448038
21605	41	-0.158016726236632
21605	42	-0.0371908066567528
21605	43	-0.084653748613178
21605	44	-0.0745293230062885
21605	45	-0.107279113246882
21605	46	-0.0267651741642467
21605	47	-0.0687159873616778
21605	48	-0.0611429080297086
21605	49	-0.0834818123320886
21605	50	0.0227222025455234
21605	51	-0.0668509465346006
21605	52	0.0607277033615645
21605	53	0.0127047416859725
21605	54	-0.0470849523898451
21605	55	-0.102455588414678
21605	56	-0.162805102100982
21605	57	-0.0460432870168646
21605	58	-0.124196903676733
21605	59	0.00529030044458523
21605	60	-0.0424112064309128
21605	61	-0.0906683340685461
21605	62	-0.0552326171536777
21605	63	-0.0372689130821726
21605	64	-0.0829263648086851
21605	65	-0.00330130157951203
21605	66	-0.0686010575243827
21605	67	0.0336383600891708
21605	68	-0.0704825307850427
21605	69	0.0366899365171705
21605	70	-0.0594418857218102
21605	71	-0.039538417988787
21605	72	-0.109874153284665
21605	73	-0.0792618784875714
21605	74	-0.112559060526159
21606	1	0.195138933177784
21606	2	-0.224892534640187
21606	3	-0.193285185706916
21606	4	-0.197692602942542
21606	5	-0.17538427564736
21606	6	-0.140520085648596
21606	7	-0.169006486613334
21606	8	-0.209573052368768
21606	9	-0.156342782493816
21606	10	-0.115865541631209
21606	11	-0.300113783759606
21606	12	-0.16152390049217
21606	13	-0.112157663861794
21606	14	-0.0745774684033123
21606	15	-0.207876948774889
21606	16	-0.259133129199157
21606	17	-0.123720076013406
21606	18	-0.149757366099905
21606	19	-0.20838136211556
21606	20	-0.0385742165644842
21606	21	-0.194303821760755
21606	22	-0.191286261400386
21606	23	-0.115688013510528
21606	24	-0.314465070037393
21606	25	-0.066414457381569
21606	26	-0.257006252620478
21606	27	-0.109595664410485
21606	28	-0.236002441799606
21606	29	-0.149542089561514
21606	30	-0.205722245786795
21606	31	-0.0274420819341898
21606	32	-0.0770946200284399
21606	33	-0.248904434356369
21606	34	-0.112027798121723
21606	35	-0.146572961930254
21606	36	-0.0263944848305258
21606	37	-0.0757434712742011
21606	38	-0.0665156718273323
21606	39	-0.0319656630610865
21606	40	0.00836723517794979
21606	41	-0.00455294584603649
21606	42	0.0103102208940626
21606	43	-0.157949415462518
21606	44	-0.00408717421828442
21606	45	-0.0686081684293924
21606	46	0.0485371175877276
21606	47	0.0308528484013948
21606	48	-0.019300718627818
21606	49	-0.19912348231756
21606	50	-0.143957084930328
21606	51	0.047764230970067
21606	52	-0.0825619526232231
21606	53	0.0397762052621076
21606	54	-0.0548670863087608
21606	55	-0.270507345855755
21606	56	-0.0773377525491199
21606	57	-0.176077880542934
21606	58	-0.200321380468374
21606	59	-0.162061497744872
21606	60	-0.20562993733337
21606	61	-0.128471022172235
21606	62	-0.0268352308533295
21606	63	-0.0812456894773916
21606	64	-0.172776954590809
21606	65	-0.217261045236427
21606	66	-0.164046005330242
21606	67	-0.0621549601465858
21606	68	0.0702152577643389
21606	69	0.0628225656732155
21606	70	-0.117109737384702
21606	71	0.000868731614204421
21606	72	0.0219235404734377
21606	73	-0.0436725695190319
21606	74	-0.29673826845778
21607	1	-0.025154293472923
21607	2	0.043868352662642
21607	3	-0.0754948035184704
21607	4	0.0331388270243949
21607	5	-0.061044515570341
21607	6	-0.103258618160162
21607	7	-0.189785883389703
21607	8	-0.0265779959453667
21607	9	-0.147122489831823
21607	10	0.0297076845677751
21607	11	-0.224962384961763
21607	12	-0.0581379316669128
21607	13	-0.222981583883708
21607	14	-0.0202952469276951
21607	15	-0.0124817308594345
21607	16	-0.128369740463512
21607	17	-0.145849568922714
21607	18	-0.0247721177776441
21607	19	-0.14352479924235
21607	20	-0.224546712096632
21607	21	-0.0719004699537109
21607	22	-0.0498593153788249
21607	23	-0.104700907465023
21607	24	-0.0730587340153477
21607	25	-0.161403404210596
21607	26	-0.0761040992990161
21607	27	-0.138295229906525
21607	28	-0.150262585166153
21607	29	-0.0522163075814319
21607	30	-0.133839931707342
21607	31	-0.0859298726269415
21607	32	-0.196097886572197
21607	33	-0.196692812010618
21607	34	-0.107900433971267
21607	35	-0.181460891528758
21607	36	0.0337138735748894
21607	37	-0.0600378194784099
21607	38	-0.0665015687810779
21607	39	-0.00574839388094972
21607	40	-0.168599111427916
21607	41	-0.095756170742618
21607	42	0.00721181101253165
21607	43	-0.00750942980061353
21607	44	0.0607788290228584
21607	45	-0.0279722898682095
21607	46	-0.0946553344516232
21607	47	0.0639396199975195
21607	48	-0.110607187210341
21607	49	-0.0732389970131635
21607	50	-0.0526000606837442
21607	51	-0.167284279687991
21607	52	-0.0738165575608321
21607	53	0.0172896937581086
21607	54	-0.00315047689720416
21607	55	-0.137681016030506
21607	56	-0.0502974066361759
21607	57	0.00511310282908539
21607	58	-0.0458651724401662
21607	59	-0.00720875449833613
21607	60	0.0263290017091862
21607	61	-0.05419260466509
21607	62	-0.0798244983941174
21607	63	0.00694112159779081
21607	64	-0.0752167838801512
21607	65	0.0759777387484135
21607	66	0.0660438640380221
21607	67	-0.0202116777037205
21607	68	-0.00386965265345651
21607	69	0.0245933553915592
21607	70	0.0199787579526998
21607	71	-0.0113908757860628
21607	72	-0.0766826213834833
21607	73	-0.203649341808088
21607	74	-0.261053094120648
21608	1	-0.0933139501826119
21608	2	0.0523785350495345
21608	3	0.0508625234032145
21608	4	0.121559457837037
21608	5	-0.00592605035853921
21608	6	0.123397028486806
21608	7	0.100743300182678
21608	8	0.0295186351566912
21608	9	0.0361593610862343
21608	10	0.0949782037888056
21608	11	0.107923747066977
21608	12	0.0528845925854782
21608	13	0.075033421153222
21608	14	0.0166822065572489
21608	15	-0.0508185983910039
21608	16	-0.0270676527820015
21608	17	0.186443263055374
21608	18	-0.112949528963526
21608	19	0.00368708011625785
21608	20	0.110662807419374
21608	21	0.0297530895683096
21608	22	0.0621079807647291
21608	23	0.0502380650016292
21608	24	0.0653741412636322
21608	25	0.132594302734802
21608	26	0.122618023668821
21608	27	0.106399020203398
21608	28	0.0180726683221266
21608	29	0.0441977334820578
21608	30	0.0801015063495711
21608	31	-0.0650986959893842
21608	32	-0.056084362002558
21608	33	0.0551143599072574
21608	34	-0.10698822122923
21608	35	0.000734263001973545
21608	36	0.0611246869486166
21608	37	0.190967130719663
21608	38	-0.0606874509684374
21608	39	0.0227074581045557
21608	40	-0.00239052939259921
21608	41	0.0416318701048795
21608	42	0.0373735836241238
21608	43	0.0440899825436176
21608	44	-0.0100363443551998
21608	45	0.00558607189481819
21608	46	0.0520509686092581
21608	47	0.0837306423641095
21608	48	-0.00832160618792699
21608	49	-0.0270046727168491
21608	50	0.0559399273151371
21608	51	0.163269766186993
21608	52	-0.00327592707781577
21608	53	-0.112979704032433
21608	54	0.0754262376086103
21608	55	0.065902017611009
21608	56	-0.128500278994771
21608	57	-0.0300041014617349
21608	58	0.0201314071429408
21608	59	0.163817295382842
21608	60	0.182386263037358
21608	61	-0.0545653470764904
21608	62	-0.0682838093020166
21608	63	-0.0513186105070815
21608	64	0.0320788493275259
21608	65	0.0713198742082
21608	66	-0.0849703161481372
21608	67	0.151382483403239
21608	68	0.0526139300215007
21608	69	-0.0586057519826824
21608	70	-0.0808515378203865
21608	71	-0.0190517875420255
21608	72	-0.0119935763665708
21608	73	0.0350966073683381
21608	74	-0.331419664659187
21609	1	-0.306474765819857
21609	2	-0.0290566610118717
21609	3	0.0446965564086703
21609	4	-0.100955003755899
21609	5	-0.0017501483603013
21609	6	-0.0674738675361297
21609	7	-0.0637179522815003
21609	8	-0.193582291270488
21609	9	-0.179028120400538
21609	10	-0.0154840224283035
21609	11	-0.0249654391683762
21609	12	0.0531101559832621
21609	13	-0.0263892454998214
21609	14	-0.108685929931589
21609	15	0.0396263658423024
21609	16	-0.168807436036857
21609	17	-0.0302550676052462
21609	18	0.0322060501981625
21609	19	0.0233306729241036
21609	20	-0.0926694023528825
21609	21	0.0308630317219354
21609	22	-0.106417668772743
21609	23	0.0329752300186996
21609	24	-0.116723615359419
21609	25	-0.057504570639864
21609	26	-0.100957011485022
21609	27	-0.0268663887558063
21609	28	-0.0171050075407138
21609	29	0.0176306211361634
21609	30	0.0496359775438435
21609	31	-0.0285318900692388
21609	32	-0.0135362957192697
21609	33	0.0589778778791299
21609	34	-0.0382875685423869
21609	35	0.148197398282129
21609	36	-0.0963693892282294
21609	37	-0.0902832358535477
21609	38	0.0457931235837563
21609	39	-0.0752391453746668
21609	40	-0.0840809304530197
21609	41	0.00838323962241105
21609	42	-0.0860651077388255
21609	43	-0.00663861837838908
21609	44	0.115327003015445
21609	45	-0.0209693235166881
21609	46	0.0167039877158999
21609	47	-0.0412061611162926
21609	48	-0.0620440793694073
21609	49	0.0760868334947631
21609	50	-0.176089801032312
21609	51	-0.0597712297842818
21609	52	-0.152543903272175
21609	53	-0.248291616674777
21609	54	-0.0576691533907479
21609	55	-0.0149145863899136
21609	56	-0.0510829804248019
21609	57	-0.203252926736376
21609	58	-0.0678839962515525
21609	59	-0.137802148546228
21609	60	-0.0761803553818865
21609	61	-0.0353108780653244
21609	62	-0.0129594209216961
21609	63	-0.0776328225084484
21609	64	0.0387590307950916
21609	65	0.0470025260218137
21609	66	-0.0156986042898737
21609	67	-0.0513738753860125
21609	68	0.0069418133748087
21609	69	0.120186406139887
21609	70	-0.0576360084063765
21609	71	-0.10540470509401
21609	72	-0.196044914667311
21609	73	-0.131745473020224
21609	74	-0.194875805433348
21610	1	-0.32701557123432
21610	2	-0.0268985081052939
21610	3	0.0471210716320627
21610	4	0.0123032086607431
21610	5	0.0559726448925275
21610	6	0.014565445069266
21610	7	-0.0462313223773236
21610	8	-0.0182818890858627
21610	9	-0.0952307603095974
21610	10	-0.00981539400878972
21610	11	-0.0111766937067941
21610	12	0.0522366112122015
21610	13	-0.126056798355044
21610	14	0.086887510486136
21610	15	0.0771668751113168
21610	16	-0.010970623977947
21610	17	-0.0268744015758244
21610	18	-0.0193839473910913
21610	19	-0.0228545298062741
21610	20	-0.129807839390509
21610	21	-0.109610497539428
21610	22	-0.15325613351429
21610	23	0.00113425618908281
21610	24	0.0492917561064345
21610	25	-0.0967654770247535
21610	26	0.0389222600758501
21610	27	-0.0974661703836617
21610	28	-0.013608861646091
21610	29	-0.0040970138418146
21610	30	0.0413031640103938
21610	31	-0.071754233484441
21610	32	-0.122277306693505
21610	33	-0.0646889759154945
21610	34	-0.0569655235766078
21610	35	0.17218574127812
21610	36	-0.103145337749403
21610	37	0.0829257975847852
21610	38	-0.197457673343635
21610	39	-0.0357735904682173
21610	40	-0.172249294863747
21610	41	-0.0529395076352728
21610	42	-0.169155460967197
21610	43	-0.116348593343488
21610	44	-0.01010378715673
21610	45	-0.144521688950846
21610	46	-0.20151272952311
21610	47	-0.0987330487621634
21610	48	-0.0457447220277913
21610	49	-0.0315820840327774
21610	50	-0.267829155171945
21610	51	-0.355260005690923
21610	52	-0.0472194709139728
21610	53	-0.155136777511757
21610	54	-0.0645666673297924
21610	55	-0.129107503651106
21610	56	-0.125960547338337
21610	57	-0.319385202670617
21610	58	-0.173701288280817
21610	59	-0.0841413793858763
21610	60	-0.166495624440465
21610	61	0.0393129591144898
21610	62	-0.0149154596711085
21610	63	-0.125034745672188
21610	64	-0.0699963128538599
21610	65	-0.159603005924801
21610	66	-0.129221960215972
21610	67	-0.103931643717452
21610	68	-0.0262088213012461
21610	69	-0.188665328625525
21610	70	-0.0813736343899265
21610	71	-0.0681203228096265
21610	72	0.019891834272272
21610	73	-0.0355968208667647
21610	74	-0.1688928106907
21611	1	-0.482895936823422
21611	2	0.0124841157433515
21611	3	-0.0158256903438243
21611	4	-0.017182192669317
21611	5	0.0670754579370865
21611	6	0.0261981489349807
21611	7	-0.0358113216660669
21611	8	0.0122917444003861
21611	9	0.027152681491323
21611	10	0.0147907441895825
21611	11	0.0830691898594793
21611	12	0.0711241961192002
21611	13	0.0257444748054567
21611	14	0.196180159584614
21611	15	0.148168688831575
21611	16	0.0767138598230375
21611	17	0.102269593587593
21611	18	0.0254042740961609
21611	19	0.040597228791114
21611	20	0.12277226658766
21611	21	-0.00308466091649962
21611	22	0.044073074494527
21611	23	0.0507875155510789
21611	24	0.0239067850903893
21611	25	-0.0793751004110774
21611	26	0.148840820479847
21611	27	0.0233027047541441
21611	28	0.0493805761006243
21611	29	0.135040224324548
21611	30	0.0234326849748641
21611	31	-0.0260769334382118
21611	32	-0.0545437457560638
21611	33	0.132586887379787
21611	34	0.0405877322290777
21611	35	0.172690737899629
21611	36	0.0242662825422002
21611	37	0.0224166283634801
21611	38	-0.162079588586906
21611	39	0.0622137196033492
21611	40	-0.0163785900264344
21611	41	-0.0570276299783288
21611	42	-0.0572673234667676
21611	43	0.138049945596961
21611	44	-0.0318280290770758
21611	45	-0.0855722764467259
21611	46	-0.0234111486814754
21611	47	-0.116089865106851
21611	48	-0.0534468956264078
21611	49	-0.0689840623280844
21611	50	-0.256566298127368
21611	51	-0.0667609407635581
21611	52	-0.00471509241044288
21611	53	-0.106841308943835
21611	54	-0.0721832093959947
21611	55	-0.0652979762124986
21611	56	-0.0203261631017568
21611	57	-0.0568898582271729
21611	58	-0.108494564633943
21611	59	-0.151230789640643
21611	60	-0.0823294019389493
21611	61	-0.078546776851411
21611	62	-0.128929436518241
21611	63	-0.0134039791438525
21611	64	0.0211141904671734
21611	65	0.00662136421129844
21611	66	-0.229645066217877
21611	67	-0.0824508614677129
21611	68	0.0270902562915722
21611	69	-0.0697241036013097
21611	70	-0.0601715919887127
21611	71	0.0650948531222042
21611	72	-0.152565883720882
21611	73	-0.237863284271043
21611	74	-0.221004710741141
21612	1	-0.592028797731984
21612	2	0.0714153402820514
21612	3	0.0726101728583934
21612	4	0.114880386496065
21612	5	0.105182335483217
21612	6	0.0408611183643046
21612	7	0.0353118853449956
21612	8	-0.077587410712411
21612	9	-0.0230475855313728
21612	10	0.0711154164021011
21612	11	-0.0679047583107319
21612	12	0.0663294270253658
21612	13	-0.0224353204771433
21612	14	0.153737928918083
21612	15	0.219104295281198
21612	16	-0.0631498901341701
21612	17	0.00989274924813088
21612	18	-0.0708348139186228
21612	19	0.115954457232455
21612	20	0.130381728776563
21612	21	0.138279893532165
21612	22	0.221631528501582
21612	23	0.10217911460623
21612	24	0.191893502422907
21612	25	0.136861933582971
21612	26	0.119438198180028
21612	27	0.131318178377093
21612	28	-0.032615932064104
21612	29	0.108113381696768
21612	30	0.178264768778909
21612	31	-0.0175924584116771
21612	32	0.0529582226804877
21612	33	-0.0572101069031916
21612	34	0.047276308450364
21612	35	0.12565708619308
21612	36	0.0294090865980436
21612	37	-0.123094582596387
21612	38	-0.00865093018599339
21612	39	0.0891678769427102
21612	40	0.0574851739369819
21612	41	0.0205242586389502
21612	42	0.0643475700483762
21612	43	-0.0283469888661685
21612	44	0.0344322730964635
21612	45	0.0429264584819649
21612	46	0.0662209205228734
21612	47	-0.028723507024992
21612	48	-0.116200197506728
21612	49	-0.166978639222442
21612	50	-0.0345455865544579
21612	51	-0.07344907937145
21612	52	-0.0613765402278972
21612	53	-0.0714398517247474
21612	54	-0.00445730905870789
21612	55	-0.0369218083160163
21612	56	-0.0270819143975913
21612	57	-0.107523625334096
21612	58	-0.0974432161622332
21612	59	0.0826641897132134
21612	60	0.110407260991074
21612	61	-0.0533874477535861
21612	62	-0.00338405029464184
21612	63	0.0331376836048634
21612	64	0.039616404680622
21612	65	-0.0164134258928215
21612	66	0.141611312440233
21612	67	0.131680691377518
21612	68	0.111947036133749
21612	69	0.0560787194329038
21612	70	0.165329784664664
21612	71	0.0243526281315312
21612	72	0.179644479064592
21612	73	-0.115397366786489
21612	74	0.00166562486031552
22101	1	-0.949267363702933
22101	2	0.214461968529516
22101	3	0.0510558499788267
22101	4	0.140416636523046
22101	5	0.204660582589188
22101	6	0.357813338979732
22101	7	0.150874971255796
22101	8	0.117286287963061
22101	9	0.230814839195048
22101	10	0.105554560819449
22101	11	0.295366053888444
22101	12	0.123555906056687
22101	13	0.16288293296008
22101	14	0.191838696582643
22101	15	0.313837123553128
22101	16	0.243409289105074
22101	17	0.196396098337651
22101	18	0.388816535429903
22101	19	0.277392227479879
22101	20	0.236957311719586
22101	21	0.240087178791136
22101	22	0.192004281086241
22101	23	0.141447279190054
22101	24	0.225937087351639
22101	25	0.248277616387142
22101	26	0.182033724573444
22101	27	0.246112304699999
22101	28	0.169158258003016
22101	29	0.000909997353673475
22101	30	0.19973059799333
22101	31	0.39535121501072
22101	32	0.207258655076359
22101	33	0.264343352623548
22101	34	0.22847867115928
22101	35	0.230290413051264
22101	36	0.117221760305661
22101	37	0.0853445029475921
22101	38	0.251042693931424
22101	39	0.116201287328018
22101	40	0.215707033329707
22101	41	0.0923220541539607
22101	42	0.106806755427137
22101	43	0.0260744780199715
22101	44	-0.0338466641903281
22101	45	0.0886534431351933
22101	46	0.145588548885016
22101	47	0.01929106271335
22101	48	0.1248493825804
22101	49	0.0641636807965611
22101	50	0.239787935014249
22101	51	0.154852225053752
22101	52	0.111057182724529
22101	53	0.136293985362151
22101	54	0.0791207724616498
22101	55	0.284200373123909
22101	56	0.162054956001477
22101	57	-0.00170846320753526
22101	58	0.183664704570482
22101	59	0.139468257560146
22101	60	0.0672883378847544
22101	61	0.285445785087369
22101	62	0.213332340854606
22101	63	0.118708653326756
22101	64	0.180271268977258
22101	65	0.249292280406166
22101	66	0.0667737384168845
22101	67	0.145951280997551
22101	68	0.137712615663666
22101	69	0.126990143780517
22101	70	0.105444751297945
22101	71	0.195898453689459
22101	72	-0.0229777798778912
22101	73	0.12648389082004
22101	74	0.38702128938386
22102	1	-1.40278625500781
22102	2	-0.111282261394269
22102	3	-0.205437459565665
22102	4	-0.0821872661228085
22102	5	-0.13054790434915
22102	6	-0.156617870680385
22102	7	-0.125751303157628
22102	8	-0.188161444436226
22102	9	-0.244914163118175
22102	10	-0.125869786722781
22102	11	-0.187385159473827
22102	12	-0.178357895036328
22102	13	-0.172158894503276
22102	14	-0.109948155641995
22102	15	-0.0694021237839166
22102	16	-0.165611835061547
22102	17	-0.339078606005941
22102	18	-0.125978948692421
22102	19	-0.260624268368645
22102	20	-0.0170901996761046
22102	21	-0.128420684221659
22102	22	-0.190070226017582
22102	23	-0.168955211259075
22102	24	-0.204933938226368
22102	25	-0.196018408362264
22102	26	0.0471958908089221
22102	27	-0.267707611763889
22102	28	-0.0175738342331542
22102	29	-0.209733821018141
22102	30	-0.138304846380862
22102	31	-0.113363543389319
22102	32	-0.241544992546096
22102	33	-0.0998513756839827
22102	34	-0.0529131887291925
22102	35	-0.121241947340941
22102	36	-0.18843032471468
22102	37	-0.276216843481478
22102	38	-0.0881902684347011
22102	39	0.000891766086617451
22102	40	-0.0113451859536156
22102	41	-0.197417292143101
22102	42	0.0274620038377975
22102	43	-0.130378918720687
22102	44	-0.129523565495845
22102	45	-0.229415838083398
22102	46	-0.182748278952957
22102	47	-0.117110896098893
22102	48	-0.0959109222089083
22102	49	-0.0581355311064016
22102	50	-0.0716790646613106
22102	51	-0.205187417531178
22102	52	-0.0140310001071526
22102	53	-0.0967254705467582
22102	54	-0.0689606455360163
22102	55	-0.133109793096338
22102	56	-0.234883024178899
22102	57	-0.238475454391825
22102	58	-0.214313831909045
22102	59	-0.192508887968565
22102	60	-0.208851883388789
22102	61	-0.175584981050037
22102	62	-0.226825592380443
22102	63	-0.351988213626534
22102	64	-0.251766299718305
22102	65	-0.22736089002067
22102	66	-0.1438900553972
22102	67	-0.180291627467859
22102	68	-0.270125043391744
22102	69	-0.0893923400924947
22102	70	-0.163798365369352
22102	71	-0.111498249231033
22102	72	-0.0044280469619622
22102	73	-0.137230257167431
22102	74	0.359399981558511
22103	1	0.297189332132881
22103	2	0.082921218482582
22103	3	0.167069156874046
22103	4	0.0640584897766665
22103	5	0.0519803213875534
22103	6	0.113190733155371
22103	7	-0.0361593732395065
22103	8	0.0329583551433359
22103	9	-0.104604191607457
22103	10	0.144409123667337
22103	11	0.149089643224251
22103	12	0.0727234673448294
22103	13	0.0639028478372694
22103	14	0.0137524225968093
22103	15	-0.0710839348003205
22103	16	0.012528440314199
22103	17	0.132701368856651
22103	18	-0.0779445265607919
22103	19	-0.0478506966596228
22103	20	-0.0629348079100964
22103	21	0.139778074312645
22103	22	-0.0210973383255464
22103	23	-0.107509872075362
22103	24	-0.0571930578816904
22103	25	0.0599478105068556
22103	26	0.0304644332404678
22103	27	0.138324257461512
22103	28	0.0759184416099643
22103	29	0.0715385458771038
22103	30	0.08246605819064
22103	31	-0.0132515640841149
22103	32	0.0358454686186889
22103	33	-0.0299857214764714
22103	34	0.0825904195109928
22103	35	-0.117987660974833
22103	36	0.0699139573907885
22103	37	-0.0288494903125809
22103	38	0.0206270394834078
22103	39	-0.0580410382142134
22103	40	0.0905712278790531
22103	41	-0.0543092239187217
22103	42	0.0776206983848766
22103	43	0.0283512748702677
22103	44	-0.138030241952066
22103	45	0.0432514145826133
22103	46	-0.0158060416732297
22103	47	0.0148154869308001
22103	48	0.0347875990353117
22103	49	0.0621482499001402
22103	50	0.214082398936682
22103	51	0.113055705121276
22103	52	0.153229736072582
22103	53	0.117403040463216
22103	54	0.0556470893901846
22103	55	0.0792648669125882
22103	56	0.10565152297329
22103	57	0.00551330053043841
22103	58	0.272338105861373
22103	59	-0.0518474961217308
22103	60	0.0540338394651201
22103	61	0.167719799452193
22103	62	0.1796048849138
22103	63	0.179292142676275
22103	64	-0.00499075862413179
22103	65	0.0578796936170178
22103	66	0.095198283225713
22103	67	0.129867986679244
22103	68	0.029075388402326
22103	69	0.134141532290712
22103	70	0.155198353733539
22103	71	0.158385135428503
22103	72	0.163799239005193
22103	73	0.134539161153711
22103	74	0.41365093664178
22104	1	-0.576315855398139
22104	2	0.00457945590370556
22104	3	-0.150475096665058
22104	4	-0.0484512590003021
22104	5	-0.0819560575030955
22104	6	0.0145715144755272
22104	7	0.0316891603081046
22104	8	-0.0966324325578398
22104	9	-0.165217950972192
22104	10	-0.119457773031073
22104	11	-0.151949635484421
22104	12	-0.0947398418036585
22104	13	-0.163128442782636
22104	14	-0.150272227038052
22104	15	-0.0533588857610141
22104	16	0.0333435562360194
22104	17	-0.00738264787579368
22104	18	-0.0345181564145065
22104	19	-0.152818437070373
22104	20	-0.0518064312882558
22104	21	-0.0528459419471332
22104	22	0.0486920880918689
22104	23	0.0195462336131982
22104	24	0.00507208521854352
22104	25	-0.00625820182978032
22104	26	0.0212149118167915
22104	27	-0.0373752911405703
22104	28	-0.0127481620343062
22104	29	0.092433424519605
22104	30	-0.0550596431304626
22104	31	-0.154703363767425
22104	32	-0.106929801392894
22104	33	-0.0284968173571727
22104	34	-0.0168973265717725
22104	35	-0.030165951334773
22104	36	0.138601816944622
22104	37	0.0149901640808281
22104	38	0.149140146713101
22104	39	-0.0530594130610922
22104	40	-0.0337070066859511
22104	41	0.0341366498147124
22104	42	0.0414777812984042
22104	43	-0.0423097766558129
22104	44	0.151291567940149
22104	45	-0.0434453251404747
22104	46	-0.142786014814341
22104	47	-0.0696777085909162
22104	48	0.0196479692136293
22104	49	-0.0693609375685824
22104	50	0.0968757556900641
22104	51	-0.0493338363306606
22104	52	0.1066395069791
22104	53	0.0243737937737478
22104	54	0.037796072371961
22104	55	0.0310074207573976
22104	56	-0.07068472741053
22104	57	0.0928548366974766
22104	58	0.0879498091556599
22104	59	-0.0487679926384033
22104	60	0.0149228037950024
22104	61	0.0188723599817848
22104	62	0.192077133366645
22104	63	0.171018039294353
22104	64	-0.0158585840076668
22104	65	0.00127423470528498
22104	66	-0.0423128258011829
22104	67	0.0788950028894888
22104	68	0.132770608179371
22104	69	0.125612728796433
22104	70	-0.0540547450072495
22104	71	0.0670698241220933
22104	72	0.263604428763841
22104	73	-0.0406424276527702
22104	74	0.304637672326024
22105	1	-0.268891556324196
22105	2	-0.156943020694094
22105	3	-0.100395759449974
22105	4	-0.104163424495912
22105	5	-0.16361069439855
22105	6	-0.0962537977437705
22105	7	-0.0481786793942476
22105	8	-0.192139734773356
22105	9	-0.289563076977018
22105	10	-0.0749377403842644
22105	11	-0.202952863688346
22105	12	-0.0985408467417201
22105	13	-0.154422437320221
22105	14	-0.0928308294263758
22105	15	-0.0941559967920824
22105	16	-0.0669325281532451
22105	17	0.0301480724969991
22105	18	-0.0717918287700456
22105	19	0.0273499949253235
22105	20	-0.112413338185576
22105	21	-0.106672138730787
22105	22	-0.128750836989177
22105	23	0.0425910728185528
22105	24	-0.161123991692961
22105	25	-0.153862468712873
22105	26	-0.0779708558163605
22105	27	-0.132680830610838
22105	28	-0.213772250454262
22105	29	-0.0408160499853381
22105	30	-0.160236738385279
22105	31	-0.105694395014432
22105	32	-0.125062230707535
22105	33	-0.0800580278424476
22105	34	-0.0870566165492903
22105	35	0.0486754061523342
22105	36	0.0743306467979039
22105	37	0.0317260015069181
22105	38	0.0316556331745446
22105	39	0.0642027155586931
22105	40	-0.00537985606875679
22105	41	0.00428143738074027
22105	42	-0.0778907878531143
22105	43	0.04055539313417
22105	44	0.0761325080962436
22105	45	-0.0118924825440487
22105	46	-0.0925393469242763
22105	47	0.0999830020572858
22105	48	0.0698204021542281
22105	49	0.107429889717025
22105	50	0.0837056779308796
22105	51	-0.017925535700229
22105	52	0.0503883391951732
22105	53	0.0932229869156913
22105	54	0.213048496280628
22105	55	0.0585852391292718
22105	56	0.193483861384671
22105	57	0.222201269362785
22105	58	-0.0471106482697721
22105	59	-0.069782503508165
22105	60	0.0921048737612864
22105	61	-0.0118155171294276
22105	62	-4.82194401243419e-05
22105	63	-0.0487261384873321
22105	64	0.0903530510176509
22105	65	0.015117566599983
22105	66	-0.0351645951764823
22105	67	-0.0395994185281268
22105	68	0.145159281495424
22105	69	0.15824144832375
22105	70	-0.0667339320876366
22105	71	0.109042187435072
22105	72	-0.0153896634835888
22105	73	-0.0244580164882109
22105	74	0.0485453147210109
22106	1	-0.245234475477751
22106	2	-0.0299296108809024
22106	3	-0.181788674727862
22106	4	0.0598083606370245
22106	5	-0.0207884325583834
22106	6	0.0694697895750451
22106	7	0.0574410400073475
22106	8	-0.0813847545392647
22106	9	-0.0405164914410108
22106	10	0.054823518432876
22106	11	-0.0459456549448376
22106	12	-0.0958123760805307
22106	13	0.00707279560745633
22106	14	-0.053733085065474
22106	15	0.0343456697453988
22106	16	0.0350905708313292
22106	17	0.00850633929802314
22106	18	0.0359595083356083
22106	19	-0.0191386493658143
22106	20	-0.0876865728185479
22106	21	0.022585283174493
22106	22	-0.0495166690952189
22106	23	0.0036793605481833
22106	24	0.125892518655071
22106	25	0.0576405155519097
22106	26	-0.0549571359496852
22106	27	0.0555371369885762
22106	28	0.101780807448229
22106	29	-0.0277899279792919
22106	30	-0.0353006869164005
22106	31	-0.00209389892886236
22106	32	0.0508543649052058
22106	33	0.122542545756495
22106	34	0.052839515533492
22106	35	-0.0348762565094773
22106	36	0.135833828076407
22106	37	0.108929097904273
22106	38	0.0291708467479239
22106	39	0.109024079853505
22106	40	0.000516884498139802
22106	41	0.0954243138245872
22106	42	0.228303356905172
22106	43	-0.0368842404816689
22106	44	0.216613295089054
22106	45	0.173684599310548
22106	46	0.0282731039585542
22106	47	0.253353199742079
22106	48	0.0604665628813024
22106	49	0.0753223086210397
22106	50	0.185218529885937
22106	51	0.202424026176239
22106	52	0.129667876118589
22106	53	0.109921339114223
22106	54	0.143574642001937
22106	55	0.105914624223914
22106	56	0.262397711171538
22106	57	0.196337127827213
22106	58	0.19462140702813
22106	59	0.260665284403963
22106	60	0.154701399345711
22106	61	0.189296251102938
22106	62	0.121689708269209
22106	63	0.130483483083474
22106	64	0.0922608203576232
22106	65	0.183241672486233
22106	66	0.2326258048532
22106	67	0.139133177747524
22106	68	0.107475485434883
22106	69	0.0500123727571591
22106	70	0.2507691332478
22106	71	0.0916558277555879
22106	72	0.128365210146065
22106	73	0.276668016105845
22106	74	0.120060797966893
22107	1	-0.355774197740317
22107	2	-0.284433627236801
22107	3	-0.132369621895183
22107	4	-0.109603095194231
22107	5	-0.125045546368167
22107	6	-0.159750177132217
22107	7	-0.256210659821718
22107	8	-0.181482510072229
22107	9	-0.232335749839606
22107	10	-0.234166415540237
22107	11	-0.0716687665872442
22107	12	-0.135328514122513
22107	13	-0.218011274150889
22107	14	-0.0778658538373307
22107	15	-0.140831686721548
22107	16	-0.0728684053610067
22107	17	-0.297791910040033
22107	18	-0.160687197582234
22107	19	-0.174835283223864
22107	20	-0.0394288557174747
22107	21	-0.123044765200525
22107	22	-0.133883045660703
22107	23	-0.20281942728321
22107	24	-0.0825105469584386
22107	25	-0.141137260984529
22107	26	-0.0295920888594523
22107	27	-0.171633315144732
22107	28	-0.0665045046432979
22107	29	-0.185533283396062
22107	30	-0.0610014544369832
22107	31	-0.0350229898582626
22107	32	-0.0812384972650761
22107	33	-0.154471497524071
22107	34	-0.0246297892291594
22107	35	-0.161457382429774
22107	36	0.0223744545634119
22107	37	-0.221967429607531
22107	38	-0.140379308190973
22107	39	-0.0973775948792692
22107	40	-0.195456154973563
22107	41	-0.0947991579672518
22107	42	-0.104853131378661
22107	43	-0.254717881371612
22107	44	0.0249422762062395
22107	45	0.0440210546335962
22107	46	-0.104848590023487
22107	47	-0.0149574611958201
22107	48	0.0725266957129236
22107	49	-0.00353052982504209
22107	50	0.0449077667385893
22107	51	-0.0467820358886968
22107	52	-0.0375654915458909
22107	53	0.0161026695308308
22107	54	-0.198577557457803
22107	55	0.0757280758520835
22107	56	-0.0903452090528489
22107	57	-0.00764820062916982
22107	58	-0.218447523493552
22107	59	-0.106693016443081
22107	60	-0.132225506868231
22107	61	0.106829906130656
22107	62	-0.0871247640094026
22107	63	0.0869312574590992
22107	64	-0.200599988152021
22107	65	0.0511940847297438
22107	66	-0.0202950977354917
22107	67	0.0630258791150453
22107	68	0.0189882918166546
22107	69	0.0884492242370953
22107	70	-0.039860233267369
22107	71	0.0841444706567742
22107	72	0.0511763364923041
22107	73	-0.0862244092142106
22107	74	0.0804186134094564
22108	1	-0.311248536604595
22108	2	-0.172825812423721
22108	3	-0.195688684492531
22108	4	-0.179743440944851
22108	5	-0.096137519561605
22108	6	-0.0817605590237278
22108	7	-0.185152456721482
22108	8	-0.164364932256284
22108	9	-0.0867619752804814
22108	10	-0.0107218384658623
22108	11	-0.116593052659908
22108	12	-0.215898305189015
22108	13	-0.252486817711556
22108	14	-0.175947712543262
22108	15	-0.116723561774961
22108	16	-0.236962939568045
22108	17	-0.106526372351233
22108	18	-0.101668652976763
22108	19	-0.143984855790968
22108	20	-0.0632797766072386
22108	21	-0.0837373415691829
22108	22	-0.156473997481115
22108	23	-0.150382742762041
22108	24	-0.146727342686589
22108	25	-0.071682792718768
22108	26	-0.103497317572575
22108	27	0.0284499384728036
22108	28	-0.166318011026533
22108	29	-0.0878035985192795
22108	30	-0.161953357554033
22108	31	-0.260252281899277
22108	32	-0.294551357192248
22108	33	-0.0682884277812406
22108	34	-0.25392251942403
22108	35	-0.164253270472955
22108	36	-0.0143679696790073
22108	37	0.0087143885742833
22108	38	-0.00780355061521476
22108	39	-0.0791957766974534
22108	40	-0.0166682761856833
22108	41	0.051791751123659
22108	42	0.060298383772853
22108	43	0.0911154519617199
22108	44	0.0669877307516913
22108	45	0.0205362061487477
22108	46	0.0628679996794546
22108	47	0.115554347566551
22108	48	-0.00986699096431209
22108	49	-0.131074419362079
22108	50	0.153403529687836
22108	51	-0.0367568724296348
22108	52	-0.0726327353527765
22108	53	0.0294883210829795
22108	54	-0.0527748160651882
22108	55	0.1438209722902
22108	56	0.0783416821492509
22108	57	-0.041797034297467
22108	58	-0.0939229154920369
22108	59	0.119350800017422
22108	60	0.016474142210491
22108	61	-0.0718037668537121
22108	62	0.0590012107402131
22108	63	-0.167443964485003
22108	64	-0.111544002338732
22108	65	0.296183049294953
22108	66	0.183551830135045
22108	67	-0.035759358542002
22108	68	0.0159176435867252
22108	69	0.0129631396011831
22108	70	0.0499587383235678
22108	71	0.0412161456280273
22108	72	0.000161469317198737
22108	73	-0.0578535406939338
22108	74	0.165538658077239
22109	1	-0.474898777845873
22109	2	-0.123994293284078
22109	3	0.100021788248753
22109	4	0.0491054049908293
22109	5	0.0132069589705495
22109	6	0.0799357693392722
22109	7	0.0138347475878504
22109	8	0.0164327740316139
22109	9	0.0211043362272889
22109	10	0.155128474723391
22109	11	0.0128871569323508
22109	12	0.12811781977949
22109	13	-0.0799718858128671
22109	14	-0.00615171333549824
22109	15	0.0616890827441239
22109	16	0.0721865788251677
22109	17	0.0576376097399205
22109	18	-0.0334288317957672
22109	19	0.0707224412692682
22109	20	0.0399405014029526
22109	21	-0.015579573411415
22109	22	-0.0134185261343305
22109	23	0.0789096475947773
22109	24	0.0816162506429947
22109	25	0.0687570869367988
22109	26	-0.0492997462881704
22109	27	-0.0184124428433563
22109	28	0.0262286372624132
22109	29	0.0817933985287027
22109	30	-0.0134407538593564
22109	31	0.0468503571361367
22109	32	0.102803409630312
22109	33	-0.0365425307692391
22109	34	0.0674154433705141
22109	35	0.152248144908015
22109	36	0.119511880483124
22109	37	0.0150098151649161
22109	38	0.0541024093534759
22109	39	-0.00877897025666385
22109	40	0.0382377956023063
22109	41	0.168336814301561
22109	42	0.0494029907280122
22109	43	0.0653425010503952
22109	44	-0.0345400004347098
22109	45	0.0510880343943043
22109	46	0.066289670259799
22109	47	0.0388588874301377
22109	48	0.10880124117255
22109	49	0.00260992657572956
22109	50	0.0567391049155077
22109	51	0.270509941428344
22109	52	0.00447994710410171
22109	53	-0.111322871795906
22109	54	-0.000790879401264988
22109	55	-0.0213857131226192
22109	56	-0.134408590863138
22109	57	0.0759706962808622
22109	58	0.153017265594144
22109	59	-0.038234773562138
22109	60	0.136864304604046
22109	61	0.0848371475168932
22109	62	0.07864711877302
22109	63	-0.105405164349641
22109	64	0.080973701072601
22109	65	0.0618696928515803
22109	66	0.076392246108739
22109	67	0.106774407461494
22109	68	0.10663598501506
22109	69	-0.0884737029065761
22109	70	0.138998466078
22109	71	0.0777038530145475
22109	72	0.157204127929468
22109	73	0.115394064512138
22109	74	0.0391168558878618
22110	1	-0.899279915163923
22110	2	0.0711518972372183
22110	3	-0.0658057827152199
22110	4	0.028812392455702
22110	5	0.00885360732393181
22110	6	-0.0363954169194542
22110	7	0.0983939658000921
22110	8	-0.131365685126603
22110	9	0.121148540704574
22110	10	0.0221685113499532
22110	11	-0.0721306827316965
22110	12	-0.0638574888624817
22110	13	0.0538500648675679
22110	14	-0.0406051565485299
22110	15	0.0242715714561967
22110	16	0.0927156116943593
22110	17	-0.0985983790195135
22110	18	-0.0521439023650601
22110	19	0.130074056311422
22110	20	0.0243489507730388
22110	21	-0.0154990581135053
22110	22	0.0769843661014704
22110	23	-0.00770507881108529
22110	24	-0.0369030572411901
22110	25	0.0195180354385798
22110	26	-0.07003559296178
22110	27	-0.00300323568223604
22110	28	-0.126507304135082
22110	29	-0.0427866589371177
22110	30	-0.0686639864696303
22110	31	-0.103684832785241
22110	32	0.0325640739604509
22110	33	0.0104934011558626
22110	34	-0.000859950522951181
22110	35	-0.00498086585893276
22110	36	0.061209297457296
22110	37	0.0116887819545823
22110	38	-0.0702518341889586
22110	39	-0.0213250957179127
22110	40	-0.0333489202648494
22110	41	0.0295914268476878
22110	42	0.0885173818719238
22110	43	0.136560213227519
22110	44	0.0617699626649255
22110	45	0.0865123886378427
22110	46	0.0237593047568083
22110	47	0.0003864728056584
22110	48	0.0337905143210975
22110	49	-0.0123053687566212
22110	50	0.0636388881990513
22110	51	0.190643534935624
22110	52	-0.0261075699970661
22110	53	0.10723768677866
22110	54	0.0601429670125313
22110	55	0.0537660391337269
22110	56	-0.0122138234609181
22110	57	0.0746534103807335
22110	58	-0.0781394096089727
22110	59	-0.00283005587859719
22110	60	0.0625515546428161
22110	61	0.016526708561166
22110	62	-0.0447697990126343
22110	63	0.0126489415907045
22110	64	0.0704575759639141
22110	65	-0.0417418738152691
22110	66	-0.0664478878016936
22110	67	0.112686594946105
22110	68	0.0510013043847124
22110	69	0.143543711312226
22110	70	0.100703899139432
22110	71	0.00483464904777975
22110	72	0.0930807035360885
22110	73	-0.0240932141276318
22110	74	0.328414970422209
22111	1	0.28984853829072
22111	2	-0.0954755391357374
22111	3	-0.0966287735165743
22111	4	-0.051812333460596
22111	5	-0.148588656779161
22111	6	-0.0893548604568863
22111	7	-0.0241539427101074
22111	8	-0.102283885341116
22111	9	0.0161011737573489
22111	10	-0.0266879982370298
22111	11	-0.124970321971503
22111	12	-0.146741192836238
22111	13	-0.147102425529596
22111	14	-0.0106476098023975
22111	15	-0.0163279519683854
22111	16	-0.0772399273061026
22111	17	-0.025524097713209
22111	18	-0.0305615610165901
22111	19	-0.244316751383529
22111	20	-0.136304517607613
22111	21	-0.0414298859915831
22111	22	-0.144821601130005
22111	23	-0.204136707145658
22111	24	0.00312835341149054
22111	25	-0.0824218167279298
22111	26	-0.127283686924279
22111	27	-0.119932890614152
22111	28	-0.0271154397318796
22111	29	-0.081090879958218
22111	30	-0.0289604195509412
22111	31	-0.00472040686841524
22111	32	-0.0396521602483659
22111	33	-0.106904111352918
22111	34	-0.0862580917731464
22111	35	-0.173522132957793
22111	36	-0.0285851226140892
22111	37	0.0301507679876067
22111	38	0.0597069016200464
22111	39	-0.01185450417303
22111	40	0.0422223218737514
22111	41	0.137654891640018
22111	42	0.103560354540399
22111	43	0.0755366911291517
22111	44	0.0387251401750461
22111	45	0.0670932948933327
22111	46	0.0756926750041274
22111	47	0.060109271808976
22111	48	0.0137531389058125
22111	49	0.126150934307233
22111	50	0.0583065469292094
22111	51	0.0692225468579721
22111	52	0.0397697687523149
22111	53	0.115046889669564
22111	54	0.11382869536591
22111	55	-0.0139395839534728
22111	56	-0.000192947030726032
22111	57	0.209843914207674
22111	58	0.0100009562364178
22111	59	0.0466407530454802
22111	60	0.201439692514178
22111	61	-0.0148976497615507
22111	62	-0.0463793466097115
22111	63	-0.00348075093997124
22111	64	-0.0275582907931806
22111	65	0.0408695795696943
22111	66	0.0313870285212374
22111	67	0.117463771150462
22111	68	0.129447609495365
22111	69	-0.134490062517621
22111	70	-0.0386877279169937
22111	71	0.147081038917158
22111	72	-0.0477738223344844
22111	73	0.0498702460285472
22111	74	-0.0801005365343102
22112	1	0.151278358330909
22112	2	-0.205506484098429
22112	3	-0.13038862287409
22112	4	-0.149019744107594
22112	5	-0.266588276997066
22112	6	-0.0668926682937681
22112	7	-0.093038607386994
22112	8	-0.116593465973025
22112	9	-0.166728573369973
22112	10	-0.167797689760015
22112	11	-0.210503601535457
22112	12	-0.124020828245428
22112	13	-0.256538819637548
22112	14	-0.247718047471487
22112	15	-0.268454433962148
22112	16	-0.218396595360012
22112	17	-0.147275356320336
22112	18	-0.131592993608912
22112	19	-0.0448970107866131
22112	20	-0.317774724231562
22112	21	-0.109758507336267
22112	22	-0.257126210189334
22112	23	-0.143053851793013
22112	24	-0.210405121998285
22112	25	-0.137951913797323
22112	26	-0.0944437836033032
22112	27	-0.123099108798307
22112	28	-0.191348567713817
22112	29	-0.144149793159485
22112	30	-0.105782926999368
22112	31	-0.132972820370398
22112	32	-0.141289788581958
22112	33	-0.152100959558517
22112	34	-0.112768469947454
22112	35	-0.19348398272156
22112	36	-0.0257796926998637
22112	37	-0.0086508000603942
22112	38	-0.0281062434680166
22112	39	-0.116236844389967
22112	40	-0.0859282478398669
22112	41	0.0564645931294621
22112	42	0.0254355572897609
22112	43	0.136339687636962
22112	44	-0.0325221227949086
22112	45	-0.0821313378885051
22112	46	-0.0665179504268778
22112	47	-0.0995629880622957
22112	48	0.0707511098357401
22112	49	-0.211097217182186
22112	50	0.0104713606630256
22112	51	0.182655536138377
22112	52	0.00690232199649898
22112	53	-0.0334038771527645
22112	54	0.0735329336734196
22112	55	0.0520224444359272
22112	56	0.106106150094078
22112	57	-0.0743198032796499
22112	58	0.00914051913436964
22112	59	0.0678873144145982
22112	60	0.0539991863496425
22112	61	0.0444080246178373
22112	62	-0.0125935398785728
22112	63	-0.108910307069934
22112	64	0.0401998362491369
22112	65	0.0307771088802937
22112	66	-0.0710888660415989
22112	67	-0.0233988926170596
22112	68	0.0285130300561178
22112	69	0.162059166480581
22112	70	0.130352751843127
22112	71	0.0907595284569283
22112	72	-0.0839342393520113
22112	73	0.204737173416717
22112	74	-0.285122011201715
22201	1	0.0390869551199451
22201	2	-0.016346605577489
22201	3	0.115602170333048
22201	4	0.151437856583144
22201	5	0.0810329102344625
22201	6	0.107295444261524
22201	7	0.0761248317720629
22201	8	0.20071899567349
22201	9	0.0376654888420731
22201	10	0.109068140048002
22201	11	0.07512048507283
22201	12	0.0995093814213845
22201	13	0.167669085109509
22201	14	0.040581213076571
22201	15	0.0351650916382553
22201	16	0.147234116904563
22201	17	0.0315788877190215
22201	18	0.141984136921081
22201	19	0.139563216689908
22201	20	-0.0619847418847641
22201	21	0.0726612006001091
22201	22	0.173061740637344
22201	23	0.104502970057048
22201	24	0.075849967073097
22201	25	0.129477311998649
22201	26	0.209491895360173
22201	27	0.13539956704863
22201	28	0.125642653943729
22201	29	0.149083624929212
22201	30	0.199035738048273
22201	31	0.167952489049711
22201	32	0.0795098159654799
22201	33	0.132864343783723
22201	34	0.163788510370566
22201	35	0.0978937299010383
22201	36	0.0960857208484001
22201	37	0.102023894260931
22201	38	0.0123840369458748
22201	39	0.000963157015355876
22201	40	0.122252695452801
22201	41	0.120607456410973
22201	42	0.0442843574521277
22201	43	-0.0728732243904417
22201	44	-0.000119223391116918
22201	45	0.0735452738920728
22201	46	-0.0258304151201614
22201	47	-0.00256610890938447
22201	48	0.0245457568266616
22201	49	0.0487130809794536
22201	50	-0.0444606274022803
22201	51	0.0338049589378784
22201	52	-0.0210269962391862
22201	53	0.0246873732300728
22201	54	0.0159027077822387
22201	55	-0.00945181665328221
22201	56	0.0324044589133905
22201	57	0.0206470184992966
22201	58	0.160151157763366
22201	59	-0.126916957031199
22201	60	-0.0123369595117921
22201	61	-0.0447514038428451
22201	62	0.0608179425551114
22201	63	0.0286958931916672
22201	64	-0.12218948325733
22201	65	0.048641283714673
22201	66	0.124122127208679
22201	67	0.118832520673116
22201	68	0.196081759164514
22201	69	0.0879949922533925
22201	70	0.211347393614481
22201	71	0.163206663921919
22201	72	-0.0451067816686788
22201	73	0.0923019065752655
22201	74	0.454328449958695
22202	1	-0.401365460980148
22202	2	-0.0386035012210435
22202	3	0.0448221925789412
22202	4	0.126095067195621
22202	5	0.0187463778544519
22202	6	0.0805321245959689
22202	7	0.181460348212241
22202	8	0.22108468921229
22202	9	0.0222987676326696
22202	10	0.124241640844268
22202	11	0.244333360128387
22202	12	0.210531865858627
22202	13	0.213451712275727
22202	14	0.157051989176821
22202	15	0.102884589045104
22202	16	0.140404987021277
22202	17	0.277064309140599
22202	18	0.145887582257195
22202	19	0.0218152209095805
22202	20	0.00478188414229663
22202	21	0.0748661402570505
22202	22	0.101988460845931
22202	23	0.260318269157658
22202	24	0.302435681154833
22202	25	0.255893895995364
22202	26	0.158534760031607
22202	27	0.232236267242207
22202	28	0.226985909156198
22202	29	0.116867559706385
22202	30	0.131447892516142
22202	31	0.232610982121741
22202	32	0.172524288894913
22202	33	0.11402188208492
22202	34	-0.0224593312919197
22202	35	0.111567185306882
22202	36	0.0161661925411991
22202	37	-0.0260048973077929
22202	38	0.0773243060242734
22202	39	0.10485863788022
22202	40	-0.0375793813286975
22202	41	0.132499306738893
22202	42	-0.0157081736775737
22202	43	-0.0433508879514406
22202	44	0.022856425080505
22202	45	-0.0775536286840719
22202	46	0.121153215202483
22202	47	0.156863487712471
22202	48	0.0207627928412464
22202	49	0.0525319834033908
22202	50	-0.0154975916021201
22202	51	0.0935238894407959
22202	52	0.108308973577529
22202	53	0.116838868462558
22202	54	-0.0979072545531992
22202	55	0.0214345215789891
22202	56	0.138054304371423
22202	57	0.11556364760181
22202	58	0.0825759873261163
22202	59	-0.0346446296725276
22202	60	0.0738491321755603
22202	61	0.062617449090439
22202	62	0.0258007411086183
22202	63	0.133401271221615
22202	64	0.133645742551863
22202	65	-0.0107098922788396
22202	66	0.00446250739815213
22202	67	-0.00449863027405684
22202	68	0.0634873776531109
22202	69	0.0860745611868339
22202	70	0.15514783198163
22202	71	0.0041132059934057
22202	72	0.109398920025924
22202	73	-0.0689446196556744
22202	74	-0.0202509486607596
22203	1	0.829787816709526
22203	2	0.0672406573959385
22203	3	-0.0657267409769382
22203	4	-0.158301151797062
22203	5	-0.0331366530363688
22203	6	-0.00561635183998987
22203	7	-0.0463431275858639
22203	8	-0.0499213962900598
22203	9	-0.0518998179857775
22203	10	-0.114068147041202
22203	11	0.0673212238186878
22203	12	-0.0284987772958658
22203	13	0.0623128356783553
22203	14	-0.017009871467792
22203	15	0.11073686735876
22203	16	-0.0104465883183735
22203	17	0.0571891737633905
22203	18	0.051391756599017
22203	19	-0.0399309302143536
22203	20	-0.0277315975326005
22203	21	-0.0125835319819885
22203	22	0.0232296182923619
22203	23	0.106804119737518
22203	24	-0.0756255517772288
22203	25	0.0708187759907091
22203	26	-0.00823821566214633
22203	27	0.0328535979800009
22203	28	-0.0739344690299362
22203	29	-0.0615386482426103
22203	30	0.119011337654541
22203	31	0.0318733398122077
22203	32	0.0425869907597374
22203	33	0.0743639000206358
22203	34	0.0695922318777917
22203	35	-0.053892317892803
22203	36	0.0355747667558859
22203	37	-0.0777018454343334
22203	38	0.0784218048430674
22203	39	0.0864702621908719
22203	40	0.179391142186162
22203	41	0.183736761134178
22203	42	0.0789005589399778
22203	43	0.00961412853710897
22203	44	0.101763681751052
22203	45	0.0493690474395976
22203	46	0.0473805382793415
22203	47	-0.0745695962388027
22203	48	-0.00740847523591981
22203	49	-0.0259722259871182
22203	50	0.134916372690427
22203	51	0.205443668145229
22203	52	0.0663559960363571
22203	53	0.10965990711329
22203	54	0.136544244043357
22203	55	0.0200015588001534
22203	56	0.256957522275016
22203	57	0.111733441800695
22203	58	0.0361134216678138
22203	59	0.0252400686629244
22203	60	0.0881901378425027
22203	61	0.0346785987112881
22203	62	-0.0511853726592406
22203	63	0.103336362891177
22203	64	0.020715304771862
22203	65	0.0700744704785166
22203	66	0.138365286538658
22203	67	0.183157098354286
22203	68	0.094705979793936
22203	69	0.129719480634392
22203	70	0.221490767740839
22203	71	0.150761947892029
22203	72	0.140171839089987
22203	73	0.191957307786708
22203	74	0.132204436533733
22204	1	0.362167650526917
22204	2	-0.198972908780824
22204	3	-0.104254321603673
22204	4	-0.171524281312678
22204	5	-0.087640908576013
22204	6	-0.158362722740229
22204	7	-0.0963053950457962
22204	8	-0.067954627497528
22204	9	-0.188144181355447
22204	10	-0.0999211017382393
22204	11	-0.068216850174295
22204	12	-0.0601369806955177
22204	13	-0.202455335064045
22204	14	-0.0658668677981709
22204	15	-0.0633727642706745
22204	16	-0.175202402982514
22204	17	-0.226767189351186
22204	18	-0.0702499809047339
22204	19	-0.0906320380098435
22204	20	0.000555584298382428
22204	21	-0.0444227541602231
22204	22	-0.0905200395904231
22204	23	-0.149950403517153
22204	24	-0.0151238152832178
22204	25	-0.0247032749588527
22204	26	-0.0984365240751686
22204	27	-0.156129961792864
22204	28	-0.0730182591838684
22204	29	-0.0178340036857989
22204	30	-0.0658555222806712
22204	31	-0.0632813503159468
22204	32	0.00135993918573263
22204	33	-0.14230059658211
22204	34	0.0396816207966495
22204	35	-0.100924999055493
22204	36	0.0114195214727744
22204	37	0.0990234862248727
22204	38	0.171568310375115
22204	39	0.0861322814142511
22204	40	0.00337166718573911
22204	41	0.0629190137386857
22204	42	0.0986848906660356
22204	43	0.139046233638332
22204	44	0.145397664347946
22204	45	0.208540554414498
22204	46	-0.00259868047020717
22204	47	0.237270817044426
22204	48	0.128952235785945
22204	49	0.0277222900464196
22204	50	0.10753245600808
22204	51	0.112517507646437
22204	52	0.0505419003052339
22204	53	0.050259667962699
22204	54	0.118528757208828
22204	55	0.0519838357176354
22204	56	0.14385279085981
22204	57	0.0149987948023806
22204	58	-0.0752826053778435
22204	59	0.0568731196103371
22204	60	0.13730044874454
22204	61	0.0162173785068234
22204	62	0.154481039309083
22204	63	0.0512827132563416
22204	64	0.0317051113200222
22204	65	0.0393464084331967
22204	66	0.0722353039685046
22204	67	-0.0734416250021397
22204	68	0.112734359104074
22204	69	0.045493397196168
22204	70	0.213745403668128
22204	71	0.138192489988704
22204	72	0.010405147949335
22204	73	-0.00918037054611176
22204	74	-0.0750728043414455
22205	1	-0.34841104105276
22205	2	-0.0334215622357981
22205	3	0.130006753439876
22205	4	0.045121475639295
22205	5	0.0724219423722339
22205	6	0.0225530009592063
22205	7	0.0206948120212758
22205	8	-0.0370894525258478
22205	9	-0.0279717066602672
22205	10	-0.0211138081049427
22205	11	0.0715241941746072
22205	12	0.202850388212752
22205	13	0.00232182421925842
22205	14	0.0268139200311595
22205	15	0.00799960323684701
22205	16	-0.00865469838197441
22205	17	-0.00107381915179872
22205	18	0.143167965720679
22205	19	0.0114033095583395
22205	20	0.0823568242647639
22205	21	0.0520120379809725
22205	22	0.191834191277188
22205	23	0.0491579900077426
22205	24	0.0523142777508028
22205	25	0.0192290506480362
22205	26	-0.0841391513909713
22205	27	-0.0479800452287122
22205	28	0.0687081930262678
22205	29	0.00921870097564437
22205	30	0.0600290804550454
22205	31	0.0878995410469159
22205	32	-0.0761830272328581
22205	33	0.088506112391201
22205	34	0.0178518786560602
22205	35	-0.0469340856460718
22205	36	0.0460099480481517
22205	37	0.0843827737904093
22205	38	0.105783323147541
22205	39	-0.00596680717451648
22205	40	-0.0389729815305913
22205	41	0.0444397856686791
22205	42	-0.0312864342566925
22205	43	0.00718905591221386
22205	44	-0.0572685615322328
22205	45	-0.0566859435608364
22205	46	0.066764103575558
22205	47	-0.148199758461423
22205	48	-0.063082267608678
22205	49	-0.0536144435674331
22205	50	0.0287809474165144
22205	51	0.0738972230569956
22205	52	0.0860463247068353
22205	53	-0.116825465421485
22205	54	-0.030533106805585
22205	55	0.00127323339503249
22205	56	0.0284174684319396
22205	57	-0.0230039693551234
22205	58	0.100755974386189
22205	59	0.165522222326182
22205	60	0.0634675396915156
22205	61	0.0493132711558388
22205	62	0.00121809782280735
22205	63	0.139522913244505
22205	64	0.0312099224252265
22205	65	0.0948456632767147
22205	66	0.0140115593180994
22205	67	0.151235906101441
22205	68	0.160868905494993
22205	69	0.0777435388927472
22205	70	-0.0987826804407277
22205	71	-0.0281514169885781
22205	72	0.0679294421548917
22205	73	0.047269875423396
22205	74	-0.139819063677535
22206	1	0.31638598536599
22206	2	-0.040300251137932
22206	3	-0.114581560024803
22206	4	0.0120435742216465
22206	5	-0.0286152683703769
22206	6	-0.03850388911507
22206	7	-0.0713037294051659
22206	8	-0.153310714814403
22206	9	0.0381344310193228
22206	10	-0.14889226883264
22206	11	-0.0127199695860654
22206	12	-0.131331791358811
22206	13	-0.0611550427108014
22206	14	-0.0614169422856179
22206	15	0.0052873411044132
22206	16	-0.0130926625826007
22206	17	-0.049169789349591
22206	18	-0.0153422040952478
22206	19	-0.131572818489069
22206	20	0.0407347006293861
22206	21	-0.0905102309411916
22206	22	-0.115679874465471
22206	23	0.0026553246876091
22206	24	-0.0308777108835301
22206	25	-0.0463314186889789
22206	26	-0.0628259268697207
22206	27	-0.0491198800032464
22206	28	0.0668879585859798
22206	29	0.0855396514759548
22206	30	0.0556049913762493
22206	31	0.0433208493956982
22206	32	-0.113311556506254
22206	33	0.0441858610932968
22206	34	0.0296769836531325
22206	35	-0.0681041500318287
22206	36	0.109522571244241
22206	37	0.0917163710155222
22206	38	0.104862832845562
22206	39	0.0445106803968542
22206	40	0.038433677934961
22206	41	0.0368080354623714
22206	42	0.1448728669221
22206	43	0.14535008804215
22206	44	-0.0995805218679564
22206	45	0.041993300456312
22206	46	0.00244099213202986
22206	47	0.0500841066381952
22206	48	-0.214439643442724
22206	49	-0.0230442476922619
22206	50	-0.0569877219563537
22206	51	0.0853909743074865
22206	52	-0.0766561537109069
22206	53	-0.102528605842778
22206	54	0.0699493635284654
22206	55	0.0611837287334112
22206	56	-0.02259688217719
22206	57	0.105077917341845
22206	58	0.104290812037476
22206	59	0.0692752116500728
22206	60	-0.0590701792844541
22206	61	-0.0322735778647427
22206	62	0.126143444384702
22206	63	0.0695947940656865
22206	64	0.0277619502413202
22206	65	0.0288141553997505
22206	66	0.0967298776864496
22206	67	-0.047894973244162
22206	68	0.138298614141924
22206	69	0.0397079206675599
22206	70	0.0391114470998701
22206	71	-0.11207391274732
22206	72	-0.0701640507220134
22206	73	-0.0496728650645792
22206	74	-0.154292002498934
22207	1	0.573168777993086
22207	2	-0.101127332588327
22207	3	-0.0436450732564637
22207	4	0.0217084480147243
22207	5	-0.039669566526733
22207	6	0.0109186412594937
22207	7	-0.0018851808532645
22207	8	0.0130009586677104
22207	9	-0.0582746601770552
22207	10	-0.0606153657215529
22207	11	-0.105123010097429
22207	12	-0.0339435720762609
22207	13	-0.0663508999298088
22207	14	0.0435188323895659
22207	15	-0.0414469322761519
22207	16	-0.205046536643238
22207	17	-0.00986509143088199
22207	18	-0.0147907532581186
22207	19	-0.143436121884989
22207	20	-0.190398517673515
22207	21	-0.0298337845809797
22207	22	-0.0604410388431162
22207	23	-0.120990276241059
22207	24	-0.0667488767991316
22207	25	-0.119346248344918
22207	26	-0.00720576325683453
22207	27	0.0561930090935121
22207	28	-0.101266624618312
22207	29	-0.0491602476090662
22207	30	0.130500652874971
22207	31	0.042532912000901
22207	32	0.0428285615158117
22207	33	0.0723677903601114
22207	34	0.0226424302809036
22207	35	0.0038520204238921
22207	36	0.0767783991534188
22207	37	0.035576958085521
22207	38	-0.0907905714989852
22207	39	-0.090928803794398
22207	40	0.0086318796963738
22207	41	0.160216983012042
22207	42	-0.108942133401811
22207	43	-0.0104341096890792
22207	44	0.00735800592222802
22207	45	0.0534977994623986
22207	46	-0.0739301164692634
22207	47	-0.123901087852943
22207	48	-0.0180408492111397
22207	49	0.0101150658372688
22207	50	-0.118538859465744
22207	51	-0.0276019448000042
22207	52	-0.0110437957245679
22207	53	0.107187937627636
22207	54	-0.0524989528894508
22207	55	0.0396294983438423
22207	56	0.106658809946055
22207	57	-0.0158959878225886
22207	58	0.0288639045866574
22207	59	0.00736812346062266
22207	60	0.076167697009204
22207	61	0.0175615170850705
22207	62	-0.063097291970621
22207	63	0.0501458528830199
22207	64	0.039602707505594
22207	65	0.0419660438109304
22207	66	-0.117885933236643
22207	67	0.0570720959106126
22207	68	0.0250133021142105
22207	69	-0.000593682976443688
22207	70	-0.0155291530194219
22207	71	-0.0999471042755857
22207	72	-0.00644874582174282
22207	73	0.00873662317444968
22207	74	-0.412829801851878
22208	1	0.0889403957605737
22208	2	0.0700446237711496
22208	3	0.0268503943883367
22208	4	0.0651330690851957
22208	5	0.0613747896195989
22208	6	-0.0637702419679869
22208	7	0.00660991234395425
22208	8	-0.0444133020242816
22208	9	0.0516495415022007
22208	10	0.0387166625080226
22208	11	-0.0115530795291434
22208	12	-0.025107056186819
22208	13	0.108447337882147
22208	14	0.0808822695203659
22208	15	0.105777884758531
22208	16	0.0475596979585973
22208	17	0.091817290611921
22208	18	-0.060672127868088
22208	19	0.114763733798739
22208	20	-0.0542911684197023
22208	21	0.0112463179004578
22208	22	0.0779693616618431
22208	23	0.0474889103833149
22208	24	0.0255245166146665
22208	25	0.0330197736660409
22208	26	0.0693585858574295
22208	27	0.034343446636008
22208	28	0.0530884639206661
22208	29	0.116088459578393
22208	30	0.0432007327802992
22208	31	0.049711106835808
22208	32	0.159791036803021
22208	33	-0.0850259601396033
22208	34	0.117639756010071
22208	35	0.203331021810939
22208	36	0.0133357736991968
22208	37	-0.0854200618035676
22208	38	0.120658967638022
22208	39	0.0663918707939928
22208	40	0.182736162147705
22208	41	0.176845444938344
22208	42	0.0224415797139699
22208	43	-0.0174141369275205
22208	44	0.0618148713095792
22208	45	-0.0340164431014074
22208	46	-0.0341102243476641
22208	47	0.0246118146041496
22208	48	0.131298001678509
22208	49	0.0914665864301583
22208	50	0.0934908853161005
22208	51	-0.022969824414723
22208	52	0.0282146385164879
22208	53	-0.011168178591106
22208	54	-0.0261622534951584
22208	55	-0.0364143333137861
22208	56	0.132633443865551
22208	57	-0.0335896176321313
22208	58	-0.0265342130192323
22208	59	-0.142695300561769
22208	60	-0.0500030524673676
22208	61	0.00627951452671738
22208	62	-0.0311295031235801
22208	63	0.08067136475929
22208	64	0.0580728601267637
22208	65	0.0125176209486781
22208	66	0.0303837938109837
22208	67	-0.0222301891519123
22208	68	-0.0860288411495276
22208	69	-0.0944996386848729
22208	70	-0.2102654006191
22208	71	0.111727747269761
22208	72	-0.0665664620200488
22208	73	-0.0598821318200748
22208	74	-0.12523934870012
22209	1	0.0454975063205652
22209	2	-0.112711946329068
22209	3	0.0561431939894845
22209	4	-0.0430917856071105
22209	5	-0.0808026220451126
22209	6	-0.047738904611613
22209	7	-0.207146132914104
22209	8	0.00708805438107873
22209	9	-0.105705494316965
22209	10	-0.095753303230822
22209	11	-0.0360276930118104
22209	12	-0.123401957409122
22209	13	0.0551319347785935
22209	14	-0.0459864951633904
22209	15	-0.191219327346026
22209	16	-0.0195269926000279
22209	17	-0.0336214856874406
22209	18	0.0781737750218454
22209	19	-0.0103979799047451
22209	20	-0.055889346564193
22209	21	-0.12351722907141
22209	22	-0.0463093558011352
22209	23	0.12152957175951
22209	24	-0.136831536602372
22209	25	-0.17086676131705
22209	26	0.00295554162276801
22209	27	-0.114920460367074
22209	28	-0.115529279047841
22209	29	-0.00341336835898431
22209	30	-0.191615823999889
22209	31	-0.0395394651219974
22209	32	-0.0388166673391765
22209	33	-0.0175120375564504
22209	34	-0.108969290646819
22209	35	-0.031737444185822
22209	36	-0.0635045786840394
22209	37	-0.0737785570765581
22209	38	0.0826792122359734
22209	39	-0.0775717428365752
22209	40	-0.0139906906133618
22209	41	0.00571918334056676
22209	42	0.0354624740685239
22209	43	-0.027334738198995
22209	44	-0.0764992647089855
22209	45	0.073637052670648
22209	46	0.064266601078053
22209	47	-0.0511107855459443
22209	48	0.0320358430437864
22209	49	-0.159392743506174
22209	50	-0.0624513957859705
22209	51	-0.215329660802787
22209	52	0.0489806784566511
22209	53	0.0136454721437929
22209	54	0.0187133296319857
22209	55	-0.111176429881041
22209	56	-0.00126895954051776
22209	57	0.0550246703812363
22209	58	0.0697634772877365
22209	59	0.0276134112743023
22209	60	-0.0387518617372251
22209	61	-0.0902126986791885
22209	62	-0.00157805817536172
22209	63	-0.00617304169856681
22209	64	-0.00285779432964262
22209	65	0.0583155783745397
22209	66	0.0162990556952352
22209	67	0.0882715088525572
22209	68	0.012961186435966
22209	69	0.0108452489459125
22209	70	-0.0276549714333285
22209	71	-0.0871026946045035
22209	72	-0.101533295063462
22209	73	0.158236682164542
22209	74	-0.06979925151429
22210	1	-0.265231296936559
22210	2	0.0615099869914424
22210	3	-0.0644992390173726
22210	4	-0.0389538366631825
22210	5	-0.00635687105079796
22210	6	0.0599208048798587
22210	7	0.0494963747527422
22210	8	0.132957498399477
22210	9	-0.0975440209831575
22210	10	0.101102374945654
22210	11	0.0318788164468842
22210	12	0.0424462896635163
22210	13	0.0808190298800113
22210	14	0.109349706087492
22210	15	0.08644646044268
22210	16	0.110378960154804
22210	17	0.14344117920362
22210	18	-0.0574379865238726
22210	19	0.015375948014281
22210	20	-0.0479977041823147
22210	21	0.0919774785900813
22210	22	0.0960420931302153
22210	23	0.115297491172164
22210	24	0.00493439945134355
22210	25	0.0613298736272299
22210	26	0.0356675739732708
22210	27	0.0224977483936328
22210	28	0.0275160209027376
22210	29	0.14178327551204
22210	30	0.0365471425337702
22210	31	0.0395331766163451
22210	32	0.0959263602696012
22210	33	0.0242285790214751
22210	34	-0.069157255293689
22210	35	0.127127659003214
22210	36	2.76993399452863e-05
22210	37	0.0527091305142307
22210	38	0.0618899598317242
22210	39	0.0841551988110538
22210	40	0.0710271714412727
22210	41	0.0743616279743549
22210	42	0.125444710049315
22210	43	-0.076974696094176
22210	44	0.101156472968384
22210	45	0.142478229118169
22210	46	0.000608417556861696
22210	47	0.123263286268646
22210	48	0.135158607485941
22210	49	0.083944068684275
22210	50	0.107615839710249
22210	51	0.104829812024313
22210	52	0.075609761141969
22210	53	0.199874268355238
22210	54	0.111688920948907
22210	55	0.212887788028233
22210	56	0.136284422236066
22210	57	0.0602574648628362
22210	58	0.100031850025701
22210	59	-0.0670500960010756
22210	60	0.100818531255946
22210	61	0.0853166518732564
22210	62	0.062783807087456
22210	63	0.0327560042155497
22210	64	0.146635442487572
22210	65	0.196305349940836
22210	66	0.0666070064942801
22210	67	0.0407524160064483
22210	68	0.231908310608986
22210	69	0.17455347110684
22210	70	0.138580753227053
22210	71	0.0108998060387506
22210	72	0.0547650717546446
22210	73	-0.0584548513723462
22210	74	-0.076418993428149
22211	1	0.218677672139716
22211	2	-0.237796288343219
22211	3	-0.217979830299672
22211	4	-0.201202084153003
22211	5	-0.124190597458192
22211	6	-0.277935345989455
22211	7	-0.162325048068389
22211	8	-0.134430663034976
22211	9	-0.0278152247205483
22211	10	-0.0868482901267669
22211	11	-0.354757137792319
22211	12	-0.171117050689446
22211	13	-0.185818130184558
22211	14	-0.125932521644295
22211	15	-0.119793018974171
22211	16	-0.125007874316076
22211	17	-0.119990124661733
22211	18	-0.272946762167983
22211	19	-0.169742833424181
22211	20	-0.175123648612377
22211	21	-0.0997827888808729
22211	22	-0.100200982924719
22211	23	-0.221099305388847
22211	24	-0.129058914886073
22211	25	-0.209935405312265
22211	26	-0.135196073434507
22211	27	-0.181383981254491
22211	28	-0.110816597687339
22211	29	-0.171870515634836
22211	30	-0.229718545525046
22211	31	-0.110155177263948
22211	32	-0.00113924704892554
22211	33	-0.134510688889719
22211	34	-0.169195194338101
22211	35	-0.133673611947827
22211	36	-0.0939804548949468
22211	37	0.067405123127088
22211	38	-0.0775852057416984
22211	39	-0.0326729030194102
22211	40	0.244335375335211
22211	41	-0.199114095902878
22211	42	-0.131118676178694
22211	43	-0.110531033736486
22211	44	0.0275092494628666
22211	45	-0.0947390358506297
22211	46	-0.0152745474286107
22211	47	0.0995232059762756
22211	48	-0.0821359274864761
22211	49	-0.00921665567796026
22211	50	-0.115440982313721
22211	51	-0.200686508974371
22211	52	0.0777929731023406
22211	53	0.0244486482865156
22211	54	-0.0348092119973415
22211	55	0.00646566630164358
22211	56	-0.0165435487832823
22211	57	0.0274790724124614
22211	58	-0.136158626164772
22211	59	-0.0759296286724762
22211	60	-0.23277923976736
22211	61	-0.170631135298457
22211	62	0.00641135766360179
22211	63	-0.0525745472799315
22211	64	-0.0677012012608387
22211	65	0.0226048096181799
22211	66	0.0318755493502678
22211	67	0.194585632122745
22211	68	0.0250119050663642
22211	69	0.0324438189505969
22211	70	-0.156254327465611
22211	71	-0.0532805545840063
22211	72	-0.110253206888061
22211	73	-0.0307255112154436
22211	74	-0.0790004503243296
22212	1	-0.13140569848326
22212	2	-0.0927545782026229
22212	3	-0.126054614465765
22212	4	-0.086943362653372
22212	5	0.0123987329780455
22212	6	-0.109230117696853
22212	7	-0.162599961456188
22212	8	-0.0700412024942239
22212	9	-0.173271856823263
22212	10	-0.181417529953315
22212	11	-0.187567726468373
22212	12	-0.0718069688030525
22212	13	-0.103969669396058
22212	14	-0.0800946799888891
22212	15	-0.176864376171771
22212	16	-0.0490942597443649
22212	17	0.0112719829763108
22212	18	-0.0979085943132887
22212	19	-0.14734642735462
22212	20	-0.180587845316289
22212	21	0.0244292318277033
22212	22	-0.0748191526443591
22212	23	-0.154899665024665
22212	24	-0.159776520212525
22212	25	0.0824882962220101
22212	26	-0.198239934327503
22212	27	-0.196521873837156
22212	28	0.0207911862928114
22212	29	-0.110496136293534
22212	30	-0.103720622341889
22212	31	0.00249558369299763
22212	32	-0.0530066993453175
22212	33	-0.0679187486384834
22212	34	-0.102267233508506
22212	35	-0.0362716469171431
22212	36	0.0163895200881257
22212	37	-0.0959600516279622
22212	38	-0.0352491186680481
22212	39	0.104564499159871
22212	40	0.0191372822362226
22212	41	-0.103553844446111
22212	42	-0.0250406765236448
22212	43	0.0753890907330899
22212	44	-0.0580402161406113
22212	45	0.0075335920394366
22212	46	0.0434410399573792
22212	47	-0.076108449530409
22212	48	-0.0530118332578482
22212	49	-0.0142622852955157
22212	50	-0.0681576103650485
22212	51	0.0670808049416749
22212	52	-0.0696091754607338
22212	53	-0.0174991741803794
22212	54	-0.112645979384631
22212	55	-0.0350346548412901
22212	56	-0.069259716478264
22212	57	0.00615933857668693
22212	58	-0.125291807868088
22212	59	-0.147091701721862
22212	60	0.0989575420365938
22212	61	0.0466472582032367
22212	62	-0.0251529208199344
22212	63	0.100224506965034
22212	64	-0.103086206326694
22212	65	-0.0376666894408828
22212	66	-0.0891305840082239
22212	67	-0.0887064517694327
22212	68	0.108008477933154
22212	69	-0.0343034361277077
22212	70	0.0347293306769956
22212	71	0.148831614992233
22212	72	-0.0571666182609221
22212	73	0.0337459466924201
22212	74	0.166458902990819
22301	1	0.949758469609904
22301	2	0.0194315813026407
22301	3	0.00828516024517612
22301	4	-0.0273256053834245
22301	5	-0.0441150653356992
22301	6	-0.042766134425186
22301	7	0.0187994488830086
22301	8	-0.141075111537162
22301	9	-0.00575220282744482
22301	10	-0.0371193850984426
22301	11	0.0289311256957063
22301	12	-0.0188152560310471
22301	13	-0.031973728156963
22301	14	-0.0175462168666982
22301	15	-0.0466814481779423
22301	16	-0.053316178690288
22301	17	-0.149269527103201
22301	18	-0.134894039415521
22301	19	-0.130350161436482
22301	20	-0.251771270423745
22301	21	-0.0216934728415055
22301	22	-0.0222856738693622
22301	23	0.0626748570013973
22301	24	-0.10417687075676
22301	25	-0.0590496674892407
22301	26	-0.0347839523480076
22301	27	0.0365874491442852
22301	28	-0.197722449408566
22301	29	-0.0733008775898227
22301	30	-0.0231788012253062
22301	31	0.0728505315560923
22301	32	-0.0926502836055292
22301	33	-0.122011641768871
22301	34	0.0617625300105615
22301	35	0.0109526473697628
22301	36	0.017535488991463
22301	37	-0.0795746347932749
22301	38	-0.0193111093740796
22301	39	0.0272696819276916
22301	40	-0.111213390756973
22301	41	0.0658723721487249
22301	42	-0.161947220417197
22301	43	-0.210872015303522
22301	44	-0.133138531874565
22301	45	0.0287573060365105
22301	46	-0.0825865457750936
22301	47	-0.00349260342483859
22301	48	-0.251299837952715
22301	49	-0.0781999488630873
22301	50	-0.032454319005268
22301	51	-0.0292084395938517
22301	52	-0.0921805211840834
22301	53	-0.14950212227528
22301	54	-0.0517958035919222
22301	55	-0.103799436249751
22301	56	0.106519884289874
22301	57	-0.0650710210225398
22301	58	0.031630794992914
22301	59	-0.0830891607287612
22301	60	-0.020867932093438
22301	61	0.0820014315020572
22301	62	0.145825110863044
22301	63	0.0300414580376369
22301	64	0.0482343068006514
22301	65	-0.0210733164682182
22301	66	-0.0903298797482179
22301	67	0.0548098422655343
22301	68	0.0565321775373135
22301	69	-0.0647513968650841
22301	70	-0.0599499523352591
22301	71	0.130923816245861
22301	72	-0.11563611237905
22301	73	-0.00342954804553841
22301	74	-0.118225013495042
22302	1	2.08867440186101
22302	2	0.273380117578949
22302	3	0.29435778762489
22302	4	0.283298013180016
22302	5	0.21499033202646
22302	6	0.16826123126652
22302	7	0.314132545056324
22302	8	0.282310837909414
22302	9	0.273727732093221
22302	10	0.266103115636177
22302	11	0.218998584849274
22302	12	0.24788747758047
22302	13	0.206313346649495
22302	14	0.163534356469007
22302	15	0.255301302675598
22302	16	0.150142742647894
22302	17	0.174541393376167
22302	18	0.21669910901516
22302	19	0.208781542613011
22302	20	0.226887614327168
22302	21	0.267169618733753
22302	22	0.238578569000019
22302	23	0.240236917752156
22302	24	0.286821126528224
22302	25	0.0492930249013455
22302	26	0.160160075423263
22302	27	0.0783985410580357
22302	28	0.325488286436524
22302	29	0.25632416037358
22302	30	0.261351738330163
22302	31	0.123556356463538
22302	32	0.1838350268509
22302	33	0.0850719116768914
22302	34	0.214052671465829
22302	35	0.16881221522916
22302	36	0.0916695971490711
22302	37	0.156355514606041
22302	38	-0.0338418901877446
22302	39	0.115584334577747
22302	40	0.0273360855274021
22302	41	0.0869197118796876
22302	42	0.0724054289125746
22302	43	0.0503204124086523
22302	44	0.134719496844816
22302	45	0.107985977759832
22302	46	0.050222466142344
22302	47	0.0792927420897982
22302	48	0.116715157046407
22302	49	0.0196340219867537
22302	50	-0.0414253597223393
22302	51	-0.0705268961612049
22302	52	0.0671036694078921
22302	53	0.0766743861562418
22302	54	-0.0239476410483377
22302	55	0.113334699915789
22302	56	0.218519494603868
22302	57	0.144753654258004
22302	58	0.187077521758994
22302	59	0.0197505026177751
22302	60	-0.0120969949696885
22302	61	0.244874116766091
22302	62	0.0610720328565932
22302	63	0.0797103820984049
22302	64	0.104973374826706
22302	65	0.0613682267958708
22302	66	0.129572211942239
22302	67	0.112638663579311
22302	68	0.0902527310616321
22302	69	0.088427794711059
22302	70	0.153283184686806
22302	71	0.158204234985519
22302	72	0.186427782304207
22302	73	0.0497235505728995
22302	74	0.237466519102959
22303	1	1.75381113002063
22303	2	-0.010331745428676
22303	3	-0.0197945093811356
22303	4	0.112135262675533
22303	5	-0.0377736482818811
22303	6	-0.0451459333680049
22303	7	-0.00611603854612497
22303	8	-0.00621571383309316
22303	9	-0.00909844243103208
22303	10	0.0118718686679671
22303	11	-0.0617512741390698
22303	12	-0.113265115667375
22303	13	-0.0935147060975652
22303	14	-0.103779155443199
22303	15	0.0187070730685903
22303	16	0.0053602843598739
22303	17	-0.108091105814204
22303	18	-0.015124467802444
22303	19	-0.163570675376789
22303	20	-0.00715736197210504
22303	21	-0.054625468621694
22303	22	-0.112649371269015
22303	23	-0.131382702235577
22303	24	-0.135895513068071
22303	25	-0.0772574476084884
22303	26	-0.0279348412273208
22303	27	-0.0673485667190477
22303	28	-0.135365000425772
22303	29	-0.0692265443257867
22303	30	-0.073662001160919
22303	31	-0.030942584879206
22303	32	-0.136638153877868
22303	33	-0.211194889278701
22303	34	-0.123419764655132
22303	35	0.0289888394032047
22303	36	0.0568935586477366
22303	37	0.115548323385532
22303	38	0.0896303190955123
22303	39	0.0951251557740065
22303	40	0.102410942628786
22303	41	0.197995276544283
22303	42	0.00719644914671136
22303	43	0.204421164151704
22303	44	0.172409382977435
22303	45	-0.0116705054452595
22303	46	0.11614815371604
22303	47	0.0726573366097867
22303	48	0.122240009448284
22303	49	0.118701168078381
22303	50	0.0999972832407607
22303	51	0.189420019291894
22303	52	0.122210413852585
22303	53	0.112996747109705
22303	54	0.154637300306184
22303	55	0.0359741087723435
22303	56	0.196856999612599
22303	57	0.117379558514827
22303	58	0.0267230291468579
22303	59	0.191276439762795
22303	60	0.152234697571011
22303	61	0.127071086463054
22303	62	0.0888947848172776
22303	63	0.0364958256162211
22303	64	0.311009221498104
22303	65	0.16451574291267
22303	66	0.046871149726762
22303	67	0.0572517136551838
22303	68	0.202381394754823
22303	69	0.0433381393298973
22303	70	0.223062091933905
22303	71	-0.0430463921636175
22303	72	0.15046585141949
22303	73	0.125788775967742
22303	74	0.366714069387271
22304	1	2.04288700623701
22304	2	-0.0214188050705637
22304	3	-0.142141782628503
22304	4	-0.130856127809221
22304	5	-0.109504332255266
22304	6	-0.107802579830143
22304	7	-0.116723428756181
22304	8	-0.0923992016518156
22304	9	-0.0976790312985045
22304	10	-0.180725432478432
22304	11	-0.0655260194687131
22304	12	-0.181770727456353
22304	13	-0.221575395551064
22304	14	-0.187819610279035
22304	15	-0.167319487913147
22304	16	-0.22380011137156
22304	17	-0.109969824934552
22304	18	-0.0661957489174725
22304	19	-0.234241196309092
22304	20	-0.0713400783100298
22304	21	-0.0406218183489457
22304	22	-0.0821643878685876
22304	23	-0.164263402117641
22304	24	-0.17623321452605
22304	25	-0.162483091896028
22304	26	-0.250217538264373
22304	27	-0.104821875726458
22304	28	-0.136443024382658
22304	29	-0.145626403986064
22304	30	-0.12816963940233
22304	31	-0.127783778076996
22304	32	-0.15929797930611
22304	33	-0.170395296230673
22304	34	-0.178083997437419
22304	35	-0.137444850769995
22304	36	-0.043451875968799
22304	37	-0.01211576166763
22304	38	0.0142043434515031
22304	39	-0.094847037201653
22304	40	-0.0123329056738442
22304	41	0.0689454307773403
22304	42	-0.0807603124329006
22304	43	0.0058627145031025
22304	44	0.0165516472273737
22304	45	0.0794351883282047
22304	46	0.0399340364321574
22304	47	-0.0553805941316696
22304	48	0.010987908816837
22304	49	-0.0354927712261812
22304	50	0.0316381118345035
22304	51	0.135264378426285
22304	52	0.0348042388835097
22304	53	0.0988730230556669
22304	54	0.088435510569056
22304	55	-0.0168030709659206
22304	56	0.0376049618411969
22304	57	-0.0904379735419738
22304	58	-0.0511363189627332
22304	59	0.0361049300491345
22304	60	0.0213739289314674
22304	61	0.0753148090755644
22304	62	-0.0348121824306062
22304	63	-0.0342423965609626
22304	64	-0.112877216452191
22304	65	-0.0100295766465095
22304	66	-0.264208571211491
22304	67	-0.02069878935378
22304	68	0.0468829396152586
22304	69	-0.0981309101678605
22304	70	0.0530652710160666
22304	71	-0.0347138783056238
22304	72	-0.101818742243644
22304	73	-0.120750725003688
22304	74	-0.130891800143111
22305	1	0.99430865258185
22305	2	0.0689469991161538
22305	3	0.0494797757598171
22305	4	0.085471292196253
22305	5	0.0579856120171378
22305	6	0.104268159502141
22305	7	0.10339743612878
22305	8	0.062398877859863
22305	9	0.200123306457385
22305	10	0.103579530469815
22305	11	0.0730579544206478
22305	12	0.148248174383433
22305	13	-0.0254853671883595
22305	14	0.195435446297139
22305	15	-0.0139160906990412
22305	16	0.0697036142723135
22305	17	0.0746776112635672
22305	18	0.0674448636852105
22305	19	0.0503444940685966
22305	20	0.205721548396689
22305	21	0.0493936095777343
22305	22	0.0154694850015389
22305	23	0.119449830051472
22305	24	0.0317578090189556
22305	25	0.00735288084370467
22305	26	0.0954110879167089
22305	27	0.101939917028751
22305	28	0.150249756331263
22305	29	-0.0538053656612973
22305	30	0.112188474984933
22305	31	0.0733729895008821
22305	32	0.183244919398625
22305	33	0.100556280206646
22305	34	0.081486817940025
22305	35	0.265709729550316
22305	36	0.0717749510272796
22305	37	0.11034194700246
22305	38	0.0992300777862667
22305	39	0.0151276762315291
22305	40	-0.0410989962194179
22305	41	0.130860902240549
22305	42	0.000410512013118591
22305	43	0.093554951323334
22305	44	0.00330905180919672
22305	45	0.178556201229043
22305	46	0.0966663621210344
22305	47	-0.00918048627632118
22305	48	0.0805448584927646
22305	49	0.196703157419137
22305	50	0.115129552755043
22305	51	0.105024409881885
22305	52	0.0821350406245003
22305	53	0.161355866596892
22305	54	0.237527691405333
22305	55	0.159977816179982
22305	56	0.257257897230311
22305	57	0.0768707052809532
22305	58	0.167364409065577
22305	59	-0.00443143552875824
22305	60	0.289723108733718
22305	61	0.141239102799936
22305	62	0.195140340888486
22305	63	0.123693671635017
22305	64	0.297823938197581
22305	65	0.170761812345042
22305	66	0.0882649944753524
22305	67	0.162380862031675
22305	68	0.0558092928288829
22305	69	0.230666752210972
22305	70	0.229166662644737
22305	71	0.108672541859946
22305	72	0.116682745542235
22305	73	0.085781575199519
22305	74	0.329317742953748
22306	1	2.49099652694099
22306	2	0.223773330990657
22306	3	0.140060914320429
22306	4	0.144082929480554
22306	5	0.0880808010611744
22306	6	0.140349112445669
22306	7	0.105099184203695
22306	8	0.261388359853235
22306	9	0.121182284019177
22306	10	0.148958594189793
22306	11	0.159240476857306
22306	12	0.110899981063788
22306	13	0.13082236160627
22306	14	0.101803019456597
22306	15	0.131744872058512
22306	16	0.0207803482434272
22306	17	0.0311471963883605
22306	18	0.0598117757912107
22306	19	0.213947704469881
22306	20	0.0831939171140803
22306	21	0.196661188887553
22306	22	0.0488230393143425
22306	23	0.121661306098908
22306	24	0.124240250615941
22306	25	0.0441329398606456
22306	26	0.144651606511822
22306	27	0.220967593222291
22306	28	0.0934619894486275
22306	29	0.182999560293197
22306	30	0.235016987362428
22306	31	0.126817436452669
22306	32	0.158832400798197
22306	33	0.10212041942787
22306	34	0.285103674183901
22306	35	0.20466803495259
22306	36	0.172315422686196
22306	37	0.136459370864721
22306	38	0.195177559184081
22306	39	0.185508080051861
22306	40	0.0707284180291907
22306	41	0.0749992195082925
22306	42	0.115037706130288
22306	43	0.0834353040256701
22306	44	-8.75496109884466e-05
22306	45	0.00552188975647994
22306	46	-0.0441470325324289
22306	47	-0.0937006035191033
22306	48	0.147899651841698
22306	49	0.176255218146757
22306	50	0.0766435126210041
22306	51	0.332065277454149
22306	52	0.163971800392069
22306	53	0.141020715838472
22306	54	0.154489622990205
22306	55	0.161694326815237
22306	56	0.18970483380793
22306	57	0.121960943417378
22306	58	0.119948544836014
22306	59	0.127889001150791
22306	60	0.207232580563613
22306	61	0.144321605841235
22306	62	0.0968217252874055
22306	63	-0.0159202287578211
22306	64	0.0841614996554938
22306	65	0.103366373335888
22306	66	0.138629570619159
22306	67	0.0764794505672484
22306	68	-0.00407020072846365
22306	69	0.271972508165632
22306	70	0.166456530381751
22306	71	0.142157199985796
22306	72	0.135416192138536
22306	73	0.259098245248033
22306	74	0.378402536655919
22307	1	1.38332491231558
22307	2	-0.0914243917238764
22307	3	-0.0867502185637257
22307	4	-0.0426989455882065
22307	5	-0.0753371709524089
22307	6	-0.226795042136501
22307	7	-0.122930410564514
22307	8	7.86905503247226e-05
22307	9	-0.0587988521470422
22307	10	-0.168376385240897
22307	11	-0.137232888449716
22307	12	-0.189223246078775
22307	13	-0.00586033793815233
22307	14	-0.1263844644035
22307	15	-0.0768192532382201
22307	16	-0.0518762531087091
22307	17	-0.135946875589731
22307	18	-0.0889805107512558
22307	19	0.00453337173081536
22307	20	-0.121101218566963
22307	21	-0.137696352111824
22307	22	-0.115711664293769
22307	23	-0.128830888978356
22307	24	-0.11184030688446
22307	25	-0.236603992515413
22307	26	-0.210367310258533
22307	27	-0.0466263381286396
22307	28	-0.185447940578428
22307	29	-0.191620619774021
22307	30	-0.099797189144688
22307	31	-0.229190703811767
22307	32	-0.0773977600691538
22307	33	-0.246198107775314
22307	34	-0.141954557430651
22307	35	-0.0930256335106989
22307	36	0.0575259697149306
22307	37	0.0264921663520639
22307	38	0.0215398837282237
22307	39	0.0536072536055769
22307	40	-0.182678377195785
22307	41	-0.0137385519066413
22307	42	0.0887074746819394
22307	43	0.0632619166081909
22307	44	0.119386720650688
22307	45	0.0723038829164224
22307	46	0.0168073936188478
22307	47	0.127700812213021
22307	48	-0.0447154758128008
22307	49	0.0861247799060791
22307	50	-0.0460869415267737
22307	51	-0.0679514250034998
22307	52	-0.0359636925788607
22307	53	0.0761125078125389
22307	54	0.0137786510959756
22307	55	0.020226686833233
22307	56	-0.00650800251637662
22307	57	0.0573249637070319
22307	58	0.0906051671712547
22307	59	0.147462786772429
22307	60	0.0369403743251553
22307	61	-0.143417517682899
22307	62	0.118386155026819
22307	63	0.0255172465069293
22307	64	-0.0334525626326396
22307	65	0.0751296389359482
22307	66	0.0231538264728357
22307	67	0.0920258550140645
22307	68	0.145556567781213
22307	69	-0.105466785603191
22307	70	-0.168150564782295
22307	71	-0.0374439302366838
22307	72	0.0391887742725316
22307	73	-0.0363530641849721
22307	74	0.0952447062501633
22308	1	1.96387375739153
22308	2	0.0544455606245045
22308	3	0.0131753167593729
22308	4	-0.0975213992858954
22308	5	-0.0177208487570297
22308	6	-0.0106743054557228
22308	7	-0.0617553695079209
22308	8	-0.12333208027453
22308	9	-0.00560134469336049
22308	10	-0.1054003380453
22308	11	-0.0207043277826529
22308	12	-0.160248405326392
22308	13	-0.0417448080122966
22308	14	-0.0278904980626891
22308	15	-0.00965240329608719
22308	16	0.0475773839712375
22308	17	-0.148711217977166
22308	18	-0.1224910584707
22308	19	-0.064274298708149
22308	20	-0.12771212331279
22308	21	-0.0450469970394209
22308	22	-0.0525812039115792
22308	23	-0.138154847843843
22308	24	-0.0913610776227287
22308	25	-0.0248400166789082
22308	26	-0.206605112338345
22308	27	-0.0631860700557993
22308	28	-0.076992159031235
22308	29	-0.0725593942239797
22308	30	-0.163086392055163
22308	31	0.0338341206334292
22308	32	-0.0183210066136184
22308	33	-0.222398273444789
22308	34	-0.0728423899601722
22308	35	-0.0502257616592132
22308	36	0.0937198790686864
22308	37	-0.00252814831880954
22308	38	-0.0320412810797066
22308	39	-0.197958215208963
22308	40	-0.102702409338775
22308	41	-0.0926841416329012
22308	42	-0.0151939935317955
22308	43	0.0668397018960079
22308	44	-0.0685896978090028
22308	45	-0.114651169466136
22308	46	-0.164220731498496
22308	47	0.0776478663979887
22308	48	-0.0274949433506322
22308	49	-0.0767786033690498
22308	50	-0.0693049956742016
22308	51	0.097356674579693
22308	52	0.0217955328993611
22308	53	-0.0103076162901914
22308	54	0.130468808660297
22308	55	-0.134019021611842
22308	56	-0.0407011630825451
22308	57	-0.0481746484783727
22308	58	-0.231062207431989
22308	59	-0.136633724493791
22308	60	0.0173482439674757
22308	61	-0.0485487482476827
22308	62	-0.0725544343788016
22308	63	-0.0854054944679845
22308	64	-0.0344407642767735
22308	65	-0.160965595001429
22308	66	-0.0578934756239065
22308	67	-0.214820653586749
22308	68	-0.0288882811448872
22308	69	0.0937657341415772
22308	70	-0.0806215614989583
22308	71	-0.0710063817048621
22308	72	-0.231961116486843
22308	73	0.0729289047143098
22308	74	0.0275903305811696
22309	1	0.44773757670972
22309	2	0.154199236640629
22309	3	0.0496158899676438
22309	4	0.0590119147515544
22309	5	-0.0824781276759765
22309	6	-0.00779198319641239
22309	7	0.055643485402129
22309	8	0.0115868317995691
22309	9	0.0420579744635319
22309	10	0.0883408619776134
22309	11	0.0327271733464585
22309	12	0.0326109126245058
22309	13	-0.0423206694678697
22309	14	0.00523962552139778
22309	15	-0.0124065888440725
22309	16	0.0186395920833462
22309	17	0.0519493644569522
22309	18	0.0154247451575245
22309	19	0.0434690781313662
22309	20	0.107810689544294
22309	21	-0.0737511278654992
22309	22	-0.0551017283977515
22309	23	-0.0286311244623576
22309	24	0.138116697441568
22309	25	-0.10144617266802
22309	26	-0.23979252056985
22309	27	-0.0852783465778373
22309	28	-0.148248230450115
22309	29	-0.00301733975532414
22309	30	-0.153426391512461
22309	31	0.0957889743012998
22309	32	-0.160822597016328
22309	33	-0.0398321021395773
22309	34	-0.087303748450509
22309	35	0.0171138488654847
22309	36	-0.0336302230855594
22309	37	-0.125714633186952
22309	38	0.0142729187766903
22309	39	-0.179821158027529
22309	40	-0.0888616868019128
22309	41	-0.225882643832612
22309	42	-0.196540135649563
22309	43	-0.211795367643731
22309	44	-0.0539581421612354
22309	45	0.00487508380486901
22309	46	0.0829801577689508
22309	47	-0.0775990178119486
22309	48	-0.00690472033523548
22309	49	0.0298914134963937
22309	50	-0.0512305692396708
22309	51	0.0317905794236424
22309	52	0.0371065655617215
22309	53	0.0466816578715594
22309	54	-0.189805231955546
22309	55	-0.125350991750629
22309	56	-0.118076301489829
22309	57	-0.153473627574137
22309	58	0.00109627579600868
22309	59	-0.0258861015256073
22309	60	-0.0166248122857624
22309	61	-0.0210507370685988
22309	62	-0.148794603239551
22309	63	-0.140346673639343
22309	64	-0.163954260192916
22309	65	-0.207295989337112
22309	66	-0.112456693829955
22309	67	-0.0216864291182475
22309	68	-0.180361925580932
22309	69	-0.0162633305766349
22309	70	-0.194086488545146
22309	71	-0.117935452431389
22309	72	-0.061388971885826
22309	73	-0.130681443416208
22309	74	0.014994097984939
22310	1	0.262121290174004
22310	2	0.179622983476278
22310	3	0.0840916200685378
22310	4	-0.03003679681105
22310	5	0.0375298879954791
22310	6	0.052738605178412
22310	7	-0.0412681091030507
22310	8	-0.052244577363652
22310	9	0.0222304749849584
22310	10	0.0305750259144517
22310	11	0.121446588038857
22310	12	-0.0104911522288234
22310	13	-0.0121716025165668
22310	14	0.0275086330913012
22310	15	-0.0294420172939809
22310	16	0.00861100558157091
22310	17	-0.0890690347807421
22310	18	-0.0352985873987777
22310	19	0.000122126335810435
22310	20	-0.0504566167402345
22310	21	0.0980911269919602
22310	22	0.0146841795610797
22310	23	-0.00756086873790451
22310	24	0.0237247229281294
22310	25	0.0543709555131997
22310	26	0.168184381209549
22310	27	0.0106149304822125
22310	28	0.018058630719274
22310	29	-0.0142739598411197
22310	30	-0.127810922902405
22310	31	-0.10342941593921
22310	32	-0.0076210315066163
22310	33	0.140976253788956
22310	34	0.0690510840587635
22310	35	-0.00233773198033305
22310	36	-0.15536353627747
22310	37	0.0627726561373763
22310	38	-0.124915993370742
22310	39	0.0452115961870021
22310	40	-0.0646532526085366
22310	41	-0.0521491963486511
22310	42	-0.114567738243451
22310	43	-0.173941480450459
22310	44	-0.0327742131749034
22310	45	0.00230595429364655
22310	46	-0.0504063366037286
22310	47	0.0498497350699054
22310	48	-0.101862163932935
22310	49	0.0573807019584649
22310	50	-0.140405346818632
22310	51	0.0246685803598652
22310	52	-0.0462326782844187
22310	53	-0.0455372026761438
22310	54	-0.0904964779858162
22310	55	-0.0438643364595777
22310	56	-0.0451397296007983
22310	57	-0.0881273277638925
22310	58	-0.156588733691656
22310	59	-0.0145464640398174
22310	60	0.0883807512993897
22310	61	-0.0127268933349214
22310	62	0.0612435132220952
22310	63	0.111996474582902
22310	64	0.0951744344303336
22310	65	-0.0463689116220678
22310	66	-0.183753401027971
22310	67	-0.183501648017838
22310	68	-0.129985877578306
22310	69	-0.147481436309874
22310	70	-0.0441103016464126
22310	71	0.0303740390963299
22310	72	-0.0350018403919208
22310	73	-0.0404273930144043
22310	74	0.124049314635094
22311	1	-0.616117819741046
22311	2	0.0701634208871589
22311	3	0.0353634855918017
22311	4	0.0755772453233874
22311	5	0.0576564118040466
22311	6	0.0414237617265201
22311	7	0.168816842596989
22311	8	0.157133447659945
22311	9	-0.00257783140349233
22311	10	0.115452016656128
22311	11	0.120231959476612
22311	12	0.0873595496770676
22311	13	0.0570300925008098
22311	14	-0.0495969841641326
22311	15	-0.042320132691728
22311	16	0.0765964653851583
22311	17	0.113896843957235
22311	18	-0.029447162499693
22311	19	0.0689494715449825
22311	20	0.0164411399725566
22311	21	0.0687191269116241
22311	22	0.0936157562887274
22311	23	0.0396513900133257
22311	24	-0.0384824146213205
22311	25	-0.0530794893284465
22311	26	0.0523054424028899
22311	27	-0.0236862765147592
22311	28	0.165734810101917
22311	29	0.074020378720526
22311	30	-0.0635922576281729
22311	31	0.137444602497119
22311	32	0.0357786431464504
22311	33	0.00850542455592773
22311	34	-0.0962637192268332
22311	35	0.0720012313277678
22311	36	-0.0657015276641317
22311	37	0.00730906682299803
22311	38	-0.0731260507400222
22311	39	0.0134974238417129
22311	40	0.014299973028038
22311	41	0.0119266670040474
22311	42	-0.0532599757698549
22311	43	-0.0813540952401155
22311	44	0.0991347778287235
22311	45	0.105870188476139
22311	46	0.0928290600359034
22311	47	0.0839414725228735
22311	48	-0.0252781037395096
22311	49	0.0481779308554451
22311	50	-0.069287813508538
22311	51	0.0739571167567732
22311	52	-0.142213001703475
22311	53	-0.0367567590148781
22311	54	-0.0643941814136682
22311	55	-0.0593894396945416
22311	56	-0.0689707186626336
22311	57	-0.093941497890583
22311	58	-0.00332034233639433
22311	59	-0.0289402361264592
22311	60	0.0757566441816735
22311	61	0.0579081404532289
22311	62	0.210498613979418
22311	63	0.112832749654459
22311	64	-0.104502742686655
22311	65	-0.0613872983094055
22311	66	-0.138603335782207
22311	67	-0.0457599870182648
22311	68	-0.0446666649595855
22311	69	0.00606841943596237
22311	70	0.0097837331587769
22311	71	0.00469526727641068
22311	72	-0.180624671853842
22311	73	0.0806670545791803
22311	74	0.0968267239081939
22312	1	-0.754374863761893
22312	2	0.00316431797107697
22312	3	-0.000770831612609157
22312	4	-0.0134886879546023
22312	5	-0.0386932692770436
22312	6	-0.0529912136793627
22312	7	-0.142603848332904
22312	8	-0.0266322015149143
22312	9	-0.151805909014797
22312	10	-0.04416088286888
22312	11	-0.0606241422077716
22312	12	-0.147793074094217
22312	13	-0.159345114840306
22312	14	-0.118417183370944
22312	15	0.0225849245989522
22312	16	-0.0394465181598065
22312	17	-0.0816687252289725
22312	18	-0.164618429045156
22312	19	-0.0229261030747168
22312	20	-0.106118847535193
22312	21	0.0120309121723636
22312	22	0.0192803233859848
22312	23	-0.106100686584575
22312	24	-0.134437410645788
22312	25	-0.105820375481642
22312	26	-0.0794100593028446
22312	27	-0.190585632622017
22312	28	-0.0670779065008276
22312	29	-0.255800252297547
22312	30	-0.169859097869157
22312	31	-0.0568913402934683
22312	32	-0.115513046159769
22312	33	-0.0960075608533089
22312	34	0.0397601753920966
22312	35	-0.149661353580512
22312	36	-0.143238509610704
22312	37	0.00236310596400813
22312	38	-0.0962219068393253
22312	39	-0.0465046568660483
22312	40	0.00324851765197565
22312	41	-0.0538809834159792
22312	42	-0.0726543449532571
22312	43	-0.0435849695192729
22312	44	-0.125399268739621
22312	45	0.00168401517425565
22312	46	-0.218150821627134
22312	47	-0.215389079509968
22312	48	-0.153166896494433
22312	49	-0.0462914689130471
22312	50	-0.0292582226836657
22312	51	-0.139936019146369
22312	52	-0.119989923493883
22312	53	-0.225772419169076
22312	54	-0.17974911160654
22312	55	-0.0955834991004778
22312	56	0.0116312615353849
22312	57	0.00452957370637108
22312	58	-0.19578247570459
22312	59	-0.0968121151401959
22312	60	-0.193375376251012
22312	61	-0.067268948501976
22312	62	-0.0743082118986464
22312	63	-0.0489157300755778
22312	64	-0.133393711718689
22312	65	-0.198685636883795
22312	66	-0.132091629175619
22312	67	-0.226308627862636
22312	68	-0.149758917916834
22312	69	0.0150687826233877
22312	70	-0.0136910995671897
22312	71	-0.0546295573099727
22312	72	-0.155597066327672
22312	73	-0.0670121610872627
22312	74	0.093739999311488
22401	1	-0.634202723107446
22401	2	-0.00684781686627645
22401	3	0.00484749079976865
22401	4	-0.0394739878746186
22401	5	0.0191376345060945
22401	6	0.0656932769733558
22401	7	0.1050559041784
22401	8	0.013967054421677
22401	9	-0.00939620209853587
22401	10	-0.0993985313805794
22401	11	0.0170987162258811
22401	12	-0.0449652278609705
22401	13	-0.108369261736208
22401	14	-0.0388529408506102
22401	15	-0.0436387450092397
22401	16	-0.0929560251730948
22401	17	-0.0356263748850125
22401	18	-0.0473941717675359
22401	19	-0.0302913414146033
22401	20	0.0159051074443255
22401	21	-0.0783149187719516
22401	22	-0.0365858214906183
22401	23	0.102473386584442
22401	24	-0.0211045263093865
22401	25	-0.0313836381555745
22401	26	-0.0922151139751719
22401	27	0.0110216373137391
22401	28	-0.208151648882279
22401	29	-0.085174664479112
22401	30	-0.160057951854164
22401	31	-0.0829991210129037
22401	32	-0.0799515953672483
22401	33	-0.183018397572994
22401	34	-0.11733858525718
22401	35	-0.0328590739476056
22401	36	-0.111164323043162
22401	37	-0.145779704902857
22401	38	-0.148314593244898
22401	39	-0.195124128007159
22401	40	-0.179726827803556
22401	41	-0.0457364974639134
22401	42	-0.189926320901009
22401	43	-0.10279184130998
22401	44	-0.135812672120963
22401	45	-0.179275494674513
22401	46	-0.0226110684585734
22401	47	-0.188310164607209
22401	48	-0.0428237259441673
22401	49	-0.12403228204289
22401	50	-0.0690705346837817
22401	51	-0.184438890249638
22401	52	-0.0416493564565812
22401	53	-0.114464243487397
22401	54	-0.175743615039735
22401	55	-0.0867890546560375
22401	56	-0.09721968404547
22401	57	-0.212422071816704
22401	58	0.0196972296910829
22401	59	-0.102267599218578
22401	60	-0.164375805938391
22401	61	-0.234886847453161
22401	62	-0.0173434980318845
22401	63	-0.0509143710926807
22401	64	-0.108552750535878
22401	65	0.00376374673884783
22401	66	-0.0545231327819451
22401	67	-0.226645939988167
22401	68	-0.230272558982008
22401	69	-0.0867516517650699
22401	70	-0.0885849088843074
22401	71	-0.173186222641881
22401	72	-0.314356276667418
22401	73	-0.0538969238340954
22401	74	-0.12765826213127
22402	1	-0.00330370515571943
22402	2	0.0472785037452859
22402	3	0.0468863146323315
22402	4	-0.0275671536203177
22402	5	-0.0370077544480125
22402	6	-0.0165608530693007
22402	7	-0.205277076037476
22402	8	-0.0912357972403584
22402	9	0.0610610372864713
22402	10	-0.0853226015841457
22402	11	-0.0456335539376056
22402	12	0.0472745866092126
22402	13	-0.155459478473972
22402	14	-0.0251758429034652
22402	15	-0.074642839262971
22402	16	-0.00445830134912484
22402	17	-0.127395207020605
22402	18	-0.114562551531037
22402	19	-0.0827547651269143
22402	20	-0.0655061216907313
22402	21	-0.114768951468719
22402	22	-0.116389984459097
22402	23	-0.169399090295904
22402	24	-0.150095564761017
22402	25	0.0839506304618283
22402	26	-0.07168858721937
22402	27	-0.12074318646156
22402	28	-0.0355748458359315
22402	29	-0.0535864948682132
22402	30	-0.170844735717651
22402	31	-0.0984565035536278
22402	32	-0.0233916274341297
22402	33	-0.136994977296418
22402	34	-0.135869521209308
22402	35	-0.021272908516849
22402	36	0.104502421395452
22402	37	-0.0732901300943354
22402	38	0.141756810878277
22402	39	0.0235739458935598
22402	40	-0.0424299280618641
22402	41	0.119301300887244
22402	42	-0.00914266390608987
22402	43	-0.0574290825455321
22402	44	-0.0210142141391785
22402	45	0.0720228248336738
22402	46	0.0639091568312935
22402	47	-0.039907942513338
22402	48	0.0384559773817159
22402	49	-0.15104026019516
22402	50	-0.0164033259707566
22402	51	-0.118046689718291
22402	52	-0.0200680162848315
22402	53	-0.164917183296282
22402	54	-0.222250834485244
22402	55	-0.0957527298697087
22402	56	-0.00147643077230697
22402	57	-0.15903923843387
22402	58	-0.134876574882725
22402	59	-0.249141671092652
22402	60	-0.0646427633811868
22402	61	-0.12729940832314
22402	62	-0.0905481349360784
22402	63	-0.0589829012055887
22402	64	-0.0550517038655798
22402	65	-0.0084786714706766
22402	66	0.0725516141170814
22402	67	-0.0895616399108263
22402	68	0.00879900774913267
22402	69	0.0197507371886587
22402	70	-0.116191967266879
22402	71	-0.0990624211467477
22402	72	-0.114073337172094
22402	73	-0.0674677465652209
22402	74	-0.359619700766793
22403	1	0.0338125515386096
22403	2	-0.0290376171169662
22403	3	-0.038366142018134
22403	4	-0.0841430533309655
22403	5	0.0311001471586287
22403	6	0.00366058151552551
22403	7	0.0888029092473772
22403	8	-0.0250391661588694
22403	9	-0.0198664411183529
22403	10	-0.0463871854922857
22403	11	-0.0319520094136863
22403	12	-0.0567896223457964
22403	13	0.016558123099415
22403	14	-0.136700345736841
22403	15	-0.0487538112405304
22403	16	-0.15974889002554
22403	17	-0.0111421914777381
22403	18	-0.0272506824958043
22403	19	-0.0330464503643739
22403	20	0.0504293863707659
22403	21	-0.194328063183526
22403	22	-0.183993609477668
22403	23	-0.0608273787409814
22403	24	-0.032315994754434
22403	25	-0.220314213791134
22403	26	-0.103537247646251
22403	27	-0.0979686747849513
22403	28	-0.0941341768629442
22403	29	-0.190349871144292
22403	30	-0.174282985181748
22403	31	-0.0889133096604127
22403	32	-0.101366739035747
22403	33	-0.0325597769794754
22403	34	-0.252651574396054
22403	35	-0.182658112724816
22403	36	-0.158346209954431
22403	37	-0.0362560939867436
22403	38	-0.0995360683198996
22403	39	0.0279928172095936
22403	40	0.0822287189274746
22403	41	-0.0905601418048647
22403	42	0.0684784979146542
22403	43	0.0710500958837841
22403	44	-0.207728828432828
22403	45	-0.0690154892953956
22403	46	-0.0541904567382687
22403	47	-0.221063258702081
22403	48	-0.0448818997778488
22403	49	-0.0643950638403084
22403	50	-0.043622017688854
22403	51	-0.0962894407966886
22403	52	-0.23307533302885
22403	53	-0.152475730059884
22403	54	-0.234123085575561
22403	55	-0.22965131124252
22403	56	-0.124197375348921
22403	57	-0.285080886743557
22403	58	-0.211378175611131
22403	59	-0.0609548579058341
22403	60	-0.114846370394439
22403	61	-0.125354546008445
22403	62	0.0581843732525158
22403	63	0.0071774962854434
22403	64	-0.104086383204979
22403	65	-0.175487542391608
22403	66	-0.0920816930223225
22403	67	-0.134807038683832
22403	68	-0.140968898778134
22403	69	-0.05854597550222
22403	70	-0.104285127522928
22403	71	-0.130928594939512
22403	72	-0.214950621072333
22403	73	-0.121296811030938
22403	74	-0.347484359986474
22404	1	0.901975285485847
22404	2	0.0857492163816893
22404	3	-0.00586100767612763
22404	4	0.0679223837810454
22404	5	0.141113797282326
22404	6	0.138691882168324
22404	7	0.0653513992069108
22404	8	0.0792749962483015
22404	9	0.239112814381684
22404	10	0.180163698849611
22404	11	-0.0127164706612177
22404	12	0.136924058983496
22404	13	0.266154401643135
22404	14	0.214015202924799
22404	15	0.0267847353850996
22404	16	0.0668188622040589
22404	17	0.00316334972343668
22404	18	0.11103812175822
22404	19	0.0263603917940785
22404	20	0.163163340756846
22404	21	-0.0218136000419307
22404	22	0.095358337712689
22404	23	0.133327011891566
22404	24	0.0309008458015683
22404	25	0.10204412847289
22404	26	0.0992739430822454
22404	27	0.136730971747028
22404	28	0.212542461870214
22404	29	0.0554981626246516
22404	30	0.116849752086175
22404	31	0.128087062433757
22404	32	0.133476570438098
22404	33	0.101701747611685
22404	34	-0.0510461517418221
22404	35	-0.0946243209137165
22404	36	0.00799017887260334
22404	37	-0.0694081588949942
22404	38	0.00450771433424535
22404	39	-0.0969712800885318
22404	40	-0.109518014387177
22404	41	-0.0724634116365266
22404	42	-0.0784453055361638
22404	43	-0.129483316941069
22404	44	-0.063950321982837
22404	45	0.00654228549653624
22404	46	-0.0254828454553078
22404	47	-0.0189522614470121
22404	48	-0.0247267251975956
22404	49	0.0179671010291429
22404	50	-0.0632347537557933
22404	51	-0.0401049791060117
22404	52	0.0464282180949311
22404	53	-0.0295581608773361
22404	54	-0.0639969592578922
22404	55	-0.0241614488103465
22404	56	-0.0806967848862783
22404	57	-0.13830125301503
22404	58	0.012906493113114
22404	59	-0.175019516651346
22404	60	-0.0465606711019788
22404	61	-0.0926581205001895
22404	62	0.0118296086141711
22404	63	-0.110864244009093
22404	64	0.0459793581384389
22404	65	-0.246317127420959
22404	66	-0.0455939745222409
22404	67	0.0507296222250986
22404	68	-0.0749816865904478
22404	69	-0.100850757516653
22404	70	-0.00419898746822156
22404	71	-0.0978529149335259
22404	72	-0.099435425023934
22404	73	-0.119341320157659
22404	74	-0.187532593475936
22405	1	1.00954441099076
22405	2	-0.0911703294998816
22405	3	-0.142498861409518
22405	4	0.0375283615739477
22405	5	0.0348085037075165
22405	6	-0.226023616838184
22405	7	-0.118130482256255
22405	8	-0.0522447315846861
22405	9	-0.063701791138854
22405	10	-0.0672023406072455
22405	11	0.0113787307858431
22405	12	-0.110820105684915
22405	13	-0.11416429243976
22405	14	-0.158084500988458
22405	15	0.138185292165936
22405	16	0.0365697360340533
22405	17	-0.0048424532440805
22405	18	-0.00801549927687972
22405	19	-0.177768284200567
22405	20	-0.0270326014415119
22405	21	-0.130022287153196
22405	22	0.0333605004641981
22405	23	-0.0936931595370751
22405	24	0.0596193591207239
22405	25	-0.262670776697405
22405	26	-0.111932518330875
22405	27	-0.172778394831631
22405	28	-0.0940645301949488
22405	29	-0.164285372197313
22405	30	-0.0547570380746691
22405	31	-0.185318315109498
22405	32	0.0695781603751868
22405	33	-0.046041882604122
22405	34	-0.059670732048076
22405	35	-0.104560982342747
22405	36	-0.108550945060045
22405	37	-0.208544068573367
22405	38	-0.165847883936557
22405	39	0.0515705829816469
22405	40	-0.251683745480932
22405	41	-0.155521238287669
22405	42	-0.0730246067177305
22405	43	-0.268359641273761
22405	44	-0.053613563152922
22405	45	0.0427427392278545
22405	46	-0.260303565597376
22405	47	-0.0725713194718551
22405	48	-0.0806472400105989
22405	49	-0.147894622034109
22405	50	-0.130219354768101
22405	51	-0.108600707047394
22405	52	-0.162430772716249
22405	53	-0.30697845275742
22405	54	-0.200026692211239
22405	55	-0.0739034356839099
22405	56	-0.0327200662489986
22405	57	-0.0993272804196508
22405	58	-0.218995730835942
22405	59	-0.0828543246027635
22405	60	-0.0389642032919895
22405	61	-0.146725280062746
22405	62	-0.238369119525736
22405	63	-0.164679231697214
22405	64	-0.167528764598153
22405	65	-0.035839050099078
22405	66	-0.0287458582857596
22405	67	-0.161615780038218
22405	68	-0.232613678064673
22405	69	-0.30124420665063
22405	70	-0.338327111181812
22405	71	-0.23108426897582
22405	72	-0.0629736638882576
22405	73	-0.335529380228046
22405	74	0.0613634537367176
22406	1	0.851428825276997
22406	2	0.260320623633273
22406	3	0.111403242493655
22406	4	0.0922288337962662
22406	5	-0.0244994938820469
22406	6	0.0223783390869414
22406	7	0.147371704134287
22406	8	-0.0725371873190426
22406	9	0.0538382431635327
22406	10	0.0875933961986419
22406	11	0.0982457086224144
22406	12	0.0893473947697174
22406	13	0.120628288689652
22406	14	0.186342877446684
22406	15	0.0508293627627552
22406	16	0.1179835147516
22406	17	0.0947167623415126
22406	18	0.0698986580029839
22406	19	0.0484796045864968
22406	20	0.10488685808798
22406	21	0.0632354109739666
22406	22	0.105677640601193
22406	23	0.0448599063422748
22406	24	0.161361102361575
22406	25	0.11464739750307
22406	26	0.135153680962873
22406	27	0.0639090779053433
22406	28	0.0874844790652674
22406	29	0.153130515058869
22406	30	0.105810436944374
22406	31	0.0170562274362709
22406	32	0.0590831589429541
22406	33	0.144053304721822
22406	34	0.0621077739322544
22406	35	0.180648581912408
22406	36	-0.0276577827028675
22406	37	0.0816995594317973
22406	38	-0.130611416508188
22406	39	-0.0511251770843018
22406	40	-0.0846083148704011
22406	41	-0.220830750488204
22406	42	-0.144045587858351
22406	43	-0.162261401681086
22406	44	-0.228402315218844
22406	45	-0.0935645537724454
22406	46	0.0666535330315554
22406	47	0.061713696473582
22406	48	0.0814361331561457
22406	49	0.0641047342482679
22406	50	-0.00938681330961799
22406	51	-0.0890206538776042
22406	52	0.0355414005757808
22406	53	-0.0630315317396466
22406	54	-0.181177111835019
22406	55	-0.128953289960279
22406	56	-0.110361612205899
22406	57	0.0197869547377962
22406	58	0.0181145470859363
22406	59	-0.193129541029762
22406	60	-0.0443472036935972
22406	61	-0.147488462515099
22406	62	-0.247278918517608
22406	63	-0.191157045697281
22406	64	-0.155544208079398
22406	65	-0.105449597018541
22406	66	-0.125019669342613
22406	67	-0.153641764376012
22406	68	-0.0903407464448449
22406	69	-0.15052650330135
22406	70	-0.137091011655244
22406	71	-0.100909460958427
22406	72	-0.0519164246559498
22406	73	-0.015081855014742
22406	74	-0.341149259313148
22407	1	0.910879984225225
22407	2	0.135126624749496
22407	3	0.00570278118464884
22407	4	0.0362204652787952
22407	5	0.070720297945563
22407	6	0.0465157101616356
22407	7	-0.100357381666669
22407	8	0.0266622224072322
22407	9	0.000529304867946223
22407	10	0.0282560667458114
22407	11	0.0482070822700962
22407	12	0.0402747425424721
22407	13	-0.00245308521029131
22407	14	-0.0639642414688808
22407	15	0.122085680930383
22407	16	0.0134755829484021
22407	17	0.0273747914200584
22407	18	-0.0219756187382742
22407	19	-0.053016733004668
22407	20	0.144411233681168
22407	21	0.00120952974132393
22407	22	0.0714986791928567
22407	23	-0.0222667029576868
22407	24	-0.00999264880903894
22407	25	-0.0798291917742588
22407	26	0.0813567893594538
22407	27	0.0214757438362696
22407	28	-0.0654999978708588
22407	29	0.0760688926259405
22407	30	0.0698226586375696
22407	31	0.0257318638251292
22407	32	0.0264555579705146
22407	33	-0.131418803898633
22407	34	0.12354416973097
22407	35	-0.0310857886041731
22407	36	-0.105304003658979
22407	37	-0.210862129747007
22407	38	-0.251086801534449
22407	39	-0.227117990466944
22407	40	-0.196518028943387
22407	41	-0.217301376808379
22407	42	-0.101795885277483
22407	43	-0.0579510498767419
22407	44	-0.256413118747481
22407	45	-0.242577144935318
22407	46	-0.086732608916968
22407	47	-0.142886010387201
22407	48	-0.0146104050042126
22407	49	-0.21245803314909
22407	50	-0.0681908956407824
22407	51	-0.14104568417816
22407	52	-0.28395824632306
22407	53	0.00374446983228438
22407	54	-0.226928898535022
22407	55	0.159278864688289
22407	56	-0.101138562437789
22407	57	-0.118210339869123
22407	58	-0.142447934340872
22407	59	-0.136067166980411
22407	60	-0.124695694560167
22407	61	-0.419505039886467
22407	62	-0.244782482065929
22407	63	-0.125331459565821
22407	64	-0.179362559114878
22407	65	-0.164598781167726
22407	66	-0.126901093267414
22407	67	-0.296101724299014
22407	68	-0.188610897467584
22407	69	-0.121338686042463
22407	70	-0.234222375847267
22407	71	-0.337262133380008
22407	72	-0.131567079526697
22407	73	-0.24213404363546
22407	74	-0.248353063881652
22408	1	-1.01772634973436
22408	2	-0.0768225651046066
22408	3	-0.139790582710507
22408	4	-0.202516473408235
22408	5	-0.161423723510445
22408	6	-0.273402182954896
22408	7	-0.311644137352481
22408	8	-0.195949939359799
22408	9	-0.202766565589371
22408	10	-0.319386763269748
22408	11	-0.235891136786897
22408	12	-0.103528086666472
22408	13	-0.137165341418715
22408	14	-0.252593799274749
22408	15	-0.101023558530663
22408	16	-0.0920223517761229
22408	17	-0.111174776871827
22408	18	-0.0226649401381565
22408	19	-0.0676186843454971
22408	20	-0.172704169677715
22408	21	-0.0861065868013782
22408	22	-0.0738790696064555
22408	23	-0.270303430916037
22408	24	-0.113963220734064
22408	25	-0.180298373965499
22408	26	-0.264961508409911
22408	27	-0.133308502934739
22408	28	-0.152122759928943
22408	29	-0.174131585294596
22408	30	-0.309173708225266
22408	31	-0.0662883419294076
22408	32	-0.343864131213088
22408	33	-0.340233446684955
22408	34	-0.0643572482344084
22408	35	-0.240942815750195
22408	36	-0.278695138086434
22408	37	-0.2481788909652
22408	38	-0.135641553204358
22408	39	-0.152105452049064
22408	40	-0.155781620328064
22408	41	-0.047827261482702
22408	42	-0.0152981560760708
22408	43	-0.0570481102468392
22408	44	-0.0724025951535623
22408	45	-0.213973239196449
22408	46	-0.212106548791567
22408	47	-0.20266313417747
22408	48	-0.24748812138926
22408	49	-0.130220841383547
22408	50	-0.200514166912107
22408	51	-0.222588203749865
22408	52	-0.0845900042266408
22408	53	-0.114993600363654
22408	54	-0.177561116372743
22408	55	-0.117349514887771
22408	56	-0.148254737633707
22408	57	-0.173367520293326
22408	58	0.0230267437437846
22408	59	-0.0198671011073586
22408	60	-0.11762795919055
22408	61	-0.236724103372069
22408	62	-0.140439333933706
22408	63	-0.042799353596962
22408	64	0.022624321121306
22408	65	-0.169810729892795
22408	66	-0.226516558922704
22408	67	-0.0537283065774901
22408	68	-0.0818161179923322
22408	69	-0.150804512753666
22408	70	-0.0771676007154554
22408	71	-0.268715726147377
22408	72	-0.158880023253019
22408	73	-0.0322948093683024
22408	74	-0.0729774050516596
22409	1	0.753629055576674
22409	2	0.222409742020663
22409	3	0.214573327236788
22409	4	0.0816162698924963
22409	5	0.141177389968355
22409	6	0.1197675759473
22409	7	0.185383533875545
22409	8	0.229634576862367
22409	9	0.147025906048192
22409	10	0.12871376994498
22409	11	0.030262943791115
22409	12	0.0543430041531252
22409	13	0.147394120695033
22409	14	0.0981540279512458
22409	15	0.180228248006991
22409	16	0.223019102101986
22409	17	0.133344626470347
22409	18	0.208775381214188
22409	19	0.21867187942123
22409	20	0.0291528758441899
22409	21	0.130331744644522
22409	22	0.139701549005501
22409	23	0.161498415169127
22409	24	0.248848017509026
22409	25	0.0205463421562158
22409	26	0.13762847763234
22409	27	0.21485161051833
22409	28	0.218120135637228
22409	29	0.258259212950271
22409	30	0.15371612380391
22409	31	0.0777103775799972
22409	32	0.144119573942589
22409	33	0.170240879512001
22409	34	0.220306972178392
22409	35	0.0977878812383466
22409	36	0.0813173135062755
22409	37	-0.0553440754841787
22409	38	0.000454182642521062
22409	39	0.00556844556676594
22409	40	0.107377272859864
22409	41	-0.0671374053054947
22409	42	-0.0212654352909638
22409	43	-0.00871523536896746
22409	44	-0.00751220624824356
22409	45	-0.0242332136206755
22409	46	-0.136413799602344
22409	47	-0.0782472337350271
22409	48	0.0604694293721053
22409	49	-0.0716886979073976
22409	50	-0.294233269673107
22409	51	-0.016155293207369
22409	52	-0.133868051760501
22409	53	-0.0714373181982708
22409	54	-0.03974471403113
22409	55	-0.053644064824276
22409	56	-0.171566740129897
22409	57	-0.101578148316655
22409	58	0.00239475437111736
22409	59	-0.117859619810595
22409	60	-0.0531338496964366
22409	61	0.0891689302616072
22409	62	-0.105563054995663
22409	63	-0.143089006575885
22409	64	-0.0549829224599563
22409	65	-0.10902584277251
22409	66	-0.169484004665613
22409	67	-0.0628504546019784
22409	68	-0.0477947946027015
22409	69	-0.0127543089964917
22409	70	-0.100527403716676
22409	71	-0.230371401549533
22409	72	-0.227079104394292
22409	73	-0.147878405315574
22409	74	-0.174551606348196
22410	1	0.237320369460864
22410	2	0.0144940794822261
22410	3	0.0360827453245776
22410	4	0.0351337387066231
22410	5	0.0371724053315603
22410	6	-0.0643864098828928
22410	7	0.0406037306197362
22410	8	0.0981721949052599
22410	9	0.0831924872583585
22410	10	0.115870123615579
22410	11	0.0795305407899889
22410	12	0.0736372656486353
22410	13	0.161297898860767
22410	14	0.0535033232023636
22410	15	0.0026622858765748
22410	16	0.0144926008749664
22410	17	0.13047318465312
22410	18	0.167612129186935
22410	19	-0.00220242504504853
22410	20	0.0409982845199295
22410	21	0.00614063609729953
22410	22	-0.08020727517399
22410	23	-0.0709004481847231
22410	24	-0.0658847634086683
22410	25	0.157428171851706
22410	26	-0.0828934265292602
22410	27	0.0968895738928381
22410	28	-0.100188025671081
22410	29	0.0887870789526417
22410	30	0.0131630553179107
22410	31	0.0901440396018955
22410	32	0.132127101930308
22410	33	-0.149908935443356
22410	34	0.0568735725602352
22410	35	0.0404295594361841
22410	36	0.00258919232813071
22410	37	-0.16111920899219
22410	38	-0.0484010397558734
22410	39	-0.134216367548539
22410	40	0.112602633678591
22410	41	-0.0292857723028632
22410	42	-0.0414627945780737
22410	43	0.0732818092822711
22410	44	-0.0202486805755271
22410	45	-0.241515725331084
22410	46	0.12537138315264
22410	47	-0.288072574568453
22410	48	-0.151622916875915
22410	49	-0.0293018265843514
22410	50	-0.0496674272349225
22410	51	0.0721775240616154
22410	52	-0.0859844192090691
22410	53	-0.0214503572274864
22410	54	0.00351563106903541
22410	55	0.064807634744362
22410	56	-0.151300934626661
22410	57	-0.0620964797000667
22410	58	0.0396764839986972
22410	59	-0.0997608280550892
22410	60	-0.0765062732927433
22410	61	-0.00600368859124245
22410	62	-0.0598427463346312
22410	63	-0.207548297167875
22410	64	-0.0268842935494433
22410	65	-0.247291088860038
22410	66	-0.205954112387204
22410	67	-0.162914933323997
22410	68	-0.116748231926316
22410	69	-0.117793513021191
22410	70	-0.0485814268113103
22410	71	-0.0705512446260599
22410	72	-0.114010104370806
22410	73	-0.276119146056317
22410	74	0.0602757258001603
22411	1	-0.681446405962127
22411	2	-0.0644115376228918
22411	3	-0.0492334590457091
22411	4	-0.0534713936644025
22411	5	-0.0246426278986434
22411	6	-0.156391810125562
22411	7	-0.0870052258011427
22411	8	-0.129023802797512
22411	9	-0.0237611105989401
22411	10	0.0554540024998929
22411	11	-0.0510300442397522
22411	12	-0.039978426748128
22411	13	0.0178210257055369
22411	14	-0.100587778359795
22411	15	-0.0628849633985453
22411	16	-0.0755730689344745
22411	17	-0.120529176270004
22411	18	0.0323267633715929
22411	19	-0.12355822359963
22411	20	-0.0775999102551097
22411	21	0.120799298261574
22411	22	-0.003571437855868
22411	23	-0.079235402707134
22411	24	-0.241049826925043
22411	25	-0.144692136316344
22411	26	-0.0854582138191873
22411	27	-0.138938975134593
22411	28	-0.0789381639828193
22411	29	0.00155410260313005
22411	30	0.0256657460314571
22411	31	-0.0920423405800861
22411	32	-0.0477544566138306
22411	33	-0.0277390611814567
22411	34	-0.0764109553578436
22411	35	-0.0579864280716578
22411	36	-0.176526379941265
22411	37	-0.2764684046737
22411	38	-0.172862307849066
22411	39	-0.147668690119175
22411	40	-0.0180083590029909
22411	41	-0.0028304740533116
22411	42	-0.121045719609491
22411	43	-0.25649579422349
22411	44	0.0659944612408765
22411	45	-0.110348381474246
22411	46	-0.0791674825984003
22411	47	-0.483098991847655
22411	48	-0.0291129623841968
22411	49	-0.125299834127226
22411	50	-0.159857422253779
22411	51	-0.14806797512005
22411	52	-0.12140985778057
22411	53	-0.0694930948024819
22411	54	-0.107225612644918
22411	55	-0.0499625873480767
22411	56	-0.331268278406064
22411	57	-0.12050563485635
22411	58	-0.405083762091166
22411	59	-0.0344865541476977
22411	60	-0.245189474957833
22411	61	-0.192757056953539
22411	62	-0.0112875461975435
22411	63	-0.151369965952775
22411	64	-0.0883626876127011
22411	65	-0.0965147385650553
22411	66	-0.210699271354684
22411	67	-0.101286933043156
22411	68	-0.0471324872500389
22411	69	-0.171403475791223
22411	70	0.0411070724158407
22411	71	-0.072608797298102
22411	72	-0.158482530570915
22411	73	-0.266957441979358
22411	74	-0.0556447226538808
22412	1	-2.58273354123359
22412	2	0.309124784551017
22412	3	0.298265586172899
22412	4	0.293047273027344
22412	5	0.285880575946976
22412	6	0.185482734462113
22412	7	0.311340201429793
22412	8	0.280632614928138
22412	9	0.219768415657754
22412	10	0.159151684773185
22412	11	0.240134854479813
22412	12	0.116758813324395
22412	13	0.370769562375273
22412	14	0.22651026685309
22412	15	0.4892627836036
22412	16	0.271008895469961
22412	17	0.382058260851409
22412	18	0.300050899836229
22412	19	0.124420297703644
22412	20	0.0772374170766668
22412	21	0.326228835395007
22412	22	0.350838343685247
22412	23	0.309826687115098
22412	24	0.310249534455011
22412	25	0.263392469990691
22412	26	0.161780035009521
22412	27	0.369822851274286
22412	28	0.145362923772836
22412	29	0.136729721043864
22412	30	0.235562106249418
22412	31	0.265407857450157
22412	32	0.294034382543735
22412	33	0.180900667701515
22412	34	0.351787930308006
22412	35	0.218487022463307
22412	36	-0.06778131321866
22412	37	0.00919068319652894
22412	38	-0.0633179974087312
22412	39	-0.0659703994283731
22412	40	-0.0282396839279002
22412	41	-0.226683559318374
22412	42	-0.0458943575943067
22412	43	-0.0452843317616356
22412	44	-0.0183458577394688
22412	45	0.00295036376338942
22412	46	-0.15840487339775
22412	47	-0.281470937359693
22412	48	-0.13541558030601
22412	49	-0.228182203318305
22412	50	-0.116730506284213
22412	51	-0.101005430765085
22412	52	-0.176090891095257
22412	53	-0.0192546009326904
22412	54	-0.125756428695752
22412	55	-0.0860244136612494
22412	56	-0.196180371035815
22412	57	-0.0286735992595624
22412	58	-0.10767888288359
22412	59	0.0207023537152722
22412	60	-0.0570637587387068
22412	61	-0.0355430062715172
22412	62	-0.0278290259239782
22412	63	-0.187023878674786
22412	64	-0.103386800801857
22412	65	-0.188929437124891
22412	66	-0.046308644097472
22412	67	-0.0996098714220821
22412	68	-0.212634039275763
22412	69	-0.0488611796376333
22412	70	-0.033053745795506
22412	71	0.045954605503546
22412	72	-0.149030395756327
22412	73	0.158166568229397
22412	74	-0.0234494297379229
22501	1	0.340465502993254
22501	2	0.00111247421585503
22501	3	0.0464141720047735
22501	4	0.111746242674485
22501	5	0.0189411469176726
22501	6	0.0768325694860366
22501	7	0.163823705623912
22501	8	0.0677425036206287
22501	9	0.0510433250992506
22501	10	0.0716533330927618
22501	11	-0.0310445929386063
22501	12	0.0519272157406334
22501	13	-0.110856087855275
22501	14	0.140794189990594
22501	15	0.0838975123820731
22501	16	0.0940121589625846
22501	17	0.0610170561045322
22501	18	0.01325064302263
22501	19	0.0828072719797746
22501	20	0.0422865568159736
22501	21	0.12638678584382
22501	22	0.0170007026233137
22501	23	0.0982836221990482
22501	24	0.152078589123015
22501	25	0.155956621147538
22501	26	0.144662155119597
22501	27	0.0768906294547875
22501	28	0.0435805768972202
22501	29	0.158137195011221
22501	30	0.127547490068288
22501	31	0.0577005673019571
22501	32	0.13202276252121
22501	33	0.145836100411529
22501	34	0.143517869628226
22501	35	0.0342850937672665
22501	36	-0.0234651570220521
22501	37	0.15591010262083
22501	38	0.0837375510087597
22501	39	0.0839571615245447
22501	40	-0.0598166103561155
22501	41	0.00374010203609743
22501	42	0.0172860783986692
22501	43	0.0582906570512947
22501	44	0.164880330785181
22501	45	0.0510526970243532
22501	46	-0.0147144546985771
22501	47	-0.0841212760731551
22501	48	0.091129158374379
22501	49	0.116063950618731
22501	50	-0.010096093823222
22501	51	-0.00326701181079869
22501	52	0.0358160394705465
22501	53	-0.0406617231954698
22501	54	0.0461622917879012
22501	55	0.0595008471241982
22501	56	-0.0832387200484064
22501	57	-0.101209517510227
22501	58	-0.0683869871224161
22501	59	-0.110889085740617
22501	60	0.0585328169702279
22501	61	-0.0462421564634425
22501	62	-0.124128034111429
22501	63	-0.0402360639436949
22501	64	0.00106196772357237
22501	65	-0.0135442924101383
22501	66	0.0657303934230669
22501	67	0.0229660762754236
22501	68	0.102978273655076
22501	69	-0.11223571528803
22501	70	-0.126460934854727
22501	71	-0.0755266785716913
22501	72	-0.0776152996192749
22501	73	0.0749576519932589
22501	74	-0.0590212396667624
22502	1	0.0548760950662555
22502	2	-0.0199385125095084
22502	3	-0.00121186039120147
22502	4	0.00769268425321457
22502	5	0.0459096790646818
22502	6	-0.00947617921887201
22502	7	0.0710403771439374
22502	8	-0.0311711714378049
22502	9	-0.000259295957889094
22502	10	-0.0060823762367832
22502	11	-0.0306628462850682
22502	12	-0.0622565953405214
22502	13	-0.0192684670801597
22502	14	-0.0139562416165688
22502	15	-0.0287478421430336
22502	16	0.0345290404230312
22502	17	0.0544339841734214
22502	18	0.112912967933973
22502	19	-0.04240185204862
22502	20	-0.0831531805142589
22502	21	-0.0113050084518136
22502	22	0.00638695817847434
22502	23	-0.0135542484183873
22502	24	0.0325782575742224
22502	25	-0.097711938554319
22502	26	0.022287726019087
22502	27	0.085831786493948
22502	28	0.0626819433856127
22502	29	0.0409138493344372
22502	30	0.0797769364047483
22502	31	-0.167195035985948
22502	32	-0.0880306361305188
22502	33	-0.112969913724299
22502	34	-0.057434027594617
22502	35	0.0556199952890495
22502	36	0.0746534901883962
22502	37	-0.0116375027844171
22502	38	-0.0413737339015228
22502	39	-0.0665340534850074
22502	40	-0.0615499085578506
22502	41	0.0352440829200518
22502	42	0.117943819966733
22502	43	-0.0715302136267866
22502	44	-0.00630241904299567
22502	45	0.0543828099612895
22502	46	0.016477524144392
22502	47	-0.00697019765859608
22502	48	-0.0607203389789035
22502	49	-0.128948129353049
22502	50	0.0892988620043695
22502	51	-0.032086492560218
22502	52	-0.0709378706622701
22502	53	-0.0676787578377329
22502	54	0.0307386841911139
22502	55	-0.02307206836619
22502	56	-0.148336035966508
22502	57	-0.031749888873513
22502	58	-0.102724359195307
22502	59	0.0186145692591992
22502	60	-0.0230776841025957
22502	61	-0.119247456788464
22502	62	-0.174226809409305
22502	63	-0.000371627869220958
22502	64	-0.0820428106800719
22502	65	0.00622771552965418
22502	66	-0.00644080134694747
22502	67	0.00249372603532549
22502	68	-0.0995005896214778
22502	69	-0.161974953649228
22502	70	-0.06880640386197
22502	71	-0.0589151946045021
22502	72	-0.108868383358107
22502	73	-0.0207114921461695
22502	74	-0.00816076506863084
22503	1	-0.0921301134994579
22503	2	0.0204745748965998
22503	3	0.0370493416009765
22503	4	0.0887382434836752
22503	5	0.114362279642513
22503	6	0.000148229861807181
22503	7	0.02783123732533
22503	8	0.160268573772569
22503	9	-0.0428192070852162
22503	10	0.0223467540711724
22503	11	0.0933511559553963
22503	12	0.092224800940734
22503	13	0.123205928080857
22503	14	0.162676453987885
22503	15	0.0436708610779348
22503	16	0.16097998129846
22503	17	-0.0629148343875343
22503	18	0.000155104660947813
22503	19	0.0851069826031932
22503	20	0.0636530911894155
22503	21	0.0513322400120302
22503	22	0.118602421116897
22503	23	0.135121785931858
22503	24	0.0879582375139378
22503	25	0.043420708431249
22503	26	0.0397003485486778
22503	27	0.0954042466231257
22503	28	-0.0469138271705205
22503	29	0.0379961830944566
22503	30	0.0350350361120988
22503	31	0.0440142157227044
22503	32	0.00421764788904966
22503	33	0.140952165512509
22503	34	0.0610920341287269
22503	35	0.0856390299176866
22503	36	0.0826160836825949
22503	37	0.143545204017343
22503	38	0.0402991969773296
22503	39	0.0510951058893454
22503	40	-0.00319093719814134
22503	41	0.0921033952618373
22503	42	-0.0393515411321772
22503	43	0.0958850870885044
22503	44	0.0768660327218313
22503	45	-0.00826050734184491
22503	46	0.110495882001217
22503	47	0.172437685317242
22503	48	0.0581226724335124
22503	49	-0.12793373527488
22503	50	0.0252116125268813
22503	51	-0.0431645846716364
22503	52	0.0674443798836819
22503	53	-0.108852174832286
22503	54	-0.0130570571122632
22503	55	0.0355615245962042
22503	56	-0.0595588223144148
22503	57	0.0125359867787154
22503	58	0.0533265874168265
22503	59	-0.0371714124356401
22503	60	0.095480608134892
22503	61	0.0422956209647012
22503	62	0.00229145600373215
22503	63	0.0989198964256133
22503	64	0.0330904197353874
22503	65	0.208044932015291
22503	66	-0.0414131926585242
22503	67	0.0742693150836828
22503	68	-0.205720081149259
22503	69	0.118385160925101
22503	70	0.0072743020691135
22503	71	-0.0915488094900425
22503	72	0.134957133742034
22503	73	-0.0458480007710094
22503	74	-0.198438000062545
22504	1	-0.419135387979999
22504	2	-0.00131387264027438
22504	3	0.0419910785226705
22504	4	0.0312625485931015
22504	5	0.0915123470148593
22504	6	-0.0301999649216924
22504	7	0.0539848858097045
22504	8	0.182548559408588
22504	9	0.00331684881570737
22504	10	0.0475048072903803
22504	11	0.0888429740863046
22504	12	0.222790761597921
22504	13	0.136320638972776
22504	14	0.100697189516005
22504	15	-0.000826514859760152
22504	16	0.10228203014259
22504	17	0.1198378448575
22504	18	0.116938890492655
22504	19	0.104509559554273
22504	20	0.200792220850708
22504	21	0.226429839316232
22504	22	-0.00856691902944107
22504	23	0.0965406574368188
22504	24	0.184097423181584
22504	25	-0.0620537477306087
22504	26	0.141308389742996
22504	27	0.119730770242981
22504	28	0.105632979314358
22504	29	0.255814109739319
22504	30	0.0615886358379996
22504	31	-0.00320441001320404
22504	32	0.154955778660586
22504	33	0.0725460074494038
22504	34	-0.0103523037938302
22504	35	0.048450153438047
22504	36	-0.0204935229328811
22504	37	-0.0864441448360225
22504	38	-0.00343666547693999
22504	39	0.046454968709547
22504	40	0.0882329022026056
22504	41	0.00181028725071286
22504	42	-0.0463374082150168
22504	43	-0.119430755348588
22504	44	0.0803599192032607
22504	45	-0.000823355096883915
22504	46	0.0221779463633283
22504	47	-0.077808445474048
22504	48	-0.0831053514085056
22504	49	-0.10399547380775
22504	50	0.085704515645844
22504	51	0.0934808348144074
22504	52	0.0963607627732443
22504	53	0.140042552172233
22504	54	-0.0836942600045774
22504	55	-0.0594005394592259
22504	56	-0.127112663698263
22504	57	0.0961348021851975
22504	58	-0.0437530893147908
22504	59	-0.147588388983813
22504	60	-0.0213773962733157
22504	61	0.0339300957172739
22504	62	-0.0886385561798377
22504	63	0.00310313368337489
22504	64	0.072439442702894
22504	65	-0.0633532110197166
22504	66	0.0375699975925059
22504	67	-0.140087560271461
22504	68	0.00225953109043786
22504	69	-0.112151785468392
22504	70	0.0959186114472601
22504	71	-0.0935273571076536
22504	72	-0.0594634323109986
22504	73	-0.0408492655453969
22504	74	-0.148899318383727
22505	1	-1.24615932482908
22505	2	-0.124978803162868
22505	3	-0.106014043418774
22505	4	-0.267925492897152
22505	5	-0.0280900485686253
22505	6	-0.0299662288788767
22505	7	-0.154598796123643
22505	8	-0.192126098161786
22505	9	-0.246266835227168
22505	10	-0.104392821385737
22505	11	0.0180829733268695
22505	12	-0.112177458316474
22505	13	-0.136231197479496
22505	14	-0.0987218456266703
22505	15	-0.0999651933229231
22505	16	-0.0659779653430093
22505	17	0.0626986643259357
22505	18	-0.124415512837025
22505	19	-0.000768698141826007
22505	20	-0.126827236620095
22505	21	-0.216992326370558
22505	22	-0.163483286670079
22505	23	-0.12201646550033
22505	24	-0.126077899945841
22505	25	-0.00255062667938688
22505	26	-0.261137822488486
22505	27	-0.102953017377871
22505	28	-0.103820251327008
22505	29	-0.175204857054553
22505	30	-0.0243751772659877
22505	31	-0.146072401887288
22505	32	-0.141044339473154
22505	33	-0.160991317538624
22505	34	-0.177371895008903
22505	35	-0.136250683412932
22505	36	-0.0628204179564946
22505	37	-0.02854467170188
22505	38	-0.141340710707581
22505	39	-0.128720377291259
22505	40	-0.0821320115172242
22505	41	-0.088393342424574
22505	42	-0.106954432099712
22505	43	-0.0931244980830499
22505	44	-0.10194400495687
22505	45	-0.0114905151859048
22505	46	0.0609876094631403
22505	47	-0.087348121918339
22505	48	-0.0211210557176003
22505	49	-0.169615515740901
22505	50	-0.0266867184562543
22505	51	-0.192241919371753
22505	52	-0.167502457789929
22505	53	-0.175678435258227
22505	54	-0.101096014307927
22505	55	-0.208932915442894
22505	56	-0.262009205390683
22505	57	-0.238996719644753
22505	58	-0.189616521584519
22505	59	-0.103233451586298
22505	60	-0.166658716596842
22505	61	-0.116991668078853
22505	62	0.062228907406535
22505	63	0.0736351316354558
22505	64	-0.0413398610929434
22505	65	-0.105981492400225
22505	66	-0.16644725005898
22505	67	-0.100014941981946
22505	68	-0.0626602237800498
22505	69	-0.171147751017351
22505	70	-0.0469847157866923
22505	71	-0.227670189346881
22505	72	-0.0719647163377104
22505	73	-0.0139240241050942
22505	74	-0.618096879913509
22506	1	0.0609120511919947
22506	2	0.110582021270456
22506	3	0.175536276119281
22506	4	0.092951488777345
22506	5	-0.0319362450834433
22506	6	0.11154007193781
22506	7	0.120220644406359
22506	8	0.142234610165247
22506	9	0.107087531488695
22506	10	0.169529140524148
22506	11	0.176717199322127
22506	12	0.190077781457489
22506	13	0.193829730238996
22506	14	0.181797447776376
22506	15	0.115050097235603
22506	16	0.172768620313256
22506	17	0.217892391777511
22506	18	0.19146241602779
22506	19	0.194520037623818
22506	20	0.137289023583271
22506	21	0.0120790156668136
22506	22	0.0220774043561605
22506	23	0.101282000837763
22506	24	0.200836867390095
22506	25	0.15772928104785
22506	26	0.305615221755907
22506	27	0.164526786544606
22506	28	0.097902778429372
22506	29	0.0507423718766375
22506	30	0.15025694567187
22506	31	0.13785804050044
22506	32	0.0026513822739318
22506	33	0.113042425466809
22506	34	0.125243263041284
22506	35	0.271122880723091
22506	36	0.0430253247288448
22506	37	-0.0157905563190113
22506	38	0.122085896507244
22506	39	0.133124306132338
22506	40	-0.0185234598369846
22506	41	0.00561555676785019
22506	42	0.0553266160583661
22506	43	0.0364152573343404
22506	44	-0.028986481120576
22506	45	-0.00567953739049187
22506	46	0.0602802997439795
22506	47	0.04322255938213
22506	48	0.0894758962567934
22506	49	0.175421784317017
22506	50	0.0450917108920734
22506	51	0.0935989310033349
22506	52	-0.0544335527518527
22506	53	0.0692696032877222
22506	54	0.0805754688416513
22506	55	-0.0132545271378604
22506	56	0.085971448451275
22506	57	0.0517875049162413
22506	58	-0.0476520193335617
22506	59	0.12775766414002
22506	60	0.0446605614812086
22506	61	0.0417459247334051
22506	62	-0.0225933962565676
22506	63	0.050089917846627
22506	64	0.130351152889077
22506	65	0.0673832008142554
22506	66	0.0758462745985256
22506	67	-0.0354263015649607
22506	68	0.183067476788608
22506	69	0.00847588393322951
22506	70	0.186575206867033
22506	71	0.179160281856433
22506	72	0.0459536276722758
22506	73	-0.0429500163354604
22506	74	0.109378948467352
22507	1	0.672281172280389
22507	2	-0.0412392987130481
22507	3	-0.11858157320442
22507	4	0.0202283897674427
22507	5	0.0150282032720312
22507	6	-0.14183399344271
22507	7	-0.0692290383298513
22507	8	-0.103618348996612
22507	9	-0.0875817986881842
22507	10	-0.176985716696827
22507	11	-0.101427290972083
22507	12	-0.0583601066635282
22507	13	-0.0817100253192038
22507	14	0.0339455355698846
22507	15	-0.119451125908661
22507	16	-0.151623596786671
22507	17	-0.0778082692127882
22507	18	-0.0953655320139575
22507	19	-0.20768921425973
22507	20	-0.195498642259167
22507	21	-0.207413142208331
22507	22	-0.140129982483401
22507	23	-0.169872975790042
22507	24	-0.120885420958359
22507	25	-0.0353327553216118
22507	26	-0.0247126766338539
22507	27	-0.110057477820703
22507	28	-0.134947138070018
22507	29	-0.0431581915702068
22507	30	-0.0877807089610414
22507	31	-0.149848101188439
22507	32	-0.125266565693543
22507	33	-0.082885946941218
22507	34	-0.0928184776169232
22507	35	-0.0989257782195097
22507	36	-0.068638532449576
22507	37	-0.187753143893246
22507	38	-0.177063290874955
22507	39	-0.0187736987753766
22507	40	-0.180161782679193
22507	41	-0.108630326798419
22507	42	-0.00531849934402828
22507	43	-0.154665933319663
22507	44	-0.00796681470285421
22507	45	-0.153623967011427
22507	46	0.00333553214698412
22507	47	0.0632967718089787
22507	48	-0.0669492420465687
22507	49	-0.104050140024938
22507	50	-0.164118322408768
22507	51	0.0555846984259176
22507	52	-0.133375556450936
22507	53	-0.0891941817590052
22507	54	-0.120310387096346
22507	55	-0.0594347186126782
22507	56	-0.0453577628548629
22507	57	-0.238678075206849
22507	58	-0.0891565936444465
22507	59	-0.0104866523309255
22507	60	-0.0138779086619962
22507	61	-0.11808193055424
22507	62	-0.134337439440749
22507	63	-0.126515994409765
22507	64	0.00196437489329071
22507	65	-0.133623217975668
22507	66	-0.114761402314606
22507	67	-0.226880203699977
22507	68	-0.0634655856806745
22507	69	-0.146638676660174
22507	70	-0.0464832264881352
22507	71	-0.0655864819873813
22507	72	-0.162490657298434
22507	73	-0.117587648350849
22507	74	-0.00774885483570387
22508	1	0.192328391421039
22508	2	0.0519036075118358
22508	3	-0.0643297589821188
22508	4	0.0506358207862796
22508	5	0.0427308241964823
22508	6	-0.0170482392778482
22508	7	0.100113156540296
22508	8	-0.0204482970644833
22508	9	0.0328627059932884
22508	10	-0.00235326020274584
22508	11	0.0635176005092291
22508	12	0.0495280443217041
22508	13	-0.000248920315456758
22508	14	0.0263233199291122
22508	15	-0.0649820679433404
22508	16	-0.0154053557861076
22508	17	-0.121506332201761
22508	18	0.0679295340710837
22508	19	0.0260820646115221
22508	20	0.107200813432314
22508	21	-0.0620622977464862
22508	22	0.0838432968150826
22508	23	0.0221161123830313
22508	24	-0.0263779786171909
22508	25	0.0455644641258033
22508	26	-0.0262679633537672
22508	27	0.00159018908189523
22508	28	-0.0525877762032962
22508	29	-0.0441978381349912
22508	30	-0.0320859947048859
22508	31	0.00573383595644827
22508	32	0.186445019393773
22508	33	0.0940204575381856
22508	34	0.100331567811843
22508	35	0.119222356914463
22508	36	-0.0341092915755041
22508	37	-0.0140651307569613
22508	38	-0.0802377256355911
22508	39	0.0112831409366336
22508	40	0.0901102900756428
22508	41	-0.0551201588054937
22508	42	0.0609995504222951
22508	43	0.059921308096996
22508	44	-0.0325765985481326
22508	45	-0.137459277699982
22508	46	-0.0446991392870046
22508	47	-0.0696694777169995
22508	48	0.0307214876787754
22508	49	0.0122405450662129
22508	50	-0.075972596253095
22508	51	-0.189389324483891
22508	52	0.0876564025408868
22508	53	-0.0366287416983084
22508	54	0.0463743995352885
22508	55	-0.014019917916869
22508	56	-0.013101919937661
22508	57	-0.0852771918244386
22508	58	0.00924760010705938
22508	59	-0.052596195291855
22508	60	0.010001915247841
22508	61	-0.00210278149408083
22508	62	-0.0250190030252355
22508	63	0.115474700115257
22508	64	-0.031640562229903
22508	65	0.0143277653330784
22508	66	0.0978405839344347
22508	67	0.0599808686671395
22508	68	-0.104887905592228
22508	69	-0.0758796915411324
22508	70	0.171527118788092
22508	71	-0.134217909129134
22508	72	-0.174705081497557
22508	73	0.0698884585064192
22508	74	0.0283540488448892
22509	1	-0.2220612779726
22509	2	-0.0938272314937869
22509	3	-0.0891839999254991
22509	4	-0.000963241402608617
22509	5	-0.0111324962444144
22509	6	-0.0617265885856426
22509	7	-0.0974970031166222
22509	8	0.00709894552647228
22509	9	0.0638483884294985
22509	10	0.0280787542446745
22509	11	-0.131444486520472
22509	12	-0.141337283131406
22509	13	0.0556419591481969
22509	14	-0.0133199655657705
22509	15	-0.0321931976287715
22509	16	0.039053822089528
22509	17	-0.0168932176398826
22509	18	-0.0837034440490285
22509	19	0.0530923506176109
22509	20	0.0212683088750296
22509	21	-0.155985592950422
22509	22	-0.01111528355937
22509	23	0.053304249368324
22509	24	-0.0742969704976417
22509	25	-0.272732441086561
22509	26	0.0421397576435893
22509	27	-0.0668413662128557
22509	28	-0.160910822434708
22509	29	0.0451114658432559
22509	30	-0.0605068875760253
22509	31	0.0851351951141055
22509	32	0.0448520335809377
22509	33	0.0426753538973514
22509	34	-0.115533198028515
22509	35	-0.090314539947677
22509	36	-0.126069597022003
22509	37	-0.0384377611956666
22509	38	-0.0451151482671222
22509	39	0.164891222690592
22509	40	-0.166187212746507
22509	41	-0.116204497828086
22509	42	-0.0619577414283015
22509	43	0.0996915835090562
22509	44	0.00836626931609885
22509	45	-0.026514517996219
22509	46	-0.0237370183391761
22509	47	-0.111097643548788
22509	48	-0.225860256957581
22509	49	-0.118603989267129
22509	50	-0.223625287954015
22509	51	0.0848955633990442
22509	52	0.140142711139148
22509	53	-0.125028762597331
22509	54	-0.11936563026854
22509	55	-0.202342166266334
22509	56	-0.221453382659369
22509	57	-0.0538591750515565
22509	58	0.0702084150337257
22509	59	-0.173302981868794
22509	60	0.00533441617062635
22509	61	-0.117967757751195
22509	62	0.0318033520500336
22509	63	0.00845450899441857
22509	64	0.028512137788212
22509	65	-0.0648541491060257
22509	66	0.0139853172499045
22509	67	-0.130023525002827
22509	68	0.0219365421072695
22509	69	-0.112981060152293
22509	70	0.0091217634216747
22509	71	-0.0732308779126214
22509	72	-0.0669872824241082
22509	73	-0.177934327574469
22509	74	-0.291199545111503
22510	1	0.0361162782399411
22510	2	-0.163942341089275
22510	3	-0.119923735961237
22510	4	-0.0417916812126151
22510	5	-0.0592232277072178
22510	6	-0.10258666785284
22510	7	-0.116504165239689
22510	8	-0.0703319250228276
22510	9	-0.0821042894429738
22510	10	-0.129621281042304
22510	11	-0.191345163494326
22510	12	-0.146802204921151
22510	13	-0.129621846224651
22510	14	-0.0407704415254457
22510	15	-0.115139834161042
22510	16	-0.058358263740999
22510	17	-0.133845638804438
22510	18	-0.201531407747382
22510	19	-0.0257419854608472
22510	20	-0.0691165015327755
22510	21	-0.0543229049339828
22510	22	-0.0960083684451334
22510	23	-0.0123288340639576
22510	24	-0.0356106186541609
22510	25	-0.0170220717173137
22510	26	-0.0788886269562568
22510	27	-0.010470492087876
22510	28	-0.15978340771548
22510	29	-0.00132738199416593
22510	30	-0.000557991516750178
22510	31	-0.2497945721991
22510	32	-0.0223217118040537
22510	33	0.0208210551175227
22510	34	-0.166644461426586
22510	35	-0.027616050711039
22510	36	0.069953695246106
22510	37	-0.120961682481095
22510	38	-0.0241306143560678
22510	39	-0.116660945628141
22510	40	0.00810532186377344
22510	41	-0.0153407810950767
22510	42	-0.00387350755421068
22510	43	-0.0496325452517894
22510	44	0.0154508098182191
22510	45	-0.017142303081485
22510	46	-0.0212490327134418
22510	47	-0.00230588565876388
22510	48	-0.120639143304118
22510	49	-0.116960422443206
22510	50	0.0110675082991989
22510	51	0.022119541464555
22510	52	-0.0575995138591594
22510	53	-0.202725467692311
22510	54	-0.157192860055801
22510	55	0.0504189539466608
22510	56	-0.244070999867454
22510	57	-0.0022105456542576
22510	58	-0.17988704964003
22510	59	-0.0641331142486479
22510	60	-0.118699211681601
22510	61	-0.0196332844348603
22510	62	-0.0878247692660139
22510	63	0.0775821443415907
22510	64	0.0398445862849499
22510	65	-0.0926524121659327
22510	66	0.0490126943490452
22510	67	-0.0096965146699759
22510	68	0.0295675123625188
22510	69	-0.0706653921902358
22510	70	-0.173718774724733
22510	71	-0.105622108949184
22510	72	0.0665153600163819
22510	73	-0.153473687705542
22510	74	-0.0889411896068566
22511	1	-0.31337828633232
22511	2	-0.339416270006591
22511	3	-0.193566459898754
22511	4	-0.180591865592266
22511	5	-0.406370196703257
22511	6	-0.220020529142104
22511	7	-0.152715435251594
22511	8	-0.231182922525605
22511	9	-0.280464259090223
22511	10	-0.189345532513066
22511	11	-0.225112598853286
22511	12	-0.239521205676645
22511	13	-0.204396696707398
22511	14	-0.226785738823764
22511	15	-0.120130121502633
22511	16	-0.203116118458269
22511	17	-0.19292311930424
22511	18	-0.261830320218081
22511	19	-0.134909270609192
22511	20	-0.294414676263003
22511	21	-0.184294748763755
22511	22	-0.147483377902631
22511	23	-0.322124086121583
22511	24	-0.15481699850065
22511	25	-0.179657929676203
22511	26	-0.305709570132485
22511	27	-0.175014906837802
22511	28	-0.181788181395568
22511	29	-0.247156929554023
22511	30	-0.24466757759442
22511	31	-0.239528747111265
22511	32	-0.152349995553465
22511	33	-0.210117090058702
22511	34	-0.222009110456263
22511	35	-0.140279698743377
22511	36	-0.140916959387631
22511	37	-0.134332362388037
22511	38	-0.0481355361318947
22511	39	-0.237529823916724
22511	40	-0.145674032961892
22511	41	-0.175563358586331
22511	42	-0.21412865137318
22511	43	-0.061584892987959
22511	44	0.02491771852997
22511	45	-0.120908299213966
22511	46	-0.115859341580865
22511	47	-0.223350294405371
22511	48	-0.172627844886115
22511	49	-0.302748346381293
22511	50	-0.102169211645986
22511	51	-0.0515370550597183
22511	52	-0.224441204098362
22511	53	-0.297221142543322
22511	54	-0.161952231867303
22511	55	-0.226879010228359
22511	56	-0.19369704035141
22511	57	-0.292508033789453
22511	58	-0.22562634983408
22511	59	-0.253588196632037
22511	60	-0.0614369829542696
22511	61	-0.122528803635511
22511	62	-0.0139640421794809
22511	63	-0.250468580325567
22511	64	-0.00111032087685459
22511	65	0.00562306183568495
22511	66	-0.118048816987219
22511	67	-0.055854841581926
22511	68	-0.0995171777110855
22511	69	-0.201603816355849
22511	70	0.0151725277891188
22511	71	-0.0107214406210687
22511	72	-0.116309922788183
22511	73	0.0577706703042864
22511	74	-0.152421660442691
22512	1	1.86619684978324
22512	2	-0.0726179076494624
22512	3	0.0451993002039188
22512	4	0.0459881552957029
22512	5	0.0237987568357489
22512	6	-0.102036250775555
22512	7	0.0438905155274512
22512	8	-0.103858808709099
22512	9	-0.0863825439195978
22512	10	0.014448023647077
22512	11	0.0674630054408638
22512	12	-0.0610273001832411
22512	13	0.158110628814228
22512	14	-0.14922319769444
22512	15	0.168538810755528
22512	16	0.091568335720801
22512	17	0.0403591400012218
22512	18	0.0925628646731766
22512	19	0.102580048043635
22512	20	0.0668653174509615
22512	21	0.112282472874604
22512	22	-0.0437003803155562
22512	23	-0.0357845878911718
22512	24	-0.0476982284680076
22512	25	0.00388403778701729
22512	26	0.00026109831522092
22512	27	-0.215970711433812
22512	28	0.00280473241046764
22512	29	0.150290678642705
22512	30	0.119943277600889
22512	31	0.193744754308007
22512	32	0.0300378953183653
22512	33	-0.0270948663086301
22512	34	0.082857818783296
22512	35	-0.0978100894269502
22512	36	-0.0610044472365416
22512	37	-0.0633521413869786
22512	38	-0.0205570252107918
22512	39	0.0172413388186072
22512	40	-0.0763572714009939
22512	41	-0.158053885695665
22512	42	0.0287165883752678
22512	43	-0.0220794671542492
22512	44	-0.172232478863251
22512	45	-0.0940400071116798
22512	46	-0.0437622122139132
22512	47	-0.135234556511826
22512	48	-0.0957863347783956
22512	49	-0.0670429879985264
22512	50	0.0079490179172339
22512	51	0.0692708162127218
22512	52	0.00328009531618534
22512	53	-0.0161815360275241
22512	54	-0.0733152366990169
22512	55	-0.0402393305527013
22512	56	0.0358575971260535
22512	57	-0.00316379709567371
22512	58	0.0320129313973041
22512	59	-0.00231785908825088
22512	60	-0.231008191306671
22512	61	0.0608446520017694
22512	62	0.0429267106089029
22512	63	-0.096863236104511
22512	64	-0.171634168569838
22512	65	-0.134528865736094
22512	66	0.0326111728029943
22512	67	-0.122662356621504
22512	68	-0.0837766366493611
22512	69	-0.0428167527344527
22512	70	-0.0226161838252992
22512	71	-0.0290590649185845
22512	72	-0.0559961121100869
22512	73	-0.223117075662941
22512	74	-0.161145860763718
22601	1	-1.11139570709534
22601	2	0.251999031207632
22601	3	0.198510606270954
22601	4	0.273391368790321
22601	5	0.157385569766188
22601	6	0.0620281417269979
22601	7	0.201447200402583
22601	8	0.303978538618829
22601	9	0.221530455615934
22601	10	0.0785088825912652
22601	11	0.262179952514543
22601	12	0.153192760466247
22601	13	0.155532408390854
22601	14	0.0789046081318432
22601	15	0.110086517838013
22601	16	0.176071042724523
22601	17	0.150340931532348
22601	18	0.164888418643599
22601	19	0.269856998557216
22601	20	0.158582869486871
22601	21	0.208454011381662
22601	22	0.327953329260858
22601	23	0.153665228555376
22601	24	0.121614562545005
22601	25	0.184999765229612
22601	26	0.190308213845974
22601	27	0.0964818462877162
22601	28	0.101604301742071
22601	29	0.100436853012312
22601	30	0.163082065130574
22601	31	0.22202854757866
22601	32	0.171113297622497
22601	33	0.166537746647101
22601	34	0.0619617168942028
22601	35	-0.00105998395235929
22601	36	-0.00895121485380201
22601	37	0.0020660588848358
22601	38	-0.109252289360306
22601	39	0.0278560252631905
22601	40	0.00152235785056831
22601	41	0.0813833419739751
22601	42	-0.0495838951842913
22601	43	-0.0128390464749302
22601	44	-0.105390140278232
22601	45	-0.0278051264317156
22601	46	0.0931616191035118
22601	47	-0.0142146153545823
22601	48	-0.00623909711902826
22601	49	-0.0208146454029077
22601	50	-0.182346625747627
22601	51	0.100378023325945
22601	52	-0.0038758217682755
22601	53	-0.00346914290896905
22601	54	0.109388690925904
22601	55	-0.019610393775956
22601	56	0.0254813392958795
22601	57	-0.0332741947683601
22601	58	-0.0608605442570465
22601	59	-0.0890597234912605
22601	60	0.0555496781894291
22601	61	0.0626243615258701
22601	62	0.0885430042527986
22601	63	-0.0891952443087334
22601	64	0.0354932122299871
22601	65	-0.00401460214092708
22601	66	-0.00830589902422929
22601	67	0.0566868946729926
22601	68	-0.0199814859574161
22601	69	0.0316713562653419
22601	70	-0.0247326124970613
22601	71	0.0214816997237008
22601	72	-0.0933747847639097
22601	73	0.0466711485710647
22601	74	0.0269896651733887
22602	1	0.921092667165183
22602	2	0.152003855263089
22602	3	0.212298037779906
22602	4	0.0966965212093953
22602	5	0.186692877554506
22602	6	0.138204660941497
22602	7	0.250513464658724
22602	8	0.245055277163921
22602	9	0.15723001156865
22602	10	0.255450084848917
22602	11	0.148474155264445
22602	12	0.221999246994251
22602	13	0.25305420211518
22602	14	0.0911333545378028
22602	15	0.267623308286197
22602	16	0.0955172786264598
22602	17	0.192745784063781
22602	18	0.0416028902947758
22602	19	0.0922455804394673
22602	20	0.177961521776915
22602	21	0.132772074940235
22602	22	0.049323379744834
22602	23	0.160433425196985
22602	24	0.176491237674846
22602	25	0.180901659865683
22602	26	0.171063042702073
22602	27	0.192126473577908
22602	28	0.202982529702581
22602	29	0.170774860059183
22602	30	0.275772937315118
22602	31	0.0487297413684615
22602	32	0.0375197463074315
22602	33	0.111585666378566
22602	34	0.173554765196108
22602	35	0.0806679458768329
22602	36	0.0689656759279274
22602	37	0.00762517825177156
22602	38	-0.0836117146962536
22602	39	-0.0492671624427885
22602	40	0.167490084003177
22602	41	-0.0364495864066328
22602	42	0.102335094657462
22602	43	0.0449298740057387
22602	44	0.165786414206188
22602	45	-0.170408483950929
22602	46	-0.00749099005298604
22602	47	-0.0270863004636226
22602	48	0.0441051292485284
22602	49	0.113833357853736
22602	50	-0.0865462751765449
22602	51	0.279780969010837
22602	52	0.0415774425638062
22602	53	0.142346935306122
22602	54	0.0360011917346128
22602	55	0.0773360885283836
22602	56	0.0712933077400066
22602	57	-0.190888692610052
22602	58	-0.0260101113132905
22602	59	0.0862062764612403
22602	60	0.0877252781065607
22602	61	0.154069923366968
22602	62	-0.0601150652091178
22602	63	0.000335633693431703
22602	64	-0.186099469659105
22602	65	-0.038575933744383
22602	66	0.0712483417395475
22602	67	0.0807282151616349
22602	68	0.0879112615144848
22602	69	0.136637057775253
22602	70	-0.00959511654632905
22602	71	0.0454064914742531
22602	72	0.167204880179952
22602	73	0.097226358279606
22602	74	0.0227178433324511
22603	1	-0.358515950116342
22603	2	0.0645986136674495
22603	3	-0.0126380724287856
22603	4	-0.00333699257513587
22603	5	-0.120878058576235
22603	6	0.0586397241755847
22603	7	-0.253014920887566
22603	8	-0.144983743875912
22603	9	-0.0867145741171882
22603	10	-0.0239485745334633
22603	11	-0.1377655219435
22603	12	-0.0663391812953549
22603	13	-0.131719975580069
22603	14	-0.190238710398134
22603	15	-0.113479752231022
22603	16	-0.0613500832856531
22603	17	0.0216024440839888
22603	18	-0.029396823910794
22603	19	0.0334363397750579
22603	20	-0.116441841788372
22603	21	-0.135987613672995
22603	22	0.0580795182812821
22603	23	-0.0249168451817638
22603	24	-0.0381604126969037
22603	25	0.0130434655632286
22603	26	0.0890483211430038
22603	27	-0.138476579156958
22603	28	0.0282054940630516
22603	29	-0.0446695966383288
22603	30	-0.104492278588829
22603	31	-0.0629117286944876
22603	32	-0.15467369446209
22603	33	-0.133130199980911
22603	34	-0.116727098316019
22603	35	-0.104206110844252
22603	36	-0.0510699606269682
22603	37	-0.115273525318472
22603	38	-0.0637798422865785
22603	39	-0.0421367816998952
22603	40	-0.016723754426927
22603	41	-0.176730490322662
22603	42	-0.103822125960242
22603	43	-0.0407127639724507
22603	44	-0.00509485002294241
22603	45	-0.0272061177525202
22603	46	-0.066632301344022
22603	47	-0.16321095446034
22603	48	-0.133516529831248
22603	49	-0.142579655754872
22603	50	-0.0931589033813438
22603	51	-0.0777462678418246
22603	52	-0.116667860647269
22603	53	-0.0706835709929621
22603	54	-0.0470581946013482
22603	55	-0.216636357426907
22603	56	-0.154802541281519
22603	57	-0.163374207524427
22603	58	-0.338588894046573
22603	59	-0.117529600478925
22603	60	-0.3691667135462
22603	61	-0.203602719200376
22603	62	-0.252336020277482
22603	63	-0.0096839541928091
22603	64	-0.00255454409423095
22603	65	-0.105653297222247
22603	66	-0.281189747931862
22603	67	-0.146308828582214
22603	68	-0.190549740321067
22603	69	-0.0595731282143603
22603	70	-0.179612085746449
22603	71	-0.027744749600302
22603	72	-0.241615945611578
22603	73	-0.0861467449523587
22603	74	-0.00168168279499525
22604	1	0.738711389183905
22604	2	-0.0732799868207508
22604	3	-0.166660855178989
22604	4	-0.0952803611674859
22604	5	-0.110668131806502
22604	6	-0.231609909673075
22604	7	-0.173858208112954
22604	8	-0.10645843874979
22604	9	-0.287361604222966
22604	10	-0.124854677055843
22604	11	-0.0730524218621298
22604	12	-0.131457488862488
22604	13	-0.185474572813597
22604	14	-0.245802257997809
22604	15	-0.0680994430365587
22604	16	-0.270458301349123
22604	17	-0.0419838862658892
22604	18	-0.0600946270027407
22604	19	-0.156867972674085
22604	20	-0.0815061216907296
22604	21	0.00465746362561958
22604	22	0.0531119023333559
22604	23	-0.109331165767607
22604	24	-0.111665376081767
22604	25	-0.0957399355759065
22604	26	-0.303522549483517
22604	27	-0.261777148725713
22604	28	-0.186171072251021
22604	29	-0.195699702415382
22604	30	-0.0701277545855774
22604	31	-0.140003673364951
22604	32	-0.162757665169984
22604	33	-0.106413845220949
22604	34	-0.156065747624403
22604	35	-0.208563474554587
22604	36	-0.0396763715460935
22604	37	-0.0965904939922098
22604	38	-0.0936244737833221
22604	39	-0.132195517380566
22604	40	0.0145812607484501
22604	41	-0.182576071355413
22604	42	-0.0879614147008851
22604	43	-0.203906589973521
22604	44	-0.224850270285572
22604	45	-0.134848323746787
22604	46	-0.156195495912158
22604	47	-0.0384733993401625
22604	48	-0.210774600062635
22604	49	-0.0674051403231033
22604	50	-0.133754650001663
22604	51	0.0871620415001004
22604	52	-0.279165803336284
22604	53	-0.018878496883346
22604	54	-0.0527117895602274
22604	55	-0.113925610800436
22604	56	-0.183086390319488
22604	57	0.0908406574549971
22604	58	-0.0940333374027134
22604	59	-0.139750501723903
22604	60	-0.106679847794005
22604	61	-0.15927216669634
22604	62	-0.167083966599854
22604	63	-0.0734532488255937
22604	64	-0.00964207055596944
22604	65	-0.204102563384517
22604	66	-0.0982335246649555
22604	67	0.00342367819683886
22604	68	-0.263548990647941
22604	69	-0.210662557723118
22604	70	-0.151401156478784
22604	71	-0.179789834966193
22604	72	-0.118249412034167
22604	73	-0.0901668723057512
22604	74	0.0321641656081795
22605	1	1.65673864369292
22605	2	-0.104508844536184
22605	3	-0.239378290048727
22605	4	-0.156421844133419
22605	5	-0.180984765073035
22605	6	-0.366277645144017
22605	7	-0.0587311540047324
22605	8	-0.274866454781858
22605	9	-0.303451383782082
22605	10	-0.326895558819366
22605	11	-0.255105327673753
22605	12	-0.351532839563887
22605	13	-0.254539903474914
22605	14	-0.260881215913635
22605	15	-0.184701447044574
22605	16	-0.235560505757938
22605	17	-0.167363445384126
22605	18	-0.155053344437611
22605	19	-0.316579395519781
22605	20	-0.232640390227807
22605	21	-0.261708869039708
22605	22	-0.223278478428171
22605	23	-0.299869843122316
22605	24	-0.262916678686977
22605	25	-0.16724534639755
22605	26	-0.337355014413383
22605	27	-0.30953586616058
22605	28	-0.24386085181014
22605	29	-0.246609522054662
22605	30	-0.240576652381165
22605	31	-0.151975617252724
22605	32	-0.27255485955876
22605	33	-0.228470759048605
22605	34	-0.22343408429775
22605	35	-0.343370688983448
22605	36	-0.0513906441914429
22605	37	-0.0375433547748116
22605	38	-0.167821489115333
22605	39	-0.0124203307177879
22605	40	0.0746625867244504
22605	41	-0.169005270712894
22605	42	-0.0842221492923372
22605	43	-0.0427928134039348
22605	44	-0.146268603587188
22605	45	-0.0835446474507435
22605	46	-0.154605919843647
22605	47	-0.140189566988838
22605	48	-0.0391888985649089
22605	49	-0.0811992803688
22605	50	-0.0569049577546252
22605	51	-0.0284904215261008
22605	52	-0.109530094635659
22605	53	-0.129614263726218
22605	54	-0.0689745612380861
22605	55	0.011091152253087
22605	56	-0.0977940975126259
22605	57	-0.0975140340526934
22605	58	-0.0891062393503859
22605	59	-0.0631824210689729
22605	60	0.0455280257313504
22605	61	-0.0896018051482059
22605	62	-0.0587332508763794
22605	63	-0.242004838271498
22605	64	0.00377044660883996
22605	65	-0.108940344953737
22605	66	-0.152196130586624
22605	67	-0.060731326895997
22605	68	-0.103125856156431
22605	69	-0.273858460929631
22605	70	0.0308619148576526
22605	71	-0.297296146985452
22605	72	-0.0730069140154228
22605	73	0.0127697428325746
22605	74	-0.0980790774354219
22606	1	1.17247799187104
22606	2	0.0511868078049673
22606	3	0.0237537321530645
22606	4	0.0342812511165818
22606	5	0.163512290458375
22606	6	0.0186457525150203
22606	7	0.117856955034846
22606	8	0.187490889465181
22606	9	0.0166783190016062
22606	10	-0.0722896098773376
22606	11	0.0546489217079227
22606	12	0.18671832687648
22606	13	0.0190083446528178
22606	14	0.0839720222325226
22606	15	0.0456671596505842
22606	16	0.0794572456758331
22606	17	-0.00733436611233884
22606	18	-0.0779978899585956
22606	19	0.0635082269420337
22606	20	-0.00139863608612245
22606	21	0.045065908923128
22606	22	0.125462766056962
22606	23	-0.0263085170152024
22606	24	0.135479345607294
22606	25	0.043425515479754
22606	26	-0.0568231252992604
22606	27	0.0688631583760184
22606	28	0.095846586098304
22606	29	0.14265730334278
22606	30	-0.00269205400975636
22606	31	0.0900423918941655
22606	32	0.0402457897244517
22606	33	-0.00961077420367218
22606	34	0.0718666899955593
22606	35	0.00841310893869718
22606	36	-0.0173695431735794
22606	37	0.126588579727354
22606	38	-0.0815535948145012
22606	39	-0.100045021773653
22606	40	-0.0760164251195974
22606	41	-0.0554414619876198
22606	42	-0.113300940862061
22606	43	-0.22082940500939
22606	44	-0.1355311865426
22606	45	-0.0438683410737681
22606	46	0.0737374880285202
22606	47	-0.0178607544453939
22606	48	-0.26473598428138
22606	49	-0.102162291508179
22606	50	0.0116672632986052
22606	51	0.043618887220255
22606	52	0.053583703019136
22606	53	-0.0502927329064207
22606	54	-0.00269072453740904
22606	55	-0.0596878942774524
22606	56	0.0162009113408317
22606	57	0.0511613003269815
22606	58	-0.0714374847899393
22606	59	-0.0975449707902243
22606	60	-0.0423365225912065
22606	61	-0.0725818511719609
22606	62	0.0353492813839438
22606	63	-0.0937431955369377
22606	64	-0.120024557446854
22606	65	-0.143749184498461
22606	66	-0.0720766682123255
22606	67	-0.294249139910825
22606	68	0.000605224363908974
22606	69	-0.0889790238171742
22606	70	-0.206139143164734
22606	71	0.013359222782249
22606	72	-0.0251716053719377
22606	73	-0.0318377476963718
22606	74	0.00720136631161239
22607	1	1.00083183585314
22607	2	0.0253609065177152
22607	3	0.0347800381594787
22607	4	0.0922557189249282
22607	5	-0.0209738691957959
22607	6	0.0662423814320476
22607	7	0.158796855421897
22607	8	0.125599012155099
22607	9	0.102085296046575
22607	10	-0.0967511730127129
22607	11	0.143161209250692
22607	12	-0.0991482089240918
22607	13	0.014513567348132
22607	14	0.0538769102732743
22607	15	-0.00699555393374851
22607	16	-0.026622336774615
22607	17	-0.0174375635858723
22607	18	-0.0656060632753608
22607	19	0.0566522429593377
22607	20	-0.0369346931192993
22607	21	0.13524260032181
22607	22	0.10598968438957
22607	23	-0.0358449894102719
22607	24	0.0198004691242417
22607	25	-0.0471929968003977
22607	26	-0.0695630577623021
22607	27	-0.0320254352101159
22607	28	0.0384567290581828
22607	29	-0.00972049563832655
22607	30	0.142208787578461
22607	31	-0.0105935848012209
22607	32	0.0357458388731473
22607	33	-0.041908338867465
22607	34	0.0442536978896513
22607	35	0.016416733377639
22607	36	-0.0131883667695405
22607	37	-0.0606532518645011
22607	38	0.18859574334077
22607	39	-0.0524339243980734
22607	40	-0.0355626538955391
22607	41	-0.0598280631251598
22607	42	-0.0328481914397898
22607	43	0.00710598670714546
22607	44	-0.167595691429462
22607	45	-0.0581705249622075
22607	46	-0.374540487064451
22607	47	-0.173693585240798
22607	48	-0.09136176671241
22607	49	-0.12430224246777
22607	50	-0.12519226934544
22607	51	-0.0154832153354505
22607	52	-0.292966755168948
22607	53	-0.0143567257558743
22607	54	-0.0605572107368531
22607	55	-0.11750403097377
22607	56	-0.0286368651756064
22607	57	0.0152366734476743
22607	58	-0.110337029920643
22607	59	-0.0501679140202995
22607	60	0.0310680282378328
22607	61	-0.125162517179
22607	62	-0.00857156555412786
22607	63	-0.077201746432543
22607	64	-0.0384764341293646
22607	65	-0.149075905350735
22607	66	-0.265487147157998
22607	67	-0.0791531560145202
22607	68	-0.0378822265123873
22607	69	-0.0318724301018207
22607	70	-0.205660316848991
22607	71	-0.0926683006050268
22607	72	-0.092488143428298
22607	73	0.0583621281580591
22607	74	0.00650375798853986
22608	1	0.193318233862353
22608	2	-0.000723085730115258
22608	3	0.00756780221100684
22608	4	0.112777705774974
22608	5	0.110013327388685
22608	6	-0.0552004324259912
22608	7	0.078305913737367
22608	8	0.0266970332321534
22608	9	-0.00350331163176776
22608	10	-0.0656874713394089
22608	11	-0.0672383564239993
22608	12	0.0220582689412012
22608	13	0.0569144456143889
22608	14	-0.0317444919203353
22608	15	-0.066249273800004
22608	16	0.231976448556857
22608	17	0.0530667342681426
22608	18	-0.0127386285070656
22608	19	0.0667739979915751
22608	20	-0.108228949821608
22608	21	0.12055486866511
22608	22	0.0265941136910115
22608	23	0.0564940316750437
22608	24	0.0448707653247737
22608	25	-0.038458702029466
22608	26	0.0662787291926747
22608	27	-0.0638740272514724
22608	28	-0.0785498612694511
22608	29	0.0204853295515264
22608	30	0.00658755192063154
22608	31	0.0112058038821345
22608	32	0.0453729102343061
22608	33	0.0106668618117709
22608	34	0.0556195475993633
22608	35	-0.0159575324710985
22608	36	-0.205899882232131
22608	37	-0.0885911081198216
22608	38	0.0240890282108808
22608	39	0.0231347023382256
22608	40	0.00471065069783094
22608	41	-0.100603376056362
22608	42	-0.125070843876493
22608	43	0.00942256709006273
22608	44	-0.0995869549195518
22608	45	-0.220490214848994
22608	46	-0.0975352681807919
22608	47	0.0541291491193689
22608	48	-0.121556544240867
22608	49	-0.0358320735230464
22608	50	0.0845378532662764
22608	51	-0.0561500460128315
22608	52	-0.145222662732706
22608	53	-0.108284764933003
22608	54	-0.060477049876738
22608	55	-0.0475934417391031
22608	56	-0.042094168674943
22608	57	-0.188585468791118
22608	58	0.0833006954368614
22608	59	-0.0985545955820868
22608	60	-0.0234222621517688
22608	61	0.0375616682673154
22608	62	0.00861956645242401
22608	63	-0.102939284260337
22608	64	-0.0382354325846421
22608	65	0.073780120923324
22608	66	-0.0421403611457762
22608	67	-0.0933959957390442
22608	68	-0.177485055615456
22608	69	-0.000232310413139203
22608	70	-0.00493041302605235
22608	71	0.0409326454986569
22608	72	-0.114143465858234
22608	73	-0.225171777635261
22608	74	-0.0518559257036486
22609	1	0.493901539863803
22609	2	-0.0013626035057932
22609	3	-0.0669159084682214
22609	4	-0.0157428381979905
22609	5	-0.0802940046473708
22609	6	0.0685088701872658
22609	7	-0.11428319892515
22609	8	-0.0280065460632812
22609	9	-0.0972973631351266
22609	10	0.0275401777769417
22609	11	-0.00564617415908231
22609	12	-0.00742602984006879
22609	13	-0.0360237826629159
22609	14	-0.0825929966968175
22609	15	-0.106999700294921
22609	16	0.00176000074569771
22609	17	-0.189087010117419
22609	18	-0.0534234031879635
22609	19	0.0308630085828057
22609	20	0.0798816034103353
22609	21	-0.118013319174821
22609	22	-0.154291699283696
22609	23	0.0156283344161494
22609	24	-0.0697534319435817
22609	25	-0.112445117494325
22609	26	-0.139975912217807
22609	27	0.0916898119505092
22609	28	0.102315219553461
22609	29	0.0739379308077019
22609	30	0.092141264157533
22609	31	0.0713355401594882
22609	32	-0.0534872498814849
22609	33	-0.097919027139362
22609	34	-0.0606916939676552
22609	35	-0.109333485579945
22609	36	-0.0884908438720799
22609	37	0.130230561157475
22609	38	0.109668341650767
22609	39	-0.0159197649892064
22609	40	-0.0336835241350357
22609	41	0.00624942218092173
22609	42	0.120814391850637
22609	43	-0.00304503157072133
22609	44	-0.115829537777856
22609	45	-0.186826749247913
22609	46	-0.0571524293297401
22609	47	0.134787408513098
22609	48	0.0469426787667047
22609	49	0.0748116485929486
22609	50	0.0832037178762448
22609	51	-0.0630348434577073
22609	52	-0.152681073944315
22609	53	0.0284673350949305
22609	54	-0.177503567876464
22609	55	-0.125451663894488
22609	56	0.0175479032145418
22609	57	0.0968970533313822
22609	58	0.036884634650427
22609	59	0.173639504970595
22609	60	-0.0301476082955645
22609	61	-0.0317213406220489
22609	62	0.0185863653709291
22609	63	-0.0702977175526414
22609	64	0.144259930429719
22609	65	0.101670165343606
22609	66	-0.0368932969911029
22609	67	-0.084578563566339
22609	68	0.000890843555282572
22609	69	0.0160146613572891
22609	70	0.130609410843945
22609	71	0.0730160142978775
22609	72	0.237345766300933
22609	73	0.206482345244432
22609	74	0.157913905311524
22610	1	0.219202331611481
22610	2	-0.00177782327106257
22610	3	0.030743618601722
22610	4	0.0617710506403597
22610	5	0.101424277434422
22610	6	0.0809747621274397
22610	7	0.0258532697014999
22610	8	0.0428929363877231
22610	9	0.105061424746602
22610	10	0.082104178829745
22610	11	-0.0289457845317358
22610	12	0.0541659801510832
22610	13	0.149559237234079
22610	14	0.132063088536846
22610	15	0.00584951185893345
22610	16	0.108134291243474
22610	17	0.121609366392711
22610	18	-0.00631435564226734
22610	19	0.111922639720483
22610	20	0.150188781132883
22610	21	0.0711457657891756
22610	22	0.0486262404338333
22610	23	0.160961316813989
22610	24	0.0739190756967432
22610	25	0.0786760526895804
22610	26	0.142500479486046
22610	27	0.0344359792537503
22610	28	0.0443732621824182
22610	29	0.185491350023199
22610	30	0.0844223004199236
22610	31	-0.0246028666176059
22610	32	0.156662063469547
22610	33	-0.00324083458654911
22610	34	0.100411553439038
22610	35	0.121549323391875
22610	36	-0.00224464299948579
22610	37	0.0766012963569906
22610	38	0.246468139114235
22610	39	0.0918605720524184
22610	40	-0.0215309144778004
22610	41	-0.106896405094268
22610	42	-0.00332938065971433
22610	43	0.0787665723956863
22610	44	0.124862175120924
22610	45	0.132495523822882
22610	46	-0.0270723878019155
22610	47	0.0493782422511018
22610	48	-0.09004691167722
22610	49	0.0835083811063058
22610	50	-0.0712255433481985
22610	51	-0.0849712693658731
22610	52	0.021543513938056
22610	53	-0.0208879480653792
22610	54	0.0954522172578862
22610	55	-0.00520348418623939
22610	56	-0.0297802224318033
22610	57	0.0066373519407108
22610	58	-0.195069886418317
22610	59	-0.0238290456122385
22610	60	0.0621122353147499
22610	61	-0.0925953768275676
22610	62	-0.00123009287836595
22610	63	-0.0661452952338166
22610	64	0.0211817537903443
22610	65	-0.0350159154737497
22610	66	-0.102339912216117
22610	67	-0.0498909812281951
22610	68	0.0962416869919522
22610	69	0.00552047321039595
22610	70	-0.0511869743478925
22610	71	0.000583359400273764
22610	72	-0.158717363920807
22610	73	0.149333901719629
22610	74	-0.0967253090364792
22611	1	0.314753180228681
22611	2	0.0838552152178345
22611	3	0.0812612416539196
22611	4	0.0941885867757257
22611	5	0.100884835066452
22611	6	0.135482336413567
22611	7	0.107046487919085
22611	8	0.0660909605949485
22611	9	0.0168661351290567
22611	10	0.0891041143529705
22611	11	0.0460472505077263
22611	12	0.0311006472860385
22611	13	0.0827850558722432
22611	14	0.0788889687950558
22611	15	0.0164825737089842
22611	16	0.0714208395318394
22611	17	0.137632713661304
22611	18	0.0536100690292969
22611	19	0.095375201697955
22611	20	0.00591724925939729
22611	21	0.10391104935551
22611	22	0.043335273283482
22611	23	0.0550895113346925
22611	24	0.156837281362719
22611	25	0.159176846368027
22611	26	0.025182510582006
22611	27	0.0783776383146986
22611	28	0.186030747916433
22611	29	0.043320319426627
22611	30	0.134654917420249
22611	31	0.0246042625651555
22611	32	0.0927332703960886
22611	33	0.00479139686132157
22611	34	0.132157623325725
22611	35	0.0453839590092997
22611	36	-0.0282126876380602
22611	37	0.0182138904269422
22611	38	0.0133651925982292
22611	39	-0.0717516923370383
22611	40	-0.0480087403022864
22611	41	-0.0980362761009346
22611	42	-0.00877268338188486
22611	43	0.0134353912884961
22611	44	-0.0389196530232567
22611	45	0.156909077828232
22611	46	0.0401927805505977
22611	47	0.0411990005985388
22611	48	-0.00778988447272866
22611	49	-0.0344113535003885
22611	50	-0.0160076484109126
22611	51	0.203492082849316
22611	52	0.0642337356283207
22611	53	0.0914576105543716
22611	54	0.0633577861149632
22611	55	-0.0121876411123125
22611	56	0.183819427215859
22611	57	0.0897561171539394
22611	58	0.0495609446824332
22611	59	0.0432151119689053
22611	60	0.000597189889205652
22611	61	0.0374140570799995
22611	62	-0.0340330348512126
22611	63	-0.00263998991724179
22611	64	-0.0480186615782969
22611	65	0.0127833487366544
22611	66	0.0221151664947357
22611	67	0.0780330148775903
22611	68	-0.0249297885300095
22611	69	-0.0191626980245019
22611	70	0.00443163418966463
22611	71	0.0315667721994402
22611	72	0.0400677363354731
22611	73	-0.130760839867392
22611	74	-0.176627159736157
22612	1	2.12102758397439
22612	2	0.189497212122244
22612	3	0.0992560946133842
22612	4	0.155429491607144
22612	5	0.0610615775177727
22612	6	0.110436447442815
22612	7	0.23685843967867
22612	8	0.118420534447637
22612	9	0.0729597245803575
22612	10	0.0748967763227881
22612	11	0.10890892204123
22612	12	-0.0763338950535015
22612	13	0.114969519296636
22612	14	0.0897717699372649
22612	15	-0.0118232633461091
22612	16	0.0161079500665053
22612	17	0.0728124897250524
22612	18	0.148691933963661
22612	19	0.0532883127166244
22612	20	0.0282651127373583
22612	21	0.11413394531683
22612	22	0.184595934043436
22612	23	0.118732707392077
22612	24	0.167491135809513
22612	25	0.132836432865012
22612	26	0.0726486849445678
22612	27	0.0900191517650413
22612	28	0.018167470595337
22612	29	0.00656379324335887
22612	30	0.0708484628549684
22612	31	0.0628373987377273
22612	32	0.0446908814513876
22612	33	0.0382647504755411
22612	34	0.16809552077877
22612	35	0.0845475862230671
22612	36	0.0489330782911281
22612	37	-0.000512205726934667
22612	38	-0.0335028513145161
22612	39	-0.0658416556940793
22612	40	-0.0284198330864953
22612	41	0.0220197196725209
22612	42	-0.101982432425878
22612	43	-0.0114169037422727
22612	44	-0.00800661569787309
22612	45	-0.0302509420264627
22612	46	0.117253415258901
22612	47	0.129746063810508
22612	48	0.0587462366041365
22612	49	0.0292701254394885
22612	50	0.0954213677427305
22612	51	-0.166724691537958
22612	52	-0.0874845844815155
22612	53	-0.0229927370594254
22612	54	-0.0241626665060508
22612	55	-0.164353954515711
22612	56	-0.0834205562985204
22612	57	-0.0989014657587788
22612	58	0.00276215454704953
22612	59	0.0711319607481471
22612	60	-0.0525187399465636
22612	61	-0.0253930650056873
22612	62	-0.0362178645864404
22612	63	0.0980757849106411
22612	64	-0.0378536113826229
22612	65	0.101800852859249
22612	66	0.127458536862733
22612	67	-0.0970329042786418
22612	68	-0.266120448528831
22612	69	-0.0686338153771544
22612	70	0.0516704276235842
22612	71	-0.188297642581752
22612	72	-0.060650305909725
22612	73	-0.0701743477548291
22612	74	-0.0517287024457289
23101	1	-2.44239191435283
23101	2	0.130751727131834
23101	3	0.065161142489103
23101	4	0.049142802454746
23101	5	0.153235482651329
23101	6	0.188266343727626
23101	7	0.220571173931354
23101	8	0.167695778117675
23101	9	0.161725997798023
23101	10	0.216825540588928
23101	11	0.0653234817523227
23101	12	0.245567307095541
23101	13	0.209567323805139
23101	14	0.327412355294072
23101	15	0.175841948335382
23101	16	0.288180641519126
23101	17	0.210329055825056
23101	18	0.188510580925751
23101	19	0.1940096021413
23101	20	0.136514865483775
23101	21	0.103268579055083
23101	22	0.12846067808151
23101	23	0.121353793423999
23101	24	0.277464511209331
23101	25	0.106252913238706
23101	26	0.176623272514149
23101	27	0.116266691149917
23101	28	0.25629515394408
23101	29	0.306706826927801
23101	30	0.153246516693088
23101	31	0.0591809360404127
23101	32	0.203578285082642
23101	33	0.298004032742519
23101	34	0.0353941824183508
23101	35	0.128950089378563
23101	36	-0.0384817489814679
23101	37	-0.0176435302364624
23101	38	-0.192852149814755
23101	39	-0.0857638155768115
23101	40	0.0406073098634891
23101	41	0.000498154782896165
23101	42	0.0813818600450062
23101	43	0.0852478133110637
23101	44	-0.0598347392311496
23101	45	-0.0684146228964195
23101	46	-0.111245779623005
23101	47	-0.00705857410297028
23101	48	-0.0758975798722616
23101	49	-0.0556914960611365
23101	50	-0.106471923421189
23101	51	-0.0923410762327777
23101	52	0.120842881959867
23101	53	0.0319732710711804
23101	54	-0.0602503702225903
23101	55	0.0238072991692775
23101	56	-0.133124695995093
23101	57	0.132863722938225
23101	58	0.031294822563261
23101	59	0.111575208408652
23101	60	0.0175253395991177
23101	61	0.0718456032848209
23101	62	0.0814492380978109
23101	63	0.0830155221290596
23101	64	0.151590521737511
23101	65	0.0558708998697739
23101	66	0.108615643129383
23101	67	0.0107543158553653
23101	68	-0.0318704060932689
23101	69	-0.143142537056619
23101	70	0.0191928145703812
23101	71	0.0211135135294711
23101	72	-0.0253926088440153
23101	73	-0.110527748206856
23101	74	0.151762811501804
23102	1	-0.727875531149031
23102	2	0.0027460139719544
23102	3	0.0323791765292967
23102	4	-0.0191326005650296
23102	5	-0.0406625828568394
23102	6	0.0150732453011599
23102	7	-0.084564985758611
23102	8	-0.0836210229749241
23102	9	-0.0966908154794055
23102	10	0.0638980776013085
23102	11	0.0961196748481328
23102	12	0.0049693046373207
23102	13	-0.0177128605662702
23102	14	0.0992873971746064
23102	15	-0.0037152971784522
23102	16	-0.0916719359111511
23102	17	0.0226142905077893
23102	18	-0.0480291493967115
23102	19	-0.0383550911837958
23102	20	-0.064792685305477
23102	21	-0.0794145141785805
23102	22	0.162478687906088
23102	23	-0.039726568066456
23102	24	-0.0254540403703132
23102	25	0.0892254231240486
23102	26	-0.021994527287724
23102	27	0.016909652701159
23102	28	0.095281801312197
23102	29	-0.135258957270715
23102	30	-0.0578241477682937
23102	31	-0.0905379579468004
23102	32	-0.216605306866377
23102	33	0.0585672090794915
23102	34	-0.00712147493316451
23102	35	0.060157254735941
23102	36	-0.0776475041542
23102	37	-0.180079345871626
23102	38	-0.0846920003297527
23102	39	-0.0305956449451443
23102	40	0.0429240236240105
23102	41	-0.0480161100972438
23102	42	-0.0352494862315424
23102	43	-0.117270948272505
23102	44	-0.182069874284174
23102	45	-0.188390012560077
23102	46	0.0946569032074862
23102	47	-0.0694826162747546
23102	48	-0.1513104106686
23102	49	-0.0612592048692093
23102	50	-0.103372844030069
23102	51	-0.0180840846649559
23102	52	0.0581731061146584
23102	53	-0.126525467012833
23102	54	0.0991324058912184
23102	55	0.0447384992879165
23102	56	0.000790971446747335
23102	57	-0.107824957147066
23102	58	0.0200326174559606
23102	59	-0.213539179305627
23102	60	0.0399112933910288
23102	61	-0.0422814473392918
23102	62	-0.122444584934215
23102	63	0.0727830911399536
23102	64	-0.043430847958227
23102	65	0.121566115071793
23102	66	0.0543073620131551
23102	67	-0.0592066580633102
23102	68	0.0139950405342759
23102	69	0.00873574764103324
23102	70	-0.0278842704224402
23102	71	0.122440847569059
23102	72	-0.108749960079479
23102	73	0.0534922876194344
23102	74	0.232220415211259
23103	1	-0.489303459648855
23103	2	-0.130187143345818
23103	3	0.0066717127505953
23103	4	0.0535848512320527
23103	5	0.0380283856064345
23103	6	-0.0409058913033888
23103	7	0.0721926146960783
23103	8	-0.0445285497333359
23103	9	-0.116808829634373
23103	10	-0.0284600348820945
23103	11	-0.021074924732396
23103	12	-0.0572941517021306
23103	13	0.0349566556594283
23103	14	0.126894718657383
23103	15	0.0773415060640943
23103	16	0.0880637040087038
23103	17	0.0302615021765149
23103	18	-0.0130080598385618
23103	19	-0.0643888299262869
23103	20	0.0622397642641133
23103	21	-0.160517278050612
23103	22	0.0908556451576956
23103	23	0.0310072957708556
23103	24	0.032309824836716
23103	25	-0.144352411657046
23103	26	0.115425479601825
23103	27	0.123975166620632
23103	28	0.0740484455446122
23103	29	0.0304204659734424
23103	30	-0.0900657568817849
23103	31	-0.1271977032157
23103	32	-0.0448340524642816
23103	33	-0.0640015987609388
23103	34	-0.0166480667977638
23103	35	0.0597772831951247
23103	36	0.030738799769864
23103	37	0.0708444612306707
23103	38	0.0676217550732545
23103	39	0.191385031383355
23103	40	-0.0111525930384246
23103	41	-0.00299958327293837
23103	42	0.124929342482758
23103	43	0.000713626691478453
23103	44	0.102941567363423
23103	45	0.126246821069891
23103	46	0.0112642428125369
23103	47	0.157706128534123
23103	48	0.124946051743464
23103	49	0.0373847480081579
23103	50	0.0268246303321646
23103	51	0.0579674124942855
23103	52	0.1868397005262
23103	53	0.243255866973939
23103	54	0.168075423296848
23103	55	0.130035994076906
23103	56	-0.0103773154626694
23103	57	0.103620067938387
23103	58	0.171553690131233
23103	59	0.127960052320546
23103	60	0.164543745931979
23103	61	0.0127569852637137
23103	62	-0.00652976638583169
23103	63	0.110144482268986
23103	64	0.177536893977255
23103	65	0.255861685160262
23103	66	0.0355338711007533
23103	67	0.295663409012853
23103	68	-0.0133641950239038
23103	69	0.1398150750261
23103	70	0.128232450860651
23103	71	0.0309082573059101
23103	72	0.270357248760462
23103	73	0.073382802839312
23103	74	0.236352295782929
23104	1	-0.103970322878354
23104	2	-0.125099442073669
23104	3	-0.0635402326108938
23104	4	0.00575932754846775
23104	5	0.100289066637078
23104	6	0.0520258879922935
23104	7	0.0466133872177892
23104	8	0.0777796935459278
23104	9	-0.0830752229000069
23104	10	0.0203935719713968
23104	11	-0.0270960016286708
23104	12	0.037893483900163
23104	13	-0.105921265420598
23104	14	0.024901243947717
23104	15	-0.00432201112994335
23104	16	0.0886934496236407
23104	17	0.0445951020609598
23104	18	-0.0445662223334793
23104	19	0.177653428104122
23104	20	0.0181514658579047
23104	21	0.0560878138201772
23104	22	-0.0109674750985533
23104	23	0.0469007408471782
23104	24	0.13199532430734
23104	25	0.140323877653664
23104	26	0.0882159719172577
23104	27	0.0383053415466605
23104	28	-0.0351578426790411
23104	29	0.000518196417303329
23104	30	-0.00795654835989268
23104	31	-0.0290386928202011
23104	32	0.0361590663475297
23104	33	0.0206087228724385
23104	34	0.0424463146324072
23104	35	-0.0494911010137287
23104	36	0.067157730359348
23104	37	0.1677741315739
23104	38	0.0581678724764672
23104	39	0.0520038780781533
23104	40	0.0384453601779526
23104	41	0.0316572342093622
23104	42	-0.0228595014931088
23104	43	-0.0670550295757408
23104	44	-0.0956976143861468
23104	45	0.0478143318235453
23104	46	0.123092573205689
23104	47	0.00211862454057155
23104	48	0.0704840441391994
23104	49	0.087748942322321
23104	50	-0.150813414174038
23104	51	0.02308967910691
23104	52	-0.0124971454390987
23104	53	-0.12053700354118
23104	54	-0.0105654583351722
23104	55	-0.0619636971202837
23104	56	-0.00184200579134597
23104	57	0.0217897265789304
23104	58	-0.0994444159164942
23104	59	0.144097821373649
23104	60	0.0577133615116026
23104	61	0.0419077961451251
23104	62	-0.0308944199345973
23104	63	0.0697453075068921
23104	64	0.0287273701677364
23104	65	0.0557984223080794
23104	66	0.179291622173402
23104	67	0.0698183282926692
23104	68	0.108151084823362
23104	69	0.0282107297534324
23104	70	0.025834222577295
23104	71	0.0614889104201524
23104	72	-0.00895312952279426
23104	73	-0.0876442760389864
23104	74	0.221737456776772
23105	1	0.238449562664989
23105	2	-0.0550016528505566
23105	3	-0.146843507070468
23105	4	-0.0443735212744798
23105	5	-0.0909142151079934
23105	6	-0.122513081243575
23105	7	-0.00345805526617937
23105	8	-0.0509119351196858
23105	9	-0.120770240065532
23105	10	-0.0238409972698292
23105	11	-0.167284443260684
23105	12	-0.11416318240471
23105	13	-0.0369681914609004
23105	14	-0.0124225101949804
23105	15	-0.140940558817988
23105	16	0.0478305790482807
23105	17	0.0218429383424379
23105	18	-0.119943767239654
23105	19	-0.249175194684021
23105	20	-0.0264537716716262
23105	21	-0.0360511340052554
23105	22	-0.0123448802421109
23105	23	-0.0805120599212188
23105	24	-0.0784575808964405
23105	25	0.0103740881153414
23105	26	-0.00270451356453094
23105	27	0.00161497966557533
23105	28	-0.115058194910553
23105	29	-0.148673336347365
23105	30	-0.0607590117502639
23105	31	-0.0343261800519983
23105	32	-0.122142609763024
23105	33	0.015347255275806
23105	34	-0.0778977690229539
23105	35	-0.0833630160142746
23105	36	0.0486858931897416
23105	37	0.0930786862667219
23105	38	0.0532329641820226
23105	39	0.0409390280924598
23105	40	-0.108110563438572
23105	41	-0.0629390526270228
23105	42	-0.0220492150221148
23105	43	0.0603627494984948
23105	44	0.0128830878312627
23105	45	0.0287809341303173
23105	46	0.0689640478807689
23105	47	0.108583321516583
23105	48	0.0613982934588648
23105	49	0.00424634644870281
23105	50	-0.0339940831181309
23105	51	-0.0800442834121498
23105	52	0.0768981800583575
23105	53	0.00465937574586661
23105	54	0.136886339476185
23105	55	-0.0565357611909647
23105	56	0.0931869557631515
23105	57	-0.0176747838556821
23105	58	-0.0194529274918622
23105	59	0.153581874397396
23105	60	0.121060475436977
23105	61	0.0390798898424194
23105	62	0.0297983586141726
23105	63	0.131453312622639
23105	64	-0.0220524685569643
23105	65	0.0394309527915837
23105	66	0.040674001202639
23105	67	-0.0457896070083592
23105	68	0.128259971315835
23105	69	0.116702475383107
23105	70	0.0766262791297194
23105	71	-0.0383076995354656
23105	72	0.162204194548572
23105	73	-0.0877688059202626
23105	74	-0.351475311853243
23106	1	-0.394275317764738
23106	2	0.0195121581943525
23106	3	-0.0114765651487758
23106	4	0.0481564968385548
23106	5	-0.156882633317075
23106	6	-0.00756096707488751
23106	7	-0.00118570056007883
23106	8	-0.0580940882966203
23106	9	-0.157579731111184
23106	10	0.0841797640317736
23106	11	-0.0106010623455148
23106	12	-0.159250238107198
23106	13	-0.145741642300003
23106	14	-0.129408300293882
23106	15	-0.0754668146377639
23106	16	0.0906927560526896
23106	17	0.0182620351842644
23106	18	0.0847283337223388
23106	19	-0.151200298958074
23106	20	0.0152340595781553
23106	21	-0.00686579921425334
23106	22	0.000914923481388996
23106	23	-0.037026634045553
23106	24	0.0578252583593226
23106	25	0.0310793997715209
23106	26	-0.105412579694999
23106	27	0.0033575944767037
23106	28	-0.0285027943054033
23106	29	-0.0208537809652256
23106	30	-0.050946485703399
23106	31	-0.029145667322652
23106	32	-0.145105701423759
23106	33	0.0780828315162125
23106	34	-0.090021034633466
23106	35	-0.121107885430717
23106	36	0.0264420536310155
23106	37	-0.044211019351124
23106	38	-0.120169517981182
23106	39	0.0250175100158359
23106	40	0.0723876678702595
23106	41	-0.0334471766152689
23106	42	0.0572272882017586
23106	43	-0.176659887038127
23106	44	0.0706305945571231
23106	45	0.0333619433203864
23106	46	0.0209497793849351
23106	47	0.0263092124912916
23106	48	-0.0395829656398874
23106	49	-0.0593425132641769
23106	50	0.110128075126873
23106	51	-0.0594022161003096
23106	52	-0.0305798048016115
23106	53	0.0105857816884765
23106	54	-0.057354360388139
23106	55	0.112175023408177
23106	56	-0.0393572725161704
23106	57	-0.0232626055209764
23106	58	0.0070284408098189
23106	59	0.0279939291561604
23106	60	0.0895292216954502
23106	61	0.0242975887743029
23106	62	-0.068758059979281
23106	63	-0.0764384374495961
23106	64	0.0476757828661434
23106	65	-0.005772097341044
23106	66	0.0333772634711167
23106	67	0.162754962405778
23106	68	-0.0151740086126466
23106	69	0.0729847109291271
23106	70	0.0198188782456654
23106	71	0.000777033240318303
23106	72	0.0824546354075935
23106	73	0.079017122287496
23106	74	0.081979162722817
23107	1	-0.86609567582925
23107	2	-0.0895538688200013
23107	3	-0.048567657133141
23107	4	-0.0483635629713177
23107	5	-0.0432618935502056
23107	6	-0.0720190791582311
23107	7	-0.0862942847758603
23107	8	-0.170219581177456
23107	9	-0.0478137650647525
23107	10	-0.00250879205020738
23107	11	-0.0205351727076817
23107	12	-0.135052528321332
23107	13	-0.125407079390072
23107	14	-0.00543081868927686
23107	15	-0.0530342795641801
23107	16	-0.0894940022134563
23107	17	-0.0702182342553712
23107	18	0.0150983079841112
23107	19	-0.01968044918668
23107	20	-0.0491213039530365
23107	21	-0.0396098043187578
23107	22	-0.0913725771856235
23107	23	-0.143796855357984
23107	24	-0.0295239254992836
23107	25	-0.131187812313975
23107	26	-0.097935777593257
23107	27	-0.00777955383657059
23107	28	0.0474776312439076
23107	29	0.0656471596665469
23107	30	-0.0271762326013558
23107	31	-0.132256961602458
23107	32	0.00108930965151188
23107	33	-0.0321070432667909
23107	34	-0.162640418800649
23107	35	-0.25295400443057
23107	36	0.0101277544332774
23107	37	-0.0379439122251171
23107	38	0.0286530398291092
23107	39	-0.0286729099936025
23107	40	-0.015810774791376
23107	41	0.07269015231347
23107	42	0.0603797185934525
23107	43	0.0506083874515895
23107	44	0.0320577345875179
23107	45	0.067279735068027
23107	46	0.0880337012074008
23107	47	0.182349214889051
23107	48	0.0477029525227408
23107	49	0.13185948691477
23107	50	0.0720565811908074
23107	51	0.0516043786198424
23107	52	0.0752564130261462
23107	53	0.0496193978955048
23107	54	-0.0453340868295058
23107	55	-0.0042077694537852
23107	56	0.21580822006073
23107	57	0.131861151498782
23107	58	0.115827025897744
23107	59	0.105016373015431
23107	60	-0.00575015111896704
23107	61	0.0955675899595647
23107	62	-0.0138052509472004
23107	63	-0.0354852124536649
23107	64	-0.0144669595872884
23107	65	-0.123189018804204
23107	66	0.0479776607304743
23107	67	-0.052085724689249
23107	68	0.134039370496673
23107	69	0.159034120329629
23107	70	-0.0625564093779687
23107	71	0.0209590584482413
23107	72	0.0565018830956063
23107	73	0.15269513358669
23107	74	-0.0678398532700655
23108	1	-0.147586285234702
23108	2	0.0406612922490162
23108	3	0.0606182145884517
23108	4	0.126746964413908
23108	5	0.0628696588911737
23108	6	0.119552299629248
23108	7	0.289951094212633
23108	8	0.134156096133928
23108	9	0.134825023684009
23108	10	0.0273389275953235
23108	11	0.167641182789033
23108	12	0.113322743695655
23108	13	0.0733289155584984
23108	14	0.226054137351028
23108	15	0.0642656732425166
23108	16	0.0271696056276198
23108	17	0.0369509974550368
23108	18	0.156572814857725
23108	19	0.0838267947677735
23108	20	0.0675607387743895
23108	21	0.109393510137252
23108	22	0.163481669775216
23108	23	0.0880008109765811
23108	24	0.0899875308949731
23108	25	0.0709251807031634
23108	26	0.152641985400201
23108	27	0.0480205256928912
23108	28	0.114110323097812
23108	29	0.109027041770666
23108	30	0.0373606175074528
23108	31	0.129999233611791
23108	32	-0.0698152233095186
23108	33	0.0567448757092848
23108	34	0.150559833770949
23108	35	0.031602804515181
23108	36	-0.0700995290946338
23108	37	0.0537810641831982
23108	38	0.00249484089859919
23108	39	-0.0456082880149822
23108	40	0.114282228492229
23108	41	0.0370288044306122
23108	42	0.0557329489003351
23108	43	-0.117314325517867
23108	44	0.0835411803770967
23108	45	-0.135996836454403
23108	46	0.0293893012561099
23108	47	0.0277887767290252
23108	48	0.038690540065538
23108	49	0.0616505169816364
23108	50	-0.0435625842166019
23108	51	0.0277927225279413
23108	52	-0.037555132774024
23108	53	0.162998395789003
23108	54	0.0937471029061783
23108	55	0.05282300016097
23108	56	0.0256373199025788
23108	57	-0.021248894311789
23108	58	-0.0361709399192378
23108	59	0.0712420918012739
23108	60	0.014671223570403
23108	61	0.00756176029938871
23108	62	0.000365111572747878
23108	63	-0.00569085426947424
23108	64	0.0214650687273519
23108	65	-0.056372404105737
23108	66	0.0202427003365528
23108	67	-0.0409325180138254
23108	68	-0.0405912562618909
23108	69	0.146085761782729
23108	70	-0.000784317066695905
23108	71	0.00364040245688813
23108	72	0.0100785606072336
23108	73	0.132622254186501
23108	74	0.0466033742750653
23109	1	-0.0102124135323223
23109	2	-0.0489077209165352
23109	3	-0.020903885915228
23109	4	-0.0433644212103736
23109	5	0.0197192877789156
23109	6	-0.0907372863707181
23109	7	-0.0798707885275292
23109	8	0.0495132553174003
23109	9	0.00712817419018563
23109	10	0.03643309992772
23109	11	-0.180975509782073
23109	12	0.00401241821399623
23109	13	-0.0801304698829313
23109	14	-0.0793007569256119
23109	15	-0.296422816875015
23109	16	-0.119554798847332
23109	17	0.0174125397526979
23109	18	-0.0661163568097436
23109	19	-0.0838129333602922
23109	20	-0.0562852496392665
23109	21	-0.0957691267961067
23109	22	0.109796105335498
23109	23	-0.0191659048669592
23109	24	0.00269173614125151
23109	25	-0.217970957734593
23109	26	-0.00439631645993188
23109	27	-0.0788547756020535
23109	28	-0.112695160885764
23109	29	-0.0414495237163095
23109	30	-0.0458632799608409
23109	31	-0.00360195785387418
23109	32	-0.0769598095588293
23109	33	-0.109091758015801
23109	34	-0.148415140047561
23109	35	-0.143194496713271
23109	36	0.0094457499710785
23109	37	0.0131997224371219
23109	38	-0.0800804697887472
23109	39	-0.108610923800079
23109	40	0.169213015802271
23109	41	-0.0850714660498966
23109	42	0.0686746013545658
23109	43	-0.0874345640336855
23109	44	-0.0117682951057176
23109	45	0.0182121832477335
23109	46	-0.0487645250582744
23109	47	0.0775212591284813
23109	48	-0.0591819461220098
23109	49	-0.0516293173092421
23109	50	0.0706158474702576
23109	51	0.0132673198218001
23109	52	-0.00588710738611553
23109	53	-0.0330295642726668
23109	54	-0.00867976156877859
23109	55	-0.0420600018327235
23109	56	0.0785179646319207
23109	57	0.107187467464968
23109	58	-0.0388908666019319
23109	59	0.126138558695779
23109	60	0.0521674136660479
23109	61	0.066999525371088
23109	62	0.0779524667986422
23109	63	-0.158393822344436
23109	64	-0.0883639083568042
23109	65	0.0251484724704412
23109	66	0.00609471433522657
23109	67	0.0627749792932661
23109	68	0.0266403212776254
23109	69	-0.0689299158546675
23109	70	0.0258836572069967
23109	71	-0.00184637265985543
23109	72	-0.0614865714577562
23109	73	-0.00163305173951045
23109	74	-0.23373679999969
23110	1	0.278683077024194
23110	2	-0.165579079379736
23110	3	-0.0603341764131073
23110	4	-0.0709798167028772
23110	5	-0.0705810174689354
23110	6	0.0311109614702971
23110	7	0.054692790072167
23110	8	-0.0755771320347307
23110	9	-0.0298864681068096
23110	10	-0.0988321725186339
23110	11	-0.0232077757641278
23110	12	-0.047432806466837
23110	13	-0.0177003441384613
23110	14	-0.0546145991956308
23110	15	-0.0553872833269367
23110	16	0.0796070344040558
23110	17	-0.0231374252858529
23110	18	-0.0495603257323225
23110	19	-0.0866392975379711
23110	20	-0.0905514937415433
23110	21	0.00421608431528142
23110	22	-0.0284510740731818
23110	23	-0.203670911684121
23110	24	-0.0448878806189725
23110	25	-0.00510254900603968
23110	26	-0.106059028612378
23110	27	-0.0523187095242577
23110	28	-0.0113122700731623
23110	29	-0.00875959352245559
23110	30	-0.101790186527495
23110	31	-0.185241422911233
23110	32	-0.00662554175800523
23110	33	0.130294684724603
23110	34	-0.108049776662519
23110	35	-0.0130847086743699
23110	36	0.0270338682632101
23110	37	0.06458468846089
23110	38	0.242686810573552
23110	39	0.016521913356101
23110	40	0.113554196784101
23110	41	0.0126258703821946
23110	42	0.00280585006227341
23110	43	0.164683243624182
23110	44	0.00579433140064367
23110	45	-0.0659882641938054
23110	46	-0.133548181397714
23110	47	-0.00502384076357743
23110	48	-0.0335643199413767
23110	49	0.0736993015406711
23110	50	0.0874071986884317
23110	51	0.0177875978783817
23110	52	-0.0313953203345392
23110	53	-0.127911458030823
23110	54	0.0454680425269771
23110	55	0.224013529131319
23110	56	0.029583118890514
23110	57	0.0447520519993247
23110	58	0.00524801078420722
23110	59	0.0455907703789222
23110	60	0.17612885166664
23110	61	0.00626916618177376
23110	62	0.102231394328456
23110	63	0.0627842925576232
23110	64	-0.00384588649236406
23110	65	0.0256991854533837
23110	66	0.201960324000488
23110	67	0.0953507062286718
23110	68	0.143486402568733
23110	69	0.101341957087293
23110	70	-0.154229676044054
23110	71	0.011213918683616
23110	72	-0.0879688252231716
23110	73	-0.00923416856961978
23110	74	-0.280927195990827
23111	1	-0.440977048655892
23111	2	-0.018822284754787
23111	3	-0.0224513589847142
23111	4	0.07840082766905
23111	5	0.122239443401906
23111	6	0.0550855596998829
23111	7	0.110181081484733
23111	8	0.0851401114495545
23111	9	-0.0330451127405453
23111	10	0.0107617056915288
23111	11	-0.0158216860883016
23111	12	-0.04158492633983
23111	13	0.101539707722829
23111	14	0.0142990830677974
23111	15	0.0737489078152009
23111	16	0.0490683387378681
23111	17	0.057392554473509
23111	18	0.037534803950507
23111	19	0.0443875546908998
23111	20	0.0575094636662854
23111	21	0.137622740899999
23111	22	0.0637567736635489
23111	23	0.0729121107818713
23111	24	0.017247128448858
23111	25	0.0957898940725173
23111	26	0.107692238483132
23111	27	0.122921800168818
23111	28	0.120420011474963
23111	29	0.0820226607596837
23111	30	0.0126507883647733
23111	31	-0.00210370960996897
23111	32	0.197263791879671
23111	33	0.058485611103805
23111	34	0.0126733607481953
23111	35	0.0592941550213482
23111	36	0.053481990095726
23111	37	0.0770369951712269
23111	38	0.253653944691841
23111	39	0.0337399969684071
23111	40	-0.00736953657720818
23111	41	0.00869373556989217
23111	42	0.129536115068106
23111	43	0.183831327531578
23111	44	0.0128679935567391
23111	45	0.144879193544831
23111	46	0.15936840193207
23111	47	0.159597656764731
23111	48	0.158673634769229
23111	49	0.128543358908949
23111	50	0.155340538735082
23111	51	0.106046317079816
23111	52	0.0649965522701521
23111	53	0.0255774972077845
23111	54	0.0958880873884027
23111	55	0.0597950986854983
23111	56	0.167805431277081
23111	57	0.0722806593804961
23111	58	0.0454582066148461
23111	59	0.138380690266921
23111	60	0.151629900764988
23111	61	0.0371829177422356
23111	62	0.242520665524744
23111	63	0.114501453422832
23111	64	0.148439594680177
23111	65	0.12671835017531
23111	66	0.0652596350795136
23111	67	0.0991193530495309
23111	68	0.0365028875483375
23111	69	0.318698561585563
23111	70	0.120466669243399
23111	71	0.159470770307777
23111	72	0.0720355604022913
23111	73	0.336574100485585
23111	74	-0.0392458079753339
23112	1	-0.467296487046756
23112	2	-0.159840886961398
23112	3	-0.167651009890662
23112	4	-0.160152935007147
23112	5	-0.237225093831817
23112	6	-0.109625099546491
23112	7	-0.271062708816189
23112	8	-0.0984955695514813
23112	9	-0.213484248386116
23112	10	-0.15378238451013
23112	11	-0.110087021018252
23112	12	-0.192479148496801
23112	13	-0.113295107272101
23112	14	-0.146929684158145
23112	15	-0.0571874880435885
23112	16	-0.189802886440539
23112	17	-0.0999467554642024
23112	18	-0.065708691700344
23112	19	-0.0466626280889955
23112	20	-0.106856332661195
23112	21	-0.123408921747092
23112	22	-0.0979193212953362
23112	23	-0.26386449910094
23112	24	-0.184804054000196
23112	25	-0.252092678191943
23112	26	-0.201361649342871
23112	27	-0.154860693029512
23112	28	-0.134203139761574
23112	29	-0.0727826841312762
23112	30	-0.0694329585236915
23112	31	-0.325216050298849
23112	32	-0.153141912708662
23112	33	-0.171814126514896
23112	34	-0.240812864361395
23112	35	-0.210719873991998
23112	36	-0.0258875453928908
23112	37	0.0615010875758344
23112	38	0.124354912166901
23112	39	0.119182836398174
23112	40	0.0613139614757188
23112	41	0.0319038854445139
23112	42	0.123401931870994
23112	43	0.0999258887011436
23112	44	0.142192281668216
23112	45	0.0242574488570142
23112	46	0.0903504667437502
23112	47	-0.00757465332920759
23112	48	-0.00797605565593074
23112	49	0.194013763469179
23112	50	0.137035850925507
23112	51	0.102847115557118
23112	52	0.0883270566638785
23112	53	0.0337442645279467
23112	54	0.127801984753759
23112	55	0.0840107330552513
23112	56	-0.0311442251264751
23112	57	0.0318459456211713
23112	58	0.186464719202256
23112	59	0.129469740969469
23112	60	0.0744952582847844
23112	61	0.0822830106890677
23112	62	0.21068298528445
23112	63	0.186120268879677
23112	64	0.249783192279892
23112	65	0.227254475122152
23112	66	0.18468286304261
23112	67	0.0817765156045454
23112	68	0.00668709928196876
23112	69	-0.0628453438810581
23112	70	-0.0107008142620657
23112	71	0.138709790205318
23112	72	0.0143311917953142
23112	73	0.0262986105826073
23112	74	-0.19325762553396
23201	1	-0.479254599725522
23201	2	-0.0571779535490329
23201	3	-0.117999117655884
23201	4	-0.125791266897615
23201	5	-0.174239296316667
23201	6	0.0282185561309873
23201	7	-0.101001276504817
23201	8	-0.0305626901361151
23201	9	-0.07519746374237
23201	10	-0.0628317565382801
23201	11	-0.105547061418513
23201	12	-0.106833459287621
23201	13	-0.0797303953644288
23201	14	-0.0567072487556644
23201	15	-0.0678029550513415
23201	16	-0.134365879907349
23201	17	0.0355399584660887
23201	18	-0.0646040539897967
23201	19	0.115102452464548
23201	20	0.0372665215625076
23201	21	-0.0463798746368553
23201	22	0.00925016481024699
23201	23	-0.051972940259283
23201	24	-0.140038019335002
23201	25	0.0117077538880466
23201	26	-0.0643757842339809
23201	27	-0.0190865757127696
23201	28	-0.0847381702177472
23201	29	0.00866998335171587
23201	30	-0.124075998578178
23201	31	-0.161197758392674
23201	32	-0.0756212511219232
23201	33	-0.0894778008586528
23201	34	-0.0845522540939001
23201	35	-0.0233124579187276
23201	36	0.0682579783631354
23201	37	0.125375907500811
23201	38	0.140699314960131
23201	39	0.0838979293322666
23201	40	0.00783239302053573
23201	41	0.129656897491067
23201	42	0.13253190242483
23201	43	0.0829258263740229
23201	44	0.126879542413043
23201	45	0.0265393291111025
23201	46	0.204039625335795
23201	47	0.149644827679118
23201	48	-0.0129230326953262
23201	49	-0.113938823283227
23201	50	0.181383230178959
23201	51	-0.064894353724462
23201	52	0.0842530265569508
23201	53	0.112384256095169
23201	54	0.0958388776027661
23201	55	0.10334101922215
23201	56	0.0227995274968507
23201	57	0.107839957172189
23201	58	0.171988962300155
23201	59	-0.000293192408506115
23201	60	0.220966679404093
23201	61	0.22338112563024
23201	62	0.139855327222342
23201	63	0.183193426413894
23201	64	0.254334774370896
23201	65	0.0200992590375009
23201	66	0.123298712013252
23201	67	0.110400452583491
23201	68	0.170701087144494
23201	69	-0.0632068373939845
23201	70	0.0411981282416889
23201	71	-0.0395292096114943
23201	72	0.0558906614747485
23201	73	0.206740385716259
23201	74	-0.116973676839976
23202	1	0.623758951521083
23202	2	-0.0123725063592701
23202	3	-0.0390531142039237
23202	4	0.0278663451964896
23202	5	-0.0217749423759095
23202	6	-0.0312189904322864
23202	7	0.0663908428732825
23202	8	0.0192792612874229
23202	9	-0.0342966246918905
23202	10	-0.0643259089129344
23202	11	0.0294793235788831
23202	12	-0.052376283056752
23202	13	-0.0637428273725789
23202	14	-0.126538097223708
23202	15	-0.137216376419509
23202	16	-0.065403593496498
23202	17	-0.070438370821158
23202	18	-0.141865077319075
23202	19	-0.0362308308802639
23202	20	-0.0665481760264228
23202	21	0.061092744608132
23202	22	0.0378590552920457
23202	23	0.0130862514262944
23202	24	-0.169308546904247
23202	25	0.0365207268729151
23202	26	0.0273329771260791
23202	27	-0.0498273161987299
23202	28	-0.100869099791026
23202	29	0.0578723109824608
23202	30	-0.032056299431126
23202	31	-0.0541316971833368
23202	32	0.0209064956041161
23202	33	-0.0460875333489739
23202	34	-0.18854003121205
23202	35	-0.125398011212567
23202	36	-0.0657296517501038
23202	37	0.127659530432929
23202	38	0.032175526958703
23202	39	0.0399603137977849
23202	40	0.02739642239343
23202	41	-0.00494653461690575
23202	42	-0.0275614359724017
23202	43	0.0791350638622177
23202	44	0.193773855758884
23202	45	0.130951075908968
23202	46	0.197178850119336
23202	47	0.121730674402272
23202	48	0.085535803584591
23202	49	0.0759506007569613
23202	50	-0.0440372878142554
23202	51	0.0974329159372402
23202	52	0.172731615188574
23202	53	0.0459831349899531
23202	54	0.115365960480844
23202	55	0.111866102114867
23202	56	0.00153388212027039
23202	57	-0.0243335108661142
23202	58	0.139633515787061
23202	59	0.0758729530664581
23202	60	0.117214692762374
23202	61	0.111585431433674
23202	62	0.0778942473974382
23202	63	0.0827501947880123
23202	64	0.19765884519677
23202	65	-0.0779030976840147
23202	66	0.154876570848288
23202	67	0.152604963069685
23202	68	-0.0330448406038073
23202	69	0.0571363319476959
23202	70	0.15878853395207
23202	71	0.245541742887475
23202	72	-0.0713665266486103
23202	73	0.0250703186845485
23202	74	-0.010174820933976
23203	1	0.00604146687535945
23203	2	0.0132126509890895
23203	3	-0.124612020550799
23203	4	0.0308198238121662
23203	5	-0.0113473770895212
23203	6	0.0455775117105688
23203	7	0.000235317599219798
23203	8	0.0729817388306699
23203	9	0.0205356950741162
23203	10	-0.0243977033229541
23203	11	-0.0250268206782636
23203	12	0.0917658925655616
23203	13	-0.0538760526508142
23203	14	0.0139288555796995
23203	15	-0.00275234721709694
23203	16	0.0342246435269402
23203	17	0.0348097504340714
23203	18	-0.0524611826816113
23203	19	0.0955508212585769
23203	20	-0.114784701047
23203	21	-0.0164633650832187
23203	22	0.0206725386633551
23203	23	0.0537455637921411
23203	24	0.111384272456895
23203	25	0.0301511484048547
23203	26	0.0601945056404176
23203	27	0.0407810458728832
23203	28	-0.0245722561207984
23203	29	-0.0217403979388706
23203	30	0.118093481078503
23203	31	0.0531602186069335
23203	32	0.109579145780813
23203	33	-0.0222853953504298
23203	34	0.0743487547803312
23203	35	0.0671917603695746
23203	36	0.117178185218329
23203	37	0.0385596278896472
23203	38	-0.16818327799043
23203	39	0.0804242397010313
23203	40	-0.0319111787172019
23203	41	-0.0421762547524622
23203	42	0.0167591299038321
23203	43	-0.0659508423227209
23203	44	0.134578093226501
23203	45	-0.0901595336619891
23203	46	0.00371047175078587
23203	47	0.0498071062697107
23203	48	-0.202359560401639
23203	49	-0.107074860238313
23203	50	-0.0267317207735829
23203	51	0.0344363626474475
23203	52	-0.00445798813991161
23203	53	-0.0453267005559965
23203	54	-0.111233961275694
23203	55	-0.0793068073711538
23203	56	0.130530509655685
23203	57	-0.0644881010836329
23203	58	-0.0231238751924963
23203	59	0.0531910639179145
23203	60	-0.0231997630674314
23203	61	-0.123637963341693
23203	62	0.100832624068374
23203	63	0.0207269891008721
23203	64	0.14980104492065
23203	65	-0.0430395330979039
23203	66	-0.00300521676769705
23203	67	-0.00446330405605977
23203	68	-0.0697522121524798
23203	69	0.0296605070600364
23203	70	0.053107762488203
23203	71	0.0833379248250878
23203	72	-0.0702160206752964
23203	73	-0.12749831443837
23203	74	-0.369916394965756
23204	1	-0.443540528220225
23204	2	0.160214998429986
23204	3	0.169265398508326
23204	4	0.279953857121598
23204	5	0.136771396217096
23204	6	0.184109264368225
23204	7	0.204954181267581
23204	8	0.053109112872626
23204	9	-0.00317812339700652
23204	10	0.0720851459530039
23204	11	0.111539318550847
23204	12	0.156865225001823
23204	13	0.0692021233515945
23204	14	0.127565293624613
23204	15	0.204353654308576
23204	16	0.191426654403088
23204	17	0.120867441167739
23204	18	0.223789148808471
23204	19	0.184780994877535
23204	20	0.237296238191277
23204	21	0.0682863721801965
23204	22	0.17146942445725
23204	23	0.191150250161598
23204	24	0.200271497074574
23204	25	0.119752099822321
23204	26	0.159998394469284
23204	27	0.0926842082064425
23204	28	0.155969930698831
23204	29	0.178728026198186
23204	30	0.215140681992594
23204	31	0.153907831059826
23204	32	0.0268535442695494
23204	33	0.170413883392619
23204	34	0.194657556210409
23204	35	0.0474046670383359
23204	36	-0.0131301804176616
23204	37	-0.085558180043833
23204	38	0.163934963924348
23204	39	0.112161230170024
23204	40	-0.00986709307559863
23204	41	-0.0990018052327244
23204	42	0.0255516078611535
23204	43	-0.055132649849206
23204	44	0.0457634271321012
23204	45	0.0176141282266684
23204	46	0.09406402878124
23204	47	0.0657909129209173
23204	48	0.058559608614118
23204	49	-0.0331414803025893
23204	50	0.0667968704146276
23204	51	-0.00698000549805045
23204	52	-0.0168207012052974
23204	53	-0.112839196723463
23204	54	0.0406097332580586
23204	55	0.00132589109779957
23204	56	-0.111832412239401
23204	57	0.0907584535860479
23204	58	0.00151440039714146
23204	59	-0.0873564398629725
23204	60	-0.0127728321131997
23204	61	0.1166396765556
23204	62	-0.0729082191011869
23204	63	0.0392745735611228
23204	64	0.0767688160454512
23204	65	0.117739216500105
23204	66	-0.0211875375503752
23204	67	0.122553888971396
23204	68	-0.0369368811202193
23204	69	0.11605241107749
23204	70	-0.0340811329094137
23204	71	0.111337957185718
23204	72	-0.166936467750141
23204	73	0.161277888540056
23204	74	-0.0242161318330218
23205	1	-0.576968639917588
23205	2	-0.0327500486614198
23205	3	0.011590872722067
23205	4	-0.0857894917604298
23205	5	-0.0871279353714343
23205	6	-0.100289138483554
23205	7	-0.00392426849854388
23205	8	0.0235031472814882
23205	9	0.0852725172757616
23205	10	0.0544765706706016
23205	11	0.0264221507097133
23205	12	0.0394346173579621
23205	13	-0.114089923850337
23205	14	-0.131078503905407
23205	15	0.0601346784621697
23205	16	-0.000282237325841095
23205	17	-0.0199629331920477
23205	18	0.115065649461428
23205	19	0.0684154030989177
23205	20	-0.00606632540117147
23205	21	0.00781613950776006
23205	22	0.0921010620277869
23205	23	-0.0467552472517809
23205	24	-0.0163850559653653
23205	25	0.000156317607064693
23205	26	-0.0769974130702806
23205	27	-0.0296678726253106
23205	28	0.0819310739839736
23205	29	0.052825579505317
23205	30	0.0851454356654244
23205	31	0.0177722451508728
23205	32	0.138228584375305
23205	33	-0.00859878519911916
23205	34	-0.0311537068823142
23205	35	0.215711243524716
23205	36	0.0152278309784322
23205	37	0.0557429862878109
23205	38	0.0404678527931779
23205	39	0.119543326664939
23205	40	0.073629088426749
23205	41	0.0849544125397443
23205	42	0.115139884675997
23205	43	-0.0588846882781411
23205	44	-0.0192001850595105
23205	45	0.100837273093653
23205	46	0.0585396364469801
23205	47	0.0851395460901117
23205	48	0.022227182910683
23205	49	0.111958384369821
23205	50	-0.0303293657691981
23205	51	0.0129576659055886
23205	52	0.0688669909745414
23205	53	0.109903040463216
23205	54	0.0514477429849549
23205	55	0.0896461305291467
23205	56	0.0434238541279797
23205	57	0.140077570682941
23205	58	-0.0422967019953262
23205	59	0.121440738346742
23205	60	0.110077170812581
23205	61	0.0938680404356944
23205	62	0.224148852218178
23205	63	0.0680556161677615
23205	64	0.279984965193876
23205	65	0.17377662096046
23205	66	0.0812878211812276
23205	67	-0.0359570319583895
23205	68	0.0856752058488723
23205	69	-0.0470033672140104
23205	70	0.199388703665875
23205	71	0.0789788863923846
23205	72	0.301642485386644
23205	73	0.101919751836711
23205	74	-0.205918701103755
23206	1	-0.159710607921738
23206	2	-0.139066962218727
23206	3	-0.120602968058872
23206	4	-0.122872835841871
23206	5	-0.0455335442522333
23206	6	-0.0919612844921787
23206	7	-0.0716793369117923
23206	8	-0.10942573252693
23206	9	-0.118836568043513
23206	10	-0.0708540981846397
23206	11	-0.0252515535553286
23206	12	-0.146997865128768
23206	13	-0.0746965699192401
23206	14	-0.0796511726143052
23206	15	-0.0987500942666557
23206	16	-0.163184784706573
23206	17	-0.049942786410611
23206	18	-0.0259840626033139
23206	19	-0.0817073359157661
23206	20	-0.0953903474504969
23206	21	-0.165228498747751
23206	22	-0.14552659260152
23206	23	-0.164974002236491
23206	24	-0.206440484620117
23206	25	-0.0516600513501473
23206	26	-0.118662346878601
23206	27	-0.175112025715578
23206	28	-0.149694661252468
23206	29	-0.150020975932023
23206	30	0.0100661672668139
23206	31	-0.161227985955399
23206	32	-0.0345944234912565
23206	33	-0.00999937344091961
23206	34	0.00733338406879369
23206	35	-0.112194733599452
23206	36	-0.0230409107632923
23206	37	0.0540469159164161
23206	38	-0.0136019296773497
23206	39	-0.120883572647344
23206	40	-0.0520722792753148
23206	41	-0.0603561874418972
23206	42	0.0311238810806174
23206	43	-0.0737459903147553
23206	44	-0.0614538236918918
23206	45	0.080071249974516
23206	46	0.0911717240304668
23206	47	-0.0131046565865418
23206	48	-0.113072485137671
23206	49	-0.0635949515794394
23206	50	0.037436093703576
23206	51	-0.0948102572281897
23206	52	-0.147859236176828
23206	53	0.0898434799785193
23206	54	-0.0675109754377203
23206	55	-0.0260463456808893
23206	56	-0.0120153188712706
23206	57	0.0116947039093986
23206	58	-0.0843643235380611
23206	59	-0.144724214705157
23206	60	0.101652649131161
23206	61	0.0160326067811383
23206	62	0.104015370571901
23206	63	-0.0248645589031184
23206	64	0.066035593345525
23206	65	-0.134001920366408
23206	66	0.110983441077295
23206	67	0.0069067615761611
23206	68	-0.0931453705583607
23206	69	0.0941992350952745
23206	70	0.0865526638229852
23206	71	-0.0345305311849913
23206	72	0.116571195583639
23206	73	0.124779914017246
23206	74	-0.154908631643821
23207	1	0.141858256351824
23207	2	-0.0241293960581324
23207	3	0.0855403621500486
23207	4	-0.0588633185609702
23207	5	0.085674152475633
23207	6	0.106079170169387
23207	7	0.0145480933550033
23207	8	-0.0508799210269117
23207	9	0.0219253273917843
23207	10	0.101851803431089
23207	11	-0.0548607999502124
23207	12	0.0371629193007834
23207	13	0.0373807082461965
23207	14	-0.0380510227668722
23207	15	0.118878430218011
23207	16	0.0171528694349803
23207	17	0.00540931101301823
23207	18	0.0302129992056379
23207	19	0.0858559800649061
23207	20	-0.00936577081353818
23207	21	-0.0428103487624867
23207	22	-0.0374686920096465
23207	23	0.0234609573974538
23207	24	-0.0330405282478949
23207	25	0.0523415538619716
23207	26	0.0779823556364221
23207	27	-0.0173593900432891
23207	28	-0.00190698345760865
23207	29	0.0279207773554759
23207	30	0.047889431236122
23207	31	0.0879884498001076
23207	32	0.109035532108926
23207	33	-0.00402387028360351
23207	34	-0.0628604486627111
23207	35	0.0433371341099331
23207	36	-0.054937971002289
23207	37	-0.0726406464925375
23207	38	-0.0334188741562969
23207	39	0.00429138752114966
23207	40	0.125190265563688
23207	41	-0.156659022993054
23207	42	0.0403417210760111
23207	43	-0.0807665779443241
23207	44	-0.0503558451603183
23207	45	-0.042945443253906
23207	46	-0.036023352870437
23207	47	0.164889296987958
23207	48	0.0351027280680185
23207	49	-0.124265797389086
23207	50	-0.0674030891648485
23207	51	-0.0160857912442012
23207	52	0.0106554509567331
23207	53	-0.147639881467462
23207	54	-0.0358311685796693
23207	55	-0.0553770851063078
23207	56	-0.0752350891755142
23207	57	-0.0673367229398849
23207	58	-0.0363895169169908
23207	59	-0.0755948495698959
23207	60	0.054739965037335
23207	61	-0.14710171374913
23207	62	0.0248675371335025
23207	63	-0.0693897056189314
23207	64	0.049588737715851
23207	65	-0.032654336723283
23207	66	0.00111141182684094
23207	67	0.124227679767301
23207	68	-0.0192774108438698
23207	69	-0.0245816118114703
23207	70	0.042481852128148
23207	71	-0.109687782565764
23207	72	0.128200881409072
23207	73	-0.0852794513998276
23207	74	-0.387249188873731
23208	1	-0.197916161076705
23208	2	-0.127533449218369
23208	3	0.00921256254252967
23208	4	-0.070862788568828
23208	5	0.0451650774265602
23208	6	0.00504355272454404
23208	7	-0.157180024940949
23208	8	-0.0389894886381015
23208	9	-0.0951960048186464
23208	10	-0.0872439547922568
23208	11	-0.159478929680446
23208	12	0.103789569961044
23208	13	0.00344188288260483
23208	14	-0.0247529653693661
23208	15	0.0892715174995544
23208	16	-0.119603498668553
23208	17	-0.0691698877550948
23208	18	-0.066163726034759
23208	19	-0.0368173397626919
23208	20	-0.0615597330086715
23208	21	-0.0336430575955262
23208	22	0.0019193483497375
23208	23	-0.0574857450676802
23208	24	-0.0143316456275642
23208	25	-0.0187841649132139
23208	26	0.102332402117376
23208	27	-0.00649881663338192
23208	28	0.0221011541078724
23208	29	-0.077477811127217
23208	30	-0.0229780896563128
23208	31	0.0252844874690012
23208	32	-0.0344193181856198
23208	33	0.0515870483010161
23208	34	-0.096897914415166
23208	35	0.0727458329658859
23208	36	0.00914484686201433
23208	37	-0.0491746112306544
23208	38	-0.000929719536536311
23208	39	-0.0420029950376133
23208	40	-0.205153182040902
23208	41	0.0435147841804664
23208	42	-0.102462077714421
23208	43	0.0351310050694735
23208	44	0.0408513671153301
23208	45	-0.072645612033071
23208	46	-0.219707757896302
23208	47	0.0363876808998853
23208	48	-0.0863821424794651
23208	49	-0.228597442316143
23208	50	-0.0862889617287976
23208	51	-0.25363324318532
23208	52	-0.127749170641621
23208	53	-0.157703797143618
23208	54	-0.124627566593006
23208	55	-0.0540221794190217
23208	56	-0.260743691026285
23208	57	-0.142373058314178
23208	58	0.0548056866674216
23208	59	-0.0459258307233696
23208	60	0.0147551235913213
23208	61	0.0103566577091314
23208	62	-0.0722474897527121
23208	63	0.0812275464787149
23208	64	0.039927619936968
23208	65	-0.107891979308832
23208	66	-0.011306402969872
23208	67	0.0442921300815584
23208	68	0.128279990217266
23208	69	-0.0764312652061108
23208	70	-0.00556830176839185
23208	71	-0.0431557576243335
23208	72	-0.0470271467402483
23208	73	-0.136068978832235
23208	74	-0.452895758983416
23209	1	-0.283337886178415
23209	2	-0.202036508559882
23209	3	-0.0498637537297135
23209	4	-0.148361520587777
23209	5	-0.109986972386213
23209	6	-0.100888170542639
23209	7	-0.25088139651875
23209	8	-0.0929598880251561
23209	9	-0.102402183933108
23209	10	-0.135440184302219
23209	11	-0.0862611175143044
23209	12	-0.208785025094372
23209	13	-0.13999051484258
23209	14	-0.271402257997806
23209	15	-0.22971393579018
23209	16	-0.0627191709143418
23209	17	-0.144975190613714
23209	18	-0.147071438596939
23209	19	-0.0318824654277137
23209	20	-0.206085831835658
23209	21	-0.0973831160845222
23209	22	-0.10634896723186
23209	23	-0.148284788956012
23209	24	-0.214439289125245
23209	25	-0.159105152967214
23209	26	-0.185252984266128
23209	27	-0.203003235682232
23209	28	-0.183753680946673
23209	29	-0.0938736154588611
23209	30	0.0259012309216757
23209	31	-0.214192079162054
23209	32	-0.0946098390830272
23209	33	-0.14639065681515
23209	34	-0.187454153421506
23209	35	-0.204980865858936
23209	36	-0.0484036447120957
23209	37	-0.0341651843571
23209	38	-0.0179682995105281
23209	39	0.0366519118833963
23209	40	-0.158746534714723
23209	41	0.00764403786973133
23209	42	-0.138340951848349
23209	43	-0.0780204855032309
23209	44	-0.0675829015521003
23209	45	-0.0800912751782192
23209	46	-0.211548257638356
23209	47	-0.134632663177449
23209	48	-0.0272581490290449
23209	49	-0.0108039447946666
23209	50	-0.102205342412013
23209	51	-0.00259788964996233
23209	52	-0.0148367127291635
23209	53	-0.0563932558330791
23209	54	-0.0702430066754118
23209	55	-0.104651894802593
23209	56	-0.0880864552918936
23209	57	-0.0408572128213649
23209	58	-0.0186206209738202
23209	59	0.0288274398853616
23209	60	0.0461486864548419
23209	61	-0.109771373747357
23209	62	0.0322302020859837
23209	63	0.0500612571206176
23209	64	-0.130072608621106
23209	65	0.0184144365109162
23209	66	-0.00671830678436436
23209	67	-0.0917937827679722
23209	68	-0.128984412550409
23209	69	0.0189976611911362
23209	70	-0.0234809057406125
23209	71	-0.154305042066369
23209	72	-0.0159852355861076
23209	73	-0.00313064030918753
23209	74	-0.218316682500827
23210	1	-1.10384909713828
23210	2	-0.137648375878502
23210	3	-0.0191866910452489
23210	4	-0.0463186590398266
23210	5	0.0865263970688765
23210	6	-0.0957837698554442
23210	7	-0.00318525978467932
23210	8	0.0310412572988383
23210	9	-0.056205981122659
23210	10	-0.0953604521318283
23210	11	-0.0129989264214032
23210	12	0.135458620560009
23210	13	-0.0123760925704346
23210	14	0.0686433347073603
23210	15	-0.0163742150730286
23210	16	-3.58089479064461e-05
23210	17	0.0900452930654154
23210	18	0.0968737620550115
23210	19	0.0326730607605654
23210	20	0.158733999889819
23210	21	-0.0647887369822797
23210	22	0.0103617503576743
23210	23	0.164833575873736
23210	24	-0.00983376513951839
23210	25	0.0106120401079792
23210	26	0.0386038942854796
23210	27	-0.0832926502454683
23210	28	0.0371991405149359
23210	29	0.00153737965148792
23210	30	0.0451184460223288
23210	31	-0.0616723663740686
23210	32	-0.0643072092429335
23210	33	0.126961838669629
23210	34	0.0475123678771183
23210	35	0.105145340035079
23210	36	0.0605346947360346
23210	37	-0.0104220219707969
23210	38	-0.0134583962855359
23210	39	0.0347114847717265
23210	40	0.0654383942336807
23210	41	0.0475852120487019
23210	42	-0.00834665797590617
23210	43	0.0252778968439813
23210	44	0.0390125454622705
23210	45	0.0642653090241936
23210	46	-0.16550324178241
23210	47	0.130885720944015
23210	48	0.176531854187438
23210	49	0.145068654921246
23210	50	0.0233657246700787
23210	51	0.0894692938125701
23210	52	0.0667404130588949
23210	53	0.0373628655461502
23210	54	0.299280688420694
23210	55	0.0132050191307087
23210	56	0.0613820761203314
23210	57	0.0387094854848229
23210	58	0.239358972178913
23210	59	0.118865321914342
23210	60	0.0724206262719562
23210	61	0.05490912483355
23210	62	0.00876897899893692
23210	63	0.027192863878625
23210	64	-0.0959170150075721
23210	65	0.242783406467382
23210	66	0.245860825273482
23210	67	0.285292275165141
23210	68	0.100444118020178
23210	69	0.235807609455215
23210	70	-0.0418686647496713
23210	71	0.0883397688228769
23210	72	0.173413161722316
23210	73	0.0252977710755005
23210	74	0.11428334770897
23211	1	0.128482732019613
23211	2	0.00684424423701202
23211	3	0.128041320364897
23211	4	-0.163774884798393
23211	5	0.0310452965505874
23211	6	-0.0220573215260416
23211	7	-0.196826850273489
23211	8	-0.107017478509732
23211	9	0.033936520308167
23211	10	0.0314297940619355
23211	11	-0.00142061391014181
23211	12	-0.00035411301852406
23211	13	-0.0582586688376026
23211	14	0.0438640585813417
23211	15	0.0579359658156591
23211	16	0.0571771075030938
23211	17	0.0314183642967478
23211	18	0.0483113744976365
23211	19	-0.0242588203860166
23211	20	-0.000764936394404003
23211	21	-0.0621884478522432
23211	22	0.0479059008329799
23211	23	0.102852180068858
23211	24	-0.0989307924358585
23211	25	0.0655800944315956
23211	26	-0.0970415292284557
23211	27	-0.113973097712957
23211	28	0.0680206756859647
23211	29	-0.0574911502773432
23211	30	0.0542398373124016
23211	31	-0.0231679644377181
23211	32	-0.0671309584933155
23211	33	-0.0530521047858414
23211	34	-0.0508186358464613
23211	35	-0.0288107363700405
23211	36	0.0238427814800417
23211	37	0.00139356492381637
23211	38	-0.0623331079204306
23211	39	-0.0205527362201892
23211	40	0.00965148379489023
23211	41	-0.0385058741176891
23211	42	-0.112476436154772
23211	43	0.0332152461647226
23211	44	-0.0949697397950544
23211	45	-0.132083370001922
23211	46	-0.0218879921349142
23211	47	0.143499239060667
23211	48	-0.0782118281187678
23211	49	-0.113411675837931
23211	50	0.0336733473598017
23211	51	0.0107693707401992
23211	52	-0.0975791498227494
23211	53	-0.164456586339156
23211	54	-0.0413013979085122
23211	55	-0.152140811051609
23211	56	-0.0138499144859949
23211	57	-0.00558489590736144
23211	58	-0.076593906806238
23211	59	-0.0481364430255624
23211	60	0.109838383140143
23211	61	0.0527800105664795
23211	62	0.122292500733529
23211	63	0.00980203086147924
23211	64	-0.025719811003583
23211	65	0.0346846820578577
23211	66	0.0689811395813251
23211	67	-0.0410198133567192
23211	68	0.0218708789089703
23211	69	0.134035708680216
23211	70	-0.0546124282545435
23211	71	-0.0140034033091396
23211	72	0.0609545115281378
23211	73	-0.135077214671313
23211	74	-0.487484036947322
23212	1	-0.221991250112282
23212	2	-0.202543329929256
23212	3	-0.146936515003034
23212	4	-0.0976305077950528
23212	5	-0.137550829753717
23212	6	-0.355063868617357
23212	7	-0.185088120136413
23212	8	-0.237354039922813
23212	9	-0.125717029442903
23212	10	-0.157114501102761
23212	11	-0.108637759105534
23212	12	-0.200807635490051
23212	13	-0.112417094807732
23212	14	-0.156299618701617
23212	15	-0.290151055939781
23212	16	-0.267816072610117
23212	17	-0.238214384799612
23212	18	-0.131119846944088
23212	19	-0.114093779125703
23212	20	-0.1282627199312
23212	21	-0.217178900010744
23212	22	-0.222442936376325
23212	23	-0.278771634975818
23212	24	-0.0611656693369014
23212	25	-0.211094187775323
23212	26	-0.219509646257713
23212	27	-0.113828175118677
23212	28	-0.257108902163047
23212	29	-0.213913778661713
23212	30	-0.125072036110502
23212	31	-0.161458218819497
23212	32	-0.101230392442709
23212	33	-0.263283639942351
23212	34	-0.154881583401526
23212	35	-0.209998078660156
23212	36	-0.0886836527465675
23212	37	-0.166988668987841
23212	38	-0.0552900346459211
23212	39	-0.113554165684775
23212	40	-0.12314571928232
23212	41	0.0386488907356721
23212	42	-0.140904991812086
23212	43	0.00455702662893742
23212	44	-0.0937529216493758
23212	45	-0.060828793169776
23212	46	0.0965728774788204
23212	47	0.0941509150410766
23212	48	-0.108961990453011
23212	49	-0.222526184177951
23212	50	-0.0556290240170938
23212	51	-0.0903756674277432
23212	52	-0.0563909901874169
23212	53	-0.134967343799516
23212	54	-0.117747055714716
23212	55	-0.0753773475625934
23212	56	-0.0836773656214049
23212	57	-0.0673940194368114
23212	58	0.0929845883442937
23212	59	-0.0657274876784655
23212	60	-0.0232239397865257
23212	61	0.0571772551723058
23212	62	-0.0427346288013055
23212	63	0.0109753307851364
23212	64	-0.20028265489492
23212	65	-0.0158310284526095
23212	66	-0.0660842280956402
23212	67	0.0124503946886492
23212	68	-0.0554572435617189
23212	69	-0.0617297185738934
23212	70	-0.259599664239083
23212	71	-0.114165447897307
23212	72	0.07054980043592
23212	73	-0.0967600116410026
23212	74	0.0153485127362387
23301	1	0.791191152847123
23301	2	-0.0139352305430549
23301	3	0.133593206859416
23301	4	0.0311586344011978
23301	5	0.0683953837030984
23301	6	-0.00478804852093617
23301	7	0.00388654816474343
23301	8	-0.00150836489454775
23301	9	-0.150585237900955
23301	10	-0.0245492117678054
23301	11	0.0373741660256073
23301	12	0.130160236396009
23301	13	-0.0322143069347192
23301	14	0.13997144953543
23301	15	0.152932757849705
23301	16	-0.188298774022684
23301	17	-0.0994450384076941
23301	18	0.147274353794899
23301	19	0.0719976107823399
23301	20	-0.0400999178502559
23301	21	-0.00328404302134544
23301	22	0.00396507810883406
23301	23	0.0716844915440618
23301	24	0.043162984331822
23301	25	-0.051541412680784
23301	26	0.0116691787291856
23301	27	0.0687150226184556
23301	28	-0.00938466161586859
23301	29	0.0938985250587692
23301	30	-0.0542370603462814
23301	31	0.0608796353499699
23301	32	0.0244913747118503
23301	33	-0.016705130302185
23301	34	0.00379185946570004
23301	35	0.121093246272594
23301	36	0.12355151441816
23301	37	0.0889297654838757
23301	38	-0.00690823381080463
23301	39	0.102988671086166
23301	40	0.0872573436490285
23301	41	-0.000390192277293977
23301	42	0.134412458403453
23301	43	0.0273256948868408
23301	44	0.106447410190711
23301	45	0.0654836141126864
23301	46	0.0364049475117838
23301	47	0.107304287780416
23301	48	0.141871931518686
23301	49	0.0890919943276387
23301	50	0.145759823758546
23301	51	0.0620106535042382
23301	52	0.128734208812446
23301	53	0.170194910687442
23301	54	-0.00578262153965881
23301	55	-0.0963758328096134
23301	56	-0.0365794863037721
23301	57	0.00112437848284941
23301	58	0.0750401712797952
23301	59	0.00991001566478644
23301	60	0.122719213061927
23301	61	0.0915276824986009
23301	62	-0.0312155041677826
23301	63	-0.0150170543851473
23301	64	0.0833473490355487
23301	65	0.184191035737214
23301	66	0.11267963406636
23301	67	0.127079897970816
23301	68	0.175361960857771
23301	69	0.0528974644730766
23301	70	-0.0558367168454765
23301	71	-0.0311934378134353
23301	72	0.187138050971178
23301	73	-0.0322167070319281
23301	74	-0.0815688670287287
23302	1	0.975105545502384
23302	2	0.226282321433448
23302	3	0.186030160160676
23302	4	0.183640310855889
23302	5	0.137156557747918
23302	6	0.277597394928826
23302	7	0.239903954049211
23302	8	0.187286192367807
23302	9	0.251810930473894
23302	10	0.269294044638826
23302	11	0.257980156662335
23302	12	0.235959896090037
23302	13	0.185210891028625
23302	14	0.136742373119795
23302	15	0.181384559885281
23302	16	0.203635197555187
23302	17	0.24922400270416
23302	18	0.127300259775929
23302	19	0.195815738063679
23302	20	0.155750269835934
23302	21	0.24023029050656
23302	22	0.203394736518895
23302	23	0.0281978335019346
23302	24	0.161346749557381
23302	25	0.224977960698745
23302	26	0.15995853159756
23302	27	0.192540163180787
23302	28	0.124403653826406
23302	29	0.225173927971767
23302	30	0.254434699760665
23302	31	0.173806406985669
23302	32	0.216619398380054
23302	33	0.250460953902504
23302	34	0.211866465669971
23302	35	0.231091163867617
23302	36	0.15053805043302
23302	37	0.0414605585142169
23302	38	0.15600659988759
23302	39	0.172553059099265
23302	40	0.212512732115592
23302	41	0.21310898808121
23302	42	0.146074013117527
23302	43	0.187193436708974
23302	44	0.130432591384753
23302	45	0.107178238948912
23302	46	0.172289609991935
23302	47	0.2097763560703
23302	48	0.210410393121535
23302	49	0.163527313032446
23302	50	0.222316019036541
23302	51	0.187278378600467
23302	52	0.13341537008862
23302	53	0.116797045496845
23302	54	0.0458393756127577
23302	55	0.0429054723068703
23302	56	0.228774076240171
23302	57	0.0993582927125516
23302	58	0.259976639535708
23302	59	0.172927245121251
23302	60	0.290626992930576
23302	61	0.159530402361156
23302	62	-0.0467146951832973
23302	63	0.105810349444845
23302	64	0.226343754529083
23302	65	0.0157703463490506
23302	66	0.289461620860955
23302	67	0.352602539193654
23302	68	0.0757439329247447
23302	69	0.295806456479504
23302	70	0.30982086825221
23302	71	0.0408919018472744
23302	72	0.18308833130115
23302	73	0.136669198743363
23302	74	-0.0641087497746256
23303	1	0.308281609909681
23303	2	0.0375668519371963
23303	3	0.0338920815961714
23303	4	0.0358684603813337
23303	5	0.0490116287621483
23303	6	0.0846121629045484
23303	7	-0.0178436925873271
23303	8	-0.120690088581441
23303	9	0.0730508162783465
23303	10	0.0999800404899887
23303	11	-0.00553233207537573
23303	12	-0.0454699093637956
23303	13	0.0516383340326456
23303	14	0.0244263989419622
23303	15	-0.0261610966093215
23303	16	0.0183475347900455
23303	17	-0.0873856071787245
23303	18	0.107171066974068
23303	19	-0.13726153795654
23303	20	0.0518900623721237
23303	21	0.0220186308534593
23303	22	0.0111187859846851
23303	23	0.0857426838395767
23303	24	0.0419714364883745
23303	25	0.00558726232906537
23303	26	0.0109762159485811
23303	27	-0.0657925621189008
23303	28	0.0649271694249975
23303	29	0.00972192122846849
23303	30	-0.0326634822324152
23303	31	0.037662619190229
23303	32	-0.149116662551201
23303	33	-0.0363774815845801
23303	34	-0.0283791034044256
23303	35	0.0148942134364347
23303	36	-0.0508597890130318
23303	37	0.162268945550892
23303	38	0.00187786429433601
23303	39	-0.146215306597213
23303	40	-0.0912361987574073
23303	41	-0.0380961967966087
23303	42	0.0445203563503398
23303	43	-0.0973957056393928
23303	44	-0.0383834496717839
23303	45	0.0515345457087335
23303	46	0.00479411009871455
23303	47	0.0650441081864486
23303	48	0.0586745892210985
23303	49	0.0188755755335919
23303	50	0.00639818369807443
23303	51	-0.0340590768645797
23303	52	-0.151559188629726
23303	53	-0.0419386642551984
23303	54	-0.00750202870454331
23303	55	0.0369266987686245
23303	56	0.0364476998915464
23303	57	-0.0403083081536408
23303	58	-0.0288979000921685
23303	59	-0.0779409206236039
23303	60	0.118949483636897
23303	61	0.0475879933366699
23303	62	0.00153997446783194
23303	63	0.0181331581649076
23303	64	0.114384015593728
23303	65	-0.0213557097209929
23303	66	0.0650086223058324
23303	67	0.0372997575691301
23303	68	0.0124415479373567
23303	69	-0.098455120254819
23303	70	-0.0304834966992686
23303	71	0.0451925806071998
23303	72	-0.0657297249140356
23303	73	-0.143710571024791
23303	74	-0.115726963015007
23304	1	0.176662350373604
23304	2	0.144885555435323
23304	3	0.128914770501098
23304	4	0.147580429547059
23304	5	0.266196576209456
23304	6	0.142853057320032
23304	7	0.193991338495685
23304	8	0.19798450648053
23304	9	0.150433680506815
23304	10	0.0390658162339648
23304	11	0.116505358333733
23304	12	0.192707618137881
23304	13	0.159663330704724
23304	14	0.103915115959396
23304	15	0.213797836615242
23304	16	0.169150693935606
23304	17	0.1060214818879
23304	18	0.1898839003821
23304	19	0.18294776907419
23304	20	0.142038310663281
23304	21	0.152578247085906
23304	22	0.122510378938358
23304	23	0.204579461726048
23304	24	0.144526426602312
23304	25	0.0878176995347175
23304	26	0.100821592700015
23304	27	0.0732686256667421
23304	28	-0.00615279151108439
23304	29	0.0769256149585757
23304	30	0.0575755461035783
23304	31	0.101533504727179
23304	32	0.131664387786131
23304	33	0.117577739835276
23304	34	0.179776689807589
23304	35	0.103109213149438
23304	36	0.034307948797796
23304	37	0.0630251957611989
23304	38	0.178063974190366
23304	39	0.0654509114226869
23304	40	-0.0173252887895998
23304	41	0.248000520230661
23304	42	-0.0810096076457612
23304	43	0.0702620059976553
23304	44	0.192071533379746
23304	45	0.0563836183235935
23304	46	0.154206160044161
23304	47	0.0916887550869845
23304	48	0.101868027982064
23304	49	-0.0451932696414019
23304	50	0.0878377722282622
23304	51	0.24142071767001
23304	52	-0.0115969624661787
23304	53	0.100985871726792
23304	54	0.0246703752112793
23304	55	0.0419138800061987
23304	56	-0.00263993491956427
23304	57	0.0807089926479421
23304	58	0.0375294743525956
23304	59	0.0742445083471353
23304	60	0.0203917913292031
23304	61	0.122920815720114
23304	62	-0.0572140465837592
23304	63	0.0173526054178197
23304	64	0.0630924495328102
23304	65	0.100030848461905
23304	66	0.0579812172077609
23304	67	0.0370136010083755
23304	68	-0.0194803117155971
23304	69	-0.0586493363870346
23304	70	0.238833827290534
23304	71	0.20408978051988
23304	72	0.09829126816485
23304	73	-0.01866103408247
23304	74	-0.291584310567153
23305	1	0.328653103038189
23305	2	-0.184983724080094
23305	3	-0.28541736707027
23305	4	-0.157141289819808
23305	5	-0.187334043471282
23305	6	-0.152681710352581
23305	7	-0.219917702261682
23305	8	-0.130352587485163
23305	9	-0.278116153109337
23305	10	-0.208983933378981
23305	11	-0.189316823523136
23305	12	-0.147304072478946
23305	13	-0.233463851786794
23305	14	-0.169948879364362
23305	15	-0.144703595546936
23305	16	-0.294575326641684
23305	17	-0.220128242626778
23305	18	-0.246551554145057
23305	19	-0.104884582715613
23305	20	-0.218998005420438
23305	21	-0.178051785147495
23305	22	-0.129862352102279
23305	23	-0.00999511442747547
23305	24	-0.153762167323748
23305	25	-0.201251902355828
23305	26	-0.143281854881785
23305	27	-0.0957113125611215
23305	28	-0.158502971080772
23305	29	-0.222579279614322
23305	30	-0.203217222309242
23305	31	-0.270495934595601
23305	32	-0.285999945275684
23305	33	-0.348673716870628
23305	34	-0.141077752154416
23305	35	-0.266150790522879
23305	36	0.170557675663304
23305	37	0.0903010889109837
23305	38	-0.0839539434322703
23305	39	-0.0193402772586211
23305	40	0.0237848663507947
23305	41	0.0997294615613669
23305	42	-0.0123026263281574
23305	43	-0.0940557040427663
23305	44	0.0732307161613477
23305	45	-0.00729768835181233
23305	46	-0.248656972262182
23305	47	0.00561467304354579
23305	48	0.0538869124074992
23305	49	-0.0951356047198004
23305	50	0.00474761008739932
23305	51	-0.0716570259765632
23305	52	0.0629730847178394
23305	53	-0.00314511769107639
23305	54	0.113847074002585
23305	55	0.0488393492206285
23305	56	0.0899667304663012
23305	57	-0.0757425351371666
23305	58	0.0621682721621255
23305	59	-0.0316112285622054
23305	60	-0.0997522351734546
23305	61	-0.0439419808405788
23305	62	-0.112687206229275
23305	63	-0.0516475571410737
23305	64	-0.0902331408659478
23305	65	0.000582097385240843
23305	66	-0.188085604694621
23305	67	-0.0233024237680226
23305	68	0.0383512201066196
23305	69	0.0252086955586108
23305	70	-0.155517266011209
23305	71	-0.0593126906921384
23305	72	-0.068382987602412
23305	73	0.101621157484999
23305	74	-0.0522341953012599
23306	1	1.05555378549727
23306	2	0.0775851437476049
23306	3	-0.0320433436582519
23306	4	-0.0452809756068113
23306	5	-0.0427142147558115
23306	6	0.0384042224313816
23306	7	-0.071259744211261
23306	8	-0.0357585923596275
23306	9	-0.00579662726443786
23306	10	-0.0705867815105279
23306	11	-0.0265786891432356
23306	12	0.0571870579885143
23306	13	0.124438791241708
23306	14	0.125679155212637
23306	15	-0.0113492126218091
23306	16	0.0938827124757609
23306	17	-0.0505485560047561
23306	18	-0.0782291892147171
23306	19	0.0272272654211534
23306	20	-0.0484554304464879
23306	21	0.0345142992631011
23306	22	-0.0290865615683344
23306	23	-0.0276893838935663
23306	24	0.0124274042561723
23306	25	0.000974657358035813
23306	26	-0.0962377568567945
23306	27	-0.118349191736463
23306	28	-0.00265770819571998
23306	29	-0.196999241585885
23306	30	-0.0190463413751303
23306	31	0.0948258197226082
23306	32	-0.109364731222207
23306	33	0.0535191808927209
23306	34	0.025557601069913
23306	35	-0.0379201565822385
23306	36	-0.0396757348305243
23306	37	-0.0444934712742011
23306	38	-0.158312546827332
23306	39	0.0512374619389107
23306	40	0.210320360177953
23306	41	-0.0772091958460379
23306	42	-0.0830491541059359
23306	43	0.000253709537481939
23306	44	-0.0332845230361869
23306	45	0.0373685925123866
23306	46	-0.0189501821387239
23306	47	8.32301423088211e-05
23306	48	-0.0454828210115608
23306	49	0.0372969944311663
23306	50	-0.12832597902959
23306	51	0.117208382611352
23306	52	0.0298295485281841
23306	53	0.0581499347382604
23306	54	-0.0548670863087608
23306	55	0.0731204883897476
23306	56	-0.141268855789605
23306	57	0.00446306294094256
23306	58	-0.138635487069479
23306	59	-0.0235638451627125
23306	60	-0.00296953044760784
23306	61	-0.0495167093028215
23306	62	-0.0353208026666749
23306	63	-0.0800696800693146
23306	64	0.00949767829098391
23306	65	-0.139271983782109
23306	66	-0.116075382452117
23306	67	0.0725952228342734
23306	68	-0.0735721058376768
23306	69	-0.123556092198967
23306	70	-0.0115979263610768
23306	71	-0.0774234454295808
23306	72	-0.058388079351154
23306	73	-0.19573469869939
23306	74	-0.181929991119247
23307	1	0.0510343013894712
23307	2	0.304566694121434
23307	3	0.232258488147206
23307	4	0.145083379018097
23307	5	0.250850783254169
23307	6	0.181080454352617
23307	7	0.2187125270762
23307	8	0.248270754683467
23307	9	0.242723192350908
23307	10	0.169491075977703
23307	11	0.207321882206394
23307	12	0.208840583942653
23307	13	0.236155405773133
23307	14	0.280881824800197
23307	15	0.202596060175438
23307	16	0.15829687352597
23307	17	0.0727373128775781
23307	18	0.210600876209256
23307	19	0.148339736105356
23307	20	-0.00654823446731712
23307	21	0.121742973975373
23307	22	0.153639239949342
23307	23	0.266114087622832
23307	24	0.186574738122374
23307	25	0.188957566208529
23307	26	0.289441333457233
23307	27	0.0983738862493055
23307	28	0.164198092631203
23307	29	0.154695729419025
23307	30	0.21806210979701
23307	31	0.156837154615062
23307	32	0.179932413345362
23307	33	0.135674948497822
23307	34	0.259235323039412
23307	35	0.172370715309796
23307	36	0.0030239305095634
23307	37	-0.0689705651598729
23307	38	0.179269422239237
23307	39	0.116911643378856
23307	40	0.00475324729806914
23307	41	0.0714826909122834
23307	42	0.063754617601731
23307	43	0.0827903412306767
23307	44	0.0868069431360325
23307	45	0.105995356260571
23307	46	0.111006402521184
23307	47	0.0211221456632984
23307	48	0.14534942792794
23307	49	0.13571372288142
23307	50	0.0388875501336798
23307	51	-0.0802454214074828
23307	52	0.133075063011844
23307	53	-0.00811722736160903
23307	54	0.14901713714378
23307	55	0.105232002529362
23307	56	0.00860018583817634
23307	57	0.0122069655613402
23307	58	0.12123603760439
23307	59	0.0798326414474033
23307	60	-0.0409476711293237
23307	61	-0.0736340438542484
23307	62	0.00883831057210926
23307	63	0.0770391197825901
23307	64	-0.00621991183036386
23307	65	-0.00867520786665921
23307	66	-0.162635744969215
23307	67	0.100801996452809
23307	68	0.0979325980893506
23307	69	0.13182358167073
23307	70	0.0131030676473216
23307	71	0.0866422324673906
23307	72	0.0172511094565735
23307	73	0.129522490812974
23307	74	0.0623271383136696
23308	1	0.221630194922561
23308	2	0.153270148890766
23308	3	0.0777726461781256
23308	4	0.168177723361399
23308	5	0.084272542873606
23308	6	0.13059900851227
23308	7	0.0364467162763447
23308	8	-0.0288266434803077
23308	9	0.0982433589410547
23308	10	0.0127388087913829
23308	11	0.049439861968807
23308	12	0.147639215286411
23308	13	0.0527667610367359
23308	14	-0.0157799237597303
23308	15	0.0327798124888403
23308	16	0.0859178134240466
23308	17	0.0272629535945228
23308	18	-0.0243568992012655
23308	19	0.0974879792452583
23308	20	0.00754544868538432
23308	21	0.0914458312099597
23308	22	0.0596978658851199
23308	23	0.0809073763029673
23308	24	0.075336407555298
23308	25	0.0243898821829092
23308	26	0.0907037397758828
23308	27	0.129729791948968
23308	28	0.147364716814508
23308	29	0.0290059974682961
23308	30	0.102290236883988
23308	31	0.140394155250789
23308	32	0.0587681975675096
23308	33	0.0842823936313195
23308	34	-0.0282925021804346
23308	35	0.0402287705016349
23308	36	-0.0322068615563609
23308	37	-0.07140036846355
23308	38	0.130599712788047
23308	39	0.189544137234769
23308	40	-0.0159555273960095
23308	41	0.0534660383748715
23308	42	-0.0693703449343417
23308	43	-0.0229803880956538
23308	44	0.105532199103855
23308	45	0.054385049612975
23308	46	0.00914768684312151
23308	47	0.117772962285166
23308	48	-0.0308650536750861
23308	49	0.159920830387215
23308	50	0.128446394995514
23308	51	0.00512551647123161
23308	52	-0.0985696485062988
23308	53	0.0459161123586398
23308	54	0.131180602571746
23308	55	0.0961475707771342
23308	56	0.0445935986850117
23308	57	-0.0346619418260161
23308	58	0.0449178312638381
23308	59	0.00177806134882275
23308	60	0.0875263534429891
23308	61	-0.0235679774433351
23308	62	0.141384064059714
23308	63	0.0745084630534549
23308	64	-0.0427012012608401
23308	65	-0.0840432256121701
23308	66	-0.135741449752402
23308	67	-0.113191504883027
23308	68	0.0273220260794176
23308	69	0.00620770408840343
23308	70	0.124342337567164
23308	71	-0.0352723850616528
23308	72	0.0923480652459503
23308	73	-0.0416964881042503
23308	74	-0.0015808609318313
23309	1	1.97451395434733
23309	2	0.129944837341434
23309	3	0.122814527526845
23309	4	-0.102602165056606
23309	5	-0.0655311851784504
23309	6	-0.0679084615969501
23309	7	-0.0180381005415811
23309	8	-0.0753267879430055
23309	9	0.00151286826358898
23309	10	-0.0103851694017223
23309	11	-0.0682883341500897
23309	12	-0.093501675871174
23309	13	-0.059731420144999
23309	14	-0.0621552575840738
23309	15	0.102150784518265
23309	16	-0.122853005527858
23309	17	-0.112668702153357
23309	18	0.0865726464767818
23309	19	-0.0769209308867502
23309	20	-0.0902475366679738
23309	21	0.0138033469520593
23309	22	-0.00442239638406505
23309	23	-0.0767868546381081
23309	24	-0.130273237066461
23309	25	-0.0185945487327146
23309	26	-0.178673232147979
23309	27	-0.0098213357344008
23309	28	-0.00385315748064841
23309	29	-0.0255433101936191
23309	30	-0.0251472001792834
23309	31	-0.0681137271506387
23309	32	-0.186121504640397
23309	33	-0.0764722647492846
23309	34	-0.00993186264302182
23309	35	0.0354951104681689
23309	36	-0.0444374831484424
23309	37	0.0187355420773585
23309	38	-0.0861435103470996
23309	39	0.0136352883686826
23309	40	-0.0446820062503193
23309	41	-0.129512190692481
23309	42	-0.143887724257389
23309	43	-0.139492425296346
23309	44	-0.0808104551459863
23309	45	0.135980616597365
23309	46	-0.10557197431374
23309	47	-0.0734043921231518
23309	48	0.0881128070154844
23309	49	0.0297779785592809
23309	50	-0.144033069472904
23309	51	-0.134146711198788
23309	52	-0.216385534277983
23309	53	-0.155113794553621
23309	54	0.105471312008525
23309	55	0.0878059745837305
23309	56	0.0866207352195971
23309	57	-0.0836222343852882
23309	58	-0.00675511739284218
23309	59	-0.0331419628363037
23309	60	-0.030871342670018
23309	61	-0.116355162530461
23309	62	0.000389288074316596
23309	63	0.0654532588927736
23309	64	-0.0766825153054427
23309	65	-0.12194758566843
23309	66	-0.0720051617086881
23309	67	-0.0583116399108263
23309	68	-0.00314406181063731
23309	69	0.0498258575161259
23309	70	-0.17028885873659
23309	71	0.0415643972322357
23309	72	-0.162701168640424
23309	73	-0.16365997666761
23309	74	0.125249198534341
23310	1	0.587649915856215
23310	2	0.231173188454438
23310	3	0.174123226108055
23310	4	0.174946226470109
23310	5	0.153199776745574
23310	6	0.150993985331155
23310	7	0.161992426942085
23310	8	0.239133093849695
23310	9	0.220100546496766
23310	10	0.232749387296401
23310	11	0.175073234361406
23310	12	0.118233959063005
23310	13	0.184729999582679
23310	14	0.22288224665926
23310	15	0.148392004888933
23310	16	0.105296144036146
23310	17	0.0998928283827141
23310	18	0.253348556739851
23310	19	0.181807725886458
23310	20	0.216966359257619
23310	21	0.0214574636256231
23310	22	0.0829195229938122
23310	23	0.143981958703186
23310	24	0.0999911861536233
23310	25	0.0774160339414465
23310	26	0.12968185356474
23310	27	-0.0690425170576319
23310	28	0.105262628002997
23310	29	0.176039501648972
23310	30	0.124092397827638
23310	31	0.0290005603353052
23310	32	0.115881454220364
23310	33	0.0352105408925141
23310	34	0.170895132985251
23310	35	0.236019759992409
23310	36	0.0606820589087533
23310	37	-0.0223605113685394
23310	38	0.0859500228553429
23310	39	0.127643845944057
23310	40	0.0386061663529063
23310	41	0.0748263423186302
23310	42	-0.0417956699721458
23310	43	-0.0288173667918485
23310	44	0.042723865685943
23310	45	-0.163468939648851
23310	46	0.0482024765233646
23310	47	0.0196352509399134
23310	48	0.102311396685771
23310	49	0.076669853281345
23310	50	0.0817785053952775
23310	51	-0.0483516537056161
23310	52	-0.0778778155815871
23310	53	-0.0626967021365274
23310	54	0.15758673912395
23310	55	-0.108567190087605
23310	56	0.10619606840234
23310	57	-0.111426164812208
23310	58	-0.0733546204423163
23310	59	-0.0811965312174934
23310	60	0.0374470126442006
23310	61	-0.0433658712481915
23310	62	0.00676931576317941
23310	63	-0.0606862143596203
23310	64	-0.0135329938570834
23310	65	-0.0942907788649094
23310	66	0.0982404605157399
23310	67	0.0522310166766502
23310	68	-0.0501532210620184
23310	69	-0.0016318349008273
23310	70	0.044408744680041
23310	71	-0.0491308381975912
23310	72	-0.144757145291848
23310	73	-0.072664251622534
23310	74	0.215001766133049
23311	1	-0.254303796599618
23311	2	0.319613066491041
23311	3	0.226447383916327
23311	4	0.20381883107807
23311	5	0.118769671101415
23311	6	0.228737101635488
23311	7	0.238484925974291
23311	8	0.336492126678316
23311	9	0.152100754420005
23311	10	0.189829652507967
23311	11	0.133544670221873
23311	12	0.197370297890345
23311	13	0.201873407800299
23311	14	0.170843299352761
23311	15	0.120904757286546
23311	16	0.248174978133918
23311	17	0.103191557999054
23311	18	0.15920036491972
23311	19	0.20472168806905
23311	20	0.132636043091175
23311	21	0.277919499166821
23311	22	0.234674422527213
23311	23	0.125203890775204
23311	24	0.179859018102398
23311	25	0.125847786556562
23311	26	0.21821509187351
23311	27	0.145347891662013
23311	28	0.118799525487262
23311	29	0.194730022948107
23311	30	0.210285815689062
23311	31	0.109763693355568
23311	32	0.16117965308527
23311	33	0.311213941531882
23311	34	0.152656707949106
23311	35	0.31088272899953
23311	36	0.10344715454729
23311	37	0.092756611871522
23311	38	0.0866310739770029
23311	39	0.186645867331869
23311	40	0.0411955648443438
23311	41	-0.0622829397060443
23311	42	0.094897082590748
23311	43	0.081054083053651
23311	44	0.0206548253571839
23311	45	0.0620267356765254
23311	46	0.179084215895671
23311	47	0.0545670162443201
23311	48	0.0842654435818844
23311	49	0.178321139238861
23311	50	0.119834956685168
23311	51	0.23387668816423
23311	52	0.0820018628394408
23311	53	0.0893891345048203
23311	54	0.208715502547797
23311	55	-0.00305852985079014
23311	56	0.119957952802295
23311	57	0.0323319990243291
23311	58	0.123617146326339
23311	59	0.00473130170977498
23311	60	0.0553595164641436
23311	61	0.058559130630627
23311	62	0.0943593583064128
23311	63	0.202103249451994
23311	64	0.091632092992441
23311	65	0.0370295713226909
23311	66	0.0750491494961878
23311	67	0.033793623247071
23311	68	0.172731757812244
23311	69	0.118270747557759
23311	70	-0.011754234366002
23311	71	0.129379996108597
23311	72	0.0730086739340265
23311	73	-0.0375084108285293
23311	74	0.0279345583574226
23312	1	-0.112790803058928
23312	2	0.341117315034221
23312	3	0.360654490520844
23312	4	0.264066687736392
23312	5	0.318141311701087
23312	6	0.323492282569759
23312	7	0.337859835731905
23312	8	0.32804543983368
23312	9	0.21681782242122
23312	10	0.443798274040276
23312	11	0.247570175102453
23312	12	0.247103725302779
23312	13	0.258057973560774
23312	14	0.369828770669983
23312	15	0.284850304012345
23312	16	0.296317415345648
23312	17	0.379920329585715
23312	18	0.31309120773588
23312	19	0.3578504084389
23312	20	0.348574822660026
23312	21	0.288742455193919
23312	22	0.16592539305848
23312	23	0.365843201854652
23312	24	0.314420964559041
23312	25	0.322390924457814
23312	26	0.320867332472638
23312	27	0.323195532555907
23312	28	0.298330782723681
23312	29	0.285366064869613
23312	30	0.374766005954058
23312	31	0.275227355302839
23312	32	0.202770833986847
23312	33	0.505551078893724
23312	34	0.218491419323321
23312	35	0.374401786828209
23312	36	-0.021274803979459
23312	37	0.0868446271300556
23312	38	0.0485375196620268
23312	39	-0.0109317534866236
23312	40	0.0968230197524207
23312	41	0.0650880116007713
23312	42	0.0814089575961887
23312	43	0.300048169946166
23312	44	0.131925905603666
23312	45	0.0364975436618096
23312	46	-0.0643505228542267
23312	47	0.144360939895293
23312	48	-0.00996765690825185
23312	49	0.0942608251971535
23312	50	-0.0598163996514671
23312	51	0.0953142814649297
23312	52	0.0245797211738505
23312	53	0.134715330384154
23312	54	0.206934594441961
23312	55	0.059316842196445
23312	56	-0.00309365314038246
23312	57	0.0733432766619586
23312	58	0.0556786889660543
23312	59	0.132326039600414
23312	60	-0.0569601407762477
23312	61	0.0948901218877296
23312	62	0.0585112133943682
23312	63	0.0144797028729116
23312	64	0.154863964856851
23312	65	0.082013540252369
23312	66	0.138333868427722
23312	67	0.0362399847150812
23312	68	0.0616670756328688
23312	69	0.0338569800534145
23312	70	0.123617697414936
23312	71	0.132135866783912
23312	72	0.121053316099335
23312	73	0.274162808830901
23312	74	0.225279724520568
23401	1	-0.864843597234412
23401	2	0.101926221949135
23401	3	0.0865102740410357
23401	4	-0.0157928951216952
23401	5	-0.0314380192725494
23401	6	0.0899028571100047
23401	7	-0.0497320148649862
23401	8	-0.0436174608685391
23401	9	0.0230061101736183
23401	10	-0.0244989145412902
23401	11	0.0633925917195484
23401	12	0.0530808114867583
23401	13	-0.0154717788671448
23401	14	0.0525209084748397
23401	15	-0.0316233856054353
23401	16	0.0685102667533215
23401	17	0.0369679181578562
23401	18	-0.156719074034172
23401	19	-0.164011162429617
23401	20	-0.0378770956915062
23401	21	0.0860674752670647
23401	22	-0.0280104880430514
23401	23	-0.0680942235867761
23401	24	-0.010412446318476
23401	25	-0.0571476189286457
23401	26	-0.0381190570504586
23401	27	-0.0541585224160457
23401	28	-0.010534906166427
23401	29	-0.0878580260475132
23401	30	0.0192622337729844
23401	31	0.137682783755736
23401	32	-0.0472211498420805
23401	33	-0.0348605662143484
23401	34	-0.179001874904188
23401	35	-0.00798233369312129
23401	36	-0.078424378279621
23401	37	0.0741421468197245
23401	38	0.00983594616793226
23401	39	-0.0314335251368618
23401	40	-0.0361649397431236
23401	41	-0.0610323262722403
23401	42	-0.141303766379025
23401	43	-0.105560960943968
23401	44	-0.038171497681013
23401	45	0.0385296767665295
23401	46	0.0111208517997099
23401	47	0.0151683845424699
23401	48	0.0871302107290219
23401	49	0.0356114381220252
23401	50	-0.00469090456816446
23401	51	-0.0674688743787684
23401	52	-0.0136711870138768
23401	53	0.0591816081304088
23401	54	-0.130416396035578
23401	55	-0.0181509556565658
23401	56	-0.196483114451979
23401	57	-0.0160936103756342
23401	58	0.0129260570961236
23401	59	-0.236661806034753
23401	60	-0.0426138813294941
23401	61	0.02978253640552
23401	62	-0.0192843605191868
23401	63	0.0105505775660149
23401	64	-0.125730432755418
23401	65	0.0100931880291952
23401	66	-0.176883331325563
23401	67	-0.0682407355078141
23401	68	-0.222716757809188
23401	69	-0.0555814192732953
23401	70	0.00136478159931386
23401	71	-0.0562282855620211
23401	72	-0.0580796997773234
23401	73	-0.0951335376830045
23401	74	-0.302066045162157
23402	1	-0.712946265666115
23402	2	-0.0262700920018979
23402	3	-0.077232728961615
23402	4	0.0281100556614966
23402	5	-0.054845771074131
23402	6	-0.0732357764436244
23402	7	-0.0315297312917551
23402	8	-0.0957123538257605
23402	9	-0.207685094678752
23402	10	0.0747685407080851
23402	11	-0.00442180246205481
23402	12	-0.0237912636969213
23402	13	-0.02440671149688
23402	14	-0.0274404348579509
23402	15	-0.0664808999901965
23402	16	0.13494177656284
23402	17	-0.0046582921872016
23402	18	-0.0647090407152433
23402	19	-0.0311835161100049
23402	20	-0.138665451647881
23402	21	0.0676202996209483
23402	22	-0.158512717845845
23402	23	-0.0214933784672553
23402	24	0.0453992129326437
23402	25	-0.034329573285298
23402	26	-0.136743897360418
23402	27	-0.0141272850716376
23402	28	0.0466853360076485
23402	29	0.0173380848849689
23402	30	-0.110323313603885
23402	31	-0.0383838837272421
23402	32	-0.0494543539117061
23402	33	-0.07745833294981
23402	34	-0.0611200522601649
23402	35	-0.0596699802032035
23402	36	-0.241643396152774
23402	37	-0.140979701974913
23402	38	-0.177847817512209
23402	39	-0.165015074185398
23402	40	-0.207917466425371
23402	41	-0.0594594185301247
23402	42	-0.19269323070926
23402	43	-0.0828903423231679
23402	44	-0.223963647640304
23402	45	-0.229699524075109
23402	46	-0.0712858907689693
23402	47	-0.200969261445181
23402	48	0.0633553312679069
23402	49	-0.0841322457964893
23402	50	-0.0787342062532517
23402	51	-0.0434449743584366
23402	52	-0.376457541478707
23402	53	-0.118388912345374
23402	54	-0.200543804822757
23402	55	-0.0477441015578748
23402	56	-0.173821929110673
23402	57	-0.184094270599481
23402	58	-0.177379395090654
23402	59	-0.170731679022865
23402	60	-0.0858235139840389
23402	61	-0.120661593228384
23402	62	-0.146279035319218
23402	63	-0.070222971636646
23402	64	-0.140320248879888
23402	65	0.00206788549893844
23402	66	-0.097349892256041
23402	67	-0.302230424660628
23402	68	-0.136762201175252
23402	69	-0.0861792534670229
23402	70	-0.100882745058101
23402	71	-0.219998494617826
23402	72	-0.187361918374393
23402	73	-0.0851423611242126
23402	74	-0.130767971876359
23403	1	-0.605284231805147
23403	2	-0.186116226911352
23403	3	-0.119694452762982
23403	4	-0.207726416282625
23403	5	-0.0838987848831358
23403	6	-0.151926708465076
23403	7	-0.099872402148435
23403	8	-0.0729724440348036
23403	9	-0.263771117246748
23403	10	-0.176141351272527
23403	11	-0.103624109291353
23403	12	-0.14201905926641
23403	13	-0.14512863094874
23403	14	-0.0570760971824029
23403	15	0.0081842866727655
23403	16	-0.110354866090532
23403	17	-0.269203365314588
23403	18	-0.264671599445172
23403	19	-0.0814795242029689
23403	20	-0.0668651250882419
23403	21	-0.138036685109746
23403	22	-0.0169895699203266
23403	23	-0.037552683321401
23403	24	-0.212274813605362
23403	25	-0.120466700392825
23403	26	0.00167850751912368
23403	27	-0.0164361143731284
23403	28	-0.0154301133986223
23403	29	-0.0500613483194954
23403	30	-0.102424470327364
23403	31	-0.135350596732259
23403	32	-0.11650202153087
23403	33	-0.0738530298189062
23403	34	-0.127110217235575
23403	35	-0.224248185766363
23403	36	-0.179428103530029
23403	37	-0.0681310181672359
23403	38	-0.169521635659578
23403	39	0.0465173472313296
23403	40	-0.0496293801067722
23403	41	-0.0608522436528887
23403	42	-0.119822612647681
23403	43	0.0692039067287098
23403	44	0.0194570662770133
23403	45	-0.127853908930476
23403	46	-0.0286846954130624
23403	47	-0.110281784045839
23403	48	0.00620387545284018
23403	49	-0.0614470119151349
23403	50	-0.038161031152832
23403	51	-0.0869114641944861
23403	52	0.119362243733072
23403	53	-0.14147205045365
23403	54	-0.108222389218867
23403	55	-0.145728589589503
23403	56	-0.116746713050674
23403	57	-0.0540718329579875
23403	58	-0.132049740699955
23403	59	-0.0833605832017383
23403	60	-0.18991231281646
23403	61	0.0246248819351251
23403	62	-0.100925886950812
23403	63	-0.0534116519902739
23403	64	-0.0748945996545416
23403	65	0.0507514183945261
23403	66	-0.139693018141877
23403	67	-0.0564989948992221
23403	68	-0.055695036840099
23403	69	-0.142067249782038
23403	70	-0.035440225793927
23403	71	-0.136972486271169
23403	72	0.0704283406784043
23403	73	-0.040125937227792
23403	74	-0.267823624209228
23404	1	1.06456732788122
23404	2	-0.230309871878223
23404	3	-0.261503767056382
23404	4	-0.148898751972084
23404	5	-0.178223687362056
23404	6	-0.160379258332078
23404	7	-0.241798437998007
23404	8	-0.119134300818757
23404	9	-0.0892129452191313
23404	10	-0.130209466327869
23404	11	-0.17884399274336
23404	12	-0.281673580816509
23404	13	-0.208847752890222
23404	14	-0.135961644970983
23404	15	-0.0545806690901998
23404	16	-0.175262899050274
23404	17	-0.184097296227577
23404	18	-0.227418764933773
23404	19	-0.115274102942287
23404	20	-0.195008037399539
23404	21	-0.212259011470159
23404	22	-0.100885032532545
23404	23	-0.201412391821243
23404	24	-0.0920546481124163
23404	25	-0.199214265077828
23404	26	-0.176678105039073
23404	27	-0.296077531867475
23404	28	-0.301653064588187
23404	29	-0.0779065989671039
23404	30	-0.265169900179444
23404	31	-0.0763485009511555
23404	32	-0.237559197737035
23404	33	-0.119937216868458
23404	34	-0.040032031149309
23404	35	-0.281525926661864
23404	36	-0.117488418007547
23404	37	-0.0742583635661092
23404	38	0.0932293457576634
23404	39	0.0156392973726724
23404	40	0.0262043515774835
23404	41	-0.0348085166044427
23404	42	-0.10243380520054
23404	43	-0.283558497150047
23404	44	-0.243629440175411
23404	45	-0.0743183819694337
23404	46	-0.0877417347394314
23404	47	-0.0995576148420483
23404	48	-0.196721259105246
23404	49	-0.122555057182048
23404	50	-0.204973262697024
23404	51	-0.290805859058558
23404	52	-0.317605003115759
23404	53	-0.251630605859162
23404	54	-0.110070253885155
23404	55	-0.338794140728027
23404	56	-0.206445733769783
23404	57	-0.131476941575798
23404	58	-0.293435621469939
23404	59	-0.115895613550819
23404	60	-0.174996211079346
23404	61	-0.226476150613593
23404	62	-0.153986717916439
23404	63	-0.126373742809506
23404	64	-0.202066561067895
23404	65	-0.224227756432747
23404	66	-0.0423341875053538
23404	67	-0.153460344268893
23404	68	-0.115014135175322
23404	69	-0.0604098431886229
23404	70	-0.0718341468335169
23404	71	-0.329727661588123
23404	72	-0.163018574759988
23404	73	-0.313075667795445
23404	74	-0.387641804067535
23405	1	0.171547408141251
23405	2	-0.198373825683312
23405	3	-0.053883603994155
23405	4	-0.158903109982653
23405	5	-0.129935114428935
23405	6	-0.120798535265493
23405	7	-0.154880640972351
23405	8	-0.20506065044016
23405	9	-0.309272504696899
23405	10	-0.300688484322826
23405	11	-0.096503922652019
23405	12	-0.212514676856166
23405	13	-0.287672361123228
23405	14	-0.183329588171581
23405	15	-0.116005920129766
23405	16	-0.115579944319109
23405	17	-0.208626540294325
23405	18	-0.224114848171773
23405	19	-0.0730322696725096
23405	20	-0.298839455024066
23405	21	-0.20445090920218
23405	22	-0.124770562121618
23405	23	-0.0659972005227374
23405	24	-0.231499183348753
23405	25	-0.237999651215723
23405	26	-0.20034845785635
23405	27	-0.263510482059047
23405	28	-0.146996348712321
23405	29	-0.134985642383782
23405	30	-0.293694895185887
23405	31	-0.112844115703027
23405	32	-0.268112483495415
23405	33	-0.133031222788091
23405	34	-0.111777595965634
23405	35	-0.131627613575127
23405	36	-0.0731938189709638
23405	37	-0.0960695280740396
23405	38	0.0842409867683074
23405	39	0.0621948242270491
23405	40	0.0724193311222621
23405	41	-0.141414830430378
23405	42	-0.109692994904968
23405	43	-0.0450840124157068
23405	44	0.0695053402608323
23405	45	-0.239851569916993
23405	46	-0.197561965835256
23405	47	-0.161888054663983
23405	48	0.0114074972593272
23405	49	-0.139877616943771
23405	50	-0.028639831198312
23405	51	0.12834911061907
23405	52	-0.00651624363324999
23405	53	-0.160655207607149
23405	54	-0.220774479237264
23405	55	-0.0902865294035138
23405	56	-0.0602798495757284
23405	57	-0.0555208005257768
23405	58	-0.184817475066247
23405	59	-0.0220778432908517
23405	60	-0.203545455634355
23405	61	-0.109970590951541
23405	62	-0.0268620749558082
23405	63	-0.129091540804033
23405	64	0.0520498809902463
23405	65	-0.00897894086457285
23405	66	-0.0363144053266069
23405	67	-0.019366597245245
23405	68	-0.0482278379359613
23405	69	-0.0637350739549944
23405	70	0.0487267283281838
23405	71	-0.0424485824485998
23405	72	-0.042825545924444
23405	73	0.140547520610347
23405	74	0.0846382289193954
23406	1	1.1591097690948
23406	2	0.213929733713876
23406	3	0.211198197068885
23406	4	0.179892745353371
23406	5	0.220669251749595
23406	6	0.137456432975767
23406	7	0.166239159242252
23406	8	0.113993728119382
23406	9	0.0837632236425705
23406	10	0.144011098561819
23406	11	0.207232551811423
23406	12	0.00133084649596071
23406	13	0.140741871090817
23406	14	0.113267648847071
23406	15	0.0829267214024867
23406	16	0.130365513960719
23406	17	0.0181633798337444
23406	18	0.11320776262869
23406	19	0.0786216992578659
23406	20	0.249358195846732
23406	21	0.209995333208447
23406	22	0.200911497311075
23406	23	0.0125632044227544
23406	24	0.227781201479999
23406	25	0.0682466176845224
23406	26	0.121202278382015
23406	27	0.160345330010621
23406	28	-0.00974466479861036
23406	29	0.190722330796447
23406	30	0.111616271335855
23406	31	0.0487391374896475
23406	32	0.0598211926672008
23406	33	-0.0298234847511196
23406	34	-0.0018821915288143
23406	35	0.239418380447439
23406	36	-0.113162283353297
23406	37	0.20511333909716
23406	38	-0.0280000788851922
23406	39	0.0993410793476102
23406	40	0.0125041414664224
23406	41	0.0322892269073449
23406	42	-0.144204326961905
23406	43	0.024045128290048
23406	44	0.00531618351900676
23406	45	0.115773457612917
23406	46	-0.00454722768652971
23406	47	-0.0684630421699595
23406	48	-0.0732702065423325
23406	49	-0.0776982679711296
23406	50	-0.185861212757757
23406	51	-0.164442142602141
23406	52	-0.0447181212312628
23406	53	0.00529986586004583
23406	54	-0.0154816494616767
23406	55	0.0778399095237461
23406	56	-0.0111810587931558
23406	57	-0.0647129076804305
23406	58	-0.2796809488161
23406	59	-0.268080107348261
23406	60	-0.0167068433967898
23406	61	-0.0464629390841154
23406	62	0.0430796086141711
23406	63	-0.0649771562028363
23406	64	-0.0975659866811753
23406	65	-0.182947667312
23406	66	-0.00902479276378898
23406	67	-0.0518452343048921
23406	68	-0.0190021448162199
23406	69	0.0338794372927111
23406	70	-0.107436411426477
23406	71	-0.0504661416527554
23406	72	-0.115136058767064
23406	73	-0.0620887617846435
23406	74	-0.117640449863075
23407	1	1.47849906314017
23407	2	-0.0507161697233371
23407	3	-0.257201610646185
23407	4	-0.157052130551183
23407	5	-0.100998151687218
23407	6	-0.319487444464329
23407	7	-0.210727393003609
23407	8	-0.301872355250786
23407	9	-0.383810113169289
23407	10	-0.2066534842129
23407	11	-0.122887014307459
23407	12	-0.0824459580473729
23407	13	-0.14692427460286
23407	14	-0.224781979667789
23407	15	-0.181114949994807
23407	16	-0.130183947472382
23407	17	-0.227086868373249
23407	18	-0.305118086247269
23407	19	-0.154307336491186
23407	20	-0.181609501412403
23407	21	-0.177946114903207
23407	22	-0.27778988693106
23407	23	-0.281425797974364
23407	24	-0.062315077871034
23407	25	-0.258675124442711
23407	26	-0.244581794016327
23407	27	-0.193199017512988
23407	28	-0.342509839646645
23407	29	-0.266451193469059
23407	30	-0.243165527945415
23407	31	-0.290854567997158
23407	32	-0.157257863977136
23407	33	-0.157866727924727
23407	34	-0.212029167107502
23407	35	-0.194634249902499
23407	36	-0.0996493549603983
23407	37	0.0187522673621672
23407	38	-0.160833853645514
23407	39	-0.0973775948792692
23407	40	-0.169346847614257
23407	41	-0.176184439352532
23407	42	0.0625981673226335
23407	43	-0.187510089163816
23407	44	-0.277923777756037
23407	45	-0.273380417438872
23407	46	-0.108877070847093
23407	47	-0.114014348331885
23407	48	-0.0280580441208258
23407	49	-0.105061031889235
23407	50	-0.10206352983981
23407	51	-0.106635830029369
23407	52	-0.269452792223291
23407	53	-0.213050889076079
23407	54	-0.0357067285597594
23407	55	-0.27703801496704
23407	56	-0.184644735209936
23407	57	-0.0247486957788041
23407	58	-0.173723041678741
23407	59	-0.244105041056017
23407	60	-0.168736210298796
23407	61	-0.21249805774778
23407	62	-0.163658990734362
23407	63	-0.179445910872069
23407	64	-0.221565879269072
23407	65	-0.365146176788564
23407	66	-0.170241048718623
23407	67	-0.310966868668999
23407	68	-0.150936462153176
23407	69	-0.122350763091227
23407	70	-0.148663887378248
23407	71	-0.0406851109626558
23407	72	-0.175148129415859
23407	73	-0.239887261998348
23407	74	-0.00859434495833966
23408	1	1.44367318693671
23408	2	0.0362442507394398
23408	3	0.0821802363137891
23408	4	0.0377546308068304
23408	5	0.0966737622544933
23408	6	0.14905076448423
23408	7	0.101016270217706
23408	8	0.0580340171089517
23408	9	0.0546807713789619
23408	10	0.0517315187708007
23408	11	0.189726390336908
23408	12	0.0824506973333428
23408	13	0.0615925218894589
23408	14	0.102594531729324
23408	15	0.106589481522029
23408	16	0.163615534926961
23408	17	0.164069404263806
23408	18	0.00785272452213803
23408	19	0.173963488000069
23408	20	0.0332900259818203
23408	21	0.0639935791954471
23408	22	-0.006338498950754
23408	23	0.10518311994668
23408	24	0.0872129545763372
23408	25	0.0288790050340424
23408	26	-0.00178065542252881
23408	27	0.17897212896289
23408	28	0.130322667716875
23408	29	0.100675899510783
23408	30	0.0634067558478151
23408	31	0.0272547536013406
23408	32	0.157743779452808
23408	33	0.118846507909069
23408	34	0.124217398443015
23408	35	0.231665096873982
23408	36	-0.0500003713697694
23408	37	0.00145842100924654
23408	38	0.151271030084011
23408	39	-0.194255021031807
23408	40	-0.018399393787071
23408	41	-0.0789264208358702
23408	42	-0.086135711141317
23408	43	0.158110689000679
23408	44	-0.0364087287600583
23408	45	0.0984580198923695
23408	46	-0.132294364400728
23408	47	-0.398442311456549
23408	48	0.0581816812747533
23408	49	-0.0800568081469493
23408	50	-0.0139438671705179
23408	51	-0.101767042529453
23408	52	0.00988859842414058
23408	53	0.0634578727568638
23408	54	0.108944690481906
23408	55	0.0254540263370444
23408	56	-0.0668732561691314
23408	57	-0.121000980395607
23408	58	0.00322791020873581
23408	59	-0.251741270190621
23408	60	-0.203220711802842
23408	61	-0.144397160157936
23408	62	-0.0539088654780358
23408	63	-0.0144196305931104
23408	64	-0.0672815474752113
23408	65	-0.144746173457975
23408	66	-0.226909576480892
23408	67	-0.0152152346820671
23408	68	-0.0779514758098614
23408	69	-0.0424183951932378
23408	70	0.00743606082466641
23408	71	-0.233529055990637
23408	72	0.116188514079674
23408	73	0.0353119970579954
23408	74	-0.025638044571437
23409	1	1.47954418715516
23409	2	0.182701078268007
23409	3	0.125763489706895
23409	4	0.165291743650773
23409	5	0.0268669484978084
23409	6	-0.00299317256403242
23409	7	0.0143436515658308
23409	8	0.0790147649695641
23409	9	0.0574992579917435
23409	10	0.0907558047700263
23409	11	-0.147164678835928
23409	12	0.0220681239862017
23409	13	0.0952006596462525
23409	14	-0.0294326891051639
23409	15	-0.159100964591921
23409	16	0.0189229328013454
23409	17	0.0989165363883799
23409	18	0.0171202504275243
23409	19	-0.0179262989631823
23409	20	-0.0318628418936058
23409	21	0.0569604222055062
23409	22	0.0761384450214351
23409	23	0.0242448274699285
23409	24	0.122751530088983
23409	25	0.134487959605835
23409	26	-0.210218069348272
23409	27	0.0267121158558581
23409	28	-0.112411477999117
23409	29	-0.00623900926238008
23409	30	0.105427613123638
23409	31	-0.00547958207162935
23409	32	-0.0848621453052303
23409	33	-0.0868270320341367
23409	34	-0.0180485033302347
23409	35	0.0258324679644346
23409	36	-0.0865473818262359
23409	37	-0.122056843055319
23409	38	-0.070324684702868
23409	39	0.0327774968101551
23409	40	-0.0280514209379277
23409	41	-0.0827852419833803
23409	42	-0.131711305393488
23409	43	-0.0144525672865541
23409	44	0.0601419120496516
23409	45	0.0314706579630268
23409	46	-0.154572499735295
23409	47	-0.104176761810479
23409	48	-0.160530276176956
23409	49	-0.0952884944685621
23409	50	-0.163099990471153
23409	51	-0.17750013094706
23409	52	-0.0800218979143494
23409	53	-0.1835208984972
23409	54	-0.202643816385574
23409	55	0.00817100733728893
23409	56	-0.132001356490363
23409	57	0.0310631055740558
23409	58	-0.291809556064628
23409	59	-0.195838008246263
23409	60	-0.260453437325303
23409	61	-0.0766090323008584
23409	62	-0.0945842289449175
23409	63	-0.300974481257015
23409	64	-0.119668609032203
23409	65	-0.12933318453068
23409	66	-0.159867805698283
23409	67	-0.227733682921581
23409	68	-0.00396445068478357
23409	69	-0.0879816232209194
23409	70	-0.0704354550896795
23409	71	-0.0625379673120179
23409	72	-0.195425852902297
23409	73	-0.0803116186623214
23409	74	0.039410264019601
23410	1	0.799654397744849
23410	2	0.0212938411450025
23410	3	-0.0243216786604386
23410	4	-0.104066011391701
23410	5	-0.209541348276129
23410	6	-0.00558561289362558
23410	7	-0.192335664289061
23410	8	-0.116190684978903
23410	9	-0.129984351878896
23410	10	0.0528604472817022
23410	11	-0.186499955494419
23410	12	-0.0784722463023542
23410	13	-0.0497995626219918
23410	14	-0.074194756978649
23410	15	-0.018147058201663
23410	16	-0.0674179426047274
23410	17	-0.212194567064913
23410	18	-0.195629400749169
23410	19	-0.111907516090312
23410	20	-0.00525336995815451
23410	21	-0.0753627565129804
23410	22	-0.156991481278546
23410	23	-0.10562289018668
23410	24	-0.222834067480058
23410	25	-0.0912623163341664
23410	26	-0.0542248731688062
23410	27	-0.17253344713582
23410	28	-0.020251137477274
23410	29	-0.0586381451385733
23410	30	-0.0443381092533244
23410	31	-0.154426013356797
23410	32	-0.131397534717472
23410	33	-0.124025259815319
23410	34	-0.156224573551839
23410	35	-0.111879251154669
23410	36	-0.107396921578761
23410	37	-0.180157323151015
23410	38	0.037730491590338
23410	39	-0.0994302135588114
23410	40	-0.0488731045523352
23410	41	-0.0387982777962463
23410	42	-0.0307443045208728
23410	43	-0.00654737967413865
23410	44	-0.282495168783072
23410	45	-0.233245385703384
23410	46	-0.157954331516322
23410	47	0.00907344262674314
23410	48	-0.0412285517779267
23410	49	-0.214778606113583
23410	50	-0.175886767024274
23410	51	-0.0608906175938557
23410	52	-0.10681874045693
23410	53	-0.141820635851239
23410	54	-0.0241221226846164
23410	55	0.0234897040569777
23410	56	-0.206418426873427
23410	57	-0.106213186214383
23410	58	-0.127014819015976
23410	59	-0.147322544273521
23410	60	-0.0639897055522951
23410	61	-0.151968792576824
23410	62	-0.186455214670652
23410	63	-0.164160712198566
23410	64	-0.10915195793622
23410	65	-0.00987736879325496
23410	66	-0.0815165589227078
23410	67	-0.25775863490248
23410	68	-0.062713312914255
23410	69	-0.117861786767008
23410	70	0.00766723136622716
23410	71	-0.120583120188499
23410	72	-0.15009153244398
23410	73	-0.112282523752505
23410	74	0.2754363584272
23411	1	0.802525946145931
23411	2	0.148527608115955
23411	3	0.125510030896962
23411	4	0.0715190059211217
23411	5	0.198297058066917
23411	6	0.158175533364897
23411	7	0.193643690621229
23411	8	-0.0143710969776407
23411	9	0.262561813498557
23411	10	0.174320639399852
23411	11	0.116838084466984
23411	12	0.177993776960299
23411	13	0.140308971490207
23411	14	0.113882552128779
23411	15	0.100161316457111
23411	16	0.0183106859926525
23411	17	0.0520838352531001
23411	18	0.148118664136504
23411	19	0.124179495680345
23411	20	0.0784021061573696
23411	21	0.233087210461065
23411	22	0.0794277251181654
23411	23	-0.00529382399545142
23411	24	0.00142133277898893
23411	25	0.149146773284848
23411	26	0.0500008682380013
23411	27	0.0986994335527669
23411	28	0.0662188011666984
23411	29	0.134012322901079
23411	30	0.21322351123721
23411	31	0.120151389926185
23411	32	0.146216385462928
23411	33	0.0707140028803224
23411	34	0.193962100476867
23411	35	0.238954879875791
23411	36	0.030095899784861
23411	37	-0.0472078142229151
23411	38	0.0121702256085641
23411	39	-0.181184413061089
23411	40	-0.0933655372579452
23411	41	0.000415002871910986
23411	42	0.0809131856376553
23411	43	-0.0422543032830305
23411	44	0.0195299801689472
23411	45	-0.135087336974799
23411	46	0.0643030229894777
23411	47	-0.0362448948576883
23411	48	-0.154875189178924
23411	49	-0.0183079238853381
23411	50	-0.186898910454225
23411	51	-0.00537165780464477
23411	52	0.0234263779477217
23411	53	0.0774160769654202
23411	54	0.0868388380511433
23411	55	0.0471484704141574
23411	56	0.117497928202049
23411	57	-0.0655769285816632
23411	58	0.107955873567704
23411	59	0.00645764926570536
23411	60	-0.0525425814494866
23411	61	-0.0779838826738697
23411	62	-0.014435959887237
23411	63	-0.0098238844881493
23411	64	-0.0939922810730422
23411	65	-0.0471277559741878
23411	66	-0.0184970260995101
23411	67	-0.154958657242545
23411	68	0.150523129543608
23411	69	-0.0343037430107884
23411	70	0.0461448557911552
23411	71	0.0507913638809612
23411	72	0.00131411695777928
23411	73	-0.131312808028149
23411	74	0.0377561396149062
23412	1	-0.43637384927181
23412	2	0.285317439371525
23412	3	0.235690393874759
23412	4	0.257468768279903
23412	5	0.241677061229076
23412	6	0.338218402211858
23412	7	0.339286076519905
23412	8	0.263812265262317
23412	9	0.305632188358416
23412	10	0.241085065563382
23412	11	0.211014497138628
23412	12	0.258663328699967
23412	13	0.350949045657259
23412	14	0.23181500165397
23412	15	0.0893512761156003
23412	16	0.276707482148225
23412	17	0.124232919184529
23412	18	0.264653594041924
23412	19	0.305596826720311
23412	20	0.252132031223731
23412	21	0.0827746475771747
23412	22	0.247914930342439
23412	23	0.271209939455709
23412	24	0.172499953214221
23412	25	0.230425999321895
23412	26	0.246931954679994
23412	27	0.330988634771636
23412	28	0.179000161662678
23412	29	0.119655331649724
23412	30	0.22088965646666
23412	31	0.141187848209611
23412	32	0.163892448380359
23412	33	0.176064883015236
23412	34	0.233784971527754
23412	35	0.103461355119904
23412	36	-0.0422581255330812
23412	37	0.0295550980747876
23412	38	-0.191167256401599
23412	39	-0.0779544111519641
23412	40	-0.249536878171931
23412	41	-0.11287275104084
23412	42	-0.222089571409221
23412	43	-0.090011999018671
23412	44	-0.166794418471632
23412	45	-0.174517269787081
23412	46	-0.0539387230096224
23412	47	-0.0262300934825959
23412	48	-0.0079953332103031
23412	49	-0.159845850770431
23412	50	-0.0369892418408426
23412	51	-0.0575261639900049
23412	52	-0.108489609033953
23412	53	-0.0501525787784942
23412	54	-0.222726568941646
23412	55	-0.0963137743298361
23412	56	-0.183725313388166
23412	57	-0.119659092585835
23412	58	0.0198046765875191
23412	59	-0.142049222257079
23412	60	-0.269143024008365
23412	61	-0.152400493582135
23412	62	-0.0782755539097266
23412	63	-0.315057482665956
23412	64	-0.0527846986720562
23412	65	-0.139947598591583
23412	66	-0.146104681528072
23412	67	-0.155129124573406
23412	68	-0.242657310136536
23412	69	-0.226214283211775
23412	70	-0.252957708311413
23412	71	-0.143298134947237
23412	72	-0.241814462311119
23412	73	-0.225422061138701
23412	74	0.182956652023442
23501	1	-0.0962780374728354
23501	2	0.103293058599949
23501	3	0.0713867993258503
23501	4	0.10374629557116
23501	5	-0.0784387945019596
23501	6	0.138699546767725
23501	7	0.204696371187126
23501	8	0.0857312857475989
23501	9	0.0563304285395105
23501	10	0.0717284949471377
23501	11	0.0516156347275896
23501	12	0.138785846952857
23501	13	0.00306958206354579
23501	14	0.0165724255464994
23501	15	0.122033989576998
23501	16	0.146591586960632
23501	17	-0.0285890984773545
23501	18	-0.00920170071830029
23501	19	0.0301968076684318
23501	20	0.164799164980899
23501	21	0.145805937192264
23501	22	-0.039778343385187
23501	23	0.00990070318250957
23501	24	0.0638515263754158
23501	25	0.0679619259281878
23501	26	-0.0138254534299094
23501	27	0.134603193791044
23501	28	-0.000609195854892164
23501	29	0.0766547279643675
23501	30	0.0403130495841921
23501	31	-0.0335390419427597
23501	32	0.101098179952878
23501	33	0.108549073617475
23501	34	0.0523947140286154
23501	35	0.0224852223925467
23501	36	-0.00514353929346356
23501	37	0.0153182486577208
23501	38	-0.0166480470164387
23501	39	-0.0308203812910435
23501	40	0.109975239149207
23501	41	-0.0595690199761449
23501	42	0.0805701253948214
23501	43	-0.064111362323338
23501	44	0.0419252680001279
23501	45	-0.032850535702444
23501	46	-0.0827928447710988
23501	47	-0.0484883208887155
23501	48	0.0521716703365485
23501	49	-0.0288584232950555
23501	50	0.0746473021586596
23501	51	-0.0383514525204376
23501	52	-0.0563745275019372
23501	53	-0.0470486558414862
23501	54	-0.0311364416537145
23501	55	0.0614996639717873
23501	56	-0.103841458858106
23501	57	-0.114861916323946
23501	58	-0.0385945721448309
23501	59	-0.0438617654624949
23501	60	-0.0423885511983926
23501	61	0.0323741167660856
23501	62	0.00552987386615911
23501	63	0.0886215928586722
23501	64	0.0169946110800225
23501	65	0.0282801983810828
23501	66	0.0946584600598328
23501	67	-0.0187567803815938
23501	68	-0.0351336399943918
23501	69	-0.0212205255911115
23501	70	0.00820550799264907
23501	71	-0.107029451171705
23501	72	0.106929947924513
23501	73	0.123713909035502
23501	74	-0.0864524382442085
23502	1	-0.0390420031464807
23502	2	0.0149347624417864
23502	3	-0.0206313566539151
23502	4	0.100750317298591
23502	5	0.129396764948659
23502	6	0.0366166389994902
23502	7	-0.0358275296468733
23502	8	0.00296162024725533
23502	9	0.134727481322756
23502	10	0.166480426188997
23502	11	0.0540171946570425
23502	12	0.0248593252968092
23502	13	-0.0941459592442726
23502	14	0.0914296004092705
23502	15	-0.0685077026235774
23502	16	-0.0596795402871777
23502	17	0.116811393970096
23502	18	0.238169679781919
23502	19	0.0354447116916958
23502	20	0.150275589223725
23502	21	0.0339943367819657
23502	22	0.148976799088516
23502	23	0.0934363858548153
23502	24	0.0981328540067281
23502	25	0.113852394807573
23502	26	0.0449541466816683
23502	27	0.06429187782296
23502	28	0.158551051642782
23502	29	0.302253099944501
23502	30	-0.0518209699248047
23502	31	0.127359158493455
23502	32	-0.0354620899487443
23502	33	0.100723617905899
23502	34	0.0722386771543597
23502	35	0.0131126316401051
23502	36	0.0676247099260294
23502	37	0.0950269524149405
23502	38	0.17819406600038
23502	39	0.0446933959276734
23502	40	0.0916991054963034
23502	41	0.049250893105274
23502	42	0.192691131474589
23502	43	-0.0267301387771255
23502	44	0.0166174549600697
23502	45	-0.0557406069258164
23502	46	0.0263681699211986
23502	47	-0.025994098679341
23502	48	-0.0438276163262117
23502	49	0.0783098994675129
23502	50	-0.191954162669589
23502	51	-0.0931878159091823
23502	52	0.128264566277629
23502	53	-0.00238667332256171
23502	54	-0.0485585109237334
23502	55	0.136039014970812
23502	56	0.0245648450250684
23502	57	-0.0405776999723315
23502	58	0.0359489410647456
23502	59	0.0367499897990129
23502	60	-0.124819292179851
23502	61	0.0387769547592356
23502	62	0.00309557405368821
23502	63	0.0956916508616175
23502	64	0.0807499717675597
23502	65	0.0191313775624309
23502	66	0.0788284956090735
23502	67	0.220423316839835
23502	68	0.102719481396804
23502	69	0.0398689769246445
23502	70	-0.0482137319711313
23502	71	0.0852411341902553
23502	72	0.0378721134991196
23502	73	0.0614630907857858
23502	74	-0.275364008449458
23503	1	-0.149759154906153
23503	2	-0.158747904269159
23503	3	0.0150239478228862
23503	4	-0.0258304549761164
23503	5	-0.0260452425006861
23503	6	0.0204981578691346
23503	7	-0.00462218559887617
23503	8	-0.131646431245102
23503	9	0.0228642869590274
23503	10	0.0931700884225819
23503	11	-0.0665511085413044
23503	12	-0.0350582393315264
23503	13	-0.123375510899898
23503	14	-0.130032651994057
23503	15	0.0360003693461834
23503	16	-0.177516462699963
23503	17	-0.131992891894406
23503	18	0.0957875493574889
23503	19	-0.109648460478965
23503	20	-0.0711346395143693
23503	21	0.0107632797607096
23503	22	0.0514616209074603
23503	23	-0.162238482840777
23503	24	-0.161468002723417
23503	25	-0.0171665772269449
23503	26	0.0884459308166683
23503	27	-0.00616213934484477
23503	28	0.0629426238090147
23503	29	-0.0280974510082501
23503	30	-0.0131258784129642
23503	31	-0.0252907277739567
23503	32	-0.0805242692975625
23503	33	0.0292544474619802
23503	34	-0.129509650063426
23503	35	-0.142765350727196
23503	36	0.0164921697357698
23503	37	-0.055346935402973
23503	38	0.0626828379166469
23503	39	0.00479308980478521
23503	40	0.0361168351492935
23503	41	-0.0721028598697302
23503	42	-0.108383804946591
23503	43	-0.0809658405198377
23503	44	-0.202872941310929
23503	45	-0.0573626718170033
23503	46	-0.109091565402004
23503	47	-0.0259575906926131
23503	48	-0.0211099131166748
23503	49	-0.0182975094760849
23503	50	0.0690855707569327
23503	51	-0.0867455566138347
23503	52	-0.148994003378618
23503	53	-0.0100303013616028
23503	54	-0.0637051622138216
23503	55	-0.10625261225033
23503	56	-0.0216458026848017
23503	57	-0.0214175023717686
23503	58	-0.0681158127091166
23503	59	-0.0571868369359834
23503	60	0.0223314148032472
23503	61	-0.047620378859385
23503	62	-0.122252609359059
23503	63	-0.0147912603668203
23503	64	-0.109546917733418
23503	65	-0.0332523084033411
23503	66	0.0349589293959482
23503	67	-0.0442724786699245
23503	68	0.0296094600342727
23503	69	-0.0182280492320999
23503	70	-0.0425648216282042
23503	71	-0.000796036926018928
23503	72	-0.118931318732436
23503	73	-0.221174091111259
23503	74	-0.253146201405357
23504	1	-0.333581174634077
23504	2	-0.0585594540793544
23504	3	-0.0139941885123207
23504	4	0.0456181959912279
23504	5	-0.0457535924058377
23504	6	-0.0184254479638639
23504	7	-0.0730166246871278
23504	8	-0.0750019829599324
23504	9	-0.107100264970285
23504	10	-0.0569541221168848
23504	11	0.00641972020223847
23504	12	-0.156476800738176
23504	13	-0.0438871514299493
23504	14	0.00504983227226319
23504	15	-0.0386383997513207
23504	16	-0.0560454267653228
23504	17	-0.0502808895955269
23504	18	0.0422483992643734
23504	19	0.0504157861124455
23504	20	-0.133652625575301
23504	21	0.0057341931853685
23504	22	-0.15283837513612
23504	23	0.0840822267592145
23504	24	-0.127609438234934
23504	25	0.0445795612794342
23504	26	0.0324475578046801
23504	27	-0.11978129226992
23504	28	-0.139259640508513
23504	29	-0.0909227878759822
23504	30	0.0141349165206037
23504	31	-0.152537154682008
23504	32	-0.00769795373823712
23504	33	0.0842628843387985
23504	34	-0.130608699899653
23504	35	-0.193259589981892
23504	36	-0.132971328321872
23504	37	0.0377108999635709
23504	38	0.00301969310871186
23504	39	-0.0547147930460383
23504	40	-0.127727514163659
23504	41	-0.0951121068693652
23504	42	-0.012051811178921
23504	43	-0.14642730062053
23504	44	0.0306095585100934
23504	45	-0.148085108578663
23504	46	-0.0865197833426379
23504	47	-0.180302927212843
23504	48	-0.102865828094075
23504	49	-0.0557376365838707
23504	50	-0.182930318866767
23504	51	-0.0196457953434717
23504	52	0.0140337830487809
23504	53	-0.0421309995986761
23504	54	-0.185309251118667
23504	55	-0.153351959770411
23504	56	-0.0277078950911189
23504	57	-0.0664196801473906
23504	58	0.065926277125854
23504	59	-0.093370990585818
23504	60	-0.0428367018135347
23504	61	-0.041711074771932
23504	62	0.0402258350292684
23504	63	0.0782041027372671
23504	64	-0.122274141548061
23504	65	0.00569632490242356
23504	66	0.0344238947634921
23504	67	-0.091074499214912
23504	68	-0.127924115588407
23504	69	-0.0773295852768427
23504	70	-0.24278620050233
23504	71	-0.175420976787748
23504	72	-0.00686584578217264
23504	73	-0.130216136022874
23504	74	-0.2023259688278
23505	1	-0.0835697387987437
23505	2	-0.159349690363776
23505	3	-0.329612409770455
23505	4	-0.137090339475513
23505	5	-0.132501826672733
23505	6	-0.0871459906564453
23505	7	-0.0965170656689907
23505	8	-0.177655257260277
23505	9	-0.282495082169454
23505	10	-0.0664691383718221
23505	11	-0.110865003207032
23505	12	-0.297299282065666
23505	13	-0.0670661852503258
23505	14	-0.125885265951531
23505	15	-0.214357432913637
23505	16	-0.276938417039652
23505	17	-0.0770054336267023
23505	18	-0.187914439005631
23505	19	-0.027390026180953
23505	20	-0.102165557699408
23505	21	-0.154970591327377
23505	22	-0.124400462091806
23505	23	-0.146727839664926
23505	24	-0.317959519248795
23505	25	-0.229435091035057
23505	26	-0.235294639143682
23505	27	-0.222295731516745
23505	28	-0.0721453311085796
23505	29	-0.103196448619286
23505	30	-0.203184876783695
23505	31	-0.0189320898508498
23505	32	-0.0554471807158947
23505	33	-0.0782495646714167
23505	34	-0.186337331138503
23505	35	-0.237811196897319
23505	36	0.133534020704531
23505	37	-0.0956912918461583
23505	38	0.0234751030804148
23505	39	0.1248003655367
23505	40	-0.00345962137186007
23505	41	0.174978880722229
23505	42	0.0803993006911128
23505	43	-0.223956391938536
23505	44	-0.0308499635343367
23505	45	-0.045221928705331
23505	46	0.0847398547616436
23505	47	-0.138631887477615
23505	48	0.00548020796222204
23505	49	0.0107280077565406
23505	50	0.0975997593692242
23505	51	0.0178222646254298
23505	52	0.0532868170044125
23505	53	0.0941787864715096
23505	54	-0.0645096514246006
23505	55	-0.201867503533435
23505	56	0.0672392437970259
23505	57	0.0129387023245613
23505	58	0.0545287352542942
23505	59	0.12429485173412
23505	60	0.0462637851890051
23505	61	-0.0246009014381343
23505	62	0.0952399598156504
23505	63	-0.155099138293146
23505	64	0.130867760002424
23505	65	0.0304012188322744
23505	66	0.00913158922544
23505	67	0.0203345795109655
23505	68	0.0197188316590413
23505	69	-0.188854891036264
23505	70	-0.0416527632564652
23505	71	0.0142028920920581
23505	72	-0.275419376794268
23505	73	-0.258611002733844
23505	74	-0.379946046404541
23506	1	-1.09756419139315
23506	2	-0.168968093787676
23506	3	-0.168697449126913
23506	4	-0.24767895370795
23506	5	-0.0594731986608288
23506	6	-0.0911009723050284
23506	7	-0.0929126767969777
23506	8	-0.0876775801994754
23506	9	-0.102826206615646
23506	10	-0.14227452223529
23506	11	-0.0352674816791634
23506	12	-0.107805412859669
23506	13	-0.232641638260461
23506	14	-0.0917752347747225
23506	15	-0.0283862832898976
23506	16	-0.193114177492681
23506	17	-0.0761060537535769
23506	18	-0.0675313616966164
23506	19	-0.04390808527085
23506	20	-0.0154709352023445
23506	21	-0.196698764382823
23506	22	-0.241599709207811
23506	23	-0.236653614747198
23506	24	-0.0280465161239931
23506	25	-0.0320628067933626
23506	26	-0.145612345401887
23506	27	-0.120184186023387
23506	28	-0.0675143516317434
23506	29	-0.0975406594878621
23506	30	-0.0839673041985236
23506	31	0.0108436172754409
23506	32	-0.094225082481735
23506	33	-0.142800615101315
23506	34	-0.151721764513916
23506	35	-0.0920505962998348
23506	36	0.0650271938050224
23506	37	0.0502572861315471
23506	38	-0.0981808423838899
23506	39	-0.115177904982097
23506	40	-0.0563822260289442
23506	41	0.0242186058780973
23506	42	0.0691149981929158
23506	43	0.0303722440202421
23506	44	-0.0664696882660678
23506	45	-0.0195369390968096
23506	46	0.0195555649877122
23506	47	-0.107904377616308
23506	48	-0.0589069596163512
23506	49	-0.0252003288893832
23506	50	0.0443494380795642
23506	51	-0.020487058013444
23506	52	0.0457868727542348
23506	53	-0.151233631794952
23506	54	0.0318048002579019
23506	55	0.0596858035594749
23506	56	0.00546821336860148
23506	57	-0.121310985378514
23506	58	0.0199003454281765
23506	59	-0.0598753328968371
23506	60	0.11354061353974
23506	61	-0.0915952310149279
23506	62	0.0178162848835299
23506	63	-0.0187202717371378
23506	64	0.112592709605636
23506	65	-0.0592342791071516
23506	66	-0.0107258989876158
23506	67	-0.0803558637375446
23506	68	-0.067372727817272
23506	69	-0.0406205018552157
23506	70	0.0956438295929161
23506	71	-0.0272524152070304
23506	72	-0.0735001896330942
23506	73	-0.16166370051176
23506	74	-0.470141363012587
23507	1	-0.0787821019403552
23507	2	0.0236774096289523
23507	3	0.0508480205606574
23507	4	0.0382841358739334
23507	5	0.0937519865366951
23507	6	-0.103637720323967
23507	7	-0.161903178527155
23507	8	0.00880132456381233
23507	9	0.00075792240425443
23507	10	0.088589701642384
23507	11	0.151599057427809
23507	12	0.135180972675975
23507	13	0.131971581032559
23507	14	-0.0506182343291641
23507	15	0.0481052906912538
23507	16	0.0573316394792798
23507	17	-0.0781756022422186
23507	18	0.0431663197428236
23507	19	0.0269278853140804
23507	20	0.00934594931518973
23507	21	-0.103912358859581
23507	22	0.0911426715641213
23507	23	0.0923978283152351
23507	24	0.0875127304271075
23507	25	0.0913772241874042
23507	26	-0.0169065731521627
23507	27	0.037648295061274
23507	28	0.15169460822235
23507	29	0.0454304750994154
23507	30	-0.0437165119820264
23507	31	0.157295143203093
23507	32	0.0579949975519085
23507	33	-0.0183570404872171
23507	34	-0.102949179577067
23507	35	0.0988459929010332
23507	36	-0.0899518156575922
23507	37	-0.00996868274036444
23507	38	-0.0792036417521444
23507	39	-0.00907445065507773
23507	40	-0.0323723089949794
23507	41	-0.106550126297165
23507	42	-0.00586987779014692
23507	43	-0.0837336024925932
23507	44	-0.0595671657120036
23507	45	-0.176148295885511
23507	46	0.052392427865037
23507	47	-0.0789712487501291
23507	48	-0.15498477276882
23507	49	-0.0164507307476498
23507	50	0.0455571412718783
23507	51	-0.178942797927931
23507	52	-0.0399692465416521
23507	53	0.0537695734121115
23507	54	0.0517573832005738
23507	55	-0.0689944054562517
23507	56	-0.187378591792935
23507	57	-0.0451080323702797
23507	58	0.0641673109043026
23507	59	0.0264691971508881
23507	60	-0.00587396269078511
23507	61	0.0551655908287501
23507	62	0.038712847785547
23507	63	0.107777927419647
23507	64	0.166404818505562
23507	65	0.0110720783710576
23507	66	0.0945621500240676
23507	67	0.0112890217148802
23507	68	0.0274208243495906
23507	69	-0.156343397585616
23507	70	0.113647388719215
23507	71	-0.100254630149884
23507	72	-0.211109337461295
23507	73	-0.0856825556197265
23507	74	-0.261053094120648
23508	1	-0.0143491560097821
23508	2	-0.0605964861033925
23508	3	-0.11394636450467
23508	4	-0.0729830871359241
23508	5	-0.123959380013101
23508	6	-0.112825978539647
23508	7	-0.236461938385546
23508	8	-0.105363460270596
23508	9	-0.161215836647642
23508	10	-0.110471893698595
23508	11	-0.146012536639752
23508	12	-0.149438550555452
23508	13	-0.074600541249751
23508	14	-0.0956490298772934
23508	15	-0.172723833280457
23508	16	-0.109637641377816
23508	17	-0.158358635189849
23508	18	-0.157186736041474
23508	19	-0.187195088886426
23508	20	-0.168519034172796
23508	21	-0.118069078698625
23508	22	-0.0981024448689425
23508	23	-0.173716244677216
23508	24	-0.0875523201276778
23508	25	-0.320565760540042
23508	26	-0.0882674562267027
23508	27	-0.0499762878935712
23508	28	-0.159014113857907
23508	29	-0.146721223218826
23508	30	-0.198767639807954
23508	31	-0.27920309947686
23508	32	-0.104947622128378
23508	33	-0.016943543929699
23508	34	-0.23130305035037
23508	35	-0.18481368976262
23508	36	-0.0127290557876236
23508	37	0.0571258963917316
23508	38	0.0891453109376101
23508	39	-0.174658239610409
23508	40	0.0502142453998076
23508	41	-0.000930604445230188
23508	42	-0.118279890721261
23508	43	-0.0560713500518091
23508	44	0.00464191283656845
23508	45	0.0346134472061834
23508	46	-0.0244140618600355
23508	47	-0.0635356447660129
23508	48	0.0825705861267281
23508	49	-0.0583016627381809
23508	50	0.119901657333109
23508	51	-0.0898256124222456
23508	52	-0.0417013991978123
23508	53	-0.0164665965004787
23508	54	-0.165651633619369
23508	55	0.00295120376085833
23508	56	0.00165694960877971
23508	57	0.120325616894291
23508	58	-0.113030872860811
23508	59	-0.131963878254062
23508	60	0.106235867319363
23508	61	0.104392258492055
23508	62	0.0572047465325269
23508	63	0.0729344677768964
23508	64	-0.0201066995426231
23508	65	0.145640950463758
23508	66	0.0960443042274264
23508	67	-0.0233254775492
23508	68	0.162886241077949
23508	69	0.0568836394854557
23508	70	0.125774485420784
23508	71	-0.0156619799655289
23508	72	0.069794606787319
23508	73	-0.0690689029444869
23508	74	-0.262264313419813
23509	1	-0.971096261089318
23509	2	-0.0795153237970716
23509	3	-0.0507883597327243
23509	4	-0.0242960260126601
23509	5	-0.00372459810887094
23509	6	-0.0943406929153383
23509	7	0.0200004439817647
23509	8	-0.0664868540503392
23509	9	-0.0403466679752427
23509	10	0.0126710060042683
23509	11	-0.165993041169962
23509	12	-0.0643128622686788
23509	13	0.00125839622101154
23509	14	0.0122953740604785
23509	15	-0.0235901534190717
23509	16	0.0860335019295633
23509	17	-0.0447970010199867
23509	18	-0.108845810973591
23509	19	-0.0171521256795515
23509	20	-0.0312620415450127
23509	21	-0.0581418077769271
23509	22	0.0830230134444676
23509	23	-0.0680539344379127
23509	24	0.0676526567051141
23509	25	-0.0447767297471273
23509	26	-0.00400050941065899
23509	27	-0.115423050365052
23509	28	0.0891892191879577
23509	29	0.114675525271323
23509	30	-0.0540148219808358
23509	31	-0.0173697935835264
23509	32	0.0548219341014189
23509	33	-0.02150746999326
23509	34	-0.0226901556389763
23509	35	-0.0399456239170632
23509	36	-0.00563646666218887
23509	37	0.103843656784754
23509	38	-0.109855493851803
23509	39	0.0994628421317856
23509	40	-0.0798872001188968
23509	41	-0.0830026211707136
23509	42	-0.00826222228775464
23509	43	-0.0933078628187332
23509	44	-0.00755617772078665
23509	45	-0.0590092483967055
23509	46	-0.22284628603483
23509	47	-0.134175089662882
23509	48	0.0290012836182427
23509	49	-0.00128337739071327
23509	50	-0.0557092222403739
23509	51	0.0250660549182129
23509	52	0.0224279907270741
23509	53	0.0455010930274753
23509	54	-0.0856125367526346
23509	55	-0.0358171418780486
23509	56	-0.114919109935641
23509	57	-0.0733757340333625
23509	58	-0.0471294037774541
23509	59	-0.0313323065441509
23509	60	-0.0266399812460492
23509	61	-0.0389976274317405
23509	62	-0.0520179750289529
23509	63	0.0533383135886893
23509	64	-0.0170481450997784
23509	65	-0.0843495677217945
23509	66	-0.000873382188927962
23509	67	0.0273287404023748
23509	68	0.0849176890043637
23509	69	-0.0114820837418108
23509	70	-0.0399007858100475
23509	71	0.00380852911922602
23509	72	-0.197943648074684
23509	73	-0.099552165310719
23509	74	-0.621787134348189
23510	1	-1.21126477468947
23510	2	0.0868287655069935
23510	3	0.0414992937968037
23510	4	0.0321967338045823
23510	5	0.0372946242456393
23510	6	0.092357315652805
23510	7	0.0730862984047391
23510	8	0.0729031999839123
23510	9	0.0300789916801989
23510	10	-0.0502163157895481
23510	11	0.0856864980633816
23510	12	0.175527985997853
23510	13	0.167138462568154
23510	14	0.143029771797352
23510	15	0.0231906873172605
23510	16	0.0820221455782502
23510	17	0.0874068027471466
23510	18	0.120580978211414
23510	19	0.0486292340298249
23510	20	0.0592611036351514
23510	21	0.0793718025455519
23510	22	0.126474285946017
23510	23	0.0327835455917977
23510	24	0.0599413278288452
23510	25	0.0960745895637558
23510	26	0.257834619976443
23510	27	0.0998042293003607
23510	28	0.104939542274117
23510	29	0.0362332584784752
23510	30	0.141041705377184
23510	31	0.0719851534506901
23510	32	-0.00263550502100429
23510	33	0.169818557013691
23510	34	0.173583414386769
23510	35	0.116847326190289
23510	36	-0.115357225669214
23510	37	0.0139301273752181
23510	38	-0.0373112122657346
23510	39	-0.0881312195614683
23510	40	0.105882057078936
23510	41	-0.180834845657003
23510	42	0.0594470061020047
23510	43	0.0225806235261388
23510	44	-0.108982447582328
23510	45	-0.0536523511336071
23510	46	-0.0865749930313129
23510	47	-0.0404288963705497
23510	48	0.0583217038507016
23510	49	-0.0740789212507167
23510	50	-0.0545922670971564
23510	51	-0.0446116734791815
23510	52	0.0658350827893983
23510	53	0.183163589918387
23510	54	-0.0662037721665598
23510	55	-0.0746047112216957
23510	56	-0.124765555440746
23510	57	0.0154283629302867
23510	58	0.0591173622146641
23510	59	-0.0249563736314897
23510	60	-0.0301454746648488
23510	61	-0.0143032329249095
23510	62	-0.194038802459019
23510	63	0.0235638439912904
23510	64	0.0133487300925808
23510	65	0.0110672110764156
23510	66	0.0628043818967186
23510	67	-0.00799866570748975
23510	68	0.0267364782146089
23510	69	-0.182088805641641
23510	70	-0.0191550682786996
23510	71	-0.128552594832549
23510	72	-0.218385682758679
23510	73	-0.0171648438743475
23510	74	-0.184989612496011
23511	1	-0.295686830400665
23511	2	-0.00202360699879378
23511	3	0.214368818411515
23511	4	0.0407291343814755
23511	5	-0.0218521080676304
23511	6	0.059058933056896
23511	7	0.0877566286822997
23511	8	0.0154175256419009
23511	9	0.0622099091301536
23511	10	-0.0372410272042103
23511	11	0.163706628582972
23511	12	0.0384422144016128
23511	13	-0.103476946700837
23511	14	0.0423959615867631
23511	15	0.129431120761666
23511	16	0.0129452594817394
23511	17	0.0617336211525057
23511	18	0.00983949762634495
23511	19	0.0680637780677529
23511	20	0.00593304744873535
23511	21	0.106769036325922
23511	22	0.000324365241368696
23511	23	0.048326400997972
23511	24	-0.0381555837969003
23511	25	-0.0176556625788749
23511	26	0.0966816048191532
23511	27	-0.0151178015447044
23511	28	0.0835956933276094
23511	29	0.0296652827478212
23511	30	0.0556823344351969
23511	31	-0.0165971451750409
23511	32	-0.0928003951403085
23511	33	-0.0665568719271761
23511	34	-0.148242008752
23511	35	-0.0730720798958302
23511	36	0.0539348720159438
23511	37	-0.0375826062704263
23511	38	-0.0067882104919903
23511	39	0.0797961131554317
23511	40	-0.182143568528197
23511	41	0.108957286141894
23511	42	0.0243292526273748
23511	43	0.150563144656303
23511	44	0.00513214166581832
23511	45	0.0229220982649281
23511	46	0.110925336533469
23511	47	0.0969182982769752
23511	48	-0.0161963220106287
23511	49	-0.0227984143001336
23511	50	0.0727733595976758
23511	51	-0.0794322712013269
23511	52	-0.0566256714992548
23511	53	0.155039308807034
23511	54	-0.0255962821722733
23511	55	0.135488199012727
23511	56	0.0684228055142455
23511	57	0.0649242753936932
23511	58	0.0748979158324588
23511	59	0.0879491481410284
23511	60	0.205607955649
23511	61	0.141228552152874
23511	62	0.0126812361690511
23511	63	0.154872597802871
23511	64	0.0457187121590792
23511	65	0.106152976652993
23511	66	0.123298712013252
23511	67	0.129733280483414
23511	68	0.0394913791429801
23511	69	0.17274226489716
23511	70	0.130903502693471
23511	71	0.0642307582317017
23511	72	0.0478157990970089
23511	73	0.111909317736064
23511	74	0.00493613261500059
23512	1	0.0990317137873724
23512	2	-0.0467749333349552
23512	3	-0.0314539204685502
23512	4	0.044271686047562
23512	5	0.0312603078836489
23512	6	0.0150264606699722
23512	7	0.0292357055720345
23512	8	0.00461186741029707
23512	9	0.0729765735712107
23512	10	0.0258212358914065
23512	11	-0.070482005041768
23512	12	-0.00223816020147183
23512	13	0.0672069469208196
23512	14	0.101615078778288
23512	15	0.0692330541969355
23512	16	-0.0104634654951923
23512	17	0.0524788212221239
23512	18	0.0407199801532911
23512	19	0.016815538945238
23512	20	-0.0217584271130846
23512	21	-0.0864363025123325
23512	22	0.0905397149486262
23512	23	0.0098967206211853
23512	24	0.0441068113029601
23512	25	-0.108379847047694
23512	26	0.0768486788455078
23512	27	-0.0465548691240869
23512	28	-0.00870917627167955
23512	29	-0.0914414951118019
23512	30	-0.156444980701401
23512	31	-0.0406624708566525
23512	32	-0.0235334674569643
23512	33	0.0511112008874974
23512	34	-0.0869603252710291
23512	35	0.0729993435937004
23512	36	-0.0145438659258019
23512	37	0.163250749937355
23512	38	0.0612131353744658
23512	39	0.0685459882892516
23512	40	0.046533319667823
23512	41	0.0925096714147529
23512	42	0.060576256306824
23512	43	0.090600215165999
23512	44	-0.0468611236459395
23512	45	-0.27691816874465
23512	46	0.0371473788368846
23512	47	-0.0279252419496174
23512	48	0.0261811072789087
23512	49	-0.123187100625309
23512	50	-0.0689201516770623
23512	51	0.00774815996437894
23512	52	0.114912436044378
23512	53	-0.0616582730094777
23512	54	0.0152467165736425
23512	55	-0.00204883894276264
23512	56	-0.0456013332824909
23512	57	0.0202901056530891
23512	58	-0.0643810989193767
23512	59	-0.0301277902366621
23512	60	-0.0344093918802173
23512	61	0.108636268178671
23512	62	0.0727077582944986
23512	63	0.086304889918587
23512	64	0.076915892848163
23512	65	0.104770362071896
23512	66	-0.0166079648782258
23512	67	0.0472308129193593
23512	68	0.034003657801378
23512	69	-0.0276995947601506
23512	70	0.20618524453279
23512	71	0.176321670821501
23512	72	0.0265067735026889
23512	73	-0.0352402074161873
23512	74	-0.224271141280298
23601	1	0.80750045670802
23601	2	0.180900720574748
23601	3	0.270303775046091
23601	4	0.264962725649234
23601	5	0.219936369801214
23601	6	0.268152791291556
23601	7	0.180233753301842
23601	8	0.212421304015479
23601	9	0.264509135326875
23601	10	0.20375432615959
23601	11	0.265881340195747
23601	12	0.181480131716292
23601	13	0.360762083134958
23601	14	0.331893561937882
23601	15	0.130046537670836
23601	16	0.194802148811647
23601	17	0.247898428846653
23601	18	0.0616847942191256
23601	19	0.237283152727841
23601	20	0.16431702943467
23601	21	0.169769360731735
23601	22	0.198117690114707
23601	23	0.240288769923716
23601	24	0.179696038709231
23601	25	0.30853080397393
23601	26	0.177752048587216
23601	27	0.222555970245352
23601	28	0.292749184983705
23601	29	0.148895152890084
23601	30	0.0348368756395061
23601	31	0.259398255895498
23601	32	0.0926822062126575
23601	33	0.112445961853005
23601	34	0.319496310253413
23601	35	0.199625592969525
23601	36	-0.0453183074046208
23601	37	0.0609345192353388
23601	38	0.169938855172262
23601	39	0.159932872769197
23601	40	0.105373395094723
23601	41	-0.00621631369013187
23601	42	-0.058046299355631
23601	43	0.0928700564721154
23601	44	0.0481013947977615
23601	45	0.0394516086512411
23601	46	0.151532968490585
23601	47	-0.00246368292102517
23601	48	-0.023721123027947
23601	49	0.072781603931972
23601	50	0.143139303874868
23601	51	0.167237000050939
23601	52	0.0150227812083159
23601	53	0.0750650586959125
23601	54	-0.109444848102676
23601	55	-0.0786100736636683
23601	56	0.00345214735416022
23601	57	-0.145238094433616
23601	58	-0.0298332841628763
23601	59	-0.0718099110201322
23601	60	0.103654768189742
23601	61	-0.110364242435686
23601	62	-0.112357383255748
23601	63	-0.111867085445709
23601	64	0.0458668328774579
23601	65	-0.0562382813035569
23601	66	-0.13178052141761
23601	67	-0.0145208568765653
23601	68	-0.0717599083211269
23601	69	0.00592774506466753
23601	70	0.0258229790862998
23601	71	0.138253597387823
23601	72	-0.102395445029309
23601	73	0.0152477604185037
23601	74	-0.0311146523791308
23602	1	-0.902674672404427
23602	2	0.0595148267935102
23602	3	-0.00440477738320411
23602	4	0.0421154248941029
23602	5	0.0808975083879879
23602	6	0.0971686964857597
23602	7	0.0631550820004989
23602	8	0.154749340828815
23602	9	0.072232561093081
23602	10	-0.0254984371855045
23602	11	0.128884044912581
23602	12	0.0444893506837047
23602	13	0.0368774531183362
23602	14	0.0381601407055996
23602	15	-0.0359684867966834
23602	16	0.0358010179377501
23602	17	-0.00675730603898472
23602	18	-0.00973028340468574
23602	19	-0.136313677698396
23602	20	-0.155943722987324
23602	21	0.0287508185688949
23602	22	-0.0419454720588632
23602	23	-0.0666737913753863
23602	24	0.0396389999311992
23602	25	0.0242769201777335
23602	26	0.014452815184228
23602	27	0.0434857362013545
23602	28	0.0653725258040794
23602	29	0.0325304434517193
23602	30	-0.0948149506957847
23602	31	0.0626835227452602
23602	32	-0.026712932593
23602	33	0.0035517949735393
23602	34	-0.052798972908036
23602	35	0.0601554881682631
23602	36	0.0422397744287366
23602	37	0.0666642576352672
23602	38	-0.0396123796462646
23602	39	-0.0221952155302247
23602	40	0.0551891873384491
23602	41	0.0421162928370862
23602	42	-0.14563595966149
23602	43	-0.0691585847011993
23602	44	-0.0497116706699288
23602	45	0.0639986079444839
23602	46	0.0452473487254679
23602	47	-0.00644808415810161
23602	48	0.107098964890532
23602	49	0.0159639119674395
23602	50	0.0113167247657771
23602	51	-0.00724809541128479
23602	52	0.00804394570705114
23602	53	0.0724956330558086
23602	54	0.0584399143899859
23602	55	-0.0010135773864306
23602	56	-0.00135340458167832
23602	57	-0.109142605800223
23602	58	-0.0469857764807955
23602	59	0.095387151280363
23602	60	0.0142716485853498
23602	61	-0.0348011453513735
23602	62	-0.0599898874618319
23602	63	-0.168016498472447
23602	64	0.0184459848863483
23602	65	-0.026709340858929
23602	66	-0.0999346730666275
23602	67	-0.179445793820634
23602	68	-0.066013137393881
23602	69	0.0818951018927407
23602	70	-0.0437210366462892
23602	71	0.0169836099548561
23602	72	0.0535279510291531
23602	73	-0.020411383499237
23602	74	0.340549932726326
23603	1	1.21189227880499
23603	2	0.0619793212517372
23603	3	0.0425681398786715
23603	4	0.0314530819956111
23603	5	-0.0368361713452181
23603	6	-0.0291973890799966
23603	7	-0.0561132328246501
23603	8	0.0793886782189048
23603	9	-0.00922058280615801
23603	10	-0.141957148225529
23603	11	0.040046095436054
23603	12	-0.051336895781759
23603	13	0.0399046693610359
23603	14	0.0494379396957711
23603	15	-0.00346880053243837
23603	16	0.0575515833296265
23603	17	0.00511792592521232
23603	18	-0.10254800426798
23603	19	-0.0741299166609082
23603	20	-0.0660003556281268
23603	21	0.075411335124798
23603	22	-0.040938180038971
23603	23	-0.0396744936094464
23603	24	-0.076474601781932
23603	25	0.0249164070929524
23603	26	-0.046328480290768
23603	27	0.00680802425616633
23603	28	0.0273056987539206
23603	29	0.0279872827576
23603	30	-0.0722233064801401
23603	31	-0.0216873636450146
23603	32	-0.0732986865867886
23603	33	-0.131891934183052
23603	34	0.0211131650609317
23603	35	-0.020982584933499
23603	36	-0.280238834288404
23603	37	-0.349445188851348
23603	38	-0.170112419116741
23603	39	-0.185419713311298
23603	40	-0.26527127868777
23603	41	-0.0920816155708053
23603	42	-0.286327276499598
23603	43	-0.170397614482539
23603	44	-0.21593901375762
23603	45	-0.101294486094787
23603	46	-0.0454722838901844
23603	47	-0.414098835641674
23603	48	-0.10832403850393
23603	49	-0.0322219905507808
23603	50	-0.321179147995132
23603	51	-0.217147977686295
23603	52	-0.148649348894743
23603	53	-0.173524855517869
23603	54	-0.0930370296474976
23603	55	-0.107409448203526
23603	56	-0.161439189215869
23603	57	-0.222655747186074
23603	58	-0.037341646345709
23603	59	-0.220215221759105
23603	60	-0.199643940162687
23603	61	-0.227269309982603
23603	62	-0.1065886947707
23603	63	-0.172496874336368
23603	64	-0.0274191913426947
23603	65	-0.145489204868952
23603	66	-0.0958842306144945
23603	67	-0.0752998949443864
23603	68	-0.173251964198357
23603	69	-0.221895101118307
23603	70	-0.3669868815741
23603	71	-0.20375155312427
23603	72	-0.195833698760907
23603	73	-0.102384535933197
23603	74	-0.00150131625849781
23604	1	0.758387487531344
23604	2	0.18134282656095
23604	3	0.118210567634392
23604	4	0.159503032625338
23604	5	0.132188780728764
23604	6	0.0742406344623561
23604	7	0.0614177290091789
23604	8	-0.0730349804668435
23604	9	0.107742305490859
23604	10	0.0284102967450437
23604	11	0.0288244019992163
23604	12	0.0117370294768975
23604	13	0.0262914892581492
23604	14	-0.046190649775312
23604	15	-0.160039628445666
23604	16	-0.0185171485881384
23604	17	0.0101226836655925
23604	18	-0.033131144535993
23604	19	0.00305786368222272
23604	20	0.0234096380835567
23604	21	-0.0198565226702243
23604	22	-0.116520181503809
23604	23	0.0342007971505751
23604	24	-0.0737022966782988
23604	25	0.0784064570077234
23604	26	0.0262776923544479
23604	27	0.0631723071388564
23604	28	0.0488322328678805
23604	29	0.0129758316434661
23604	30	0.0224050950718251
23604	31	0.197075730101396
23604	32	0.0851314118151052
23604	33	0.113488774690381
23604	34	0.0597669005013515
23604	35	0.0278302376582289
23604	36	0.0473247774645529
23604	37	-0.0945767192250173
23604	38	-0.00524518002405472
23604	39	0.0502192754634976
23604	40	-0.106124311953195
23604	41	-0.102350076993581
23604	42	0.0136081204842284
23604	43	0.0397992456178429
23604	44	-0.0953436084707917
23604	45	-0.0977434539205788
23604	46	-0.0379333719706239
23604	47	-0.031292814086882
23604	48	-0.0245730925707832
23604	49	-0.0371194707182454
23604	50	0.0962635001594592
23604	51	0.126311499443922
23604	52	-0.000686104556415046
23604	53	-0.0343241018082026
23604	54	0.101997148479015
23604	55	-0.0440589398548852
23604	56	-0.00345328131004408
23604	57	0.0983261066932855
23604	58	-0.0263708096007775
23604	59	0.137167758697274
23604	60	0.129229088900054
23604	61	0.0588687006136155
23604	62	-0.0106405682677675
23604	63	0.0719962281006019
23604	64	-0.0899260384774365
23604	65	0.0354057950724354
23604	66	0.0382599140892452
23604	67	0.0948983765772198
23604	68	0.0820287830188278
23604	69	0.00512087961876517
23604	70	0.0513811793408294
23604	71	-0.0225959926094887
23604	72	0.000378993331381139
23604	73	0.0278698498171366
23604	74	0.0805541147644675
23605	1	0.537127814682535
23605	2	0.0338152028546475
23605	3	-0.0111262443068725
23605	4	-0.167377662692711
23605	5	-0.200454600324296
23605	6	-0.230610926489661
23605	7	-0.00145257651342234
23605	8	-0.0547458067591791
23605	9	-0.0936808846296913
23605	10	-0.352367856563077
23605	11	-0.0665092853740603
23605	12	-0.165011184599678
23605	13	-0.137048604882423
23605	14	-0.0892552106767255
23605	15	-0.169268469239135
23605	16	-0.191927992393317
23605	17	-0.169410245280361
23605	18	-0.180426734941733
23605	19	-0.10850191870459
23605	20	-0.292647302762298
23605	21	-0.20009122624532
23605	22	-0.108964124260311
23605	23	-0.0617396131668997
23605	24	-0.142388567321504
23605	25	-0.150558707574348
23605	26	-0.212675150187472
23605	27	-0.0742913450495308
23605	28	-0.197172089067607
23605	29	-0.270072795884289
23605	30	-0.196338939567973
23605	31	-0.0394491172444944
23605	32	-0.106065604160989
23605	33	-0.427389676272959
23605	34	-0.185178927131638
23605	35	-0.31981822621669
23605	36	-0.1784599941819
23605	37	-0.214773173074839
23605	38	-0.197429917748543
23605	39	-0.23188949662655
23605	40	-0.293167751640588
23605	41	-0.205210775133743
23605	42	-0.16692083387116
23605	43	-0.0745927140598113
23605	44	-0.0632675177138609
23605	45	-0.0144192979571756
23605	46	-0.0930050965836102
23605	47	-0.106262055621713
23605	48	-0.158079208682899
23605	49	-0.175055655016394
23605	50	-0.086206931232752
23605	51	-0.0652960495933499
23605	52	-0.104305337404796
23605	53	-0.0558542136061391
23605	54	-0.232925930051138
23605	55	-0.12403766078905
23605	56	-0.0951663489783527
23605	57	-0.165302755880184
23605	58	0.00960003572291868
23605	59	-0.271597999624674
23605	60	-0.15435412337785
23605	61	-0.184890636024981
23605	62	-0.224414410524588
23605	63	-0.159981738823518
23605	64	-0.153962308574577
23605	65	-0.164061396954637
23605	66	-0.166439773920708
23605	67	-0.134852940788718
23605	68	-0.127496397784356
23605	69	-0.26168198785939
23605	70	-0.247635940586527
23605	71	-0.0342362317603389
23605	72	-0.0490085945321397
23605	73	-0.162244800506578
23605	74	0.0263033870720051
23606	1	0.737864126065745
23606	2	0.03321182140877
23606	3	0.0516909757005877
23606	4	0.0980493481567883
23606	5	0.0580415699677523
23606	6	-0.031503907408073
23606	7	0.185895812272101
23606	8	0.152773120329101
23606	9	0.0699397170303371
23606	10	0.026954156466239
23606	11	0.168931572097854
23606	12	0.0153988342783222
23606	13	0.0523043626337412
23606	14	-0.0476385735885927
23606	15	0.0142243017728063
23606	16	0.0931181425919902
23606	17	0.12604012279413
23606	18	0.00486407439401404
23606	19	0.0321482598664957
23606	20	0.0713002203251278
23606	21	-0.0780140350531227
23606	22	0.0936182065991176
23606	23	-0.127397907934458
23606	24	-0.0763744738545142
23606	25	0.0565812422270326
23606	26	0.184388964295266
23606	27	0.143246784834126
23606	28	-0.00335008319854779
23606	29	-0.0138212577192718
23606	30	-0.119412012796218
23606	31	-0.0402203589066659
23606	32	-0.0342068157928566
23606	33	0.197192647795283
23606	34	-0.0980426445666467
23606	35	-0.0547502620215568
23606	36	-0.0579076931000486
23606	37	-0.0407589048500014
23606	38	-0.00485793828981684
23606	39	-0.228633685649143
23606	40	-0.129577227877178
23606	41	-0.268244561466254
23606	42	-0.0875536047184937
23606	43	-0.0888470753017216
23606	44	0.166823942350639
23606	45	-0.115859636614388
23606	46	-0.0748888794567364
23606	47	-0.029791350796387
23606	48	0.0530901668204322
23606	49	-0.134591698794296
23606	50	-0.0245783330193206
23606	51	-0.0415063688459085
23606	52	-0.190600663725007
23606	53	-0.0321620334263102
23606	54	-0.113114669178067
23606	55	0.0209057304894031
23606	56	0.00200029181518602
23606	57	-0.0211950894820134
23606	58	-0.0496914990222805
23606	59	0.0185382296517673
23606	60	-0.0935553203600321
23606	61	-0.0919771980733159
23606	62	-0.107213435198283
23606	63	-0.0417503942682913
23606	64	0.0168528048150733
23606	65	-0.178615875184825
23606	66	-0.131994627410585
23606	67	-0.111518496613449
23606	68	-0.0503431455511816
23606	69	-0.151362086281168
23606	70	0.0867481040510114
23606	71	-0.0417292052029268
23606	72	-0.158235378850989
23606	73	-0.045706340664573
23606	74	-0.0364656671845012
23607	1	0.233935007085371
23607	2	-0.166574909724098
23607	3	-0.326392333178237
23607	4	-0.175300519121606
23607	5	-0.224322889234106
23607	6	-0.303414046566644
23607	7	-0.145462420222763
23607	8	-0.156078446271415
23607	9	-0.0595394154301871
23607	10	-0.0799785582141723
23607	11	-0.0548276757169646
23607	12	-0.22201845163044
23607	13	-0.0886289917680898
23607	14	0.000598494164663066
23607	15	-0.166286881923355
23607	16	-0.117779098641336
23607	17	-0.109400358623923
23607	18	-0.163923284392737
23607	19	-0.0768890332231678
23607	20	-0.0668600141314997
23607	21	-0.225815947431165
23607	22	-0.135872979201054
23607	23	-0.184574039028227
23607	24	-0.224403397894477
23607	25	-0.194532413951237
23607	26	-0.221047333236811
23607	27	-0.146235817398143
23607	28	-0.136466371235606
23607	29	-0.229984771990409
23607	30	-0.13594723559347
23607	31	-0.163671969716965
23607	32	-0.208105841176
23607	33	-0.135628738037795
23607	34	-0.131668906706764
23607	35	-0.292377239127738
23607	36	0.0249482323101375
23607	37	0.104265596269997
23607	38	0.00916649573608197
23607	39	0.120806843664504
23607	40	-0.0374337712594013
23607	41	-0.0963020811265949
23607	42	-0.0445000812773415
23607	43	0.0155916707211858
23607	44	0.0289473538854139
23607	45	0.0730536886662279
23607	46	0.0768190486305045
23607	47	0.000245489757695339
23607	48	-0.0702166413139622
23607	49	-0.029931941150636
23607	50	-0.207081502521334
23607	51	0.0142397171876425
23607	52	0.0766370705229065
23607	53	0.0475922545136171
23607	54	0.0773763785901451
23607	55	-0.144051295710646
23607	56	0.133419859378222
23607	57	0.0349112178894728
23607	58	0.0994602747083633
23607	59	0.160704838330133
23607	60	0.00111470521685675
23607	61	0.0321683013868608
23607	62	0.0651256764630546
23607	63	0.20739081714553
23607	64	-0.0644739126611071
23607	65	0.144610051071233
23607	66	0.00889527402392787
23607	67	-0.136080015152608
23607	68	0.00546291907254215
23607	69	0.160141196556587
23607	70	0.120879792434543
23607	71	0.214180453036889
23607	72	-0.045918528848226
23607	73	0.0583460491898649
23607	74	0.171604912490494
23608	1	0.34642929041847
23608	2	-0.172718875709641
23608	3	-0.0313552996234314
23608	4	-0.123643324130448
23608	5	-0.182236033041068
23608	6	-0.131098181278013
23608	7	-0.139079195767273
23608	8	-0.250179426404117
23608	9	0.0132748155301243
23608	10	-0.192411467179298
23608	11	-0.180967236676949
23608	12	-0.0898605752822377
23608	13	-0.09826346170248
23608	14	-0.153346702442249
23608	15	-0.153838331925442
23608	16	-0.275353363077514
23608	17	-0.251889441821447
23608	18	-0.140818083792865
23608	19	-0.154926614649398
23608	20	-0.225536985888262
23608	21	-0.234329573411415
23608	22	-0.194291801370348
23608	23	-0.331765733668838
23608	24	-0.223530808180534
23608	25	-0.160296108415416
23608	26	-0.0943478581254951
23608	27	-0.134652457367686
23608	28	-0.160545146325099
23608	29	-0.316468220933899
23608	30	-0.257562939770757
23608	31	-0.215926512871121
23608	32	-0.101195319490969
23608	33	-0.185121869912308
23608	34	-0.183401550093535
23608	35	-0.148019647394094
23608	36	-0.169879445382797
23608	37	-0.189349086412264
23608	38	-0.120287861176443
23608	39	0.0885579439408843
23608	40	0.0416381609669045
23608	41	-0.118131594761223
23608	42	-0.0457017058810862
23608	43	-0.0734734847425997
23608	44	-0.120503303854726
23608	45	0.0228268642086391
23608	46	-0.116583318233403
23608	47	-0.165405397816265
23608	48	-0.126192972674914
23608	49	-0.218532208286817
23608	50	0.0649104833932981
23608	51	-0.0714332838444776
23608	52	-0.181285222035946
23608	53	0.0443369572066459
23608	54	-0.100955204771324
23608	55	-0.11032696534604
23608	56	-0.107005295906383
23608	57	0.0307007056662627
23608	58	-0.144452465027335
23608	59	0.00177806134882275
23608	60	0.0228279421349171
23608	61	-0.180438794959869
23608	62	-0.0480260655653453
23608	63	-0.0659087218449415
23608	64	-0.174600027273236
23608	65	-0.0768520019389527
23608	66	-0.0723103039741702
23608	67	-0.0100566894157765
23608	68	-0.104926407345566
23608	69	0.0601354071227505
23608	70	-0.0324190021844686
23608	71	-0.0971108033869328
23608	72	-0.252039644787182
23608	73	-0.108514122236478
23608	74	-0.0346000553172061
23609	1	0.50249221723314
23609	2	-0.120143395996433
23609	3	0.0470526845449939
23609	4	-0.109440152290201
23609	5	-0.0419892806315687
23609	6	-0.0959682834142157
23609	7	0.0260819634648186
23609	8	-0.00610648052524709
23609	9	-0.025514233838777
23609	10	-0.0700503503120871
23609	11	-0.089226834394772
23609	12	-0.0524624869975057
23609	13	-0.107103964831495
23609	14	-0.107750635468896
23609	15	-0.0372242472141053
23609	16	-0.153984597507275
23609	17	-0.104961730353914
23609	18	-0.0206405427058343
23609	19	-0.127783302774795
23609	20	-0.109668747576592
23609	21	-0.198050182774971
23609	22	-0.0155554605909245
23609	23	-0.0582820050066957
23609	24	-0.0810550068165696
23609	25	-0.12248473229355
23609	26	-0.0279856602630772
23609	27	-0.0873946048987833
23609	28	0.0732407889947808
23609	29	-0.0246724737693498
23609	30	-0.173680906394601
23609	31	-0.109010014282518
23609	32	-0.0867513988514474
23609	33	-0.0438034759557482
23609	34	-0.216550342924663
23609	35	-0.0320424749275858
23609	36	-0.0166392566936437
23609	37	-0.00883371604606253
23609	38	0.0201288148646839
23609	39	-0.103629755266411
23609	40	-0.0748863888714766
23609	41	-0.0168034211312076
23609	42	-0.0379891493530877
23609	43	0.0600786191989471
23609	44	0.0316051391452561
23609	45	-0.0754413518580961
23609	46	-0.1742563822148
23609	47	-0.0961595487184752
23609	48	-0.111255351557695
23609	49	-0.0570509100478489
23609	50	0.0753821426201355
23609	51	-0.0374837343988261
23609	52	-0.0313156574272853
23609	53	0.00507328112641403
23609	54	0.0730071897556712
23609	55	-0.101507308624292
23609	56	-0.09108947017193
23609	57	0.0955444857687553
23609	58	-0.12307427657128
23609	59	-0.071302878166172
23609	60	0.0751613448115691
23609	61	-0.0222458818470486
23609	62	0.0307227383851654
23609	63	-0.0111371255554431
23609	64	0.0122697184047382
23609	65	-0.0516428863416039
23609	66	0.110983441077295
23609	67	0.0535549948884082
23609	68	0.0150267590388111
23609	69	0.0680118894417205
23609	70	0.128550485989493
23609	71	-0.0305154006838393
23609	72	0.207460241906148
23609	73	0.218622124452729
23609	74	-0.0711042292301372
23610	1	-1.63599254030563
23610	2	-0.109470365080025
23610	3	-0.18488413832258
23610	4	-0.101141249893157
23610	5	-0.123806582045209
23610	6	-0.222347478530956
23610	7	-0.0917403968753447
23610	8	-0.182206216935619
23610	9	-0.108579966323589
23610	10	-0.16491960544365
23610	11	-0.0169741258650689
23610	12	-0.144779266313826
23610	13	-0.0980772904044898
23610	14	-0.172522346135892
23610	15	-0.116090188537839
23610	16	-0.259338947695063
23610	17	-0.192236842564093
23610	18	0.0270596880909082
23610	19	-0.133288097536372
23610	20	-0.130581406303293
23610	21	-0.165285099723626
23610	22	-0.0770047337298081
23610	23	-0.116172003079392
23610	24	-0.26466163021324
23610	25	-0.0428910189398479
23610	26	-0.10345820868293
23610	27	-0.122795584274741
23610	28	-0.130517161123592
23610	29	-0.0391473704286014
23610	30	-0.253072301041691
23610	31	-0.146760191910673
23610	32	-0.188867690876926
23610	33	-0.233653213564686
23610	34	-0.0932135992586325
23610	35	-0.208290834084515
23610	36	-0.0107226332563144
23610	37	0.0459048842355472
23610	38	-0.0215569012126409
23610	39	-0.0532093380985685
23610	40	0.0518917619770534
23610	41	-0.0475580058160503
23610	42	0.0554968072883639
23610	43	-0.0176520600538197
23610	44	-0.154249529363518
23610	45	-0.265288009006177
23610	46	-0.272006050155227
23610	47	-0.321672107081163
23610	48	0.138882029044545
23610	49	-0.031675040570903
23610	50	-0.0674697232245194
23610	51	-0.112310425582976
23610	52	0.0420253461801394
23610	53	0.0568559213531046
23610	54	0.00846686559462739
23610	55	0.0631961034492008
23610	56	0.0143858172159241
23610	57	0.0920208342766173
23610	58	0.0608906361508019
23610	59	-0.171821860370741
23610	60	-0.0633226468957346
23610	61	-0.00770633124118802
23610	62	-0.0134518172770086
23610	63	0.163430189851567
23610	64	-0.0869634816801437
23610	65	-0.00392923337867757
23610	66	0.0660755117274263
23610	67	-0.055727053444663
23610	68	0.0263462684547449
23610	69	-0.0449793145463246
23610	70	0.0941770449021817
23610	71	-0.26423036675736
23610	72	0.0599718494746782
23610	73	-0.0876893939902033
23610	74	-0.0978525148616711
23611	1	0.0954666570731533
23611	2	-0.144592752013128
23611	3	-0.080876604909303
23611	4	-0.115417865662273
23611	5	-0.107817358703301
23611	6	-0.270597611938449
23611	7	-0.0310320304790039
23611	8	-0.211958762374387
23611	9	-0.0655375121697475
23611	10	-0.0357606820900003
23611	11	-0.145660692268464
23611	12	-0.161825845568707
23611	13	-0.0339205994227285
23611	14	-0.0402803594001782
23611	15	0.0269082520371597
23611	16	-0.114447513862608
23611	17	-0.100381441102279
23611	18	-0.117550074683429
23611	19	-0.140120040275669
23611	20	-0.0120721051499189
23611	21	-0.19914663561925
23611	22	-0.106980582384374
23611	23	-0.0720270305644419
23611	24	-0.121911186941169
23611	25	-0.0502824742310679
23611	26	-0.17301035962376
23611	27	-0.178469130027402
23611	28	-0.119934754379756
23611	29	-0.183860795547346
23611	30	-0.130618944804922
23611	31	-0.139466456536475
23611	32	-0.181940405191554
23611	33	-0.178870371650291
23611	34	-0.0472844459343662
23611	35	-0.1013600225589
23611	36	-0.00886371701274413
23611	37	-0.0164720830486331
23611	38	0.0644266499948571
23611	39	-0.0639337701514648
23611	40	-0.151006329755923
23611	41	-0.0317778723706539
23611	42	-0.00426115355487156
23611	43	-0.0128903481407008
23611	44	0.0295389408690312
23611	45	-0.0367513886526325
23611	46	0.00504834781349928
23611	47	0.0103544711842076
23611	48	0.0342862281062111
23611	49	-0.0571251393526566
23611	50	-0.0882835492801632
23611	51	-0.0521403733100954
23611	52	-0.0998748390908233
23611	53	0.0558425829468803
23611	54	0.00103107631829147
23611	55	0.035507490233833
23611	56	-0.0528479143292202
23611	57	-0.00970658433300287
23611	58	-0.0706692957747848
23611	59	-0.175093296786542
23611	60	-0.0373925634912311
23611	61	0.0353653694996083
23611	62	-0.0445700230617021
23611	63	0.0327813089264453
23611	64	0.0987970266227975
23611	65	-0.00567774254709263
23611	66	0.0630483378324556
23611	67	0.000777593127523346
23611	68	0.0531475926033025
23611	69	-0.095176176986854
23611	70	-0.00934903988031976
23611	71	-0.089027008165921
23611	72	0.0650283435124948
23611	73	-0.0597401817849388
23611	74	-0.282272106389506
23612	1	-0.483818930966756
23612	2	-0.112302209042973
23612	3	-0.110792681920984
23612	4	-0.0240984402635327
23612	5	-0.0392406365145987
23612	6	-0.212824222290777
23612	7	0.0696438634501391
23612	8	0.0628515424178175
23612	9	-0.0732508697596899
23612	10	-0.0725563719710962
23612	11	-0.0437183352331303
23612	12	0.0484777277100221
23612	13	-0.0359988665989022
23612	14	-0.0264870037605149
23612	15	-0.0656203469913592
23612	16	-0.140578828656089
23612	17	-0.0696742817461171
23612	18	-0.0723047964942651
23612	19	0.0310340988890019
23612	20	-0.0105155378865902
23612	21	0.0404781792565103
23612	22	0.0276557818060468
23612	23	0.0229528266994379
23612	24	-0.186794566288924
23612	25	-0.100415641790597
23612	26	-0.0828927943046125
23612	27	-0.151457751362244
23612	28	-0.040402334021266
23612	29	-0.0158051638089773
23612	30	-0.0323236114593968
23612	31	0.0844671364278966
23612	32	-0.0507938233620706
23612	33	-0.0531211898537123
23612	34	-0.117420173236454
23612	35	-0.0915525517673927
23612	36	0.191534408533492
23612	37	-0.0130731066309338
23612	38	0.0512394106429355
23612	39	-0.00227306860385568
23612	40	0.0964605175071895
23612	41	0.107134026525415
23612	42	-0.0199345867613445
23612	43	-0.0381756362031211
23612	44	-0.0804590121958171
23612	45	0.0595389979826351
23612	46	-0.171925230123371
23612	47	-0.00616452057745676
23612	48	0.0694821627610409
23612	49	0.0657265558226356
23612	50	-0.0633452387850753
23612	51	0.0448009838779413
23612	52	0.00983985323772174
23612	53	0.0413981761519011
23612	54	0.0930913681769709
23612	55	-0.10098196300217
23612	56	-0.209691011890115
23612	57	-0.053238694891391
23612	58	-0.0209512528928855
23612	59	-0.14428819123917
23612	60	-0.0596699480067286
23612	61	0.0517952869937091
23612	62	0.0239263828077227
23612	63	-0.00210170148677236
23612	64	0.118124677304188
23612	65	0.0383967778040031
23612	66	-0.0414579276270501
23612	67	-0.016236004806899
23612	68	-0.0805997852339928
23612	69	0.0329803741893357
23612	70	0.0500118318159011
23612	71	0.00529168411284786
23612	72	-0.0268501677727073
23612	73	0.0801544586436407
23612	74	0.0958186635724871
>>END_MODULE
>>Per sequence quality scores	pass
#Quality	Count
2	189047
4	2
7	2
9	1
10	2
11	2
12	3
13	5
14	233
15	761
16	923
17	1075
18	1534
19	2898
20	5076
21	8508
22	14510
23	24590
24	40486
25	62550
26	89392
27	120892
28	156258
29	194605
30	241742
31	302853
32	401468
33	612368
34	1452655
35	7487434
>>END_MODULE
>>Per base sequence content	fail
#Base	G	A	T	C
1	29.2475	2.00161	66.0465	0.978787
2	34.2358	20.1798	12.4324	31.4599
3	27.793	27.7485	26.9618	15.7855
4	21.6442	26.0151	29.7308	20.9406
5	24.9463	30.6621	21.6632	21.0712
6	25.074	33.9599	21.3557	17.9497
7	21.3087	35.1619	21.6413	20.2308
8	20.6151	18.2586	37.6176	21.852
9	21.7987	22.1888	27.6509	26.7039
10	23.8123	22.0237	28.3631	24.1436
11	22.9572	32.952	23.1585	19.2757
12	25.7911	24.7876	21.5278	26.2356
13	25.4256	21.9079	26.4343	24.5742
14	23.9946	24.1431	27.1565	23.0492
15	23.4284	25.6622	26.9255	22.3265
16	23.3009	25.4645	27.0621	22.5133
17	24.022	24.5499	26.9553	22.816
18	24.1402	25.3893	26.1889	22.6244
19	23.2292	25.748	26.5867	22.7767
20	24.0673	24.8556	26.7061	22.7144
21	24.2982	25.4782	25.9112	22.6556
22	23.6764	25.513	26.6625	22.4884
23	24.061	25.194	26.5891	22.4986
24	24.2689	25.7686	25.9008	22.4049
25	23.5449	25.4784	26.4026	22.9153
26	24.1133	24.978	26.2114	23.0396
27	24.074	25.3395	26.2699	22.6599
28	23.26	25.4561	26.8369	22.7877
29	23.9301	25.1065	26.3582	22.9471
30	24.075	25.4707	26.1062	22.6915
31	23.5061	25.627	26.5806	22.6273
32	23.991	25.0094	26.4655	22.8748
33	24.2579	25.6372	25.814	22.6343
34	23.2057	25.8684	26.5756	22.6919
35	23.917	24.8492	26.371	23.2023
36	24.502	25.7788	26.5132	23.2057
37	23.8602	25.9814	26.8696	23.288
38	24.7386	25.4934	26.5054	23.2586
39	24.7359	25.7391	26.6087	22.9158
40	23.5512	26.4556	26.8735	23.1189
41	24.3054	25.3996	27.2374	23.0531
42	24.452	25.9035	26.6098	23.034
43	23.5697	26.1007	27.0343	23.2948
44	24.2358	25.4296	26.8177	23.5123
45	24.5302	25.7408	26.6723	23.0546
46	24.0967	25.6923	27.3352	22.8757
47	24.7997	25.2106	26.7181	23.2677
48	24.7347	25.7985	26.337	23.1274
49	23.8472	25.5511	27.3558	23.2455
50	24.0649	25.523	27.0547	23.3536
51	24.5857	25.6822	26.5081	23.2206
52	23.9184	25.9987	26.8574	23.2253
53	24.3167	25.3227	26.8829	23.4746
54	24.3791	25.8959	26.5648	23.1564
55	23.8101	26.121	26.7838	23.2847
56	24.4554	25.324	26.7632	23.455
57	24.4296	25.9961	26.5453	23.0248
58	23.721	26.0786	26.9559	23.2443
59	24.7015	25.3194	26.6712	23.3057
60	24.7452	25.9014	26.192	23.1567
61	24.0029	26.0362	26.723	23.2376
62	24.3373	25.5333	26.6795	23.4473
63	24.3101	26.1719	26.3014	23.2116
64	23.8877	26.0462	26.8881	23.1772
65	24.4743	25.729	26.4193	23.376
66	24.5574	26.1678	26.1866	23.0824
67	23.9313	26.0222	26.885	23.1604
68	24.3979	25.3804	26.9691	23.2515
69	24.4741	26.0103	26.3417	23.167
70	23.5332	26.4693	26.5074	23.4884
71	24.4203	25.9398	26.4624	23.1769
72	24.8311	26.7736	26.7356	21.6557
73	25.3392	28.6478	27.6569	18.3547
74	33.0955	37.7984	29.1055	0
>>END_MODULE
>>Per sequence GC content	warn
#GC Content	Count
0	189098
1	94563.5
2	36
3	57.5
4	72
5	136.5
6	201.5
7	212.5
8	226.5
9	271
10	344
11	415
12	452
13	489
14	584
15	643
16	1160.5
17	6010
18	17443.5
19	25273
20	27567
21	30048.5
22	29961
23	27720
24	27856.5
25	38518
26	60441
27	71688.5
28	66601
29	71786.5
30	107328
31	140460
32	145288
33	149803
34	171494
35	194126
36	231882
37	285975
38	319752
39	354417
40	419849
41	495530
42	545352
43	593980
44	653614
45	714118
46	755774
47	774726
48	788112
49	782285
50	770534
51	736216
52	678938
53	615120
54	566638
55	508584
56	424708
57	351193
58	303309
59	268144
60	213419
61	158036
62	126264
63	106660
64	79965
65	61008
66	46614
67	31958
68	22365
69	15583.5
70	11651.5
71	7049.5
72	3780
73	2321
74	1665
75	1019.5
76	567.5
77	383
78	298
79	244.5
80	214.5
81	198.5
82	180
83	157
84	142.5
85	131.5
86	128.5
87	126.5
88	122
89	116
90	116
91	110.5
92	99.5
93	101.5
94	117
95	141.5
96	155
97	187.5
98	345.5
99	2364
100	4258
>>END_MODULE
>>Per base N content	pass
#Base	N-Count
1	1.72561
2	1.69206
3	1.71117
4	1.66925
5	1.65713
6	1.66066
7	1.65726
8	1.6566
9	1.65766
10	1.65726
11	1.6566
12	1.65792
13	1.65798
14	1.6566
15	1.65738
16	1.65925
17	1.65671
18	1.65726
19	1.65948
20	1.6567
21	1.65678
22	1.65969
23	1.65734
24	1.65672
25	1.65882
26	1.65768
27	1.65664
28	1.65931
29	1.65822
30	1.65665
31	1.6591
32	1.65924
33	1.65671
34	1.65841
35	1.66037
36	0.000418792
37	0.000801947
38	0.00400977
39	0.000561374
40	0.00075742
41	0.00448223
42	0.00083765
43	0.000481217
44	0.00460735
45	0.00207649
46	0.000196071
47	0.00391266
48	0.00237979
49	0.000383281
50	0.00377066
51	0.00341436
52	0.000231807
53	0.00312084
54	0.00382573
55	0.000347844
56	0.00241742
57	0.00410401
58	0.000214159
59	0.00221337
60	0.00465096
61	0.000294671
62	0.00256357
63	0.00509323
64	0.00078667
65	0.00137732
66	0.00586094
67	0.00119071
68	0.0010571
69	0.00681427
70	0.00171537
71	0.000586342
72	0.00398939
73	0.00130815
74	0.000660688
>>END_MODULE
>>Sequence Length Distribution	warn
#Length	Count
35	189118.0
36	75.0
37	98.0
38	119.0
39	158.0
40	208.0
41	232.0
42	320.0
43	353.0
44	349.0
45	404.0
46	444.0
47	505.0
48	567.0
49	720.0
50	860.0
51	1116.0
52	1301.0
53	1394.0
54	1624.0
55	1630.0
56	1725.0
57	1922.0
58	2006.0
59	2634.0
60	3078.0
61	3572.0
62	4011.0
63	4935.0
64	5299.0
65	5415.0
66	5851.0
67	7176.0
68	9590.0
69	18473.0
70	48910.0
71	206834.0
72	711839.0
73	2599136.0
74	7567874.0
>>END_MODULE
>>Sequence Duplication Levels	warn
#Total Deduplicated Percentage	51.1791
#Duplication Level	Percentage of deduplicated	Percentage of total
1	77.3321	39.5779
2	11.8275	12.1064
3	4.18753	6.42942
4	2.02694	4.14948
5	1.13369	2.90105
6	0.733919	2.25368
7	0.50655	1.81473
8	0.36617	1.49922
9	0.25367	1.16843
>10	1.47318	13.589
>50	0.100208	3.46602
>100	0.0510395	4.83908
>500	0.00477262	1.69769
>1k	0.00264382	2.53831
>5k	8.58385e-05	0.308574
>10k+	1.71677e-05	1.66102
>>END_MODULE
>>Overrepresented sequences	fail
#Sequence	Count	Percentage	Possible Source
NNNNNNNNNNNNNNNNNNNNNNNNNNNNNNNNNNN	189047	1.65658	
>>END_MODULE
>>Adapter Content	pass
#Position	Illumina Universal Adapter	Illumina Small RNA 3 prime Adapter	Illumina Small RNA 5 prime Adapter	Nextera Transposase Sequence	SOLID Small RNA Adapter
1	0	0	0	8.7628e-06	0
2	0	0	0	0.00214689	0
3	2.62884e-05	0	0	0.00214689	0
4	4.3814e-05	0	0	0.00214689	0
5	0.000271647	0	0	0.00214689	0
6	0.00028041	0	0	0.00214689	0
7	0.000429377	0	0	0.00215565	0
8	0.00043814	8.7628e-06	0	0.00215565	0
9	0.00043814	8.7628e-06	0	0.00215565	0
10	0.00043814	8.7628e-06	0	0.00215565	0
11	0.00043814	8.7628e-06	0	0.00216441	0
12	0.000446903	8.7628e-06	0	0.00216441	0
13	0.000446903	1.75256e-05	0	0.00216441	0
14	0.000446903	1.75256e-05	0	0.00216441	0
15	0.000446903	1.75256e-05	0	0.00216441	0
16	0.000473191	1.75256e-05	0	0.00216441	0
17	0.000587108	1.75256e-05	0	0.00216441	0
18	0.000587108	1.75256e-05	0	0.00216441	0
19	0.000692261	1.75256e-05	0	0.00216441	0
20	0.000701024	1.75256e-05	0	0.00216441	0
21	0.000771127	1.75256e-05	8.7628e-06	0.00216441	0
22	0.000779889	1.75256e-05	8.7628e-06	0.00217317	0
23	0.000814941	2.62884e-05	8.7628e-06	0.00217317	0
24	0.000920094	3.50512e-05	8.7628e-06	0.00217317	0
25	0.000946383	3.50512e-05	8.7628e-06	0.00217317	0
26	0.00106906	4.3814e-05	8.7628e-06	0.00218194	0
27	0.00108659	5.25768e-05	1.75256e-05	0.0021907	0
28	0.00109535	6.13396e-05	1.75256e-05	0.0021907	0
29	0.00109535	7.01024e-05	1.75256e-05	0.0021907	0
30	0.00110411	7.01024e-05	1.75256e-05	0.0021907	0
31	0.00111288	7.01024e-05	1.75256e-05	0.0021907	0
32	0.0011304	7.01024e-05	2.62884e-05	0.0021907	0
33	0.00117422	7.01024e-05	2.62884e-05	0.0021907	0
34	0.00123556	7.01024e-05	2.62884e-05	0.0021907	0
35	0.00124432	7.88652e-05	2.62884e-05	0.00219946	0
36	0.00124432	7.88652e-05	2.62884e-05	0.00220823	0
37	0.00126184	7.88652e-05	2.62884e-05	0.00220823	0
38	0.00137576	7.88652e-05	2.62884e-05	0.00221699	0
39	0.00139329	7.88652e-05	2.62884e-05	0.00222575	0
40	0.00139329	7.88652e-05	2.62884e-05	0.00223451	0
41	0.00145463	7.88652e-05	2.62884e-05	0.00224328	0
42	0.0015072	8.7628e-05	2.62884e-05	0.00225204	0
43	0.00155102	8.7628e-05	3.50512e-05	0.00225204	0
44	0.00155102	8.7628e-05	3.50512e-05	0.0022608	0
45	0.00162112	8.7628e-05	3.50512e-05	0.00227833	0
46	0.0018139	8.7628e-05	3.50512e-05	0.00231338	0
47	0.00183143	8.7628e-05	3.50512e-05	0.00232214	0
48	0.00183143	8.7628e-05	3.50512e-05	0.00232214	0
49	0.00184895	8.7628e-05	3.50512e-05	0.00233967	0
50	0.00185771	8.7628e-05	3.50512e-05	0.00233967	0
51	0.00185771	8.7628e-05	3.50512e-05	0.00234843	0
52	0.001884	8.7628e-05	3.50512e-05	0.00236596	0
53	0.00194534	8.7628e-05	3.50512e-05	0.00240101	0
54	0.0019541	8.7628e-05	3.50512e-05	0.00241853	0
55	0.0019541	8.7628e-05	3.50512e-05	0.00246235	0
56	0.00199792	8.7628e-05	3.50512e-05	0.00251492	0
57	0.00203297	8.7628e-05	3.50512e-05	0.00257626	0
58	0.00210307	8.7628e-05	4.3814e-05	0.00260255	0
59	0.00210307	8.7628e-05	4.3814e-05	0.00261131	0
60	0.00213812	9.63908e-05	4.3814e-05	0.00261131	0
61	0.00218194	9.63908e-05	4.3814e-05	0.00261131	0
62	0.0021907	0.000113916	4.3814e-05	0.00261131	0
63	0.00223451	0.000113916	4.3814e-05	0.00261131	0
64	0.00223451	0.000113916	4.3814e-05	0.00261131	0
65	0.00223451	0.000113916	4.3814e-05	0.00261131	0
66	0.00223451	0.000113916	4.3814e-05	0.00261131	0
67	0.00223451	0.000113916	4.3814e-05	0.00261131	0
68	0.00223451	0.000113916	4.3814e-05	0.00261131	0
69	0.00223451	0.000113916	4.3814e-05	0.00261131	0
70	0.00223451	0.000113916	4.3814e-05	0.00261131	0
71	0.00223451	0.000113916	4.3814e-05	0.00261131	0
72	0.00223451	0.000113916	4.3814e-05	0.00261131	0
73	0.00223451	0.000113916	4.3814e-05	0.00261131	0
74	0.00223451	0.000113916	4.3814e-05	0.00261131	0
>>END_MODULE
