##Falco	1.3.0
>>Basic Statistics	pass
#Measure	Value
Filename	forward
File type	Conventional base calls
Encoding	Sanger / Illumina 1.9
Total Sequences	11411875
Total Bases	831 Mbp
Sequences flagged as poor quality	0
Sequence length	35-74
%GC	47.0
>>END_MODULE
>>Per base sequence quality	warn
#Base	Mean	Median	Lower Quartile	Upper Quartile	10th Percentile	90th Percentile
1	22.0318950216332	21.0	14.0	32.0	14.0	32.0
2	30.8172622816145	32.0	32.0	32.0	32.0	32.0
3	30.751659565146	32.0	32.0	32.0	32.0	32.0
4	30.9226099129197	32.0	32.0	32.0	32.0	32.0
5	30.9663130730051	32.0	32.0	32.0	32.0	32.0
6	34.5664911331398	36.0	36.0	36.0	36.0	36.0
7	34.5899438085328	36.0	36.0	36.0	36.0	36.0
8	34.6332830494551	36.0	36.0	36.0	36.0	36.0
9	34.6607717837779	36.0	36.0	36.0	36.0	36.0
10	34.6692210526316	36.0	36.0	36.0	36.0	36.0
11	34.5765567884331	36.0	36.0	36.0	36.0	36.0
12	34.6693476751191	36.0	36.0	36.0	36.0	36.0
13	34.6827452105811	36.0	36.0	36.0	36.0	36.0
14	34.6602468043157	36.0	36.0	36.0	36.0	36.0
15	34.6226155649269	36.0	36.0	36.0	36.0	36.0
16	34.6205878525659	36.0	36.0	36.0	36.0	36.0
17	34.6199805027658	36.0	36.0	36.0	36.0	36.0
18	34.597011534038	36.0	36.0	36.0	36.0	36.0
19	34.6022609781478	36.0	36.0	36.0	36.0	36.0
20	34.5856096390821	36.0	36.0	36.0	36.0	36.0
21	34.5801901089873	36.0	36.0	36.0	36.0	36.0
22	34.5884095295471	36.0	36.0	36.0	36.0	36.0
23	34.5816167807656	36.0	36.0	36.0	36.0	36.0
24	34.5315798674626	36.0	36.0	36.0	36.0	36.0
25	34.5557844788871	36.0	36.0	36.0	36.0	36.0
26	34.5214686455994	36.0	36.0	36.0	36.0	36.0
27	34.5166842433868	36.0	36.0	36.0	36.0	36.0
28	34.5226629278712	36.0	36.0	36.0	36.0	36.0
29	34.5182763568651	36.0	36.0	36.0	36.0	36.0
30	34.4848636179418	36.0	36.0	36.0	36.0	36.0
31	34.4916930828632	36.0	36.0	36.0	36.0	36.0
32	34.4692497946218	36.0	36.0	36.0	32.0	36.0
33	34.4919746316885	36.0	36.0	36.0	36.0	36.0
34	34.4425250013692	36.0	36.0	36.0	32.0	36.0
35	34.4396343282765	36.0	36.0	36.0	32.0	36.0
36	35.0143715716318	36.0	36.0	36.0	36.0	36.0
37	35.0070926442394	36.0	36.0	36.0	36.0	36.0
38	34.9916310055495	36.0	36.0	36.0	36.0	36.0
39	34.9661665039092	36.0	36.0	36.0	36.0	36.0
40	34.9366753766049	36.0	36.0	36.0	36.0	36.0
41	34.9325499562029	36.0	36.0	36.0	36.0	36.0
42	34.9182051537352	36.0	36.0	36.0	36.0	36.0
43	34.9115282994985	36.0	36.0	36.0	36.0	36.0
44	34.8893086359466	36.0	36.0	36.0	36.0	36.0
45	34.8709244542196	36.0	36.0	36.0	36.0	36.0
46	34.8603385114951	36.0	36.0	36.0	36.0	36.0
47	34.7448325763197	36.0	36.0	36.0	32.0	36.0
48	34.6816766813871	36.0	36.0	36.0	32.0	36.0
49	34.6272193348199	36.0	36.0	36.0	32.0	36.0
50	34.7226887856489	36.0	36.0	36.0	32.0	36.0
51	34.7621456258768	36.0	36.0	36.0	32.0	36.0
52	34.7151828194887	36.0	36.0	36.0	32.0	36.0
53	34.7013483808504	36.0	36.0	36.0	32.0	36.0
54	34.7361740720911	36.0	36.0	36.0	32.0	36.0
55	34.7101752058176	36.0	36.0	36.0	32.0	36.0
56	34.6557305460178	36.0	36.0	36.0	32.0	36.0
57	34.6530589587815	36.0	36.0	36.0	32.0	36.0
58	34.669591784855	36.0	36.0	36.0	32.0	36.0
59	34.559236792635	36.0	36.0	36.0	32.0	36.0
60	34.5370792179644	36.0	36.0	36.0	32.0	36.0
61	34.5539886989461	36.0	36.0	36.0	32.0	36.0
62	34.5789858544787	36.0	36.0	36.0	32.0	36.0
63	34.5452712646995	36.0	36.0	36.0	32.0	36.0
64	34.5742023854085	36.0	36.0	36.0	32.0	36.0
65	34.5506949014438	36.0	36.0	36.0	32.0	36.0
66	34.4694295979792	36.0	36.0	36.0	32.0	36.0
67	34.4868135303532	36.0	36.0	36.0	32.0	36.0
68	34.5097109118259	36.0	36.0	36.0	32.0	36.0
69	34.5036885380781	36.0	36.0	36.0	32.0	36.0
70	34.4950598094912	36.0	36.0	36.0	32.0	36.0
71	34.471116454772	36.0	36.0	36.0	32.0	36.0
72	34.4395157958117	36.0	36.0	36.0	32.0	36.0
73	34.4435205300033	36.0	36.0	36.0	32.0	36.0
74	33.3377583481856	36.0	32.0	36.0	27.0	36.0
>>END_MODULE
>>Per tile sequence quality	pass
#Tile	Base	Mean
11101	1	-0.341621731642512
11101	2	0.124690530386403
11101	3	0.137629937599101
11101	4	0.0530034940874415
11101	5	0.0408497266605821
11101	6	0.00148926637447744
11101	7	0.193667977669165
11101	8	0.0895994536541025
11101	9	0.0321001016341711
11101	10	0.147789933600841
11101	11	0.00580906211327203
11101	12	0.144723066902849
11101	13	0.157807491556156
11101	14	0.0257935144921788
11101	15	0.200740627022753
11101	16	0.120274812225325
11101	17	0.0922439878222718
11101	18	0.0404984346016661
11101	19	-0.0110505599933433
11101	20	0.1443532658366
11101	21	0.112797623766497
11101	22	0.0618956272077398
11101	23	0.110212140968251
11101	24	0.148458057122525
11101	25	0.0969426289886286
11101	26	0.0685839193612523
11101	27	0.071597940068898
11101	28	-0.0409462726424792
11101	29	0.0439982851616278
11101	30	0.110148728801491
11101	31	-0.0159229984859977
11101	32	0.185400980914757
11101	33	0.242388935764822
11101	34	0.0577911106176856
11101	35	0.116428677312058
11101	36	0.0245554448227807
11101	37	-0.0188103500155563
11101	38	-0.118179205673812
11101	39	0.0967848580523025
11101	40	0.0431615011517792
11101	41	0.0876092774112962
11101	42	0.218730938321997
11101	43	0.033640347125889
11101	44	-0.0331195287540282
11101	45	-0.022788430264491
11101	46	0.078508334103816
11101	47	0.0615579972478386
11101	48	0.102394218788056
11101	49	0.168323945334478
11101	50	0.0356594611624104
11101	51	0.218605779037681
11101	52	0.140686767483615
11101	53	0.0716385895665752
11101	54	0.118206879002805
11101	55	0.0536702431729523
11101	56	0.0405298356314461
11101	57	-0.14095853076028
11101	58	0.0791754039197201
11101	59	-0.0497638511513685
11101	60	-0.0573264361423185
11101	61	0.061364224944306
11101	62	0.0682986425899301
11101	63	0.0774920120544564
11101	64	-0.0330246592673689
11101	65	0.0627100571878003
11101	66	-0.0364021003708714
11101	67	0.0616034533719301
11101	68	-0.0784852149407556
11101	69	-0.0956357742220888
11101	70	-0.0690726130122243
11101	71	-0.0129461744426465
11101	72	-0.0332349319436176
11101	73	-0.00252471593550752
11101	74	0.119360463817529
11102	1	-0.516188954902344
11102	2	-0.0438057177414635
11102	3	-0.0266776069456718
11102	4	-0.0736304265872612
11102	5	0.0203218163304548
11102	6	0.0370642620029997
11102	7	0.0722399221297962
11102	8	-0.0747657437721756
11102	9	0.0717025628420203
11102	10	0.00138234166666962
11102	11	-0.012161531115872
11102	12	0.030710058892268
11102	13	0.00887045863952807
11102	14	-0.114354621735878
11102	15	-0.00422708736360278
11102	16	0.0324929149767001
11102	17	-0.0628527169671003
11102	18	0.0721970658842466
11102	19	0.0537205517316082
11102	20	-0.0216499703273385
11102	21	-0.00476103645655712
11102	22	-0.0608451400950969
11102	23	0.0399082532633912
11102	24	-0.0289262379791353
11102	25	0.0502786401188047
11102	26	0.12714372503936
11102	27	0.119879694135648
11102	28	0.0448861969535486
11102	29	0.154668693141289
11102	30	-0.00372584893867156
11102	31	-0.0494541677878004
11102	32	-0.0154835156552124
11102	33	0.153122635204511
11102	34	0.0485314876548557
11102	35	0.110857888443242
11102	36	-0.0256750536710655
11102	37	0.0872333387970912
11102	38	0.159610048363504
11102	39	0.0778324691308754
11102	40	0.0876916398431078
11102	41	0.0573744905733733
11102	42	-0.0318645923867322
11102	43	-0.00846779236034934
11102	44	0.0256719688193954
11102	45	0.112565044340144
11102	46	0.0500921712304176
11102	47	0.0644944669993208
11102	48	0.0829195147883866
11102	49	0.108773489305698
11102	50	0.00789177958764498
11102	51	0.183749909235985
11102	52	-0.0201215592254442
11102	53	0.137552268338226
11102	54	-0.0100492554210874
11102	55	0.162552345089111
11102	56	0.153945423239179
11102	57	-0.0261613806690093
11102	58	-0.0892048456655203
11102	59	0.0425150812648383
11102	60	-0.0692011516057107
11102	61	0.13279996976668
11102	62	0.0218405404197739
11102	63	0.055434257131509
11102	64	0.0152780634815528
11102	65	0.301952456557423
11102	66	-0.0482650472809709
11102	67	0.0903900680267853
11102	68	0.13189311406385
11102	69	0.014019252685749
11102	70	-0.0131992508521463
11102	71	0.0566988463259008
11102	72	0.207749454120126
11102	73	0.0698223121861759
11102	74	0.160180424432603
11103	1	0.247989738174503
11103	2	0.112587410200415
11103	3	0.0253866743351701
11103	4	0.124501775460395
11103	5	0.156667695732988
11103	6	0.196015804488013
11103	7	0.121180300263532
11103	8	0.119686320575205
11103	9	0.136087290749792
11103	10	0.137031853746841
11103	11	0.22489684409755
11103	12	0.101600715011081
11103	13	0.123487496272446
11103	14	0.200526685147615
11103	15	0.159796996964594
11103	16	0.264422893540356
11103	17	0.225988351981528
11103	18	0.238030647644777
11103	19	0.136064748218899
11103	20	0.291074481717175
11103	21	0.0562162177475898
11103	22	0.178579958609269
11103	23	0.148428523931159
11103	24	0.193523957049983
11103	25	0.0960025745974846
11103	26	0.200777546215406
11103	27	0.135279095662959
11103	28	0.132298638760439
11103	29	0.188528603998343
11103	30	0.0802573060448708
11103	31	0.148975485892564
11103	32	0.156915154141089
11103	33	0.164985997822505
11103	34	0.167817524415909
11103	35	0.221388601646325
11103	36	-0.0625598948501036
11103	37	0.0816763076322218
11103	38	-0.00328257722220116
11103	39	-0.0527385235682658
11103	40	-0.0330485598408856
11103	41	0.0953800002715326
11103	42	0.0828673802078015
11103	43	-0.0269389022001647
11103	44	0.0151407154141481
11103	45	0.0602695637909392
11103	46	0.0254475093038664
11103	47	0.220121986885999
11103	48	0.107330576409836
11103	49	0.125163649488762
11103	50	0.130283186093038
11103	51	0.0736254132133212
11103	52	0.116449998745573
11103	53	0.0510653308858977
11103	54	0.113100841288073
11103	55	0.0596656752247213
11103	56	0.0933187471610353
11103	57	0.136230837564135
11103	58	-0.0726263889713579
11103	59	0.0534168985131629
11103	60	0.050021515946149
11103	61	-0.019821658510665
11103	62	0.0946855493650531
11103	63	0.0981831128443886
11103	64	0.0732383939609562
11103	65	0.0492295286022468
11103	66	-0.125008485002496
11103	67	0.125020388244998
11103	68	0.0626320436137036
11103	69	-0.109155262924588
11103	70	0.0607178674537536
11103	71	-0.00583176833038834
11103	72	0.0454597554340097
11103	73	-0.0104408778480192
11103	74	0.0601618853150612
11104	1	-0.996913640143706
11104	2	-0.0165697508141314
11104	3	-0.123336883220912
11104	4	-0.0712711575156497
11104	5	-0.136150645790455
11104	6	-0.184160195123397
11104	7	-0.0715523891951122
11104	8	0.0303952573724047
11104	9	-0.0816883461761293
11104	10	-0.0795049855462437
11104	11	0.00690375778973618
11104	12	-0.0418970951133488
11104	13	-0.1631099795013
11104	14	-0.0476952654202947
11104	15	-0.140992977372164
11104	16	0.0565192642567354
11104	17	0.0324970993403184
11104	18	-0.0267856213901396
11104	19	-0.0249089975612335
11104	20	-0.0668002460663146
11104	21	-0.0314607331036711
11104	22	-0.157737974083425
11104	23	-0.110098390084858
11104	24	-0.0866316415025139
11104	25	-0.0398893645555489
11104	26	-0.115225789195812
11104	27	-0.0964288453682656
11104	28	0.0049660772131972
11104	29	0.00841850304548331
11104	30	-0.0858837365140062
11104	31	-0.0397555196691499
11104	32	-0.0606750922097916
11104	33	-0.0456172096773102
11104	34	-0.0346715666845299
11104	35	-0.0843792310649931
11104	36	-0.00701632460891233
11104	37	-0.00892531055244916
11104	38	0.085390966227628
11104	39	0.0428014343549208
11104	40	0.0791893471796286
11104	41	0.129919180897666
11104	42	0.109101122096526
11104	43	0.0966138727462322
11104	44	0.0582266559869922
11104	45	0.0211039808588822
11104	46	0.0932399209857664
11104	47	0.15617026370613
11104	48	0.15763083786711
11104	49	0.175758772469123
11104	50	0.208325044373652
11104	51	-0.00547466920039597
11104	52	0.253809162142424
11104	53	0.0702009269891022
11104	54	0.151235962315177
11104	55	0.14884598286627
11104	56	0.0965858082846509
11104	57	0.146779548929146
11104	58	0.0807022493276293
11104	59	-0.00126795985947581
11104	60	0.0173655819961169
11104	61	0.184347493217878
11104	62	0.171417051810067
11104	63	0.0450997076603628
11104	64	0.152725281818839
11104	65	0.238635048125609
11104	66	0.0647787974539327
11104	67	0.168167076853521
11104	68	0.0606026178731796
11104	69	0.099153449344108
11104	70	0.0706096765362929
11104	71	0.0464788128840041
11104	72	0.0147804424373419
11104	73	0.00324176146612132
11104	74	0.00493396790626122
11105	1	0.0344753852836597
11105	2	-0.122698065773289
11105	3	-0.0584004321289946
11105	4	-0.0957007777826391
11105	5	-0.122255710197603
11105	6	-0.115177523806615
11105	7	-0.207807958014399
11105	8	-0.0659892037687442
11105	9	-0.160694190022923
11105	10	-0.0722852990385903
11105	11	-0.154878888560006
11105	12	-0.168005280399967
11105	13	-0.134642565383999
11105	14	-0.141439774622988
11105	15	-0.0216900258004102
11105	16	-0.0533346005623656
11105	17	-0.161135058201673
11105	18	-0.0820899461488622
11105	19	-0.10076681029286
11105	20	-0.0730281170803622
11105	21	-0.161937993595679
11105	22	-0.0369872465283976
11105	23	0.0257773677036894
11105	24	-0.235489945772656
11105	25	-0.0582686918499817
11105	26	-0.126753225627397
11105	27	0.0555055537454052
11105	28	0.0515295988135875
11105	29	-0.147545731675862
11105	30	-0.0701878974265497
11105	31	-0.078709088784926
11105	32	-0.119896120695621
11105	33	-0.159400417785356
11105	34	-0.0785302220536153
11105	35	-0.0523037681995575
11105	36	-0.0151255106819121
11105	37	0.0726504239718651
11105	38	-0.0102435575023065
11105	39	-0.0480212873978516
11105	40	0.00919312136178974
11105	41	-0.17093946583482
11105	42	0.0771933877257638
11105	43	-0.00549847737440956
11105	44	0.0432712807920765
11105	45	-0.00355212118818571
11105	46	0.0802592815156729
11105	47	-0.131483067270437
11105	48	-0.0439565958056178
11105	49	-0.0586088935001925
11105	50	0.130309648516395
11105	51	0.0640278750508472
11105	52	0.00401931698034019
11105	53	-0.0786631703640808
11105	54	0.0537431795833569
11105	55	0.0189905040424065
11105	56	-0.0968102621891873
11105	57	0.113210600007321
11105	58	-0.0659808725919007
11105	59	0.00253603711964701
11105	60	-0.158765467013446
11105	61	-0.173275601155453
11105	62	0.0755272516121295
11105	63	0.0290665761380993
11105	64	0.0879627921367003
11105	65	-0.128300438385921
11105	66	0.0244662406476621
11105	67	-0.0285653557038898
11105	68	0.112214185964596
11105	69	0.0596985539570127
11105	70	0.132793432275037
11105	71	0.0564283885921384
11105	72	-0.106847520830243
11105	73	0.0455644146627918
11105	74	-0.109978726761035
11106	1	-0.519207938539061
11106	2	0.0245424983418161
11106	3	-0.0430910655356946
11106	4	-0.031017752864841
11106	5	-0.00825337330458353
11106	6	0.139141652302726
11106	7	0.131294240295425
11106	8	0.0290978862559825
11106	9	0.0174884680570244
11106	10	0.0280842561365446
11106	11	0.113141002203832
11106	12	-0.0440874520800847
11106	13	-0.0355746052742205
11106	14	0.0385852246976839
11106	15	0.0832989690638541
11106	16	0.209546842876669
11106	17	0.172660219100571
11106	18	0.0743106951380597
11106	19	0.133628994168973
11106	20	0.0885626005631792
11106	21	0.126486234006833
11106	22	0.107707191122749
11106	23	0.0185628898362395
11106	24	0.0524723378609409
11106	25	0.124302433934645
11106	26	0.0574292694134968
11106	27	0.140641827216236
11106	28	0.115462644111268
11106	29	0.131520054579944
11106	30	0.250605015809498
11106	31	0.0723737622245579
11106	32	0.0520937708834097
11106	33	0.00464947216328682
11106	34	0.0524010026413677
11106	35	-0.0307500060735251
11106	36	0.126938385739031
11106	37	0.140837273858828
11106	38	0.117284675060802
11106	39	0.0640797514051457
11106	40	0.176448139309819
11106	41	0.183916992214264
11106	42	0.0893950093895342
11106	43	0.121958044494065
11106	44	0.064758184822189
11106	45	0.0515027468876212
11106	46	0.0800598856553734
11106	47	0.0662623666626772
11106	48	0.134567715584843
11106	49	0.0164578229948305
11106	50	0.00842099483520542
11106	51	0.155037576532152
11106	52	0.29392631518953
11106	53	0.0401221696540119
11106	54	0.1800206458947
11106	55	0.00936566745752998
11106	56	0.181227495607594
11106	57	0.153305424940818
11106	58	0.182239862032318
11106	59	0.267318570302713
11106	60	0.0175753061977062
11106	61	0.218774433485947
11106	62	0.0978709547117305
11106	63	0.140258580257665
11106	64	-0.027168413778341
11106	65	0.173365291709842
11106	66	0.0442578309018984
11106	67	0.111159725165116
11106	68	0.140826494903934
11106	69	0.10982524880901
11106	70	0.0818914239571029
11106	71	0.0693454874438899
11106	72	0.0848719777227132
11106	73	0.0161043849683296
11106	74	-0.0662103000657766
11107	1	-0.251983667543357
11107	2	0.0392548040779594
11107	3	-0.0430353051027943
11107	4	-0.111654097683978
11107	5	-0.0839071855017579
11107	6	-0.117349580214054
11107	7	-0.195320805728052
11107	8	-0.0655326375119003
11107	9	-0.152739685047607
11107	10	-0.0988864738604605
11107	11	-0.251328618920923
11107	12	-0.0428374890424905
11107	13	-0.0535049638729461
11107	14	-0.167674306323285
11107	15	-0.0967497790721836
11107	16	-0.117613134650185
11107	17	-0.0550535609076235
11107	18	-0.0664776391034891
11107	19	-0.143426432546192
11107	20	-0.155230460642343
11107	21	0.0729790295054471
11107	22	0.0229141594871507
11107	23	-0.162536013119485
11107	24	-0.0875437988703993
11107	25	-0.12780273362123
11107	26	-0.0840805710356278
11107	27	-0.063085250810353
11107	28	-0.139411535851309
11107	29	0.0322757774167997
11107	30	0.0457382283285597
11107	31	-0.0994444080728769
11107	32	-0.232653216152286
11107	33	-0.0600131983390213
11107	34	-0.0170705827713675
11107	35	-0.0252981564746193
11107	36	0.0358408485352371
11107	37	-0.0326909182036772
11107	38	0.014826028767267
11107	39	-0.0430060444759803
11107	40	0.158294913529289
11107	41	0.0622471853516586
11107	42	-0.0327746862730223
11107	43	0.0917288730235839
11107	44	0.06984474697542
11107	45	0.11146207777017
11107	46	0.0429561902839595
11107	47	0.0527494301947158
11107	48	0.00041024579898874
11107	49	-0.0685534402228498
11107	50	-0.0302913073126803
11107	51	0.102063162842448
11107	52	-0.0633905646622637
11107	53	0.0444205093146834
11107	54	0.0545473830477405
11107	55	0.0473195895317957
11107	56	-0.079142968102083
11107	57	0.10447683444032
11107	58	0.0896271719313049
11107	59	0.0325649815538256
11107	60	-0.0264460524034718
11107	61	-0.0199430533372222
11107	62	-0.0195080010318165
11107	63	-0.017311323500671
11107	64	-0.0430947590609918
11107	65	0.0416469361926275
11107	66	0.0411782140515484
11107	67	-0.120764262887207
11107	68	-0.0651524899005622
11107	69	-0.0885661756636509
11107	70	0.04563898267849
11107	71	-0.00405455509968533
11107	72	0.166366330567243
11107	73	0.0860485433817786
11107	74	0.0799762206776435
11108	1	-0.102278855910566
11108	2	0.00737196411207819
11108	3	0.0152433521611144
11108	4	-0.060249300612977
11108	5	-0.0120818992931646
11108	6	0.00062216990556152
11108	7	0.00295909968962604
11108	8	-0.030706928317862
11108	9	-0.107830696260194
11108	10	-0.123962299202141
11108	11	-0.0844618315993912
11108	12	-0.0703970017077822
11108	13	-0.0343933719914915
11108	14	0.0299695954054116
11108	15	0.142515335723296
11108	16	-0.0795950641572389
11108	17	0.00527498090205825
11108	18	0.0302739713615878
11108	19	0.000609403335460001
11108	20	-0.0492325270302558
11108	21	0.0339119551085432
11108	22	-0.0019711143785841
11108	23	0.084200134107185
11108	24	-0.0156097845998389
11108	25	-0.00061045553257344
11108	26	0.112115888368173
11108	27	-0.0212709899600796
11108	28	-0.0605411150154609
11108	29	0.0885156448351339
11108	30	-0.106130327210813
11108	31	-0.0187691568819304
11108	32	-0.0270864503267347
11108	33	0.0235925792261042
11108	34	-0.000742928537697196
11108	35	-0.0523635389297397
11108	36	0.018817227064396
11108	37	0.112676191461034
11108	38	0.0185097055098282
11108	39	-0.0100655040881037
11108	40	0.153362593866326
11108	41	-0.0102016274937
11108	42	0.0716030716571225
11108	43	-0.144871596114541
11108	44	0.0857432786900958
11108	45	0.0883122898327642
11108	46	0.048969279478257
11108	47	-0.0126260483894924
11108	48	0.130683753998007
11108	49	-0.131550323397917
11108	50	0.0259568519788331
11108	51	0.0693518538321953
11108	52	0.188833530163251
11108	53	-0.00528089046709113
11108	54	0.047103768972363
11108	55	-0.0511205337631537
11108	56	0.0487854961362402
11108	57	-0.043859701827536
11108	58	-0.022710168459156
11108	59	-0.0321342959183681
11108	60	0.0410586380280478
11108	61	-0.0596077109537774
11108	62	-0.186678346897317
11108	63	0.0928448650453504
11108	64	-0.0813513266984245
11108	65	-0.0111412413843013
11108	66	0.0537298477654673
11108	67	0.0242977163852984
11108	68	-0.00455414872687498
11108	69	0.113531978616258
11108	70	0.0374447906972293
11108	71	-0.00233092364984344
11108	72	0.179932194664666
11108	73	0.156916360078206
11108	74	0.0329254755181694
11109	1	0.563868086040696
11109	2	-0.0132999451885034
11109	3	0.0171826635791277
11109	4	0.0183274076427793
11109	5	-0.0370036766016355
11109	6	0.0462097431959165
11109	7	0.0708805713321681
11109	8	0.00178591632047898
11109	9	-0.0527633108154504
11109	10	-0.00541976995546634
11109	11	-0.0703147784968792
11109	12	0.0326766082069057
11109	13	0.0190812160541896
11109	14	0.113786529298203
11109	15	0.194343495892241
11109	16	0.155773263294343
11109	17	0.107983181085459
11109	18	-0.000338749898865842
11109	19	0.00727403222922618
11109	20	-0.0178314655358278
11109	21	0.0182193438878286
11109	22	0.0380216607902213
11109	23	-0.0358415476112128
11109	24	0.0815383522273478
11109	25	-0.0161985845791719
11109	26	-0.0276823721147821
11109	27	-0.00555948302702092
11109	28	0.130802703585701
11109	29	0.0259241534632508
11109	30	-0.058590104352561
11109	31	-0.0221406521441097
11109	32	-0.0680067826689736
11109	33	0.0453446007894485
11109	34	0.163758419171195
11109	35	0.0524123523643425
11109	36	0.0448149891364764
11109	37	0.0381587806814139
11109	38	0.0294403470299613
11109	39	0.123441243690962
11109	40	0.0229520113021096
11109	41	-0.0929222771611791
11109	42	0.00624854676738096
11109	43	-0.136534104598965
11109	44	-0.0560772470332012
11109	45	0.164317539802937
11109	46	0.0538618735503107
11109	47	0.0535731184630635
11109	48	0.166572384077426
11109	49	0.114144159233888
11109	50	-0.0136876856139665
11109	51	0.0751282332318866
11109	52	0.147759344072909
11109	53	0.0812502384321263
11109	54	0.0370852776413244
11109	55	0.0797384888593271
11109	56	0.10052694937729
11109	57	0.177556220609567
11109	58	0.0557683789028403
11109	59	0.216653405160663
11109	60	0.0279629532250425
11109	61	0.0268049141424527
11109	62	0.190238875021855
11109	63	-0.0212433911296941
11109	64	0.156548507633168
11109	65	0.0387059837729069
11109	66	0.0728386905439891
11109	67	0.0815961184879228
11109	68	0.0539532580253308
11109	69	0.14871173419651
11109	70	0.0277481394579482
11109	71	0.076147241830121
11109	72	0.0731778652041442
11109	73	0.184429426427705
11109	74	0.0893375125552041
11110	1	0.130024007410331
11110	2	-0.0237262816243309
11110	3	-0.16859300957292
11110	4	-0.106517218166076
11110	5	-0.120488414132907
11110	6	-0.135047623977187
11110	7	-0.0173505993303564
11110	8	-0.0810302289839981
11110	9	-0.0976141162022941
11110	10	-0.119168242075226
11110	11	-0.057898862952932
11110	12	-0.124202323787792
11110	13	-0.0660517265410689
11110	14	-0.0712482750650665
11110	15	-0.0563246879923938
11110	16	-0.0310860138311426
11110	17	-0.0435988725489196
11110	18	-0.143214676495283
11110	19	-0.0578930205476382
11110	20	-0.0513627540731179
11110	21	-0.110949761488946
11110	22	-0.151687572370427
11110	23	-0.0798273481932341
11110	24	-0.115962729879371
11110	25	-0.208477787168604
11110	26	-0.0079371231757861
11110	27	-0.089640536223115
11110	28	-0.0343889858346955
11110	29	-0.0469121094982086
11110	30	-0.135976523981292
11110	31	-0.00840470251719694
11110	32	-0.0534387678379815
11110	33	-0.0899999991577403
11110	34	-0.209743033165743
11110	35	0.0813922592078811
11110	36	0.0498449514966879
11110	37	0.0441546498163348
11110	38	-0.0462876499987175
11110	39	-0.142910097254877
11110	40	0.02793328199607
11110	41	-0.0106945088701025
11110	42	0.0910297966258327
11110	43	0.0362556334625168
11110	44	0.126958689681217
11110	45	0.0758317600342124
11110	46	0.175572921349676
11110	47	0.108733415957822
11110	48	-0.0706211415162699
11110	49	0.0755905508417101
11110	50	0.0446064301680238
11110	51	0.0319670343751213
11110	52	0.0991429800494785
11110	53	-0.0103274621435716
11110	54	0.177394843402254
11110	55	0.0977566701010346
11110	56	0.0913448011211884
11110	57	0.198687155059766
11110	58	0.167662689499778
11110	59	0.114920604473163
11110	60	0.070982470809021
11110	61	0.181944747853713
11110	62	0.135714187129878
11110	63	0.0991533926332338
11110	64	0.139489082131796
11110	65	0.0278823004165147
11110	66	0.0568504377599481
11110	67	-0.0374705970679798
11110	68	0.0536041342575331
11110	69	0.0551585258950524
11110	70	0.0439109365719972
11110	71	0.0136106756979686
11110	72	0.0534661449999092
11110	73	0.0857889518247745
11110	74	0.0564157483290941
11111	1	-0.145360108596577
11111	2	0.0767815270028471
11111	3	0.147004959192572
11111	4	0.123538424838618
11111	5	0.0792529959697532
11111	6	0.0915242535565923
11111	7	0.126354217042298
11111	8	0.172319148512436
11111	9	0.136934390454627
11111	10	0.128310031076651
11111	11	0.128051719757131
11111	12	0.241284752828975
11111	13	0.127013473696337
11111	14	0.0386116870971449
11111	15	0.193653649671141
11111	16	0.0791159280377371
11111	17	0.150471215635122
11111	18	0.235680096158838
11111	19	0.196228052220157
11111	20	0.125285654661894
11111	21	0.136662152660293
11111	22	0.0844107080882424
11111	23	0.0746350252111156
11111	24	0.187825259000178
11111	25	0.121123286305419
11111	26	0.0788747920599633
11111	27	0.13109256070328
11111	28	0.225621390356565
11111	29	0.169472765709074
11111	30	0.066851803020846
11111	31	0.158677781412614
11111	32	0.114063924674994
11111	33	0.019916869079573
11111	34	0.189973387156925
11111	35	0.252654691283894
11111	36	0.159750620910295
11111	37	-0.000845355818036353
11111	38	0.100567921996671
11111	39	0.125266655118033
11111	40	0.179060268251597
11111	41	0.103690764695365
11111	42	0.0778541091484399
11111	43	0.0756607118309418
11111	44	0.230113985708634
11111	45	0.00632731849567847
11111	46	0.116931085213139
11111	47	0.0115437600079673
11111	48	0.122114575668199
11111	49	0.167149373044893
11111	50	0.0644400415672237
11111	51	0.115417230524287
11111	52	0.0532226571924639
11111	53	0.000913914057001364
11111	54	-0.0100504828366397
11111	55	0.090773083502306
11111	56	0.0107342586672985
11111	57	0.0653445709713196
11111	58	0.178426350814902
11111	59	0.205313529168876
11111	60	0.104204602011706
11111	61	0.170744308081844
11111	62	0.0126643228071686
11111	63	0.173575270163703
11111	64	0.0871779713035679
11111	65	0.119058067844023
11111	66	0.129857778130287
11111	67	0.093651649457378
11111	68	0.131103111658085
11111	69	0.0139755614655499
11111	70	0.131732285537339
11111	71	0.149407182595894
11111	72	0.178155417558727
11111	73	0.0902728546591902
11111	74	0.160548498822372
11112	1	-0.592488616635769
11112	2	-0.106487703503255
11112	3	-0.135931237628419
11112	4	-0.140326599372685
11112	5	-0.13284294071827
11112	6	-0.0983420267143771
11112	7	-0.00670956971762848
11112	8	-0.230736442389755
11112	9	-0.09640523685961
11112	10	-0.0625512454795043
11112	11	-0.133726439308184
11112	12	-0.0911453942449398
11112	13	-0.0514054235708414
11112	14	-0.137274703811066
11112	15	-0.043197745334993
11112	16	-0.0445681852703359
11112	17	0.036647033886851
11112	18	-0.111930448722035
11112	19	-0.148052976763623
11112	20	-0.172487507529887
11112	21	-0.0545578808072662
11112	22	-0.160016861190016
11112	23	0.0654474550024489
11112	24	-0.025705705333479
11112	25	-0.0819027502516647
11112	26	-0.15384665686917
11112	27	0.0218785831399515
11112	28	-0.156285466935628
11112	29	-0.0173358712746321
11112	30	-0.0626272879641263
11112	31	-0.141496397667566
11112	32	-0.109564226933323
11112	33	-0.00694324172185645
11112	34	-0.135376989182085
11112	35	-0.106920300814423
11112	36	0.0275542131317863
11112	37	-0.027383790498746
11112	38	0.134061552409008
11112	39	-0.00654228052866301
11112	40	0.212214115409878
11112	41	0.0176097855745709
11112	42	0.0945291781411868
11112	43	0.150031516699975
11112	44	0.0281534686591769
11112	45	0.307155937955457
11112	46	0.0986037720074791
11112	47	0.084824616001967
11112	48	0.0591991300651671
11112	49	0.184781994104043
11112	50	0.113622469738509
11112	51	0.00213765391172416
11112	52	0.163469215717434
11112	53	0.0780342150652871
11112	54	0.122246524131562
11112	55	0.18826685986042
11112	56	0.215687879746973
11112	57	0.181880705590899
11112	58	-0.0043084548325254
11112	59	-0.00194107353137696
11112	60	0.213986289865346
11112	61	0.137979589962434
11112	62	0.117044852852203
11112	63	0.0826507519768711
11112	64	0.277103187574717
11112	65	0.14988611174396
11112	66	0.195609590658201
11112	67	0.033731494855779
11112	68	0.0263444486485724
11112	69	-0.026700795913122
11112	70	0.0791575171569505
11112	71	-0.0200489043814471
11112	72	0.0546108474556988
11112	73	-0.0474920250411728
11112	74	-0.010073374842257
11201	1	0.921628472874211
11201	2	-0.184320994666052
11201	3	0.0553347754618478
11201	4	0.0345848759669209
11201	5	0.162477736098776
11201	6	0.0741777767039835
11201	7	0.0140839860887141
11201	8	0.135540782708546
11201	9	0.0528903812868435
11201	10	0.097074012396682
11201	11	0.102039531611545
11201	12	0.141283749211198
11201	13	0.201938030691522
11201	14	0.117422357772647
11201	15	0.0294781560100432
11201	16	0.0916920511256478
11201	17	0.138959719721697
11201	18	0.0517375580306023
11201	19	0.154528261764987
11201	20	0.13681009196246
11201	21	0.173652334637325
11201	22	0.162745188539091
11201	23	0.165772235079743
11201	24	0.109375362504863
11201	25	0.155149890628053
11201	26	0.125996495505703
11201	27	0.104302304669815
11201	28	-0.00289207740168962
11201	29	0.109365040546109
11201	30	0.212431315695746
11201	31	0.149701740938291
11201	32	0.107248831742631
11201	33	0.139033622048565
11201	34	0.0943581932289135
11201	35	0.183489315674656
11201	36	-0.0489298051330564
11201	37	0.168282315405278
11201	38	0.14873651035181
11201	39	0.0928178492478366
11201	40	0.192817736334334
11201	41	0.00104225373127065
11201	42	0.173350005178939
11201	43	0.115720663812077
11201	44	-0.00484331189839082
11201	45	0.257074269299245
11201	46	0.140416438257716
11201	47	0.144643804773168
11201	48	-0.0319675193432118
11201	49	0.0332359118213859
11201	50	0.0497301115247879
11201	51	0.181105808134042
11201	52	0.129311455238124
11201	53	0.256650991134954
11201	54	0.190084108138102
11201	55	0.084087304187733
11201	56	0.0601532195812027
11201	57	0.161260694871878
11201	58	0.147228421106405
11201	59	0.132328913362464
11201	60	0.178980246522343
11201	61	0.00939152205039306
11201	62	-0.0453140238069807
11201	63	0.295445316313284
11201	64	0.179614855973703
11201	65	0.0378247291073137
11201	66	0.0897353842648414
11201	67	0.192339708884816
11201	68	0.082585169778298
11201	69	-0.0477347501756711
11201	70	0.043779607522012
11201	71	0.082777078877875
11201	72	0.0239408650731221
11201	73	0.197472087556747
11201	74	0.164394251434992
11202	1	-0.186373028560425
11202	2	-0.0371941849389614
11202	3	-0.0510022648033193
11202	4	-0.0606756377866873
11202	5	-0.0426454324372614
11202	6	-0.0133640270110078
11202	7	-0.102914724543687
11202	8	0.0325893927151384
11202	9	-0.0054076428845562
11202	10	-0.0921976751691886
11202	11	0.0111863010883155
11202	12	-0.0492632565082545
11202	13	-0.0315066908538455
11202	14	-0.0650173250598911
11202	15	-0.0673630524327677
11202	16	0.0164323750368425
11202	17	-0.097069038689412
11202	18	0.0108600458314498
11202	19	-0.031278780557237
11202	20	-0.0162495582541666
11202	21	0.0696201979982902
11202	22	-0.0764746486358376
11202	23	0.0165878449103261
11202	24	0.0566334947456255
11202	25	-0.00692870565779913
11202	26	-0.116189894455893
11202	27	0.0763070698161741
11202	28	-0.0124117667658936
11202	29	-0.0702507045832448
11202	30	0.0275817560529461
11202	31	0.0670462268771814
11202	32	-0.0139498665898898
11202	33	0.0568279551931568
11202	34	-0.0252428450513023
11202	35	-0.0482660268242086
11202	36	0.0314202595392032
11202	37	0.0378656020735733
11202	38	-0.081668152419148
11202	39	0.0695266407220743
11202	40	-0.0233125019538392
11202	41	-0.0414071503835984
11202	42	-0.0126680182321337
11202	43	-0.0212930957380166
11202	44	-0.110838872979521
11202	45	0.0648704552340647
11202	46	-0.0872022675571955
11202	47	0.0820552147552647
11202	48	0.0798231215937193
11202	49	-0.0872017574357358
11202	50	-0.160400043720628
11202	51	0.0456859994615542
11202	52	-0.0966370667442433
11202	53	0.0661979676513837
11202	54	0.0156459690895119
11202	55	0.00368734964338557
11202	56	0.013904004593293
11202	57	0.158225075791215
11202	58	0.0286173297078562
11202	59	0.0845064307715546
11202	60	0.131550992059559
11202	61	-0.0365735999137726
11202	62	-0.0266262670551001
11202	63	0.141190504118804
11202	64	-0.0629790849331542
11202	65	-0.0279640725483787
11202	66	0.156187960640246
11202	67	0.101734564521578
11202	68	-0.0523974473681079
11202	69	-0.127898726629745
11202	70	-0.0507575247656362
11202	71	0.00719323744876021
11202	72	0.146069487506509
11202	73	-0.0132215934795781
11202	74	-0.107042122131361
11203	1	0.0281669781543457
11203	2	0.0824849420567304
11203	3	0.0221546580592005
11203	4	0.0258424593578503
11203	5	0.0900037019277811
11203	6	0.188836537620745
11203	7	0.197935126485589
11203	8	0.180915821239815
11203	9	0.0455340611039716
11203	10	0.210815999308146
11203	11	0.0955395190036512
11203	12	0.0741253575256167
11203	13	-0.0767345073084087
11203	14	0.144517751156954
11203	15	0.0578327949688457
11203	16	0.165939166876917
11203	17	0.0587639937462967
11203	18	0.177457558833389
11203	19	0.0356659260728591
11203	20	0.0524414103827979
11203	21	0.135333599872936
11203	22	0.0929689863763983
11203	23	0.151103336387003
11203	24	0.164597938148368
11203	25	0.121336033574813
11203	26	0.140403458768354
11203	27	0.161430216128437
11203	28	0.111566501035107
11203	29	0.10559888250075
11203	30	0.0519637017731256
11203	31	0.190973553238138
11203	32	0.207853650428248
11203	33	0.100897315790981
11203	34	0.21123259853514
11203	35	0.0347943870842258
11203	36	0.0796118867953197
11203	37	0.135084172114475
11203	38	0.0247431230700954
11203	39	0.0267181883397711
11203	40	-0.0107770317791136
11203	41	0.105770528127699
11203	42	0.141596660269741
11203	43	0.0911973370647061
11203	44	0.0604921965098484
11203	45	-0.0116712210003627
11203	46	0.054561051062322
11203	47	0.231797529356925
11203	48	0.0299802581687558
11203	49	-0.0562398648326479
11203	50	0.0466362811767382
11203	51	0.109078018979247
11203	52	0.0695786726770677
11203	53	0.0409504538027932
11203	54	0.206969222131967
11203	55	-0.0400514523549944
11203	56	-0.0195841963989594
11203	57	0.12540723091417
11203	58	0.00794278506619861
11203	59	0.137462517413198
11203	60	0.01029669854573
11203	61	0.198119776215606
11203	62	0.119056146418586
11203	63	0.0758205259701086
11203	64	0.230192228106311
11203	65	0.0971342333365186
11203	66	0.0964727002670855
11203	67	0.186046381133231
11203	68	0.120892501088356
11203	69	0.0371161100790474
11203	70	0.121603657495982
11203	71	-0.0355661163883951
11203	72	0.0573261910426197
11203	73	0.0946321322392123
11203	74	0.126463209680907
11204	1	0.176607137348409
11204	2	-0.0174252838812521
11204	3	-0.0897158194570764
11204	4	-0.15996506558049
11204	5	-0.0561841961068126
11204	6	-0.22980904730143
11204	7	-0.104564441781584
11204	8	-0.0871147256700979
11204	9	-0.0606428162087624
11204	10	-0.167974252362427
11204	11	-0.129059628604153
11204	12	-0.0580435495377998
11204	13	-0.196498379114743
11204	14	-0.203056569506508
11204	15	-0.0885983235421435
11204	16	-0.13049676331287
11204	17	-0.229503155933827
11204	18	-0.19643717218058
11204	19	-0.220493484186697
11204	20	-0.106386701949468
11204	21	-0.0913203323232636
11204	22	-0.0873479516557722
11204	23	-0.163080174451139
11204	24	-0.0110529897146776
11204	25	-0.2167381875594
11204	26	-0.110005797583391
11204	27	-0.120658737970786
11204	28	-0.216287318844643
11204	29	-0.108682312008398
11204	30	-0.0823748110358267
11204	31	-0.0212313689115362
11204	32	-0.130106013202443
11204	33	-0.160351268718571
11204	34	-0.038964548468897
11204	35	-0.00412906240171651
11204	36	-0.0744753469196766
11204	37	-0.114218513585456
11204	38	0.0246029703746871
11204	39	0.0207095171772025
11204	40	-0.206564473414595
11204	41	-0.0549257384421793
11204	42	0.0605576670851775
11204	43	0.0680797919825977
11204	44	-0.0905609908916531
11204	45	-0.202872691592816
11204	46	-0.135558812276507
11204	47	0.0742325690607117
11204	48	-0.00983471841713879
11204	49	-0.14881959921734
11204	50	-0.0495154345258371
11204	51	-0.151992575496308
11204	52	-0.108975178264124
11204	53	-0.0776398996756882
11204	54	-0.0444449767583208
11204	55	-0.0646215249729778
11204	56	-0.107571750729747
11204	57	-0.38198963567082
11204	58	-0.137042657871127
11204	59	0.0442065616218983
11204	60	0.000634852869197289
11204	61	-0.0350998477623108
11204	62	-0.107393819180793
11204	63	-0.114687763145731
11204	64	0.00709527772342966
11204	65	0.0185990439179591
11204	66	-0.0136545076167209
11204	67	-0.00958317572821699
11204	68	-0.143925435265231
11204	69	-0.00890515871449793
11204	70	0.0151350753681712
11204	71	0.0220163430409812
11204	72	0.0985030405996028
11204	73	-0.104815280495309
11204	74	-0.27263201550128
11205	1	-0.105231696394583
11205	2	0.00656535862260199
11205	3	-0.0386305093459853
11205	4	0.00418195054524872
11205	5	-0.033191874103899
11205	6	0.0363528987469266
11205	7	0.0199514880023628
11205	8	0.0290878512589288
11205	9	0.0432586192370366
11205	10	-0.0534121849238787
11205	11	-0.00729373616846374
11205	12	0.0370682172054373
11205	13	-0.0177125892711842
11205	14	-0.0668037080943193
11205	15	0.11910606854552
11205	16	0.0427732756164048
11205	17	0.0890993561465763
11205	18	-0.0438316039076341
11205	19	0.0621414870434265
11205	20	0.0964305957519542
11205	21	-0.0235386444233612
11205	22	-0.000723182025829772
11205	23	-0.0231297354165534
11205	24	0.00213539889741554
11205	25	0.0825084830866132
11205	26	0.0275258144476354
11205	27	0.0607619963059349
11205	28	-0.0596190644584809
11205	29	0.0110337474728013
11205	30	0.120016951044747
11205	31	0.0438952768401109
11205	32	0.146536891265747
11205	33	0.085476077170469
11205	34	-0.0945303091975589
11205	35	0.0228845444213235
11205	36	0.133662787459535
11205	37	0.0187501516625872
11205	38	0.0347160425155479
11205	39	0.0146550812166453
11205	40	0.0271354751257533
11205	41	0.0527137936922841
11205	42	0.0356555099524556
11205	43	-0.0431546831985514
11205	44	0.0366313986439621
11205	45	-0.0149800336325683
11205	46	0.162290615829782
11205	47	0.016929945051622
11205	48	0.0794242204786073
11205	49	-0.00668228378765434
11205	50	0.237419254432126
11205	51	0.0399673679438948
11205	52	-0.121510383790095
11205	53	-0.0247254880432806
11205	54	-0.085712941484843
11205	55	0.0279095646117753
11205	56	0.115805342417687
11205	57	0.0300343551261335
11205	58	0.0576334128236269
11205	59	-0.0408122157521831
11205	60	-0.0357079658209614
11205	61	0.0939173460394258
11205	62	0.0131898305790585
11205	63	0.0301504359176121
11205	64	0.0573828425410738
11205	65	0.125135359889704
11205	66	0.21471120854897
11205	67	0.0990368718033068
11205	68	0.0400834838896245
11205	69	0.019298053836863
11205	70	0.0468244384328429
11205	71	0.00608015139479789
11205	72	-0.071153211997121
11205	73	-0.041596485424293
11205	74	0.0806827353289989
11206	1	-0.142031446829542
11206	2	-0.15514001691475
11206	3	-0.204532955226775
11206	4	-0.0808655078022973
11206	5	-0.0362703119035892
11206	6	-0.0915951796036225
11206	7	-0.112457727776565
11206	8	-0.0461358245197232
11206	9	-0.0343948254517983
11206	10	-0.214812232894261
11206	11	-0.0945956401976602
11206	12	-0.156330890296516
11206	13	-0.086929279988432
11206	14	-0.0945375160269109
11206	15	0.00243197724675781
11206	16	-0.0651357364980782
11206	17	-0.131301287192272
11206	18	-0.16656963326102
11206	19	0.052087051616013
11206	20	-0.0753032414011727
11206	21	-0.0787706020600751
11206	22	-0.111929785975661
11206	23	0.103902766073901
11206	24	-0.0800117857646114
11206	25	-0.0904104092223079
11206	26	0.0315520258114219
11206	27	-0.0172184207928936
11206	28	0.0346948217499801
11206	29	-0.0727470817167841
11206	30	-0.206428677583048
11206	31	-0.050904130253528
11206	32	-0.114189041596553
11206	33	-0.047082217464812
11206	34	0.0460168264389011
11206	35	0.0852243979479681
11206	36	0.0992429593518978
11206	37	0.0865958705299548
11206	38	0.0567196716669187
11206	39	0.0759584810844203
11206	40	0.162938038038078
11206	41	0.136585310480619
11206	42	0.103239170331406
11206	43	0.058379547576088
11206	44	-0.00131517687192684
11206	45	-0.0251215424030207
11206	46	0.0124676447247296
11206	47	-0.0166460920987603
11206	48	0.0619750435528559
11206	49	0.01809120773774
11206	50	0.0421934129556263
11206	51	0.0607875589051687
11206	52	-0.137006410155941
11206	53	-0.0649218331469754
11206	54	-0.000258507706590194
11206	55	0.0485972749736803
11206	56	0.0589499929945205
11206	57	0.113222697208791
11206	58	0.0896728454501456
11206	59	0.0126390525829976
11206	60	-0.0941491830701864
11206	61	0.0424061317984652
11206	62	-0.0670611711097422
11206	63	-0.0250723702617179
11206	64	0.025563436259084
11206	65	0.0134280752320777
11206	66	-0.033457535949168
11206	67	0.0869711409143932
11206	68	0.0780756839153582
11206	69	-0.0394861984698522
11206	70	0.131587674064725
11206	71	0.091259366117491
11206	72	0.125477035917861
11206	73	-0.0894691242066941
11206	74	0.120470174024433
11207	1	-0.513840093494331
11207	2	-0.0710118715285439
11207	3	-0.0754941874723905
11207	4	-0.132073426299563
11207	5	-0.115545612994982
11207	6	-0.039924110485785
11207	7	-0.144307529408664
11207	8	-0.0777353829676315
11207	9	-0.198589147447329
11207	10	-0.0697841300493991
11207	11	-0.0915407998722202
11207	12	-0.132048335498276
11207	13	-0.111968853873805
11207	14	-0.124634544810633
11207	15	-0.165576077639734
11207	16	-0.151511119206219
11207	17	-0.0656942152931208
11207	18	-0.177505126590034
11207	19	-0.0666752857409705
11207	20	-0.212530849353342
11207	21	-0.157666256138882
11207	22	-0.24414985384643
11207	23	-0.119133765014936
11207	24	-0.210550139145724
11207	25	-0.0902193144271095
11207	26	-0.132392588279458
11207	27	-0.130369824208863
11207	28	-0.0210458438781558
11207	29	-0.0587239621906051
11207	30	-0.165371264971782
11207	31	-0.131002958914692
11207	32	-0.19367684866468
11207	33	-0.22624589939047
11207	34	-0.0702286265286958
11207	35	-0.0475781878804256
11207	36	-0.126299086178804
11207	37	0.0994527660416722
11207	38	0.0686948006854848
11207	39	0.0545352555085827
11207	40	-0.0505388168132441
11207	41	0.0135035540408666
11207	42	0.0510640066844772
11207	43	0.0419869290018795
11207	44	-0.00400585625800431
11207	45	0.0607171341234221
11207	46	0.15145149785581
11207	47	0.0492467889807457
11207	48	0.051877525624306
11207	49	0.0668036750642074
11207	50	0.0975831495566837
11207	51	-0.058490802838314
11207	52	0.0011100584216166
11207	53	0.0270936770069525
11207	54	0.128481123835876
11207	55	0.0581018806928242
11207	56	0.138741282372301
11207	57	0.0332068110521249
11207	58	0.203325314906508
11207	59	0.0335299817291528
11207	60	0.0355139433120826
11207	61	-0.00256893484466048
11207	62	0.106948687786698
11207	63	0.0882726134207772
11207	64	0.196565108294422
11207	65	0.0189118844361715
11207	66	-0.00128968135066998
11207	67	-0.0947783231486383
11207	68	-0.0204627541386273
11207	69	0.00181176663657112
11207	70	0.00617717602256107
11207	71	-0.0557437741078601
11207	72	0.0597782382225205
11207	73	0.0435586628745739
11207	74	0.269158865684545
11208	1	-0.424019198619209
11208	2	0.122790875348915
11208	3	0.107037564553849
11208	4	0.00276523608066981
11208	5	0.0617796637397809
11208	6	0.0147008358864511
11208	7	0.119299209594615
11208	8	0.098018877697136
11208	9	0.0890177918695301
11208	10	0.140975574704903
11208	11	0.0342201207029262
11208	12	0.190128701440479
11208	13	0.112158426822837
11208	14	0.232326326408902
11208	15	0.141784981915869
11208	16	0.113830939470169
11208	17	0.21839536205038
11208	18	0.0277529242865171
11208	19	0.0944311731846739
11208	20	0.133451753308663
11208	21	0.0640643602951982
11208	22	0.158987170453983
11208	23	0.059784985627175
11208	24	0.0355396157953862
11208	25	0.0496126028578345
11208	26	0.00696009940739373
11208	27	0.0789463836897966
11208	28	0.094273860215317
11208	29	0.0882885259157788
11208	30	0.0957981533392527
11208	31	0.144736433112925
11208	32	0.0920210454097088
11208	33	0.0508785216748748
11208	34	0.164936939359762
11208	35	0.1789244608537
11208	36	0.0539208589420994
11208	37	0.0522503136321433
11208	38	0.134107037008583
11208	39	-0.00974617134787081
11208	40	-0.00398805365083632
11208	41	0.013998752120095
11208	42	0.00431602177622636
11208	43	0.0463815439907336
11208	44	-0.00264459746877321
11208	45	0.0237852185000307
11208	46	0.0288964043898474
11208	47	0.0488191179123234
11208	48	0.185791091050476
11208	49	-0.0752356406620791
11208	50	0.142078090390164
11208	51	0.0953560930629038
11208	52	0.0987058824655165
11208	53	0.134490564333312
11208	54	0.202883027454469
11208	55	0.14830555421473
11208	56	0.122202391934614
11208	57	0.241421081442994
11208	58	0.037909132932505
11208	59	0.0884865587340968
11208	60	0.125987558632644
11208	61	0.0620320484744425
11208	62	0.0387371732619499
11208	63	0.0274055252443119
11208	64	0.135050709429223
11208	65	0.143894640195214
11208	66	0.0283110369680699
11208	67	0.0450805487023729
11208	68	0.0837758162920821
11208	69	0.117697992622986
11208	70	0.137485578863206
11208	71	0.0348550095949847
11208	72	-0.0103045359174416
11208	73	0.0221678178041529
11208	74	0.176828551981728
11209	1	0.118620067413698
11209	2	-0.266712513522716
11209	3	-0.0939006662683433
11209	4	-0.231145231238035
11209	5	-0.0895214015307282
11209	6	-0.283910168645278
11209	7	-0.166915833322626
11209	8	-0.153812097335774
11209	9	-0.143860428378815
11209	10	-0.155060898201327
11209	11	-0.196637663117386
11209	12	-0.201748379393386
11209	13	-0.0699977232369378
11209	14	-0.194271407357618
11209	15	-0.161220944838774
11209	16	-0.111698374917729
11209	17	-0.277253641133946
11209	18	-0.275158404076009
11209	19	-0.18562306675495
11209	20	-0.16210934613899
11209	21	-0.109040377456893
11209	22	-0.261459154021409
11209	23	-0.175002137560305
11209	24	-0.139017703421132
11209	25	-0.254238094153706
11209	26	-0.187970273529892
11209	27	-0.173199610604136
11209	28	-0.137270721162324
11209	29	-0.0745121315893584
11209	30	-0.122358969430145
11209	31	-0.102058202906861
11209	32	-0.200060288567869
11209	33	-0.290074590863604
11209	34	-0.143863965821161
11209	35	-0.090542168273501
11209	36	-0.0754916499967848
11209	37	0.00260759401059829
11209	38	0.178279983815344
11209	39	0.108924822656199
11209	40	0.0830544129314887
11209	41	0.0455928992128989
11209	42	0.0253620089042315
11209	43	0.082708349645614
11209	44	0.122794920656538
11209	45	0.0890800642011129
11209	46	-0.066341232443861
11209	47	-0.0605936660691953
11209	48	0.10741026702275
11209	49	-0.0853203537926177
11209	50	0.00930346032249929
11209	51	-0.0150460192645099
11209	52	-0.0127925497914845
11209	53	0.0453830776728807
11209	54	0.0978346199513069
11209	55	0.14847091509904
11209	56	-0.014882469015042
11209	57	0.0218749575560082
11209	58	-0.00851273677180586
11209	59	0.117172769967517
11209	60	-0.00860945152679449
11209	61	-0.0198969992513085
11209	62	-0.0914948443163581
11209	63	0.148533544790361
11209	64	-0.0106492847321391
11209	65	0.102058900051198
11209	66	0.0831318495591589
11209	67	0.0976405744046644
11209	68	0.0984481155318377
11209	69	0.167609992800656
11209	70	0.172649607790994
11209	71	0.191219303603525
11209	72	0.0524969297571189
11209	73	0.0285922125517928
11209	74	0.0758870890375221
11210	1	0.125007337000739
11210	2	-0.10459417942522
11210	3	-0.0431555192901278
11210	4	-0.178542370618267
11210	5	-0.123014715374982
11210	6	-0.0132413462291581
11210	7	-0.0867499463340025
11210	8	-0.263251453093034
11210	9	-0.169065046462975
11210	10	-0.104018726639978
11210	11	-0.0857102886616374
11210	12	-0.077796049494772
11210	13	-0.105121638611131
11210	14	-0.00224694488731103
11210	15	-0.146093375262424
11210	16	-0.230824124287722
11210	17	-0.208387512485345
11210	18	-0.0439633765488381
11210	19	-0.141862823784983
11210	20	-0.18700011652065
11210	21	-0.196139182256999
11210	22	-0.165910454882905
11210	23	-0.114932294036002
11210	24	-0.020444910679899
11210	25	-0.0741671474740286
11210	26	-0.161825215493579
11210	27	-0.149960815387693
11210	28	-0.0835247157913344
11210	29	-0.167989380733552
11210	30	-0.0909619265760071
11210	31	-0.125237151944525
11210	32	-0.127287473074048
11210	33	-0.0656967877285766
11210	34	-0.147683503392223
11210	35	0.0135683954733636
11210	36	0.119467002067722
11210	37	0.00615133197932494
11210	38	-0.0480513331903012
11210	39	0.0853591670372751
11210	40	0.0110817523162083
11210	41	0.0322916252494778
11210	42	0.0601946344801121
11210	43	-0.109539290962601
11210	44	-0.0287437128068078
11210	45	0.0163460536316151
11210	46	-0.0453138826083048
11210	47	0.0802426965180771
11210	48	0.0316220839981085
11210	49	-0.0799240552248435
11210	50	-0.0886163780555052
11210	51	-0.0245737800062358
11210	52	0.0997916485021761
11210	53	0.0678057365055835
11210	54	-0.0329387195414128
11210	55	0.131545217476656
11210	56	0.0284291621148682
11210	57	-0.0099135599435769
11210	58	-0.124450601243332
11210	59	0.00675916155692136
11210	60	0.0234989563304353
11210	61	-0.151547576279008
11210	62	0.0125258054845503
11210	63	-0.0755593010524436
11210	64	0.113754093519638
11210	65	0.0641623794357855
11210	66	0.0092096064010363
11210	67	-0.030925623613129
11210	68	0.0500202181736142
11210	69	-0.0350590048683443
11210	70	0.127463342410408
11210	71	0.0325942420747438
11210	72	-0.062266569138373
11210	73	-0.0240821821958477
11210	74	0.0314002814744683
11211	1	-0.0278626108310291
11211	2	-0.138777056706491
11211	3	-0.155072189142729
11211	4	-0.13069815934562
11211	5	-0.121060196619098
11211	6	-0.395797485293464
11211	7	-0.252286660465302
11211	8	-0.29529908223634
11211	9	-0.279839228575632
11211	10	-0.208118294627248
11211	11	-0.299132642800863
11211	12	-0.174181392341886
11211	13	-0.27138446779059
11211	14	-0.207218810188309
11211	15	-0.236690373069344
11211	16	-0.287895126605925
11211	17	-0.196381242566019
11211	18	-0.272185103696124
11211	19	-0.217901791820211
11211	20	-0.229263821542496
11211	21	-0.14868506840444
11211	22	-0.259940198768518
11211	23	-0.15641705542108
11211	24	-0.12500992633732
11211	25	-0.151399624543991
11211	26	-0.159225214798468
11211	27	-0.182335564712567
11211	28	-0.168726524475382
11211	29	-0.0969196365698934
11211	30	-0.127588960215995
11211	31	-0.216765045091755
11211	32	-0.240258212291977
11211	33	-0.0734860850735899
11211	34	-0.195336836632869
11211	35	-0.251703828158391
11211	36	0.0626255811748067
11211	37	-0.0849022135739332
11211	38	0.000115043954153293
11211	39	-0.0176198898702111
11211	40	-0.0637578706190709
11211	41	0.0293748187691492
11211	42	-0.023130137843097
11211	43	0.11999642678424
11211	44	0.042181030530223
11211	45	0.06052785048918
11211	46	-0.0701248764105813
11211	47	0.0454753965700121
11211	48	-0.00459507864970021
11211	49	0.0754202805030317
11211	50	0.073198041362609
11211	51	0.0751622032993993
11211	52	0.0845659407745529
11211	53	0.164804461320678
11211	54	-0.03628218148625
11211	55	0.137940816267054
11211	56	-0.0281690817733562
11211	57	0.0149603124526863
11211	58	0.00547522693285885
11211	59	0.0264739961550333
11211	60	-0.0016219435854623
11211	61	0.145072190565216
11211	62	0.0608553875187567
11211	63	0.123247220174534
11211	64	0.00131860099467218
11211	65	-0.0271816977946173
11211	66	-0.0550985741757017
11211	67	0.0329509073914309
11211	68	-0.0439989979044242
11211	69	-0.214293007396194
11211	70	0.00529708124617656
11211	71	-0.113513536114993
11211	72	-0.088313216458225
11211	73	0.0540420375294985
11211	74	0.103899422819026
11212	1	0.261523111275046
11212	2	0.0387915674592278
11212	3	0.0635333547476797
11212	4	0.0712769809588139
11212	5	0.171860021893579
11212	6	0.0415238315971749
11212	7	0.227729559748212
11212	8	0.165102281242632
11212	9	0.0796269924714821
11212	10	0.148821750795413
11212	11	0.0947950559969968
11212	12	0.205263165929424
11212	13	0.0990826184172562
11212	14	0.0960417255444526
11212	15	0.139441800451671
11212	16	0.222911804214696
11212	17	0.137741652695247
11212	18	0.136777707895732
11212	19	0.161179285961445
11212	20	0.205856220024906
11212	21	0.12240468826618
11212	22	0.199402000751405
11212	23	0.111732064172131
11212	24	0.0946715914513874
11212	25	0.177982454490007
11212	26	0.0865682012443614
11212	27	0.0124449215934632
11212	28	0.14379270533729
11212	29	0.050836560338432
11212	30	0.145269422521793
11212	31	0.0760319923906891
11212	32	0.101244797444977
11212	33	0.129860029784318
11212	34	0.213155021087253
11212	35	0.0951433643957387
11212	36	-0.069987489413883
11212	37	0.105500297751583
11212	38	0.0309961994568653
11212	39	0.0943317375875168
11212	40	0.100621854066681
11212	41	0.0408199238645253
11212	42	-0.00105790519071292
11212	43	-0.00630714445019009
11212	44	-0.012123923169213
11212	45	-0.0504807710341311
11212	46	0.0480343966050896
11212	47	-0.0231288573709563
11212	48	0.00882387290852193
11212	49	0.0790100546107695
11212	50	-0.0710472477562618
11212	51	-0.0304267090565489
11212	52	-0.0668057240131148
11212	53	-0.0377178986943534
11212	54	-0.00117942459402087
11212	55	0.050522269901137
11212	56	0.0428434495549652
11212	57	-0.109606103587417
11212	58	0.0379722469218606
11212	59	0.0339815320797214
11212	60	0.152373886573251
11212	61	0.2123838879224
11212	62	-0.0761919440109438
11212	63	-0.00459564171718796
11212	64	0.00763172414903579
11212	65	0.120569731879222
11212	66	0.039149130042091
11212	67	0.00233798425608001
11212	68	0.031978958641588
11212	69	-0.0200330349876054
11212	70	0.0532204718321339
11212	71	0.140975931307501
11212	72	-0.0283325999968653
11212	73	-0.151888304644828
11212	74	0.133534221743595
11301	1	1.26390990275075
11301	2	0.464441115618005
11301	3	0.327588308912471
11301	4	0.249701924710145
11301	5	0.169990329583829
11301	6	0.185384484353321
11301	7	0.163123093786368
11301	8	0.142546283067745
11301	9	0.139111720501887
11301	10	0.203026973016151
11301	11	0.204836461617816
11301	12	0.127803166389477
11301	13	0.142655793147519
11301	14	0.26949217272022
11301	15	0.175490591012732
11301	16	0.176861127976608
11301	17	0.133300499918889
11301	18	0.186954910853188
11301	19	0.274720175457787
11301	20	0.164107512545392
11301	21	0.225876244368187
11301	22	0.11381864492467
11301	23	0.230078376101055
11301	24	0.203264625570704
11301	25	0.245736870463602
11301	26	0.142290802168695
11301	27	0.138865076167001
11301	28	0.262395292600537
11301	29	0.157679592605859
11301	30	0.221553570527817
11301	31	0.20049174462234
11301	32	0.152589664641198
11301	33	0.237795871020445
11301	34	0.0687165792152911
11301	35	0.146359054268281
11301	36	0.105317513079349
11301	37	0.127544039957726
11301	38	0.20283463492342
11301	39	0.239641292936021
11301	40	0.155344845878766
11301	41	0.179490634658649
11301	42	0.0865548489066512
11301	43	0.232880493410192
11301	44	0.15627752143223
11301	45	0.133397303448014
11301	46	0.230519714918195
11301	47	0.168411718044645
11301	48	0.133962753730508
11301	49	-0.0193167643833903
11301	50	0.158801951291842
11301	51	0.157376697528413
11301	52	0.0804334149462704
11301	53	0.0631737761288989
11301	54	0.0894539543646005
11301	55	0.0503679282379963
11301	56	0.127021139769809
11301	57	0.128226530780239
11301	58	0.109254224609565
11301	59	0.233919280171293
11301	60	0.196119424547987
11301	61	0.13893748584303
11301	62	0.117775353751533
11301	63	0.059141915452571
11301	64	0.0793233683016368
11301	65	-0.0261822867430226
11301	66	0.0254221094019513
11301	67	0.099124745347666
11301	68	0.160510668246651
11301	69	0.0644186132467794
11301	70	0.00395659867245257
11301	71	0.118029396307556
11301	72	-0.0435653995856597
11301	73	0.150825516154505
11301	74	-0.109761522548091
11302	1	0.403949290186024
11302	2	0.0921933823799215
11302	3	0.0821910181930825
11302	4	-0.0212010633502686
11302	5	0.0438407249062465
11302	6	0.0408192156617204
11302	7	0.0264153341827367
11302	8	0.0891237219619825
11302	9	0.0698338932037785
11302	10	0.172125347211804
11302	11	0.178069470691305
11302	12	0.0982259860020989
11302	13	0.0787677266179401
11302	14	-0.0195855370162619
11302	15	0.0778664406797276
11302	16	0.0585591104431913
11302	17	0.0450854361556523
11302	18	0.0678104666590329
11302	19	0.094475596861507
11302	20	0.0564243883237339
11302	21	0.0786084527139934
11302	22	-0.0368444627139368
11302	23	0.0160364389943837
11302	24	0.155105119329534
11302	25	0.0252761061199607
11302	26	0.0901272552829511
11302	27	-0.0355471425190785
11302	28	-0.0415753888600179
11302	29	0.057019193389749
11302	30	-0.0328056488887327
11302	31	0.113895432582041
11302	32	-0.0033818170107125
11302	33	-0.0419751895119944
11302	34	0.13153910942895
11302	35	0.169387081346066
11302	36	-0.038634544837798
11302	37	0.0417027546151942
11302	38	0.00349615129565706
11302	39	-0.063039816478252
11302	40	0.132973340963623
11302	41	0.121014751993236
11302	42	0.0765490608460055
11302	43	0.0484200383761646
11302	44	0.00891537325206571
11302	45	0.0676505604282625
11302	46	-0.0589701241366924
11302	47	0.0757774128943893
11302	48	-0.0440903638643064
11302	49	0.000691696433783306
11302	50	-0.00254040044674753
11302	51	-0.0260877929962433
11302	52	-0.0601811409375088
11302	53	0.00341405924545057
11302	54	-0.0729751590663881
11302	55	0.0902402418738717
11302	56	0.0833025673767693
11302	57	0.0404000425681659
11302	58	0.00256322026802991
11302	59	0.0452558978526554
11302	60	0.0628141389573571
11302	61	-0.00448163556514913
11302	62	0.0474159822338152
11302	63	-0.00409354253717709
11302	64	-0.0926347802783738
11302	65	0.182322335115572
11302	66	0.0974664756892523
11302	67	0.0228714657787208
11302	68	-0.0733788446924564
11302	69	0.0543760912855049
11302	70	0.0853337504721381
11302	71	0.094050920284964
11302	72	0.0721127244785151
11302	73	0.00757741033386594
11302	74	0.127555050936678
11303	1	0.0742731233717144
11303	2	0.082666081759136
11303	3	0.0878515652576759
11303	4	0.0579748947255361
11303	5	0.110618803629514
11303	6	0.167155651222615
11303	7	-0.0121130423747431
11303	8	0.018897215226346
11303	9	-0.0206164898228991
11303	10	0.0443913818929431
11303	11	0.057913307135351
11303	12	0.145896006061363
11303	13	0.0535311563103988
11303	14	0.0660702243362294
11303	15	0.223780596544607
11303	16	0.112524802657411
11303	17	-0.0938593143254636
11303	18	0.0476472602998044
11303	19	0.0679271983780012
11303	20	0.0670530815527997
11303	21	0.0421916443427293
11303	22	0.108343351030214
11303	23	0.057429878835265
11303	24	0.1177901414083
11303	25	-0.0384128972639814
11303	26	0.113788104424408
11303	27	0.0727134717491325
11303	28	0.0636394251251247
11303	29	0.0644238949276215
11303	30	-0.0865150848874663
11303	31	0.0115601068990543
11303	32	0.0800537642496622
11303	33	0.138931091989704
11303	34	0.0420021695015222
11303	35	0.196833649379549
11303	36	0.135813800658241
11303	37	-0.0590176123462527
11303	38	-0.0696516297004166
11303	39	0.0777880000912106
11303	40	0.0626807387521353
11303	41	-0.000851386207862959
11303	42	0.0714476407990361
11303	43	0.114268301182747
11303	44	-0.0432459326866237
11303	45	0.0934096966910687
11303	46	0.0931306357144805
11303	47	0.1057759411974
11303	48	0.16553141000945
11303	49	0.182761324552843
11303	50	0.0439881328793419
11303	51	0.072941709145077
11303	52	0.077280923876323
11303	53	0.0507866868808264
11303	54	0.0404217149427666
11303	55	-0.0225478961224894
11303	56	0.125711494950195
11303	57	0.0612860968611102
11303	58	0.130222688954817
11303	59	0.0395476482731354
11303	60	0.0390272207803832
11303	61	0.012320339274126
11303	62	0.119214682495084
11303	63	0.0436830010160847
11303	64	0.156539850656642
11303	65	0.0412123392046411
11303	66	0.0159763204286065
11303	67	0.0783443201481333
11303	68	0.14767189440348
11303	69	0.0463978715885318
11303	70	0.0765770006443915
11303	71	0.0523410128747912
11303	72	0.0775076896729843
11303	73	0.0659847728927403
11303	74	-0.0640988293831128
11304	1	0.0960005020167785
11304	2	-0.0700949466172958
11304	3	-0.0780627587935463
11304	4	-0.0676077911790145
11304	5	-0.0298036678090732
11304	6	-0.122102414718491
11304	7	-0.0414312128983738
11304	8	-0.0695382434403626
11304	9	0.0438251753252743
11304	10	-0.0964925723646317
11304	11	-0.0549124089015578
11304	12	-0.109856308945183
11304	13	-0.116646258502335
11304	14	-0.0154091711392255
11304	15	-0.112273456166314
11304	16	-0.0886418115523355
11304	17	-0.110641662297034
11304	18	-0.178570016247541
11304	19	-0.0953368089990931
11304	20	-0.0433496771288233
11304	21	-0.123723922109136
11304	22	-0.0670626378930876
11304	23	-0.0900592294523719
11304	24	-0.100878722927071
11304	25	-0.10975858282066
11304	26	-0.131149389018482
11304	27	-0.0174255942968884
11304	28	-0.15821923385522
11304	29	-0.177596717879595
11304	30	-0.161469668241509
11304	31	-0.109128210669596
11304	32	-0.146207824587506
11304	33	-0.154548789402448
11304	34	-0.00271279618061726
11304	35	0.0489206063814436
11304	36	-0.229659433356041
11304	37	-0.107479328862368
11304	38	-0.0754489572734514
11304	39	-0.149259900989264
11304	40	-0.116591016272594
11304	41	-0.0624272227514311
11304	42	-0.317573590777599
11304	43	-0.158863141371882
11304	44	-0.135762575276793
11304	45	-0.0965229856236789
11304	46	-0.0680488763538847
11304	47	-0.232749396314489
11304	48	-0.147089933699853
11304	49	-0.0565100653255612
11304	50	-0.184336213933392
11304	51	-0.0745387645762037
11304	52	-0.177440138252798
11304	53	-0.386491384677292
11304	54	-0.127819162236001
11304	55	-0.123421899031833
11304	56	-0.137933321334629
11304	57	-0.130232498537161
11304	58	-0.0991228672895232
11304	59	-0.175864455588645
11304	60	-0.0288954246456825
11304	61	-0.214823700773835
11304	62	-0.166988227737399
11304	63	-0.341799544115652
11304	64	-0.116240376229193
11304	65	-0.132356821793095
11304	66	-0.102567201316141
11304	67	-0.159807400659197
11304	68	-0.260296066761427
11304	69	-0.0879127923022835
11304	70	-0.135155532976995
11304	71	-0.258187882076143
11304	72	-0.105677935248544
11304	73	-0.122415515529184
11304	74	0.0589464163666875
11305	1	-0.0491890218590001
11305	2	-0.484930815676446
11305	3	-0.254690823204371
11305	4	-0.151741889422112
11305	5	-0.0809323021561639
11305	6	-0.170877319327744
11305	7	-0.200068021683421
11305	8	-0.218844152047204
11305	9	-0.202753066488242
11305	10	-0.245833667177408
11305	11	-0.236347203376653
11305	12	-0.1676526624234
11305	13	-0.185724139088641
11305	14	-0.110050699959807
11305	15	-0.174012939103008
11305	16	-0.274743795358653
11305	17	-0.253040639087523
11305	18	-0.161784858137054
11305	19	-0.117364578006338
11305	20	-0.293484000135514
11305	21	-0.286830449351022
11305	22	-0.131347167200659
11305	23	-0.206490652473519
11305	24	-0.126370928446626
11305	25	-0.236368318295312
11305	26	-0.296921773064547
11305	27	-0.141415763565284
11305	28	0.00262306772400933
11305	29	-0.194467232641749
11305	30	-0.112727809232503
11305	31	-0.235197443208939
11305	32	-0.2064947727795
11305	33	-0.278824328166138
11305	34	-0.190964215669759
11305	35	-0.133236374936423
11305	36	0.0137231561983171
11305	37	-0.0765459814749505
11305	38	0.0524497674298914
11305	39	-0.082419482333691
11305	40	0.0762852418590683
11305	41	-0.118710540266953
11305	42	0.0367584571318105
11305	43	0.129455053650716
11305	44	0.0552054523007044
11305	45	-0.056861286439954
11305	46	-0.119041751814514
11305	47	-0.108341927321646
11305	48	-0.165590641355827
11305	49	-0.103978449803378
11305	50	-0.140284497502137
11305	51	-0.0669466851912546
11305	52	-0.0356546474607384
11305	53	-0.0320974994636316
11305	54	0.0244370061888191
11305	55	-0.0694716487189453
11305	56	-0.0222881293924004
11305	57	0.0644568110521249
11305	58	-0.00683646603700794
11305	59	-0.20376065005636
11305	60	-0.142680780448217
11305	61	-0.0239557287234575
11305	62	0.117491848596899
11305	63	-0.075865319485608
11305	64	0.0533207440458696
11305	65	-0.113574213097444
11305	66	-0.054544413564301
11305	67	-0.123381979745723
11305	68	-0.158221844079883
11305	69	-0.145638344228175
11305	70	0.0485697049293918
11305	71	-0.0973585879439014
11305	72	-0.102167530655485
11305	73	-0.00824274385640678
11305	74	-0.293194729508286
11306	1	-0.256780162373587
11306	2	-0.00696101794390813
11306	3	-0.223979121890075
11306	4	-0.0836368653947765
11306	5	-0.106116632442678
11306	6	-0.255199458192777
11306	7	-0.128808595305394
11306	8	-0.0966283095596552
11306	9	-0.308720245999623
11306	10	-0.080864610414622
11306	11	-0.165651940014165
11306	12	-0.249700317669728
11306	13	-0.158982016590237
11306	14	-0.174415212089791
11306	15	-0.235678713734629
11306	16	-0.118044054355153
11306	17	-0.195418238482674
11306	18	-0.188761122689314
11306	19	-0.248524866416673
11306	20	-0.144687479319096
11306	21	-0.215454157694793
11306	22	-0.117910540689742
11306	23	-0.125815889914414
11306	24	-0.192876461852947
11306	25	-0.310166546826188
11306	26	-0.0620458820696754
11306	27	0.00575012998910296
11306	28	-0.141056482196532
11306	29	-0.188906941817287
11306	30	-0.0952002121554472
11306	31	-0.159169035619065
11306	32	-0.145336511679972
11306	33	-0.0534913375644663
11306	34	-0.135044728713815
11306	35	-0.281181370345486
11306	36	-0.0453991920013479
11306	37	-0.0475402059613614
11306	38	-0.0454047587706796
11306	39	-0.0273432096044885
11306	40	-0.0499823857934345
11306	41	0.0497848694610497
11306	42	-0.00365401075323746
11306	43	0.0399567465730257
11306	44	0.147899812149369
11306	45	-4.8746644480957e-06
11306	46	0.000484573150842493
11306	47	0.115817074701603
11306	48	-0.033717381090824
11306	49	0.00792203555394622
11306	50	0.050643998309333
11306	51	-0.00494743343575976
11306	52	0.055994512203128
11306	53	0.0251201821295481
11306	54	-0.0412710921189969
11306	55	-0.132091799518989
11306	56	-0.000688325087118358
11306	57	-0.00159806980433075
11306	58	0.0180268354479693
11306	59	-0.0364590285599036
11306	60	0.0484280736042209
11306	61	0.14629068809181
11306	62	-0.0593856821585206
11306	63	-0.0744063002315087
11306	64	-0.0862588828084796
11306	65	0.075859479147347
11306	66	-0.0674228652833975
11306	67	-0.131307103505236
11306	68	0.0440773291035157
11306	69	-0.0378080293397431
11306	70	-0.0180906454220349
11306	71	-0.014523685109836
11306	72	-0.0204078530491998
11306	73	0.115143576027137
11306	74	0.239896917225465
11307	1	0.903062635439124
11307	2	-0.108931911950375
11307	3	-0.101279343601135
11307	4	-0.10850235986911
11307	5	-0.189928363817849
11307	6	-0.246080765774707
11307	7	-0.0971069079057685
11307	8	-0.217236254980108
11307	9	-0.183069107255427
11307	10	-0.233498437607103
11307	11	-0.147136194128777
11307	12	-0.212414603733222
11307	13	-0.136391382721492
11307	14	-0.113270503455283
11307	15	-0.203281276489619
11307	16	-0.257286606745701
11307	17	-0.279151747653003
11307	18	-0.165805961123795
11307	19	-0.285628163727054
11307	20	-0.238926902821447
11307	21	-0.156639615209137
11307	22	-0.273177033963854
11307	23	-0.27586105101549
11307	24	-0.145588083472589
11307	25	-0.211320263236473
11307	26	-0.0830806273952831
11307	27	-0.247504035954414
11307	28	-0.0721026919640408
11307	29	-0.124550845007533
11307	30	-0.311785580692039
11307	31	-0.18453472442669
11307	32	-0.171071922627661
11307	33	-0.0614559469056672
11307	34	-0.151451530623419
11307	35	-0.148509177605973
11307	36	0.0358744492231367
11307	37	-0.0443908304600598
11307	38	0.0184544448690218
11307	39	-0.0569568973607133
11307	40	-0.104389002508704
11307	41	0.137358364913872
11307	42	0.037608783519417
11307	43	-0.019437396229435
11307	44	-0.108861673890679
11307	45	-0.0726917061853172
11307	46	-0.0244950360144642
11307	47	-0.0308238639748097
11307	48	-0.06164541411394
11307	49	-0.119948146691385
11307	50	-0.056604491269816
11307	51	-0.185349413030558
11307	52	-0.199541638687549
11307	53	-0.0157855957290352
11307	54	-0.0328922641501279
11307	55	0.0854923356523116
11307	56	-4.89280884110599e-05
11307	57	0.029934707265646
11307	58	-0.0396584121074426
11307	59	0.024599592979925
11307	60	-0.0322303568270144
11307	61	0.0348255775464708
11307	62	-0.0566787362041836
11307	63	-0.163514289012078
11307	64	0.0471220730288948
11307	65	-0.0724581289826318
11307	66	-0.0661758884093402
11307	67	-0.0583763839502893
11307	68	-0.0702687937139288
11307	69	-0.0215996714090139
11307	70	0.00293074721574271
11307	71	-0.047959590439234
11307	72	0.0168399193200912
11307	73	0.0045047743258948
11307	74	0.209027466799554
11308	1	0.6821537157773
11308	2	0.233154419430665
11308	3	0.232987691051875
11308	4	0.248800277090961
11308	5	0.209945414552585
11308	6	0.204875284064556
11308	7	0.120538033190805
11308	8	0.20488772601415
11308	9	0.182995306052554
11308	10	0.215570174413507
11308	11	0.221022308512147
11308	12	0.241318383920976
11308	13	0.261436948426564
11308	14	0.342023988894582
11308	15	0.242128023634066
11308	16	0.331959892881272
11308	17	0.220859096129601
11308	18	0.20672258590848
11308	19	0.261480635971552
11308	20	0.179612123642343
11308	21	0.136826602999996
11308	22	0.230716503637424
11308	23	0.190886024881081
11308	24	0.175720630962907
11308	25	0.295603956692787
11308	26	0.229448031173035
11308	27	0.180151203637415
11308	28	0.199763640755435
11308	29	0.14927387485109
11308	30	0.277943622172209
11308	31	0.0584183659893895
11308	32	0.132645388015113
11308	33	0.218707118798982
11308	34	0.290517811834391
11308	35	0.309056312644543
11308	36	0.140404576418305
11308	37	0.0410824367778915
11308	38	0.0809057699788625
11308	39	0.0871009232851279
11308	40	-0.0324801782634836
11308	41	-0.00888823286257434
11308	42	-0.0496851609070887
11308	43	0.0464033181990686
11308	44	0.307684857763455
11308	45	0.0708725170313045
11308	46	0.0280770065498501
11308	47	0.166983627129298
11308	48	0.13578085888053
11308	49	0.083938803791284
11308	50	0.0271175114729019
11308	51	0.34505829965758
11308	52	0.155584422882299
11308	53	0.0902510467185067
11308	54	0.236897827127493
11308	55	0.16279035655505
11308	56	0.237183950827806
11308	57	0.163091615937503
11308	58	0.0488316309304437
11308	59	0.127439073651367
11308	60	0.101709595407279
11308	61	0.0555880245541971
11308	62	0.0657884480529844
11308	63	-0.0456249086324334
11308	64	0.0321479392831634
11308	65	-0.0861520973836463
11308	66	0.00582150798942394
11308	67	0.0628100119165254
11308	68	-0.0317845155541931
11308	69	0.0707076425498272
11308	70	-0.0290865354787115
11308	71	-0.00774729619999448
11308	72	0.206220961796326
11308	73	-0.0466682777619241
11308	74	-0.120034468121119
11309	1	0.0608089754722876
11309	2	0.0315357448620155
11309	3	0.052734992954047
11309	4	0.0843700569222499
11309	5	0.103771336914146
11309	6	0.141339867541099
11309	7	-0.0468581919272779
11309	8	0.0553200599792447
11309	9	0.0984007940670111
11309	10	0.0978005978601999
11309	11	0.0192633893225107
11309	12	-0.0347216971938096
11309	13	0.169739061731939
11309	14	0.164793454970727
11309	15	0.163028829871848
11309	16	0.195351198083031
11309	17	0.0329135049049256
11309	18	0.0860707829211762
11309	19	0.161112747018286
11309	20	0.0923885620550067
11309	21	0.117807345602934
11309	22	0.0850321098869955
11309	23	0.101365765824404
11309	24	0.0944051425556438
11309	25	0.102304519389804
11309	26	0.0789146106036611
11309	27	0.030452499411787
11309	28	0.208852842472005
11309	29	-0.0784398125329133
11309	30	0.0572366419795358
11309	31	-0.0169522235167534
11309	32	0.0183503182426463
11309	33	0.0428581631764331
11309	34	0.0633402455726468
11309	35	0.0631445814428417
11309	36	-0.160397613230074
11309	37	0.06974711973821
11309	38	0.0804659979284281
11309	39	0.0812961845993172
11309	40	-0.0754125303435984
11309	41	0.00711959596325329
11309	42	0.0137953351709257
11309	43	0.00624903834000179
11309	44	0.0309117624748865
11309	45	0.00985083254661134
11309	46	-0.0657370348606534
11309	47	-0.0337594191204715
11309	48	0.0565489447537502
11309	49	-0.0777651550772376
11309	50	-0.0433500924675414
11309	51	-0.065549921666566
11309	52	-0.108205143562792
11309	53	0.0515193207584304
11309	54	0.0190381039601917
11309	55	-0.264148450307744
11309	56	0.0146491696429649
11309	57	0.0332020824725916
11309	58	0.0837607535582237
11309	59	-0.0206633436215569
11309	60	0.0555672280295951
11309	61	0.174256289058611
11309	62	0.0112813899688362
11309	63	-0.0496357505434091
11309	64	-0.0813155186296726
11309	65	0.0408497831203221
11309	66	0.0226508319379235
11309	67	-0.0650736250021708
11309	68	-0.103763900933089
11309	69	-0.12891322648376
11309	70	0.0888393795940345
11309	71	-0.015352054432249
11309	72	0.124752777701858
11309	73	-0.0437862014182144
11309	74	-0.122342850911089
11310	1	-0.62499996440113
11310	2	-0.0930835193784887
11310	3	-0.0421077681219018
11310	4	-0.0730765411790166
11310	5	-0.0224400950478802
11310	6	0.00206969349046915
11310	7	-0.0849713248386763
11310	8	-0.0735960792612573
11310	9	-0.0298280429583073
11310	10	-0.140312535051194
11310	11	-0.195234237259768
11310	12	-0.0355326149153328
11310	13	-0.157317900293378
11310	14	-0.149778340915347
11310	15	0.034898885251593
11310	16	-0.0586044981195002
11310	17	-0.120518061550769
11310	18	-0.0720285050535097
11310	19	-0.0242313985513363
11310	20	-0.0454427275019569
11310	21	-0.0151534930046608
11310	22	-0.0666836733408545
11310	23	-0.0771103022135691
11310	24	-0.0587495251658794
11310	25	-0.0656296182684244
11310	26	-0.0926290998393782
11310	27	-0.0993635607147993
11310	28	-0.0486926480343257
11310	29	-0.117912716013926
11310	30	-0.118267709286286
11310	31	-0.0951415035800451
11310	32	-0.236564634289003
11310	33	-0.156385309924836
11310	34	-0.16447818797166
11310	35	-0.0759278077976617
11310	36	0.0293449905373677
11310	37	0.0213434805779897
11310	38	-0.00888457599560155
11310	39	0.00257349664997264
11310	40	-0.0276219065103547
11310	41	-0.0980696537710841
11310	42	-0.0309161710725121
11310	43	-0.04033677582796
11310	44	-0.0184646914819524
11310	45	0.0562761330709165
11310	46	-0.0559094833159861
11310	47	0.165260266936542
11310	48	-0.110018743817868
11310	49	0.0477671588672735
11310	50	-0.0336178795627191
11310	51	-0.0251401713332271
11310	52	-0.127362488648906
11310	53	-0.0274606148887315
11310	54	0.0624844567793943
11310	55	0.0801297013676319
11310	56	-0.0254864978762868
11310	57	0.0442915234886314
11310	58	0.000190815627746588
11310	59	0.0250577326763448
11310	60	-0.06869025957117
11310	61	-0.200353120386104
11310	62	-0.124661729890214
11310	63	-0.0484073358142965
11310	64	-0.106119526087497
11310	65	-0.106969261984482
11310	66	-0.122240108290619
11310	67	-0.026396154116874
11310	68	0.00233974243680279
11310	69	-0.096834814989478
11310	70	-0.128360963476709
11310	71	0.066821200721904
11310	72	-0.114227594630982
11310	73	-0.118023154418069
11310	74	-0.20541633060494
11311	1	0.639407148718284
11311	2	0.156937741283574
11311	3	0.147863863173793
11311	4	0.0892971641418612
11311	5	0.116092157693792
11311	6	0.145999298486409
11311	7	0.12951765769585
11311	8	0.116825833817536
11311	9	0.0508980562496575
11311	10	0.16956129719901
11311	11	0.0336510694014791
11311	12	0.108010490283696
11311	13	0.206390466887775
11311	14	0.0905658279514299
11311	15	0.104778873574098
11311	16	0.0876688568764408
11311	17	0.175833354980504
11311	18	0.0815324971804472
11311	19	0.116633497874332
11311	20	0.136686575402187
11311	21	0.186514992982339
11311	22	0.161036104786689
11311	23	0.114430810195039
11311	24	0.163213690715516
11311	25	0.138912864976909
11311	26	0.0539352406358447
11311	27	0.124173578805916
11311	28	0.25519329327355
11311	29	0.120577015403626
11311	30	0.059536794166192
11311	31	0.0599271017205254
11311	32	0.0886746274900432
11311	33	0.134731858535766
11311	34	0.0809859925726144
11311	35	0.0574793560934808
11311	36	-0.113630449056878
11311	37	-0.0315882508583059
11311	38	0.00541613841910049
11311	39	-0.0598738496871292
11311	40	-0.0475423346198696
11311	41	-0.0877086386043828
11311	42	-0.15799978529347
11311	43	0.116108686212783
11311	44	0.000223671558053695
11311	45	-0.0218298304083788
11311	46	-0.00124805607180889
11311	47	0.0444311111683149
11311	48	0.00163635640692661
11311	49	-0.0542927382236726
11311	50	-0.14119976188163
11311	51	0.0337523428786639
11311	52	0.0589185918226462
11311	53	0.0225373014357615
11311	54	-0.192017957424248
11311	55	-0.202786093485749
11311	56	-0.0687482609172676
11311	57	0.123498390075838
11311	58	-0.0623801966871653
11311	59	0.00763975353629576
11311	60	-0.224172890312033
11311	61	0.000626186072274493
11311	62	0.120695936458304
11311	63	-0.183139569509834
11311	64	-0.1101690675548
11311	65	-0.0783979740564646
11311	66	-0.0254473696771313
11311	67	0.0931461314002462
11311	68	-0.0761993714852807
11311	69	-0.1114692612786
11311	70	0.0217841276940121
11311	71	-0.0802614529561438
11311	72	-0.144234314816529
11311	73	-0.0488395185389621
11311	74	0.180149315463581
11312	1	0.232728400983483
11312	2	0.244302297929202
11312	3	0.204256414570406
11312	4	0.328546054974829
11312	5	0.186952933798274
11312	6	0.322995174259695
11312	7	0.0960142520844016
11312	8	0.113182766892585
11312	9	0.217016908964773
11312	10	0.237307657256494
11312	11	0.186184031971003
11312	12	0.16598180816159
11312	13	0.210759022783549
11312	14	0.236261322546191
11312	15	0.193690952559287
11312	16	0.0500493480343494
11312	17	0.110695880756921
11312	18	0.30764697571572
11312	19	0.255311870679435
11312	20	0.188096935959578
11312	21	0.304978718533803
11312	22	0.191134836274536
11312	23	0.249722630478736
11312	24	0.21818557098797
11312	25	0.219977352885422
11312	26	0.231956236699084
11312	27	0.166609996977513
11312	28	0.247521294273362
11312	29	0.288247139755306
11312	30	0.137657771482949
11312	31	0.151847679112265
11312	32	0.26525026955715
11312	33	0.253861084305932
11312	34	0.313154023566803
11312	35	0.169661134510029
11312	36	-0.000950007153257104
11312	37	-0.052702839790399
11312	38	0.0322554474471062
11312	39	0.095879189117781
11312	40	0.0556587438278058
11312	41	-0.00916368036163817
11312	42	-0.0711402753392534
11312	43	0.00332183218196747
11312	44	0.017465703605744
11312	45	-0.0539973214217184
11312	46	0.0417676486068217
11312	47	0.109269279321616
11312	48	0.0765334548440251
11312	49	0.0425634027796278
11312	50	0.0116614742406185
11312	51	0.0794843366731683
11312	52	0.0593617400744364
11312	53	0.0575963710834202
11312	54	-0.00711243097227765
11312	55	0.0451040551034438
11312	56	-0.152586883771541
11312	57	0.0715405641718974
11312	58	0.0885889111983502
11312	59	0.109940592486531
11312	60	-0.0336492698678725
11312	61	-0.151154587415185
11312	62	-0.0121354648805507
11312	63	-0.108350015094487
11312	64	-0.163339384349321
11312	65	-0.105861695087441
11312	66	-0.0354164133675638
11312	67	-0.0425284057707742
11312	68	-0.0786756952879273
11312	69	-0.0374654091057351
11312	70	-0.00760749384028969
11312	71	-0.0559006724615827
11312	72	-0.0357026400523637
11312	73	-0.0390800509085523
11312	74	0.116568410312418
11401	1	-0.330027035069826
11401	2	-0.0812424764453574
11401	3	-0.0866425800519934
11401	4	-0.163428459872026
11401	5	-0.0667564419323803
11401	6	-0.133062810308921
11401	7	-0.126303961616792
11401	8	-0.135630653729343
11401	9	-0.0812587515449295
11401	10	-0.118328302528397
11401	11	-0.164292937867671
11401	12	-0.207687820082505
11401	13	-0.222971395734106
11401	14	-0.175057358772492
11401	15	-0.276291511784876
11401	16	-0.0204206075419933
11401	17	-0.0444233617027407
11401	18	-0.0999611608285846
11401	19	-0.253994886393279
11401	20	-0.0873250888241444
11401	21	-0.132471597108001
11401	22	-0.121094530103768
11401	23	-0.233425604265243
11401	24	-0.0151111323087321
11401	25	-0.145781356490303
11401	26	-0.275281312985271
11401	27	-0.213589909498992
11401	28	-0.101853267335237
11401	29	0.0132529849739171
11401	30	-0.276424529195097
11401	31	-0.0208598261484312
11401	32	-0.100434790064078
11401	33	-0.0807952168397321
11401	34	-0.289129118822721
11401	35	-0.0197134270985728
11401	36	-0.0316171436343495
11401	37	-0.0618958431694523
11401	38	-0.0391340866834184
11401	39	-0.0267574941494217
11401	40	-0.107110864236859
11401	41	-0.0314291864972134
11401	42	-0.0451455236392775
11401	43	-0.120096974326891
11401	44	-0.0954616246118576
11401	45	0.030609974980699
11401	46	-0.113006436480717
11401	47	-0.132983603176115
11401	48	-0.00768699785950844
11401	49	0.0918977243118135
11401	50	-0.220002325889794
11401	51	0.0779803841242526
11401	52	-0.00857093398310127
11401	53	0.033163773715664
11401	54	-0.00910216005952691
11401	55	0.0462647292302236
11401	56	-0.0519525979727007
11401	57	-0.0517768681005606
11401	58	-0.0387383012763465
11401	59	-0.000972129431993096
11401	60	-0.0964083394389306
11401	61	0.00757414491167907
11401	62	0.00598353208699365
11401	63	0.0315452702626118
11401	64	0.0653550923563557
11401	65	-0.00845802848830601
11401	66	0.0589412621080001
11401	67	-0.00657601448843081
11401	68	-0.137466281286365
11401	69	-0.0662822078948224
11401	70	0.0661145345598655
11401	71	-0.0832807643777684
11401	72	0.0844391569767708
11401	73	0.00684711500991142
11401	74	0.103510812238113
11402	1	-0.125929791953741
11402	2	0.127368728770382
11402	3	-0.0266237341195641
11402	4	-0.0446537771493993
11402	5	-0.0230779433526358
11402	6	0.00698432229015822
11402	7	-0.0179665021574564
11402	8	0.00303827381745947
11402	9	-0.0437721071632922
11402	10	-0.0332112587456592
11402	11	0.0065206828493487
11402	12	-0.0833733690073046
11402	13	0.0585238767915826
11402	14	0.0906563702109224
11402	15	0.130798692831483
11402	16	0.0772587131041931
11402	17	-0.0413974701633961
11402	18	0.061982967082109
11402	19	0.0348184358212293
11402	20	0.0475933086437976
11402	21	-0.139626773402163
11402	22	-0.0328180385980588
11402	23	-0.102065546270467
11402	24	0.0496505868762114
11402	25	-0.0449411074539228
11402	26	-0.00906001127741263
11402	27	0.135449255925884
11402	28	0.18208421771002
11402	29	0.018331377419436
11402	30	0.13847856409641
11402	31	0.108921544451917
11402	32	-0.0328983005010031
11402	33	0.0879623493697892
11402	34	-0.0291209929209941
11402	35	-0.0163683037056899
11402	36	-0.0940810800702963
11402	37	-0.109142568643925
11402	38	-0.0789925055092908
11402	39	0.0657071796884807
11402	40	0.0761150849377117
11402	41	0.104603959720379
11402	42	-0.059494443806301
11402	43	0.00168127047211897
11402	44	-0.0196428780108135
11402	45	-0.0893487305101814
11402	46	0.0723353954100716
11402	47	-0.00965819691372616
11402	48	0.0827866907172137
11402	49	0.0586934363194871
11402	50	0.108837258810375
11402	51	0.238481901225477
11402	52	0.146634906291794
11402	53	0.0243304224780303
11402	54	0.0265539651849451
11402	55	-0.13172120555992
11402	56	0.0728576460935173
11402	57	0.21383891315913
11402	58	0.112679890684177
11402	59	0.0204146809878054
11402	60	0.045749784847871
11402	61	-0.199499030787386
11402	62	0.184688153025334
11402	63	0.117803835343636
11402	64	0.0754957265751557
11402	65	0.0932501790024531
11402	66	-0.0317164180719374
11402	67	0.10804278258162
11402	68	0.112354858056023
11402	69	0.0869497635652934
11402	70	-0.022569129289252
11402	71	0.0200220952276098
11402	72	0.06896541041516
11402	73	0.045235216598293
11402	74	-0.0448060331006488
11403	1	-0.580386937533373
11403	2	0.160626247651074
11403	3	0.089952041356721
11403	4	-0.00230615314465865
11403	5	0.0245230803915923
11403	6	0.120805647845245
11403	7	0.00217347639983956
11403	8	0.162474386180207
11403	9	-0.0462425642827142
11403	10	0.0659168646691413
11403	11	-0.0430886869201785
11403	12	-0.0672089782792966
11403	13	0.0907544129307567
11403	14	0.0934989450914472
11403	15	0.0749509789891079
11403	16	0.0568819181809417
11403	17	0.114510841265854
11403	18	0.0684838176592351
11403	19	0.0149384726032764
11403	20	0.0244975628995618
11403	21	0.0572736569154344
11403	22	-0.0361373601666628
11403	23	0.0666507782398895
11403	24	0.0231643656651244
11403	25	0.0233340940268221
11403	26	0.0201700724039355
11403	27	-0.041645634725981
11403	28	0.0371452839472965
11403	29	0.0713712369924693
11403	30	0.108178992171965
11403	31	-0.007824253030698
11403	32	-0.0127429078607122
11403	33	-0.0469018463311457
11403	34	0.0348416906739644
11403	35	0.0585579967368943
11403	36	-0.0763916699222946
11403	37	0.0483268282579488
11403	38	-0.0315408398745589
11403	39	0.0111451374792466
11403	40	-0.0949760271157203
11403	41	-0.0147691319628649
11403	42	0.0633394164422043
11403	43	0.000808069155752378
11403	44	-0.117898793611658
11403	45	-0.0789385738136943
11403	46	0.0605214194881469
11403	47	0.096003670043487
11403	48	-0.141636833815653
11403	49	-0.0387504535734351
11403	50	0.148350101341464
11403	51	-0.0121568204232503
11403	52	0.0445171999134644
11403	53	0.0287210602917085
11403	54	0.0484821990019313
11403	55	0.0110281243015606
11403	56	0.123721212605972
11403	57	-0.0907550563918491
11403	58	0.0478128276503966
11403	59	-0.0697885223036536
11403	60	0.0474126092600642
11403	61	-0.0284568162616736
11403	62	-0.0591522870116137
11403	63	-0.156398526793573
11403	64	-0.00204068428757154
11403	65	-0.039599184318547
11403	66	0.00131021411280585
11403	67	-0.0288072922209324
11403	68	0.202708761278146
11403	69	0.0147490011549962
11403	70	0.0682685627394193
11403	71	0.0092464382599573
11403	72	0.0588186642902713
11403	73	0.159786681138961
11403	74	0.352207937488096
11404	1	-0.0858396894922606
11404	2	-0.0641192056381072
11404	3	0.0152963871535121
11404	4	-0.0411395854277004
11404	5	-0.0603136331706011
11404	6	-0.133045421434602
11404	7	-0.0637095538787733
11404	8	-0.129528389913347
11404	9	0.0144559219566389
11404	10	-0.0802876008673152
11404	11	0.0404222785360986
11404	12	-0.00595902743052079
11404	13	-0.00957589948333037
11404	14	-0.0808535168468936
11404	15	-0.126919696411022
11404	16	0.0342215448128584
11404	17	-0.0431002684158983
11404	18	-0.110335701793076
11404	19	0.00442456033890437
11404	20	0.0471404602764949
11404	21	-0.141705551024103
11404	22	-0.144841423188971
11404	23	-0.0572507626732701
11404	24	-0.142526800884795
11404	25	0.0255752280762493
11404	26	-0.138456262911468
11404	27	0.0620242101438464
11404	28	-0.0317345551829717
11404	29	-0.100754168778202
11404	30	0.102550752135343
11404	31	-0.0307393227882216
11404	32	0.0283664486393107
11404	33	0.0511450983882469
11404	34	0.0871947438833445
11404	35	-0.11362873681751
11404	36	-0.064827346679543
11404	37	0.063526968033969
11404	38	0.0103594980848385
11404	39	-0.105028112483858
11404	40	0.0617836461645354
11404	41	0.142638712430546
11404	42	-0.0654720824112331
11404	43	-0.103429828554049
11404	44	-0.150851090025178
11404	45	-0.16517963991376
11404	46	0.0190060011156987
11404	47	-0.108941575982051
11404	48	-0.134299429706658
11404	49	0.00481825976088146
11404	50	-0.0313753807033805
11404	51	-0.155055037308372
11404	52	-0.00179582271947254
11404	53	0.0877611980326733
11404	54	0.0268890469556808
11404	55	-0.225028163661136
11404	56	-0.227155249293517
11404	57	-0.0418689299983157
11404	58	-0.0512258719848049
11404	59	0.00634334579878271
11404	60	-0.0568575265987548
11404	61	-0.0546727490877927
11404	62	-0.0632739835091414
11404	63	-0.0206376696487993
11404	64	-0.163021948867438
11404	65	-0.161420071069649
11404	66	-0.148871973451946
11404	67	-0.184951905907802
11404	68	-0.180246127581746
11404	69	-0.0599425031128362
11404	70	0.0237071184229691
11404	71	-0.148079550441096
11404	72	-0.0924566553596193
11404	73	-0.0238549094685752
11404	74	-0.220087774801115
11405	1	0.410263289002955
11405	2	-0.253534028739722
11405	3	0.0238969062373293
11405	4	-0.0505673426407718
11405	5	0.0188837122709025
11405	6	0.00670932354653786
11405	7	-0.0500537988074328
11405	8	-0.0646891409352719
11405	9	0.0253160987617562
11405	10	-0.0784902232770648
11405	11	-0.0654315990939693
11405	12	0.0283333993017294
11405	13	-0.0699830985312602
11405	14	0.0156071529272666
11405	15	0.0309627556460725
11405	16	0.0336812447719694
11405	17	0.0521907515249254
11405	18	0.108119234734239
11405	19	-0.0316321544584213
11405	20	-0.0304927562864989
11405	21	-0.0505224983110253
11405	22	0.0124345497768914
11405	23	-0.080366553465069
11405	24	-0.119672320019703
11405	25	0.0439376436959336
11405	26	0.100361707879891
11405	27	0.0295664678194427
11405	28	-0.0824616082866285
11405	29	-0.10863142221136
11405	30	0.0275012759960518
11405	31	0.0193676261256073
11405	32	0.0324053171527297
11405	33	-0.0113949152011656
11405	34	0.0692307001941401
11405	35	0.00608592117710316
11405	36	-0.11191311811637
11405	37	-0.0309283180158815
11405	38	-0.0503389025393943
11405	39	-0.048332301770742
11405	40	0.0345347425250253
11405	41	0.0229091538876389
11405	42	-0.0282720439751003
11405	43	0.0242405141966415
11405	44	0.0220526440652051
11405	45	-0.0728514215039553
11405	46	-0.0902290846335987
11405	47	0.00614948595697484
11405	48	-0.0412351895472369
11405	49	0.00504256182412632
11405	50	-0.0673335011426843
11405	51	-0.172381155396273
11405	52	-0.202811909388309
11405	53	-0.0204094366163474
11405	54	-0.115715561352857
11405	55	-0.128914310148332
11405	56	0.0515310888486411
11405	57	-0.0938625508946132
11405	58	0.0106070097246302
11405	59	-0.0557549404462208
11405	60	-0.0177820325030495
11405	61	0.00721903498426713
11405	62	-0.0829807175314414
11405	63	-0.0213172682208977
11405	64	-0.1789335799387
11405	65	0.050580218272323
11405	66	-0.0860388474083109
11405	67	0.118164362400947
11405	68	-0.0939411154538377
11405	69	-0.0661007306702146
11405	70	-0.0484047976314486
11405	71	-0.228192889159217
11405	72	-0.161419945495226
11405	73	-0.0278128152193062
11405	74	-0.0317735985559011
11406	1	-0.5493438125173
11406	2	0.0790668191222963
11406	3	0.0864385181810796
11406	4	0.0765052386482985
11406	5	0.0722512069536911
11406	6	0.0479009827369339
11406	7	0.194907501691937
11406	8	0.199838967834502
11406	9	0.0445679293729384
11406	10	0.0709732773506886
11406	11	0.0522515358956497
11406	12	0.0156913842997426
11406	13	0.18228178573488
11406	14	0.0139143837706825
11406	15	-0.0106889532491863
11406	16	0.0637463653027908
11406	17	0.151049098967285
11406	18	0.0140206020893459
11406	19	0.0730826713073753
11406	20	0.117641676932891
11406	21	0.0106694563673955
11406	22	0.101370315081439
11406	23	0.00651226941123184
11406	24	0.103216968162222
11406	25	-0.00408073188694402
11406	26	0.107576330890609
11406	27	0.135307014245953
11406	28	0.0575291435669314
11406	29	-0.0324357487847209
11406	30	0.158960754214498
11406	31	0.0856859836648525
11406	32	0.092628605506917
11406	33	0.0504466416057738
11406	34	0.0946846358117028
11406	35	0.107094415514737
11406	36	-0.048211319038522
11406	37	-0.0128570464627131
11406	38	-0.197117533997691
11406	39	-0.00541359868490332
11406	40	0.0260262799775646
11406	41	-0.0210049429512438
11406	42	-0.107408114754627
11406	43	0.0276087543336843
11406	44	-0.112080632129356
11406	45	0.0625844827341737
11406	46	0.0127771632194467
11406	47	0.0187540278094289
11406	48	-0.0192356271576983
11406	49	0.029206972037592
11406	50	-0.132544890517281
11406	51	-0.0432578085263842
11406	52	-0.123711019034438
11406	53	-0.133575695198751
11406	54	-0.114503139933326
11406	55	0.0316860515176671
11406	56	0.0439155743112991
11406	57	0.0225443142732473
11406	58	0.0359451085298446
11406	59	-0.0704573862342173
11406	60	0.0992730660870365
11406	61	0.0393265030889083
11406	62	-0.00361131823569849
11406	63	-0.043020339225663
11406	64	-0.0446778009497919
11406	65	-0.0353724030955291
11406	66	0.0977585137215868
11406	67	0.154228675093236
11406	68	-0.0424297249260661
11406	69	-0.0265051587144995
11406	70	0.122546342262197
11406	71	0.109291510859038
11406	72	0.029683844483408
11406	73	-0.0923515815820792
11406	74	-0.208182049260131
11407	1	-0.408835076189749
11407	2	-0.132517589500441
11407	3	-0.00343589312190318
11407	4	-0.0859004741058449
11407	5	-0.0858769598852795
11407	6	0.0132422036530713
11407	7	0.0199448336979131
11407	8	0.0154029044785773
11407	9	-0.110719176088388
11407	10	-0.148455319604039
11407	11	-0.124388200674403
11407	12	-0.0625016189803702
11407	13	-0.198171558829962
11407	14	-0.197444118354369
11407	15	-0.0930069836508451
11407	16	-0.0235435225097476
11407	17	-0.0954736001686527
11407	18	-0.0894637184681457
11407	19	-0.137658735949707
11407	20	-0.128575984615779
11407	21	-0.125868686094094
11407	22	-0.113155345088821
11407	23	-0.265490002416819
11407	24	-0.0223991694748236
11407	25	-0.100769989203378
11407	26	0.0186291572744466
11407	27	-0.0273424733164234
11407	28	-0.075070950879855
11407	29	0.0528031122381094
11407	30	-0.0453065812375044
11407	31	-0.0127958480922388
11407	32	-0.0482706810369677
11407	33	-0.102158302811013
11407	34	-0.239725901386294
11407	35	-0.070979891130996
11407	36	0.0417618799294885
11407	37	-0.177879723245432
11407	38	-0.146490727168043
11407	39	-0.0162769766690545
11407	40	0.0381834270511945
11407	41	0.00886292295399471
11407	42	0.0232640456404596
11407	43	0.101005238312361
11407	44	-0.0382140759697265
11407	45	0.0503645825067522
11407	46	0.0478456349808525
11407	47	-0.111405236730199
11407	48	-0.058971714734092
11407	49	0.0292379368483964
11407	50	0.0777740338574233
11407	51	-0.0670343361456744
11407	52	-0.0726360459804098
11407	53	-0.012156907332745
11407	54	0.0543868503648994
11407	55	0.0565485110005781
11407	56	-0.108877533365913
11407	57	0.115614556759098
11407	58	0.0504327459956286
11407	59	0.0195247649779446
11407	60	0.0670914457999885
11407	61	-0.0207106138078572
11407	62	-0.00608075390891827
11407	63	-0.0176319631129402
11407	64	0.0243982500995727
11407	65	0.038293261125645
11407	66	-0.136564898917598
11407	67	-0.0374350893309057
11407	68	0.0405005884257719
11407	69	-0.0736354491709292
11407	70	-0.068895207056066
11407	71	0.0715828783373453
11407	72	-0.048958055859643
11407	73	0.0284515559957867
11407	74	-0.052793348656671
11408	1	-0.558341859950449
11408	2	0.0703145735445254
11408	3	0.156748549540488
11408	4	0.0495132994384662
11408	5	0.0946424655976692
11408	6	0.0827752618545432
11408	7	0.193986924960846
11408	8	0.0602927539384197
11408	9	0.219404176869283
11408	10	0.0340897805061431
11408	11	0.104391113582253
11408	12	0.257712423176088
11408	13	0.127625964983288
11408	14	0.159159046314002
11408	15	0.0549999402836718
11408	16	0.0741641466278935
11408	17	0.0762510593393699
11408	18	0.0592434225727914
11408	19	0.0853353115529174
11408	20	0.113324250745841
11408	21	0.0700040100025561
11408	22	0.105372699453852
11408	23	0.155201934654919
11408	24	0.0355962797659615
11408	25	0.0771314457853052
11408	26	0.1428075105255
11408	27	0.0109706163100611
11408	28	0.102507106376258
11408	29	0.123616641945176
11408	30	0.151611876720132
11408	31	0.147888330521802
11408	32	0.274788237603538
11408	33	0.108267043222718
11408	34	0.0706492428623449
11408	35	0.00341198269953225
11408	36	0.051671406330648
11408	37	-0.038647913611797
11408	38	-0.0332289895792002
11408	39	0.17017326824012
11408	40	-0.122898578455896
11408	41	0.0347265713193821
11408	42	-0.0518239222869497
11408	43	0.178862916174616
11408	44	0.0298182714402699
11408	45	-0.0280171309414285
11408	46	-0.057995745239964
11408	47	0.0660535544045757
11408	48	0.118798264627799
11408	49	-0.0227331913503761
11408	50	0.0602787892446202
11408	51	0.0366603841621185
11408	52	0.207674158838024
11408	53	0.041288323539284
11408	54	0.138861993026516
11408	55	0.0776951655250642
11408	56	-0.15734712044204
11408	57	-0.0566457111533438
11408	58	0.129171398647323
11408	59	0.0018326342423336
11408	60	0.0886820406840201
11408	61	0.0379341215257298
11408	62	-0.122263036197282
11408	63	-0.0673878658410558
11408	64	-0.0566231690126173
11408	65	-0.0852203655812787
11408	66	0.0815546132981382
11408	67	0.0694465823335122
11408	68	0.20300094817393
11408	69	0.156129521008062
11408	70	0.0123479208173549
11408	71	0.0295189974367744
11408	72	-0.00301745202391857
11408	73	-0.0404297078311586
11408	74	0.290894256464895
11409	1	-0.749557277361067
11409	2	0.104410795318977
11409	3	0.0744463636238031
11409	4	0.210765062459579
11409	5	0.162391326149994
11409	6	0.158812206777469
11409	7	0.151433775324861
11409	8	0.281174464483627
11409	9	0.191688271943576
11409	10	0.07775139585641
11409	11	0.0940710059945218
11409	12	0.121224590726534
11409	13	0.0687041765668042
11409	14	0.190714747289888
11409	15	0.15202921282723
11409	16	0.216589696483936
11409	17	0.225988351981528
11409	18	0.0892162568025867
11409	19	0.111126072830515
11409	20	0.11609492325438
11409	21	0.243051867788473
11409	22	0.103763932444103
11409	23	0.121445694822405
11409	24	0.216827309462083
11409	25	0.212519336657991
11409	26	0.323017938692921
11409	27	0.166759062956501
11409	28	0.101227502210975
11409	29	-0.0158867680376318
11409	30	0.150985024769319
11409	31	0.169825853840237
11409	32	0.244813764116557
11409	33	0.259834730447203
11409	34	0.26389274927282
11409	35	0.265133491262027
11409	36	0.0478847647075611
11409	37	-0.134259815725216
11409	38	-0.00244072566230358
11409	39	-0.209677593748523
11409	40	-0.0506649627656302
11409	41	-0.092756020892871
11409	42	-0.0597562763688018
11409	43	-0.100749495869842
11409	44	0.0409279399144538
11409	45	-0.0111325606945627
11409	46	-0.150883418127947
11409	47	-0.00430095194282387
11409	48	-0.144073037321007
11409	49	0.0552892853066567
11409	50	0.0143474906796541
11409	51	0.0197453727811663
11409	52	0.155587023866744
11409	53	-0.0915471991450758
11409	54	0.0628282994306772
11409	55	-0.0152152749535546
11409	56	0.181750968663039
11409	57	-0.0910612412246437
11409	58	0.0348172153030788
11409	59	-0.0386634008729061
11409	60	-0.0413971670364504
11409	61	-0.102284112772665
11409	62	-0.0752318926252755
11409	63	-0.0845492514410395
11409	64	-0.00046706278894959
11409	65	-0.125646502688241
11409	66	-0.151361593177967
11409	67	-0.176153721602432
11409	68	0.00669151491340614
11409	69	-0.190251232665474
11409	70	-0.0528473963337888
11409	71	-0.188520871583798
11409	72	-0.0330126012815626
11409	73	0.124136299503206
11409	74	0.136203469421162
11410	1	-0.426478906552411
11410	2	0.11460745637385
11410	3	0.184750361453126
11410	4	0.0929656126436775
11410	5	0.159294254535283
11410	6	0.0492633570732224
11410	7	0.168222936039733
11410	8	0.129534004105963
11410	9	0.101378907275532
11410	10	0.113245186583612
11410	11	0.234885348954137
11410	12	0.192723917211552
11410	13	0.207068028946154
11410	14	0.0117709105588304
11410	15	0.167475167530981
11410	16	0.163767401026497
11410	17	0.186153540218243
11410	18	0.151489375690694
11410	19	0.0504121303221936
11410	20	0.137166914374824
11410	21	0.242759085787533
11410	22	0.216031448405793
11410	23	0.142528492774233
11410	24	0.319817410072027
11410	25	0.177981701119542
11410	26	0.138815497812111
11410	27	0.050121430643479
11410	28	0.170738205463032
11410	29	0.159175753638372
11410	30	0.150072761941857
11410	31	0.152912996470789
11410	32	0.114974672848049
11410	33	0.0688007095444618
11410	34	0.149539514854695
11410	35	0.121930506049431
11410	36	-0.0865572104075198
11410	37	-0.15131337957741
11410	38	0.0543668492251825
11410	39	-0.0147057975559974
11410	40	0.169149583022218
11410	41	0.0191133853859924
11410	42	-0.157373878959291
11410	43	-0.239687279142913
11410	44	-0.0595128492649977
11410	45	-0.160992039056339
11410	46	0.0521122341783098
11410	47	-0.0315432739580075
11410	48	-0.0267414528312742
11410	49	-0.0646914229750024
11410	50	-0.0375899320216249
11410	51	-0.0883125772270859
11410	52	0.0639898090873103
11410	53	-0.012100163353395
11410	54	-0.0746068692864412
11410	55	-0.0291800749230333
11410	56	-0.0988326104467703
11410	57	-0.0212673642793177
11410	58	-0.141652309109602
11410	59	-0.061433765657732
11410	60	-0.03376745996637
11410	61	-0.0608618900947206
11410	62	-0.0781215568079858
11410	63	-0.089154946644868
11410	64	-0.0618240967402173
11410	65	-0.0795422823465799
11410	66	-0.0875765240333308
11410	67	0.0528515949391775
11410	68	-0.0686750811484984
11410	69	-9.83393170628233e-06
11410	70	-0.165334739910222
11410	71	-0.0159635256319604
11410	72	-0.0772691719494105
11410	73	-0.107256339499216
11410	74	-0.0425794593617681
11411	1	0.314708255990862
11411	2	0.212432470508915
11411	3	0.365413147745485
11411	4	0.348864268871026
11411	5	0.319174336249034
11411	6	0.346316852581374
11411	7	0.337368906604198
11411	8	0.274451773115722
11411	9	0.35302127157464
11411	10	0.277456178460064
11411	11	0.396515397852824
11411	12	0.395035827536709
11411	13	0.329775510882605
11411	14	0.295260167737702
11411	15	0.213743560501804
11411	16	0.362631948919699
11411	17	0.198650907381676
11411	18	0.245493257873932
11411	19	0.326439733642161
11411	20	0.224481102252007
11411	21	0.221609564751802
11411	22	0.250547808623288
11411	23	0.207272191009949
11411	24	0.275205202732373
11411	25	0.311208827832495
11411	26	0.261902345636024
11411	27	0.297091167183453
11411	28	0.276293668687941
11411	29	0.244362813072819
11411	30	0.23206785681046
11411	31	0.186386397274838
11411	32	0.17277192221642
11411	33	0.256502708736548
11411	34	0.351861600393647
11411	35	0.117399313761972
11411	36	-0.185719617615561
11411	37	-0.0552324959724473
11411	38	-0.0491686482205225
11411	39	0.00183485544931727
11411	40	-0.0587344754293326
11411	41	0.0562672968175733
11411	42	0.0954847850713989
11411	43	4.24433990744433e-05
11411	44	-0.0210176357808933
11411	45	0.0752587946163388
11411	46	-0.0143332480324716
11411	47	0.128603298587109
11411	48	0.0434972717595343
11411	49	-0.0595696765434326
11411	50	-0.12981350179907
11411	51	0.00163569738393932
11411	52	-0.084031876185982
11411	53	-0.0003273606776375
11411	54	0.0594270664446555
11411	55	-0.0477418700792214
11411	56	-0.138158561983751
11411	57	0.0912978257024193
11411	58	-0.0408221245591349
11411	59	-0.0080419138675083
11411	60	-0.079833411099294
11411	61	0.0677879459752901
11411	62	0.0577120987482331
11411	63	-0.0670397961887588
11411	64	-0.111340345758194
11411	65	0.125611164727545
11411	66	-0.120231948523028
11411	67	-0.202644342512912
11411	68	0.0331634878099223
11411	69	0.0372778864141381
11411	70	-0.0458744824086281
11411	71	-0.0426279647963952
11411	72	-0.0164473529456544
11411	73	0.0252359996223319
11411	74	-0.0281871006656118
11412	1	-0.139285258795411
11412	2	0.112502506298711
11412	3	0.123915498902175
11412	4	0.231376407466581
11412	5	0.247286614414122
11412	6	0.225412549961497
11412	7	0.15578417741866
11412	8	0.275606798842574
11412	9	0.302471559656446
11412	10	0.197569566152715
11412	11	0.274097732266192
11412	12	0.229928963338992
11412	13	0.257110241166366
11412	14	0.213002944355537
11412	15	0.217350152651896
11412	16	0.244207766741297
11412	17	0.237789994318305
11412	18	0.231181732907366
11412	19	0.171099912584857
11412	20	0.244849844450641
11412	21	0.270960949245151
11412	22	0.389807638265623
11412	23	0.18979179757951
11412	24	0.164172432132844
11412	25	0.198259172645798
11412	26	0.126768414739253
11412	27	0.366269081309284
11412	28	0.305646258098101
11412	29	0.29662388340293
11412	30	0.305451369908596
11412	31	0.105844611450053
11412	32	0.344797644680149
11412	33	0.189088554352814
11412	34	0.230430460448204
11412	35	0.239930567860725
11412	36	0.045312082025653
11412	37	-0.123430715113791
11412	38	-0.0124030020892505
11412	39	-0.0922906643770318
11412	40	-0.0603813694818598
11412	41	0.074298945117917
11412	42	0.0109490070195903
11412	43	-0.000868458500633551
11412	44	-0.0685388760743564
11412	45	0.0117185639395601
11412	46	-0.0855194422483052
11412	47	-0.0322176834394412
11412	48	0.225286855174581
11412	49	0.0196103873807374
11412	50	-0.105546807325425
11412	51	-0.0322621942281387
11412	52	-0.167010208105047
11412	53	0.162520773377416
11412	54	0.097042898602794
11412	55	0.0789221669822453
11412	56	-0.0161974104878766
11412	57	-0.0571843016500893
11412	58	-0.207309414820934
11412	59	0.0822737557793474
11412	60	0.0599604059709122
11412	61	-0.0464408668498066
11412	62	0.0273790421423499
11412	63	0.00180306527835228
11412	64	-0.0983650720477414
11412	65	0.12148686863771
11412	66	-0.0542233332950772
11412	67	0.171232851225817
11412	68	-0.141303915707773
11412	69	-0.0606820024286776
11412	70	-0.148283922200775
11412	71	-0.125848017523367
11412	72	0.0217378495305027
11412	73	0.0195549415499698
11412	74	0.164916296914477
11501	1	-0.142846760388672
11501	2	-0.0563179630849753
11501	3	-0.150284555635643
11501	4	-0.120612554828703
11501	5	-0.0018345905132513
11501	6	-0.087141956839325
11501	7	-0.183669909485062
11501	8	0.0174503205188756
11501	9	0.0176313915873152
11501	10	-0.0225101120024576
11501	11	0.0364640725606762
11501	12	-0.109878185637207
11501	13	-0.160148607512141
11501	14	-0.0969217256258617
11501	15	-0.0257255708220541
11501	16	0.0780527023202211
11501	17	0.00669342846389043
11501	18	0.000135348464262108
11501	19	0.0003317427092
11501	20	-0.0656302675807439
11501	21	0.0677623530011999
11501	22	-0.0671742090224186
11501	23	-0.110635488866187
11501	24	-0.0111654169760627
11501	25	-0.0356030231328432
11501	26	0.0828362434640297
11501	27	-0.106172087189698
11501	28	0.0591802564178536
11501	29	0.0372598804041786
11501	30	-0.0646431558784428
11501	31	0.133193480617464
11501	32	-0.00249108399585651
11501	33	-0.111842751982365
11501	34	-0.098203052848902
11501	35	-0.141200973334492
11501	36	0.0968905576279155
11501	37	0.14410025335188
11501	38	0.276279152132453
11501	39	0.0656281162614007
11501	40	0.0746383459457718
11501	41	0.094775665051877
11501	42	-0.0140804143126232
11501	43	0.0180926179142205
11501	44	0.146586555594631
11501	45	0.0502383686261894
11501	46	-0.0617271929030068
11501	47	0.0993216927740406
11501	48	0.0854811539915374
11501	49	-0.0485543513239151
11501	50	-0.0765015123454589
11501	51	0.0262130179423323
11501	52	0.116341641709134
11501	53	0.0732405983923314
11501	54	-0.071490014152026
11501	55	0.205466870459773
11501	56	0.0513978040157497
11501	57	0.0729407517664526
11501	58	0.0588137727341476
11501	59	0.112935523122999
11501	60	0.0727327445280608
11501	61	-0.00763370206836811
11501	62	0.057244726208161
11501	63	0.154572174170227
11501	64	0.0868952469016051
11501	65	-0.0256551332377484
11501	66	0.166519720972005
11501	67	0.00442935602107042
11501	68	0.079262703781275
11501	69	0.0603198224743693
11501	70	-0.0451959437004277
11501	71	-0.0561861658545979
11501	72	0.0837075269220691
11501	73	-0.0469928598139191
11501	74	-0.00386883665114368
11502	1	0.327840944689779
11502	2	0.079750287439694
11502	3	0.140740243241734
11502	4	0.108670617911894
11502	5	0.13185677995212
11502	6	0.159171966217741
11502	7	0.13207412970678
11502	8	0.215040284375107
11502	9	0.103943263859875
11502	10	0.182272692221531
11502	11	0.0608026945584115
11502	12	0.141882157811942
11502	13	0.174926417888443
11502	14	0.0338509204482875
11502	15	0.140616214797049
11502	16	0.162631297335047
11502	17	0.0939705748128645
11502	18	0.191323767673765
11502	19	0.048779965085032
11502	20	0.099266079316223
11502	21	0.0754004842680658
11502	22	0.0908802471136951
11502	23	0.0619166864227978
11502	24	0.0767618384704889
11502	25	0.128866120367945
11502	26	0.101511525160625
11502	27	0.144457462012475
11502	28	0.0608243974202196
11502	29	0.0868813180769834
11502	30	0.157868654350082
11502	31	0.183161053238138
11502	32	0.159955252074631
11502	33	0.14918997416607
11502	34	0.0342434029374346
11502	35	0.0435324194750635
11502	36	0.18217047174187
11502	37	0.113121164061774
11502	38	0.134393423037999
11502	39	0.0766397527787817
11502	40	0.0923230679189828
11502	41	0.197242905686181
11502	42	0.112641701346156
11502	43	0.00192827548266905
11502	44	0.23243583024319
11502	45	0.107435937251608
11502	46	0.170027237400177
11502	47	0.19760406541733
11502	48	0.147223496382551
11502	49	0.0908239912831803
11502	50	0.288763870399933
11502	51	0.204266337590113
11502	52	0.155183938606143
11502	53	0.111703389160702
11502	54	0.0414504152748947
11502	55	0.22110164675977
11502	56	-0.0202364301877722
11502	57	0.16780419430922
11502	58	0.0954624915206992
11502	59	0.127331982526492
11502	60	0.192882257446605
11502	61	0.0243034072105601
11502	62	0.224126914636379
11502	63	0.169414295026684
11502	64	0.0687112434629711
11502	65	0.1177061988516
11502	66	0.211737765103095
11502	67	0.200235363761877
11502	68	0.0826427986388367
11502	69	0.121852911651843
11502	70	0.087168807974777
11502	71	0.157748614406714
11502	72	0.213384028378741
11502	73	0.200152672249473
11502	74	0.186356308653231
11503	1	0.969808801745263
11503	2	-0.176837471881182
11503	3	-0.136643643391011
11503	4	0.0988974115479309
11503	5	0.115968279772716
11503	6	0.113939255295278
11503	7	0.108432761096026
11503	8	0.0530712601718193
11503	9	0.0361828166129214
11503	10	0.107897345644894
11503	11	0.241472459008619
11503	12	0.149530288744515
11503	13	0.0593397961544184
11503	14	0.145096160116232
11503	15	0.152104465849014
11503	16	0.142081723624308
11503	17	0.276463179479009
11503	18	0.175087289259373
11503	19	0.187972023587164
11503	20	0.206549642205616
11503	21	0.17947362620955
11503	22	0.0957444247484887
11503	23	0.118501438681662
11503	24	0.160967856875743
11503	25	0.0817621504344856
11503	26	0.189423874909458
11503	27	0.298390240415451
11503	28	0.178455439066497
11503	29	0.145915296858341
11503	30	0.254958149612172
11503	31	0.131688561229787
11503	32	0.19376507731846
11503	33	0.0557372400841345
11503	34	0.269568558081446
11503	35	0.185963058276968
11503	36	0.211550084807868
11503	37	0.198238700663154
11503	38	0.0812095279893725
11503	39	0.171643562779053
11503	40	0.138085813665313
11503	41	-0.00817450174080392
11503	42	0.190096717365257
11503	43	0.151654466810889
11503	44	0.0990397501855966
11503	45	0.183731358021284
11503	46	0.0544684529991173
11503	47	0.113737708299297
11503	48	-0.058604098719421
11503	49	0.120554478664339
11503	50	0.0882078147232974
11503	51	0.12965274693132
11503	52	0.243764483579653
11503	53	0.09302304055565
11503	54	0.0301425026731224
11503	55	0.145078814323419
11503	56	0.153987380811678
11503	57	-0.0968558082354747
11503	58	0.120977380974637
11503	59	0.190470571695435
11503	60	0.0409201035767168
11503	61	0.1404081234787
11503	62	-0.0834622725900331
11503	63	0.099663693091415
11503	64	0.17114155960617
11503	65	0.171351207403987
11503	66	-0.0616701477288117
11503	67	0.0741915000140239
11503	68	0.0462519984415408
11503	69	0.0330963022058839
11503	70	0.0551636213498483
11503	71	0.00620578762646318
11503	72	-0.015225444594563
11503	73	0.273386309336253
11503	74	-0.0381141782660492
11504	1	0.103921365405846
11504	2	0.121293046601465
11504	3	0.101055569387377
11504	4	0.0575221271580304
11504	5	0.181388145950635
11504	6	0.140269744529817
11504	7	0.139428962837641
11504	8	0.15878838621758
11504	9	0.0913930154121516
11504	10	0.0883518580445752
11504	11	0.0451900853089029
11504	12	0.127437179071308
11504	13	0.14804587105035
11504	14	0.120453830112865
11504	15	0.0168695260273921
11504	16	0.127225123261347
11504	17	0.0801216702606666
11504	18	0.0687188733800497
11504	19	0.145153113326913
11504	20	-0.0944477502376628
11504	21	0.0071559214348369
11504	22	0.0382714932330188
11504	23	0.059569298287542
11504	24	0.0253093788801522
11504	25	0.112891806657338
11504	26	-0.126115261216512
11504	27	0.0449681718390238
11504	28	-0.00827934532460262
11504	29	-0.0182644815113235
11504	30	0.0970667144330903
11504	31	0.126453070009418
11504	32	0.0269497727265886
11504	33	0.00257760534984897
11504	34	0.0696073957328665
11504	35	0.176681578802189
11504	36	-0.0170026497619133
11504	37	-0.0536007431779311
11504	38	0.0522247394433322
11504	39	0.146997034637437
11504	40	-0.0938673609808163
11504	41	-0.0528512621217345
11504	42	-0.0300676972230391
11504	43	0.0363120449403738
11504	44	-0.133339681451602
11504	45	0.0660852527024289
11504	46	0.0676480773929384
11504	47	0.0300555015642345
11504	48	-0.217872751845178
11504	49	-0.0530266438130553
11504	50	0.0620558695620161
11504	51	-0.0238246968715785
11504	52	0.0188052763728948
11504	53	0.0384896255335931
11504	54	-0.00566189350696078
11504	55	-0.00824696348811216
11504	56	0.0710536977121663
11504	57	0.144362844462464
11504	58	-0.085299679116801
11504	59	0.0111510523253884
11504	60	-0.0820787536807757
11504	61	0.13319191338659
11504	62	-0.08167711721795
11504	63	0.00408734445624503
11504	64	0.0830246829428489
11504	65	-0.0549780855085658
11504	66	0.0801515466636573
11504	67	-0.00396658687900242
11504	68	-0.0221600465957366
11504	69	0.125768589388692
11504	70	-0.0838991888038265
11504	71	0.0141609362324644
11504	72	0.0810736307548154
11504	73	0.0242010751601427
11504	74	-0.145930282336089
11505	1	0.456323304104078
11505	2	-0.161550130275003
11505	3	-0.00783761787936044
11505	4	0.084188831170966
11505	5	0.0848189610516528
11505	6	0.116708516253674
11505	7	0.0796211787545715
11505	8	-0.005590554647533
11505	9	-0.031447669934586
11505	10	0.0177470005219291
11505	11	0.0601135214538502
11505	12	0.00301447904801933
11505	13	0.0183648161996146
11505	14	0.112832123286957
11505	15	-0.097596258253617
11505	16	0.0123845424841633
11505	17	-0.0614555054063217
11505	18	-0.0764136671986719
11505	19	0.0306481154623199
11505	20	-0.012930179217733
11505	21	-0.026762761330211
11505	22	-0.0779110190559038
11505	23	0.0415362516401885
11505	24	0.0142828926386471
11505	25	0.0460207758656068
11505	26	-0.024792429654326
11505	27	-0.0604894253393056
11505	28	0.0159663867303124
11505	29	0.042664757710476
11505	30	-0.00161666949109929
11505	31	0.012568953884923
11505	32	0.000322549056306798
11505	33	-0.00240705466971747
11505	34	-0.0463308986256266
11505	35	0.00468186476791033
11505	36	0.123011895074285
11505	37	0.0144301126334412
11505	38	0.0468077610178099
11505	39	-0.00115822934968435
11505	40	0.0121872619052183
11505	41	0.0986717135447819
11505	42	0.0504643597979069
11505	43	0.0125321016829574
11505	44	0.126436181464847
11505	45	0.0295419554135776
11505	46	0.0317056749292703
11505	47	0.0171872118556067
11505	48	-0.0970136120899312
11505	49	0.117818036319512
11505	50	0.0539641347592621
11505	51	0.00825389852080605
11505	52	0.0110397598884333
11505	53	0.0611725804467653
11505	54	0.116561605021396
11505	55	0.0480675795318604
11505	56	-0.00911072184938178
11505	57	0.0980958435882116
11505	58	0.0625047319806598
11505	59	-0.0444026119929148
11505	60	-0.0821428728099605
11505	61	0.0847321158036181
11505	62	-0.00343453474765454
11505	63	0.117031383075457
11505	64	0.00614059635938702
11505	65	-0.0529406135055979
11505	66	0.124637963939847
11505	67	0.0148772068914269
11505	68	-0.0798389725256357
11505	69	0.0617370431203668
11505	70	0.0471392521086926
11505	71	0.10826631951268
11505	72	-0.0375036564770568
11505	73	-0.0764186401136797
11505	74	-0.301260221838625
11506	1	0.336202644457728
11506	2	0.0841417527686588
11506	3	-0.00794039762640608
11506	4	-0.0561213046925282
11506	5	-0.0272085353631972
11506	6	0.0682319494964716
11506	7	-0.00807098700083486
11506	8	0.0674793711891937
11506	9	0.0127665047143708
11506	10	0.167462427411266
11506	11	-0.0540227132357458
11506	12	0.0342262064059895
11506	13	0.0293938114183376
11506	14	0.051883868168737
11506	15	0.139266143134478
11506	16	0.127394000378999
11506	17	0.0725773776384173
11506	18	-0.00115528808654375
11506	19	0.0612462666138285
11506	20	0.0853110731737203
11506	21	-0.0398930763379965
11506	22	0.0122401723798689
11506	23	-0.0315432507871449
11506	24	-0.0457310379286398
11506	25	0.0959706538787231
11506	26	-0.0751377803949325
11506	27	0.0328366082041214
11506	28	0.0736820704341383
11506	29	-0.0100145835064183
11506	30	-0.0120153631901871
11506	31	0.00652774379233279
11506	32	0.00550321481009775
11506	33	-0.0369162314713805
11506	34	0.0183272737400557
11506	35	0.0555966854455789
11506	36	-0.0264935000756168
11506	37	0.0851107434638507
11506	38	0.130588695023079
11506	39	0.0250051031195113
11506	40	-0.0372931427328496
11506	41	0.0758442075857602
11506	42	0.0552667694378073
11506	43	0.0559634085673792
11506	44	0.0462485930990013
11506	45	-0.0716919363750037
11506	46	0.0324489159069969
11506	47	0.0240138522946225
11506	48	-0.185304941864409
11506	49	-0.0219651915889827
11506	50	-0.00712452962036991
11506	51	-0.00698806829661436
11506	52	0.0450701424552307
11506	53	-0.0293608679367381
11506	54	-0.0322206788569233
11506	55	0.143577222912249
11506	56	-0.0472546941612251
11506	57	-0.0655378224527894
11506	58	0.0599313878935561
11506	59	0.0989955800291327
11506	60	0.00958721953828245
11506	61	0.0615908468641635
11506	62	-0.0834664548985273
11506	63	0.053555414797259
11506	64	0.0669245912456446
11506	65	0.0536332279581515
11506	66	-0.074410336190823
11506	67	0.0375933462965534
11506	68	0.0818059008696039
11506	69	0.0942390130646444
11506	70	-0.064731045226246
11506	71	-0.186261804013377
11506	72	-0.0039596176856449
11506	73	0.158243108985516
11506	74	-0.095573292745506
11507	1	0.307429960196096
11507	2	0.0753423013877139
11507	3	0.0847057329552783
11507	4	-0.0262627181179447
11507	5	-0.0240887989163703
11507	6	-0.109795412822756
11507	7	0.0766277056971063
11507	8	-0.137654481284493
11507	9	0.0133797069011905
11507	10	-0.0128250631516096
11507	11	0.00157109713513393
11507	12	0.0539033863960228
11507	13	0.0156963372487766
11507	14	0.024703118666892
11507	15	-0.0715953834351808
11507	16	-0.0238770721172514
11507	17	-0.0617223398385178
11507	18	0.0190920574230731
11507	19	0.00342467582108696
11507	20	0.00386544620542395
11507	21	0.0950981813115632
11507	22	0.0381005681821875
11507	23	0.113171199519293
11507	24	0.0200478357370812
11507	25	-0.0255114501811207
11507	26	0.107618974111546
11507	27	0.0494272434253276
11507	28	-0.136871448615068
11507	29	-0.0390657403207797
11507	30	0.0358094848875652
11507	31	0.0299496764030991
11507	32	0.0525730928559938
11507	33	-0.074483585262044
11507	34	-0.0304957156037275
11507	35	-0.0888267751075205
11507	36	-0.0542822634558107
11507	37	-0.062434582195408
11507	38	-0.0528171723443975
11507	39	-0.0096229363286966
11507	40	-0.123163811213132
11507	41	0.0541272940166735
11507	42	0.0256131980289496
11507	43	-0.139333352347521
11507	44	0.158708067849339
11507	45	-0.0327699408284161
11507	46	-0.00310278958651367
11507	47	-0.085903125897616
11507	48	-0.00687992251869929
11507	49	0.00877900099046514
11507	50	-0.165733377053961
11507	51	0.0290042952008989
11507	52	0.0662802264888427
11507	53	-0.0824336339174181
11507	54	0.0406701994661276
11507	55	0.0251789115051508
11507	56	-0.0102643198685968
11507	57	-0.0448492113568406
11507	58	0.126739164215088
11507	59	-0.0817577111620338
11507	60	-0.0492646618604695
11507	61	-0.0855139264372582
11507	62	-0.0170419853978672
11507	63	-0.0540426424484863
11507	64	0.128457558334787
11507	65	0.0150503592611457
11507	66	-0.0889440920959359
11507	67	-0.0264896183408467
11507	68	0.162027489509242
11507	69	0.00871936235829907
11507	70	-0.0869001051308516
11507	71	0.0493040158480582
11507	72	-0.0983982677194462
11507	73	0.0540415184278515
11507	74	-0.00256716022537518
11508	1	-0.0121732492195505
11508	2	-0.170549385393091
11508	3	-0.0843980795689276
11508	4	-0.174066046514096
11508	5	-0.119886480998836
11508	6	-0.162923813154983
11508	7	-0.139899839439948
11508	8	-0.120428960204727
11508	9	-0.218872847104691
11508	10	-0.130127328199826
11508	11	-0.187556284245915
11508	12	-0.0941430370418743
11508	13	-0.217323516167582
11508	14	-0.198570489221225
11508	15	-0.166351670485959
11508	16	-0.153114981084684
11508	17	-0.130651497061812
11508	18	-0.098176541837482
11508	19	-0.132185465380239
11508	20	-0.188642401079271
11508	21	-0.0499236516531099
11508	22	-0.133836220373801
11508	23	-0.0752946491342001
11508	24	-0.187779207400993
11508	25	-0.214972824230607
11508	26	-0.0369914348730731
11508	27	-0.146050487427637
11508	28	-0.042811482272441
11508	29	-0.0637594552969603
11508	30	0.0361697088155495
11508	31	-0.168867840860088
11508	32	-0.0530211931620812
11508	33	0.00757116120021095
11508	34	-0.172699301318723
11508	35	-0.271042289733266
11508	36	-0.0923618282741145
11508	37	0.0299106076775644
11508	38	-0.138506690171191
11508	39	-0.00260599302758635
11508	40	0.0975052783133208
11508	41	-0.0856980944592678
11508	42	-0.029049271398577
11508	43	0.00379217177280111
11508	44	-0.0133124502585389
11508	45	-0.0393842080979994
11508	46	0.0221675369513861
11508	47	-0.0440606833190458
11508	48	-0.0955438778528617
11508	49	0.124767484630915
11508	50	0.0308053817880136
11508	51	-0.00496916064391684
11508	52	-0.0186499857185538
11508	53	0.0522120956880983
11508	54	0.0697502454255314
11508	55	0.0804200707034113
11508	56	-0.100401156212328
11508	57	0.28047974321349
11508	58	0.00262093761410398
11508	59	-0.0195806727209913
11508	60	0.053995513341313
11508	61	0.0632492734116497
11508	62	0.186465829942009
11508	63	0.0901134976338298
11508	64	0.165795587669926
11508	65	0.0880766908894586
11508	66	-0.00540739645684596
11508	67	0.115556498647543
11508	68	0.0129352680832753
11508	69	-0.0339436795157297
11508	70	-0.0379191249863666
11508	71	-0.00875211842055279
11508	72	0.0865933859108381
11508	73	0.134589365921308
11508	74	0.0961974159368495
11509	1	0.235156285598869
11509	2	-0.0801184896165843
11509	3	-0.11169482169333
11509	4	0.0381213754876519
11509	5	-0.020672981952643
11509	6	-0.0363603660333425
11509	7	-0.0639147772196225
11509	8	0.0894991588339806
11509	9	0.0130849034702649
11509	10	-0.0204464636226263
11509	11	-0.0921836420216735
11509	12	-0.0419314244391416
11509	13	0.0308517425637689
11509	14	-0.0284799778201048
11509	15	-0.0635572159388786
11509	16	0.00575562092812021
11509	17	0.00652806940161099
11509	18	-0.155622255053508
11509	19	-0.0157492556941889
11509	20	0.0305431355932839
11509	21	-0.0257561715760914
11509	22	-0.00461150072180061
11509	23	0.031985679929285
11509	24	-0.0657063704039729
11509	25	-0.00988185041127565
11509	26	0.0604028942082451
11509	27	-0.155799572619557
11509	28	0.0389933638704321
11509	29	-0.0152899481567772
11509	30	0.0250730645232409
11509	31	-0.0723178428657576
11509	32	-0.0437446938128119
11509	33	-0.00487861349626684
11509	34	0.0413625858378666
11509	35	-0.195087033988138
11509	36	0.109101664428138
11509	37	0.00907284087963944
11509	38	0.0183224205710033
11509	39	-0.142254619093286
11509	40	-0.0925697431557566
11509	41	0.0288489557380842
11509	42	0.0335018644477998
11509	43	0.0342302860190529
11509	44	0.0463524638970227
11509	45	0.0253289121932241
11509	46	-0.0253911920789349
11509	47	0.113659082675206
11509	48	-0.0273577239469347
11509	49	0.0967751932057368
11509	50	0.090898657578073
11509	51	0.0146709618675658
11509	52	0.0455507892594014
11509	53	-0.199165235649019
11509	54	0.00593210422803025
11509	55	0.136555534881772
11509	56	-0.150318432422708
11509	57	-0.0948903368979686
11509	58	0.0547499867259162
11509	59	-0.0454636199504748
11509	60	-0.0357659167275415
11509	61	-0.129689905165108
11509	62	-0.0308807218755334
11509	63	0.0650854931111624
11509	64	0.0218042237151863
11509	65	0.110725468688514
11509	66	0.0243122631348029
11509	67	-0.109074187927426
11509	68	0.000595098528464177
11509	69	0.0296440247264442
11509	70	0.0934662908047201
11509	71	-0.016716598723832
11509	72	-0.035816343774016
11509	73	0.0725772739228177
11509	74	-0.0970620954320509
11510	1	0.500971834379357
11510	2	0.103153142206878
11510	3	0.134902521512242
11510	4	-0.00869010825218552
11510	5	0.102893365317975
11510	6	0.0660369191002204
11510	7	0.0389997117466905
11510	8	0.129605140250938
11510	9	0.0961913930173068
11510	10	0.0670426478756312
11510	11	0.201678872496331
11510	12	0.121822568011495
11510	13	-0.0184459490738647
11510	14	0.0440192962797781
11510	15	0.0338222846418432
11510	16	0.13346867261221
11510	17	0.030491846985818
11510	18	0.127152135190393
11510	19	0.128931711204764
11510	20	-0.0274835049409816
11510	21	0.181778671629488
11510	22	0.113165793122562
11510	23	0.0660394691278938
11510	24	0.114897578492659
11510	25	0.0921161896584053
11510	26	0.0848385068679391
11510	27	0.0891463478217887
11510	28	-0.0403656663270127
11510	29	0.157401689473879
11510	30	0.108351955347864
11510	31	0.134536468980933
11510	32	0.0462669205890478
11510	33	0.118243119953213
11510	34	0.143505805930779
11510	35	-0.0599788748708363
11510	36	0.179002831336163
11510	37	0.0322460866219387
11510	38	-0.0994767565552976
11510	39	-0.0348119467869665
11510	40	-0.120850071396376
11510	41	4.76432212508371e-05
11510	42	-0.0395787138183579
11510	43	0.066747239630196
11510	44	0.1068663586233
11510	45	0.108920761042818
11510	46	0.171852065131517
11510	47	0.092719985773023
11510	48	-0.0407399163951041
11510	49	0.0613966565807189
11510	50	0.131790137272347
11510	51	-0.121041940108412
11510	52	-0.0424390960328864
11510	53	-0.0220295823316476
11510	54	0.071726677871446
11510	55	0.0352165637753572
11510	56	0.0235452039409267
11510	57	-0.000924515897260392
11510	58	0.0562563292206306
11510	59	0.0485439763025113
11510	60	0.0834179305385589
11510	61	0.105743779335675
11510	62	0.0131613006855602
11510	63	0.0245486345574264
11510	64	0.0626129611282877
11510	65	0.161996028148742
11510	66	0.141973258295209
11510	67	0.188973207489084
11510	68	0.135217832452071
11510	69	0.106569180321273
11510	70	-0.0124112890906005
11510	71	0.0450250431152313
11510	72	0.150574615144102
11510	73	-0.0286464799961834
11510	74	0.150691176584033
11511	1	-0.368738650346174
11511	2	0.08599200628991
11511	3	0.0764935535917992
11511	4	0.0385749046991855
11511	5	0.04887543943968
11511	6	0.077404183371641
11511	7	0.163838668662997
11511	8	0.0877864402337281
11511	9	0.101326657886482
11511	10	0.0704381379900241
11511	11	-0.054095753227088
11511	12	0.0408384164623143
11511	13	0.130530224474541
11511	14	0.0420199846045222
11511	15	0.0776327960852399
11511	16	0.165007644472404
11511	17	0.0930057153708788
11511	18	0.0804759625476805
11511	19	0.0440573361311749
11511	20	0.0613249630383308
11511	21	0.0441365065311743
11511	22	0.0399877026803139
11511	23	0.0887718749587307
11511	24	0.142115274778419
11511	25	0.111281731759426
11511	26	0.0975733637235692
11511	27	0.0332919930356681
11511	28	0.197257790602883
11511	29	0.0736401815445618
11511	30	0.151496784308222
11511	31	0.111828969637557
11511	32	0.0464431056850074
11511	33	0.135326564610999
11511	34	0.0972765349210292
11511	35	0.218870337857737
11511	36	0.0513555255148148
11511	37	0.0128102389401974
11511	38	0.0911745856508333
11511	39	-0.00960194015517857
11511	40	0.13556168078761
11511	41	0.043686155782467
11511	42	-0.133668088570545
11511	43	0.127267718054661
11511	44	0.177185275783941
11511	45	0.112463179973787
11511	46	0.186524582981093
11511	47	0.161603506592265
11511	48	0.00528520289460488
11511	49	0.122795988908173
11511	50	0.117491626542645
11511	51	0.149414164284487
11511	52	0.131997964943743
11511	53	0.121092477433471
11511	54	0.162666746725513
11511	55	0.0505512320345645
11511	56	0.00788558661967897
11511	57	0.117172512136179
11511	58	0.216437481004043
11511	59	0.0838193925886088
11511	60	-0.0837636571682552
11511	61	-0.0964149976407853
11511	62	0.0458247835120886
11511	63	0.210981742292397
11511	64	-0.00604462162396402
11511	65	0.203539991560476
11511	66	0.103219698643152
11511	67	-0.0636079895158517
11511	68	0.0648261569157214
11511	69	0.149779751965852
11511	70	0.0553655857250064
11511	71	0.172905682848089
11511	72	0.152834210303837
11511	73	0.202833510625524
11511	74	-0.15628563190819
11512	1	0.327199067798581
11512	2	0.209064070165649
11512	3	0.127533716140036
11512	4	0.0226961162015904
11512	5	0.127108227130122
11512	6	0.0899032227958187
11512	7	-0.00473661065633024
11512	8	-0.0215383730383962
11512	9	0.019182109899873
11512	10	-0.107771380926735
11512	11	0.0124018879211292
11512	12	0.0839251455767069
11512	13	0.0300554716313712
11512	14	0.0504698274999953
11512	15	0.0781994686452308
11512	16	0.120574228363857
11512	17	0.0798426023421399
11512	18	-0.00448260237622833
11512	19	0.0375427512315909
11512	20	-0.0292213318796684
11512	21	0.0211898952008411
11512	22	0.0887336340035745
11512	23	0.12072062669381
11512	24	0.108493374617048
11512	25	0.0396339264132024
11512	26	0.126582753452958
11512	27	0.0504227544082099
11512	28	-0.00893256301262113
11512	29	0.0125068525461316
11512	30	0.0830969343461305
11512	31	0.110096037121842
11512	32	0.033213088214616
11512	33	0.067155640690217
11512	34	0.0888152725927398
11512	35	0.135074136847777
11512	36	0.0797316250747642
11512	37	0.126485383212255
11512	38	0.0790966676178257
11512	39	0.0394633504579005
11512	40	-0.0370836924954716
11512	41	-0.13201429227292
11512	42	0.0778973688953428
11512	43	0.0864727645732231
11512	44	0.0521591355119
11512	45	0.0212191699893154
11512	46	0.0958729004374561
11512	47	0.126270201438516
11512	48	-0.0368840614847699
11512	49	-0.0146423311733344
11512	50	0.0476264658522751
11512	51	0.0806135244596149
11512	52	0.0404569569748503
11512	53	0.16033514369672
11512	54	0.0210564136203004
11512	55	0.130595380855318
11512	56	-0.0486565407451494
11512	57	-0.052382183115391
11512	58	0.07192835909688
11512	59	0.12877010544814
11512	60	0.0791547138445239
11512	61	-0.0104029579362717
11512	62	0.132202264050541
11512	63	0.104080193570319
11512	64	-0.117253140665028
11512	65	0.0486856920701229
11512	66	0.0437697520681866
11512	67	0.0672514200493239
11512	68	0.174567562021473
11512	69	0.211732114349601
11512	70	0.196007118731885
11512	71	0.105204319032339
11512	72	0.0854445578656211
11512	73	0.159921882844806
11512	74	-0.147224123707922
11601	1	0.492235666463824
11601	2	0.06214760439752
11601	3	0.204132446331382
11601	4	0.13543178450438
11601	5	0.198449497210383
11601	6	0.111236551405604
11601	7	0.174389012778626
11601	8	0.113662947666526
11601	9	0.126303542364013
11601	10	0.244320650383322
11601	11	0.296698264780218
11601	12	0.19429003400348
11601	13	0.177739219249666
11601	14	0.305264084370251
11601	15	0.215328588688969
11601	16	0.13654544068099
11601	17	0.119006303504314
11601	18	0.217975256166405
11601	19	0.1325152099758
11601	20	0.170141313450713
11601	21	0.233617735575514
11601	22	0.254544747456784
11601	23	0.217519918869662
11601	24	0.256505409044649
11601	25	0.144865938392122
11601	26	0.347002842480087
11601	27	0.1935280524023
11601	28	0.148920252312472
11601	29	0.125480764963228
11601	30	0.220682910358761
11601	31	0.149302250244929
11601	32	0.204190733418059
11601	33	0.213424684720209
11601	34	0.2575539545212
11601	35	0.131916885694785
11601	36	-0.0574257289216433
11601	37	-0.0856613166895244
11601	38	0.00912476285996888
11601	39	-0.0626304978496464
11601	40	-0.053633356360308
11601	41	0.0387939133832802
11601	42	0.00866366237527672
11601	43	-0.119171598712583
11601	44	-0.0726403793170221
11601	45	-0.112539497465733
11601	46	-0.113772363741596
11601	47	-0.0282982500571265
11601	48	-0.0150873015436801
11601	49	0.0144151062346154
11601	50	0.151470353922967
11601	51	-0.0254836773076903
11601	52	0.11920511603229
11601	53	-0.053037463077942
11601	54	-0.130416693022823
11601	55	-0.0559718003259775
11601	56	-0.0445303974336397
11601	57	0.0604900129926946
11601	58	0.144267688496093
11601	59	0.20176755447428
11601	60	0.0712710257228935
11601	61	-0.0156531095294454
11601	62	-0.0172225818388867
11601	63	0.0952552393447021
11601	64	-0.0585196770789196
11601	65	0.0330481368845952
11601	66	-0.0375765240333337
11601	67	-0.0705295918773103
11601	68	0.121794411722
11601	69	-0.0738348526764483
11601	70	0.0275688604785813
11601	71	0.0490802301094746
11601	72	-0.0426289419355967
11601	73	0.0881025024888373
11601	74	0.381795099895115
11602	1	-0.0733206662283727
11602	2	0.146296931202905
11602	3	-0.0262764246833633
11602	4	-0.0176908476574198
11602	5	-0.039135744964824
11602	6	0.00906979731106361
11602	7	-0.0136829112174084
11602	8	0.0447697845261175
11602	9	-0.0394742742705958
11602	10	0.00774082873618198
11602	11	-0.0120168369275433
11602	12	-0.033357573387093
11602	13	-0.0427830165724501
11602	14	-0.0546254650847828
11602	15	-0.065460593569
11602	16	0.110623076631327
11602	17	-0.0613792534112321
11602	18	0.0933395389664256
11602	19	0.0974930615815524
11602	20	-0.00730812409663883
11602	21	0.00689540649700149
11602	22	-0.0357230732577918
11602	23	0.0615485952116828
11602	24	-0.0105430259964407
11602	25	0.0800527426119757
11602	26	0.163557310044347
11602	27	0.0175721743350366
11602	28	-0.0131418797619034
11602	29	-0.0195985029740555
11602	30	0.0505264144678677
11602	31	-0.0103629010052941
11602	32	0.0505071057442237
11602	33	0.0856269928160245
11602	34	0.0250541002343212
11602	35	0.144994638215628
11602	36	0.0442764234678563
11602	37	0.0196328494722593
11602	38	0.097849103816614
11602	39	0.0472232847092897
11602	40	0.00771205846299949
11602	41	0.0937598672035307
11602	42	-0.121828191562486
11602	43	-0.0477071588485387
11602	44	-0.0567722878623016
11602	45	0.146297423647425
11602	46	0.067136789490398
11602	47	0.178167374732986
11602	48	0.243747388808075
11602	49	0.0718922269476039
11602	50	0.123806674002346
11602	51	0.103326512732913
11602	52	0.0430118867204996
11602	53	0.0654283351945537
11602	54	-0.00890460748367872
11602	55	0.111199311046462
11602	56	0.0917961545112718
11602	57	0.0154243114870241
11602	58	0.122634631654286
11602	59	0.0604902138124572
11602	60	0.0474108904268107
11602	61	0.104639093499472
11602	62	0.0628859411336933
11602	63	0.152049690073206
11602	64	-0.07308673039838
11602	65	0.0291855510882613
11602	66	0.0387574737735576
11602	67	-0.129430959301835
11602	68	0.0516286246039783
11602	69	0.0142174547772314
11602	70	0.00862552906294667
11602	71	0.000739382142377565
11602	72	-0.0382578545414276
11602	73	0.0425331489759913
11602	74	0.180536306910597
11603	1	0.582358171131133
11603	2	0.0447833438048235
11603	3	0.103119799438723
11603	4	0.035536475158839
11603	5	0.0894836808974553
11603	6	0.187328697292358
11603	7	0.0859654045078102
11603	8	0.0509582261230364
11603	9	0.14773871490236
11603	10	0.244097786568204
11603	11	0.0590268344623865
11603	12	0.162812406662965
11603	13	0.0349036369035005
11603	14	0.162364107964635
11603	15	0.0632574895980795
11603	16	0.153659168136151
11603	17	0.201308451498967
11603	18	0.102315476142543
11603	19	0.17289984374213
11603	20	0.19714053518814
11603	21	0.120865246719958
11603	22	0.127164745535019
11603	23	0.0647902899052113
11603	24	0.185075292446122
11603	25	0.123299462341933
11603	26	0.114203225222276
11603	27	0.0931100444023443
11603	28	0.0280968736467244
11603	29	0.119551480708232
11603	30	0.110805515641786
11603	31	0.255970003561345
11603	32	0.119977892940753
11603	33	-0.000439557510119926
11603	34	0.153820658616915
11603	35	0.134486611129589
11603	36	0.00968130597805583
11603	37	-0.0281942927818548
11603	38	0.122493820293329
11603	39	0.065442118253678
11603	40	-0.048651561911278
11603	41	0.0759545344330235
11603	42	-0.0108722678253272
11603	43	-0.00222875727262561
11603	44	0.0366313986439621
11603	45	0.0556681145155835
11603	46	0.0709858115812949
11603	47	0.18993306349055
11603	48	-0.114421493983542
11603	49	0.129891910358324
11603	50	0.0198380515174676
11603	51	0.0963376285342363
11603	52	0.0966492741078895
11603	53	0.213637794654012
11603	54	0.00134877089470109
11603	55	0.10871462579086
11603	56	0.0958415620171067
11603	57	0.0710152788929719
11603	58	0.0728932305160654
11603	59	0.0128760025478059
11603	60	0.142455838490356
11603	61	-0.0216641185645798
11603	62	-0.0702197252821648
11603	63	0.134653611358999
11603	64	-0.11899466496611
11603	65	-0.0473121080446575
11603	66	0.0554111207329697
11603	67	-0.0143952886120502
11603	68	0.0585252069087261
11603	69	0.0101404670703502
11603	70	0.0461303292641446
11603	71	0.088718820867804
11603	72	0.00868656887358554
11603	73	-0.0557355002736486
11603	74	0.00133835590330023
11604	1	-1.28113248085506
11604	2	-0.106583376029864
11604	3	-0.0306596665562857
11604	4	-0.0552224700780997
11604	5	-0.00377594840847095
11604	6	-0.00314102898659741
11604	7	-0.0745685775311316
11604	8	0.0443324707985724
11604	9	-0.10386308858056
11604	10	-0.0242082520436142
11604	11	0.00831145978849435
11604	12	-0.0805235153939918
11604	13	-0.00381770085181188
11604	14	0.0480251530515474
11604	15	-0.0314607764456554
11604	16	-0.0877977569946466
11604	17	-0.00632062686788259
11604	18	0.0490795798088755
11604	19	-0.0805842356075743
11604	20	0.045853985451771
11604	21	-0.0358876249352562
11604	22	0.0623112346667298
11604	23	-0.0361009097624319
11604	24	0.00911389475833602
11604	25	-0.0605502467586518
11604	26	-0.0624621610180753
11604	27	-0.0982382740175467
11604	28	-0.110931192609513
11604	29	0.0313410920734327
11604	30	-0.0152215510294056
11604	31	0.0791593602512322
11604	32	0.110183533341633
11604	33	0.0285772636192405
11604	34	-0.0724231296349984
11604	35	0.022664571041588
11604	36	-0.0560404654891542
11604	37	-0.0843961183396615
11604	38	-0.179974063411876
11604	39	-0.0894302617327938
11604	40	0.0143445503267188
11604	41	-0.172880827297881
11604	42	0.0227932156094255
11604	43	-0.138641874243554
11604	44	-0.199163057069363
11604	45	0.00650820917413597
11604	46	0.0111244187483024
11604	47	0.0402077423276026
11604	48	0.123349068787022
11604	49	-0.137039907823493
11604	50	0.108674631604046
11604	51	-0.0339790584328767
11604	52	-0.110641207885074
11604	53	0.0993953088701005
11604	54	-0.042094567854285
11604	55	0.0557072469660582
11604	56	0.0562963547668147
11604	57	0.21265680388435
11604	58	0.0819452941274363
11604	59	-0.00192992823620131
11604	60	0.0592012271462465
11604	61	-0.101650370410397
11604	62	-0.103295784341768
11604	63	-0.100549781739126
11604	64	-0.111799071412165
11604	65	0.0178885919859511
11604	66	0.071457400389491
11604	67	0.0623301009293158
11604	68	0.014529279957074
11604	69	-0.0418025841333787
11604	70	-0.043213212648304
11604	71	0.013478737143636
11604	72	-0.0319258305844841
11604	73	0.0595689601591616
11604	74	0.0901771364460799
11605	1	-0.0529840832535911
11605	2	0.212404441687084
11605	3	0.0727936150748185
11605	4	0.154523356361967
11605	5	0.17827071437835
11605	6	0.195012828736367
11605	7	0.254910847292471
11605	8	0.128094494509234
11605	9	0.0724708812220243
11605	10	0.118114719047163
11605	11	0.225641787330396
11605	12	0.146921278527294
11605	13	0.128747673477115
11605	14	0.178455521789573
11605	15	0.119088178284386
11605	16	0.146108616634599
11605	17	0.0989619589410324
11605	18	0.166713810520264
11605	19	0.102638478497845
11605	20	0.10184851225214
11605	21	0.00286648650353527
11605	22	0.223486664773901
11605	23	-0.0173959067217666
11605	24	0.0231792658177312
11605	25	0.194725146075839
11605	26	0.100499742373742
11605	27	0.144655394203234
11605	28	0.238410323277151
11605	29	0.203379548330339
11605	30	0.163200016123554
11605	31	0.1960406173216
11605	32	0.102305755055262
11605	33	0.198974577370244
11605	34	0.066861463667685
11605	35	-0.00690885287963283
11605	36	-0.0929958811758738
11605	37	-0.00237203364564209
11605	38	-0.102146268300245
11605	39	0.0861361010815429
11605	40	-0.0744992630607086
11605	41	0.0152811512450981
11605	42	0.102814721511329
11605	43	0.179581933767395
11605	44	-0.0587800726777346
11605	45	-0.0380787682774368
11605	46	0.0794687708497932
11605	47	0.0516797384697725
11605	48	-0.0106756502595147
11605	49	-0.104757923390636
11605	50	0.0117291570868758
11605	51	0.000269465608212727
11605	52	0.0576332724453792
11605	53	-0.140431851915636
11605	54	0.127042637838571
11605	55	-0.05555685723062
11605	56	-0.0437315570130323
11605	57	-0.0316128996036724
11605	58	0.0352173371662019
11605	59	0.00977202269795896
11605	60	0.0131670543930227
11605	61	0.0534715808091164
11605	62	0.104010838775054
11605	63	-0.0643477826359202
11605	64	-0.0776015298197805
11605	65	-0.0521099493994299
11605	66	0.0125725948721893
11605	67	0.0687511924177215
11605	68	-0.109763927893439
11605	69	0.0803880240542156
11605	70	-0.0100542754387973
11605	71	-0.0567039332770278
11605	72	-0.0598454267683834
11605	73	-0.0194511097852157
11605	74	0.00159104348124828
11606	1	-0.0685869154486731
11606	2	-0.102288230800731
11606	3	-0.0245881896569564
11606	4	0.00624394129479455
11606	5	0.015141429428347
11606	6	-0.0289303820534457
11606	7	0.0342281614626998
11606	8	0.00723842919965989
11606	9	-0.0261430736794992
11606	10	0.0797985145056117
11606	11	0.129850120113318
11606	12	0.0772280115955439
11606	13	-0.00866761826275564
11606	14	0.174790114463384
11606	15	0.0457668218954339
11606	16	0.0976706831858962
11606	17	0.0735574068215143
11606	18	0.0869744411592208
11606	19	0.0564356542286788
11606	20	-0.00656121813451449
11606	21	0.0618729725473131
11606	22	-0.0311034331111983
11606	23	0.0217845532457375
11606	24	0.15075452902429
11606	25	0.0954794293746062
11606	26	-0.0207909274985241
11606	27	-0.026795445283696
11606	28	0.0225181950357793
11606	29	0.062252284489702
11606	30	-0.0185667372878981
11606	31	-0.00212585339873783
11606	32	0.126891625783522
11606	33	0.0978656091928087
11606	34	-0.00502827358809554
11606	35	0.0736346670210324
11606	36	-0.0501908821610044
11606	37	-0.00814828051191796
11606	38	-0.00766977888867615
11606	39	-0.0393508265315958
11606	40	-0.0142778400298909
11606	41	0.0218594424084841
11606	42	0.0120904111112807
11606	43	0.0656463109215863
11606	44	-0.0504280667133798
11606	45	0.172797137974392
11606	46	-0.0918592511573806
11606	47	0.0613153602717844
11606	48	-0.068939360868427
11606	49	-0.0245659456154854
11606	50	0.0573649992593133
11606	51	0.00594194017293148
11606	52	-0.0757944195858045
11606	53	0.162403150919367
11606	54	-0.0752820644861316
11606	55	0.0279560262822613
11606	56	0.0478285782243049
11606	57	-0.244634399142029
11606	58	-0.0796378101618842
11606	59	-0.085001177704136
11606	60	0.124921493730312
11606	61	-0.040756194692726
11606	62	0.0320989623428645
11606	63	0.0835510702584017
11606	64	0.003550857642729
11606	65	0.0279978580098614
11606	66	0.000559425701361249
11606	67	-0.0340345074641633
11606	68	0.0151007741679265
11606	69	-0.0269972639776555
11606	70	0.0103430840453385
11606	71	-0.0887330693692405
11606	72	0.0517124183510518
11606	73	-0.0301389292914678
11606	74	0.0768609395967061
11607	1	0.106110908886539
11607	2	0.111456445151845
11607	3	0.0230807409289788
11607	4	0.0135076687035678
11607	5	-0.0123824568384876
11607	6	-0.0598386357658924
11607	7	0.122682173204382
11607	8	0.0523518170205435
11607	9	-0.0203758352772851
11607	10	-0.15923682565785
11607	11	0.0070804643057869
11607	12	0.00639803576959963
11607	13	-0.0177386439332992
11607	14	-0.0372393548585919
11607	15	-0.0354464853452754
11607	16	0.106097067438228
11607	17	0.0898461140852405
11607	18	-0.0854901611200418
11607	19	0.0125194576130454
11607	20	0.0883046734275936
11607	21	0.0845850710853568
11607	22	-0.00931225088488219
11607	23	-0.0428522603838246
11607	24	0.089340922485782
11607	25	-0.0318027163603958
11607	26	-0.0550029684793003
11607	27	0.0763932274456707
11607	28	0.0704288661535415
11607	29	0.0151589265986019
11607	30	-0.0318394436307088
11607	31	0.0449675044923623
11607	32	0.012813117667946
11607	33	-0.134988080228162
11607	34	0.102212430912878
11607	35	0.0120599001279729
11607	36	0.0791265241767576
11607	37	-0.0677714913493048
11607	38	0.0933719208371642
11607	39	-0.0925604351353613
11607	40	-0.0388364339102196
11607	41	0.0207777868537704
11607	42	0.00281870577860133
11607	43	-0.0420291286746703
11607	44	-0.147098539013555
11607	45	0.0824621697172816
11607	46	-0.0179260780153072
11607	47	0.089919793851486
11607	48	-0.0782882668073199
11607	49	0.0358393625876303
11607	50	-0.0241424343447392
11607	51	0.144489759159484
11607	52	0.0627419662624078
11607	53	-0.0301171854256665
11607	54	0.0672700856357338
11607	55	0.041541651023266
11607	56	0.0517656554681523
11607	57	0.175004326871196
11607	58	-0.139637614384796
11607	59	-0.097745285255904
11607	60	0.0126069143131673
11607	61	0.149494716030496
11607	62	0.0775327473352121
11607	63	0.088661069482896
11607	64	0.0430923812837776
11607	65	-0.105864809013539
11607	66	0.0415942561544114
11607	67	-0.121404157305378
11607	68	0.066326772474973
11607	69	0.0557206916256376
11607	70	0.0952296170871847
11607	71	-0.0397427600306628
11607	72	-0.218317932987119
11607	73	0.0352558922024002
11607	74	0.0412169807185023
11608	1	-0.274763494094618
11608	2	0.100021425544881
11608	3	-0.0691447053824383
11608	4	-0.00994495592997424
11608	5	0.087532067308441
11608	6	0.0487201963640302
11608	7	-0.134223001083882
11608	8	-0.0364193551233285
11608	9	-0.00703260473991207
11608	10	-0.016743330070355
11608	11	-0.0286214499034472
11608	12	0.0911615900655107
11608	13	-0.102624413703339
11608	14	0.0378189411727803
11608	15	0.149582493968069
11608	16	-0.0417941532919173
11608	17	-0.112780393926251
11608	18	0.149023338816221
11608	19	0.043207538230277
11608	20	0.157911259567008
11608	21	-0.0271536127364627
11608	22	-0.100721927651193
11608	23	-0.0120884511599257
11608	24	0.055154330198107
11608	25	-0.0622876043795344
11608	26	-0.0352910370999098
11608	27	0.0935153904346251
11608	28	-0.0377940608695795
11608	29	-0.0225029339258001
11608	30	0.125700801250112
11608	31	0.0149024978567383
11608	32	0.0888753800788109
11608	33	0.0808946828912553
11608	34	-0.0851468900789385
11608	35	-0.0717461746558996
11608	36	-0.0308948176904309
11608	37	0.0671817789250824
11608	38	-0.0148275618838625
11608	39	-0.110900763014179
11608	40	-0.0367241132233076
11608	41	-0.153183553381993
11608	42	-0.0746735798544265
11608	43	-0.0019702485690658
11608	44	-0.0260446211014269
11608	45	-0.132441134640047
11608	46	-0.068088262492779
11608	47	-0.0377594316361538
11608	48	-0.0793946908646319
11608	49	0.0781935672784044
11608	50	-0.0608734494571905
11608	51	-0.0613036970018257
11608	52	-0.0144594003560456
11608	53	-0.16695112890293
11608	54	0.0331096913315179
11608	55	-0.0759935125346729
11608	56	0.0413433571468076
11608	57	-0.0676159839261885
11608	58	-0.00521067135706232
11608	59	-0.169250987660959
11608	60	-0.0469030056428608
11608	61	0.0190870556039613
11608	62	-0.155579666911933
11608	63	-0.175468258300157
11608	64	-0.25381740519348
11608	65	-0.155709187847059
11608	66	-0.0862295071293389
11608	67	-0.0297731246420625
11608	68	-0.177626273265979
11608	69	-0.0727766320687309
11608	70	-0.0535620507189876
11608	71	-0.124944208203495
11608	72	-0.0030989212946082
11608	73	-0.145897836601321
11608	74	-0.402322072870312
11609	1	-0.127325475101522
11609	2	0.112675539473649
11609	3	0.162517414271093
11609	4	0.121691819715927
11609	5	0.0812974414307206
11609	6	-0.00479740281303265
11609	7	0.036386895005684
11609	8	0.119168998559751
11609	9	0.0548798242595936
11609	10	0.166964945493554
11609	11	0.21028011098926
11609	12	0.133235624384277
11609	13	0.107565368189114
11609	14	0.152527410543797
11609	15	0.0307996026640467
11609	16	0.1220861633591
11609	17	0.250703363546506
11609	18	0.174192920043765
11609	19	0.100750362149057
11609	20	0.126366915007772
11609	21	0.093926638318294
11609	22	0.165546689013233
11609	23	0.025201529012115
11609	24	0.177926666468366
11609	25	0.130924674046753
11609	26	0.100651238195645
11609	27	0.179190062826059
11609	28	0.121847843210809
11609	29	0.190649115211755
11609	30	0.0698068286514584
11609	31	0.207988056244858
11609	32	0.103388551508665
11609	33	0.0310310932852786
11609	34	0.237938519226788
11609	35	0.14445460951751
11609	36	0.0754949154455105
11609	37	0.119749494200391
11609	38	0.171507626999443
11609	39	0.060843992020942
11609	40	0.0740826589960193
11609	41	0.102862818456693
11609	42	0.177069053673691
11609	43	0.0837377121553828
11609	44	0.063021931188338
11609	45	0.157053716093486
11609	46	0.0765972514235074
11609	47	-0.0265733467658578
11609	48	0.180955724951374
11609	49	0.157596545466809
11609	50	0.113141799051988
11609	51	0.0219194825776299
11609	52	0.155966335251875
11609	53	-0.033246577879531
11609	54	0.0383150297739405
11609	55	0.0565622316840475
11609	56	-0.0741527702763847
11609	57	0.0472023540206905
11609	58	0.146515012676019
11609	59	0.131349547414992
11609	60	-0.0244363016431066
11609	61	0.0795837894223155
11609	62	-0.0562765455542191
11609	63	0.0254955588459183
11609	64	0.0722139553298504
11609	65	-0.0961829087496113
11609	66	0.114745240795628
11609	67	-0.00388028078003799
11609	68	0.058156780977896
11609	69	0.136895158242716
11609	70	-0.0493952458336935
11609	71	0.053082673219258
11609	72	-0.0120581467863801
11609	73	0.113762645390359
11609	74	0.0498900865961502
11610	1	-0.101926776366149
11610	2	-0.000203012540008984
11610	3	-0.073495439083942
11610	4	0.0574573372169631
11610	5	-0.0195783707735977
11610	6	0.0524101638105279
11610	7	0.0122043124892031
11610	8	-0.0695174134629752
11610	9	0.0911172782642495
11610	10	-0.0607704109350777
11610	11	-0.000450905477109131
11610	12	0.0159845278088966
11610	13	-0.145287755150093
11610	14	0.0863799850522753
11610	15	0.0248518125403905
11610	16	0.0327845975262022
11610	17	-0.0468313872857919
11610	18	-0.031901562831699
11610	19	0.0436434386276758
11610	20	-0.058916891299873
11610	21	0.0306471792134246
11610	22	0.00676880037519112
11610	23	0.0802234750007997
11610	24	0.0379286358873401
11610	25	-0.00558661608197042
11610	26	-0.0942007585200599
11610	27	0.0538600041344779
11610	28	-0.0207168036911938
11610	29	0.00127210325477733
11610	30	-0.0275848496845015
11610	31	0.0126909129160495
11610	32	0.134679143623167
11610	33	0.0206091018261887
11610	34	0.0180967678340735
11610	35	-0.022313472572506
11610	36	0.0469009027014309
11610	37	-0.0427453324793987
11610	38	-0.0954960977911057
11610	39	-0.0542688143235068
11610	40	0.221843869720729
11610	41	-0.00587123746363716
11610	42	-0.144497819180081
11610	43	-0.177789563825876
11610	44	0.0332161497466714
11610	45	-0.0629818539784353
11610	46	-0.0179587378830988
11610	47	-0.150028341676432
11610	48	-0.0188914057667802
11610	49	0.23934134325058
11610	50	-0.154512925168099
11610	51	0.0219015856860949
11610	52	0.14997236799573
11610	53	0.019181272914885
11610	54	-0.0646649342092687
11610	55	0.122043546617888
11610	56	-0.00282897659361225
11610	57	-0.122386209356947
11610	58	0.0285697679662391
11610	59	0.023214328220547
11610	60	-0.0264997384932357
11610	61	0.0320408465169137
11610	62	-0.0313268532047033
11610	63	-0.138036507222822
11610	64	-0.00478951913135717
11610	65	0.033302897797661
11610	66	0.0804110573424879
11610	67	0.000191177267389264
11610	68	0.058799862874757
11610	69	-0.170636366003791
11610	70	-0.0548557347877647
11610	71	0.00365316233335733
11610	72	0.0878469018232693
11610	73	-0.0442738557325342
11610	74	0.0375729506364593
11611	1	-0.298505127029898
11611	2	-0.205985173088905
11611	3	-0.150612543255441
11611	4	-0.126306761037849
11611	5	-0.0954300380562749
11611	6	-0.107604273983782
11611	7	-0.155237325410972
11611	8	-0.0717349098602682
11611	9	-0.157807732246745
11611	10	-0.0252079709535238
11611	11	-0.0774744366111619
11611	12	-0.177547232427735
11611	13	-0.0279874920522474
11611	14	-0.0330109751675423
11611	15	-0.0436453547808355
11611	16	-0.209048031122173
11611	17	-0.171743440699949
11611	18	-0.118494250475102
11611	19	-0.100294327776822
11611	20	-0.275980779533626
11611	21	-0.270228190162236
11611	22	-0.0268227841287185
11611	23	-0.177399284233793
11611	24	-0.268946909274995
11611	25	-0.144461498991426
11611	26	-0.196804659024799
11611	27	-0.139468422885727
11611	28	-0.205021041300256
11611	29	-0.195507592730827
11611	30	-0.115694442880333
11611	31	-0.143648901758219
11611	32	-0.0233459796724418
11611	33	-0.119518864627238
11611	34	-0.125948344877422
11611	35	-0.141576355584768
11611	36	-0.0336179408730004
11611	37	-0.0754254965216248
11611	38	0.024526023903249
11611	39	-0.0640954418034525
11611	40	-0.0164591093261919
11611	41	-0.0962856578247084
11611	42	-0.129622917344683
11611	43	-0.230341254025028
11611	44	-0.139450700602595
11611	45	0.0515027468876212
11611	46	-0.0228640909528153
11611	47	-0.15004013339054
11611	48	-0.137484359480617
11611	49	0.0645483431068641
11611	50	0.110666511556452
11611	51	-0.0577949250720025
11611	52	-0.0912625192644327
11611	53	-0.0947982427874834
11611	54	-0.0360385681610964
11611	55	-0.0493503624995384
11611	56	0.00453661689955709
11611	57	-0.0050744210033713
11611	58	-0.0624762092439397
11611	59	0.00957231932576974
11611	60	-0.132483310449423
11611	61	-0.071182580972831
11611	62	-0.0512012462708071
11611	63	-0.0491483521601452
11611	64	0.106761398091621
11611	65	-0.062631362270217
11611	66	-0.0662764554861468
11611	67	-0.0838271786961187
11611	68	-0.0884511126890217
11611	69	-0.0443814425247666
11611	70	0.0265499189082092
11611	71	-0.212533910600129
11611	72	-0.168431187107259
11611	73	-0.169613004113657
11611	74	-0.0733968373128988
11612	1	-0.149935849659489
11612	2	0.0160219612446113
11612	3	0.0242996691881281
11612	4	0.0576961601887653
11612	5	-0.0325619130569983
11612	6	-0.11216615377397
11612	7	0.054167163003271
11612	8	-0.0205090731822324
11612	9	-0.0812587515449295
11612	10	0.00591181905214455
11612	11	0.155995815931718
11612	12	0.0103972863004742
11612	13	0.0262687258464425
11612	14	0.0897602704068419
11612	15	0.119605144750075
11612	16	0.0141538605431109
11612	17	0.0376435075981689
11612	18	0.0877288087762764
11612	19	0.059075022421311
11612	20	-0.0687080675475471
11612	21	0.143364269153395
11612	22	0.16841914770778
11612	23	0.0180941525736671
11612	24	0.0331411473265248
11612	25	0.0172125644823353
11612	26	0.0028341885344858
11612	27	0.0736441330542021
11612	28	0.0174476445188674
11612	29	-0.0718533980048051
11612	30	0.0913566258200973
11612	31	-0.0235194006165145
11612	32	0.0158266081122136
11612	33	-0.0591386818853223
11612	34	0.0581353188672438
11612	35	0.020180189922705
11612	36	0.00855476276817768
11612	37	-0.170431947102841
11612	38	-0.196719142669636
11612	39	-0.00137886940063936
11612	40	0.098539796113414
11612	41	-0.0845855890237672
11612	42	-0.0469247893742804
11612	43	-0.10880086585361
11612	44	-0.127009409280909
11612	45	-0.0955608189721318
11612	46	-0.0636912757723636
11612	47	-0.0788667885614203
11612	48	-0.0101511028861552
11612	49	0.0479163217824876
11612	50	-0.000450768757843889
11612	51	-0.0822124808186544
11612	52	0.0591703406201773
11612	53	-0.0381308274995931
11612	54	-0.0617846717915214
11612	55	-0.103012667403526
11612	56	-0.116754551623202
11612	57	0.186136631629005
11612	58	0.000144569620495361
11612	59	-0.126066929128633
11612	60	-0.151604678554868
11612	61	0.00551255491038916
11612	62	-0.182706036717292
11612	63	-0.0375178945866352
11612	64	0.0520101896805159
11612	65	-0.00522335951069408
11612	66	0.013395342237871
11612	67	-0.00452398182810754
11612	68	-0.154526591605752
11612	69	0.189427528373521
11612	70	-0.0731307799683236
11612	71	-0.138762167307355
11612	72	-0.0437660199318017
11612	73	0.0350245831318503
11612	74	0.0389522849206969
12101	1	0.485752076564843
12101	2	0.275379431589442
12101	3	0.26729152181748
12101	4	0.208712114960992
12101	5	0.207445849173865
12101	6	0.313252537154916
12101	7	0.244138105157418
12101	8	0.224283515967521
12101	9	0.187180261451161
12101	10	0.244352722086077
12101	11	0.306192605720284
12101	12	0.213540395448376
12101	13	0.244549522467672
12101	14	0.173851798163653
12101	15	0.224949939954371
12101	16	0.301461008333376
12101	17	0.254330699204019
12101	18	0.30715150325701
12101	19	0.252162446775223
12101	20	0.219177830036173
12101	21	0.163845028211611
12101	22	0.239358716422544
12101	23	0.212102673197066
12101	24	0.20305049683256
12101	25	0.147298281858681
12101	26	0.227777962880609
12101	27	0.297286871921102
12101	28	0.264335619955503
12101	29	0.137542437730701
12101	30	0.229051231366824
12101	31	0.294841722612759
12101	32	0.224403724627699
12101	33	0.217491089420101
12101	34	0.316881498672849
12101	35	0.185349140286029
12101	36	-0.0156228014469022
12101	37	0.00338943549618875
12101	38	-0.0083908558520136
12101	39	0.160001754904549
12101	40	0.113194804597406
12101	41	0.0389205691881571
12101	42	0.0464559312268094
12101	43	0.0240982569453791
12101	44	-0.101330686664099
12101	45	-0.041176277269571
12101	46	-0.0715813290190184
12101	47	0.000349730157218175
12101	48	0.157093118970643
12101	49	0.0590052594894459
12101	50	0.122436787694404
12101	51	0.171345527428386
12101	52	-0.0689095726535669
12101	53	0.0344158357282609
12101	54	-0.0199170268936086
12101	55	0.0816510396929147
12101	56	0.174269555317196
12101	57	-0.0143946949789751
12101	58	0.0791383288592158
12101	59	0.1436354369147
12101	60	0.0922244986601015
12101	61	0.0989304415686121
12101	62	0.102567397151176
12101	63	-0.0676098391319897
12101	64	0.00307210664654889
12101	65	-0.0923346347883367
12101	66	-0.0332799201905516
12101	67	0.0773149287527488
12101	68	0.0537406059903134
12101	69	0.103396428587089
12101	70	-0.00360107833629542
12101	71	0.0784033845686167
12101	72	0.0249735570546719
12101	73	-0.024138508019071
12101	74	0.378191128075485
12102	1	-0.663257138900359
12102	2	0.033296608703175
12102	3	0.0539601007147681
12102	4	0.0931780331661294
12102	5	0.0350251158535073
12102	6	0.0839901961869245
12102	7	0.0238908669949183
12102	8	0.108554344467557
12102	9	0.0300013821187406
12102	10	0.0861632931460292
12102	11	0.18004263099909
12102	12	0.0759634367025441
12102	13	0.0846312522489967
12102	14	0.0068983973358101
12102	15	-0.137877140364736
12102	16	0.000621233775724761
12102	17	-0.00259023990207652
12102	18	0.0944740469495713
12102	19	0.194617311001821
12102	20	0.0594813142931159
12102	21	0.156113600600889
12102	22	0.163052579548207
12102	23	-0.00631328276056564
12102	24	0.00324127799282792
12102	25	0.0863427671321944
12102	26	0.0855795625258011
12102	27	0.00509642580291825
12102	28	0.00486691475457945
12102	29	0.123849249509959
12102	30	0.0869963989571687
12102	31	0.152452752005473
12102	32	0.0968894778065277
12102	33	0.119799806600589
12102	34	0.167555469578417
12102	35	0.0569605300297624
12102	36	0.187604813926974
12102	37	0.0490359652322212
12102	38	-0.0535942693600475
12102	39	-0.00581635190529539
12102	40	0.0997882999599753
12102	41	-0.0209655854523021
12102	42	0.063228266446238
12102	43	0.00205453696766256
12102	44	0.034124231586361
12102	45	0.0340568296576151
12102	46	0.00327536070821566
12102	47	0.0157914815254756
12102	48	0.0059052586878181
12102	49	0.109455045620251
12102	50	0.0402589532636242
12102	51	-0.0120882249971714
12102	52	-0.0211416432754845
12102	53	0.0934716492279009
12102	54	0.188167574647629
12102	55	0.0856838931614803
12102	56	0.0573480208423405
12102	57	0.0509643365975521
12102	58	0.0332910233148951
12102	59	0.00951880905179792
12102	60	0.107296783444276
12102	61	0.00376915324451232
12102	62	0.0984060171367034
12102	63	-0.00784404494568491
12102	64	0.0167168415454739
12102	65	0.123144550217887
12102	66	0.0394224510175931
12102	67	0.0600383030092786
12102	68	-0.0340538055647173
12102	69	0.0649361610027057
12102	70	-0.00844986056346642
12102	71	0.0319581715972177
12102	72	0.0494924464388333
12102	73	0.0813519884407938
12102	74	0.258950035008375
12103	1	-0.030983513459784
12103	2	-0.0914268281221524
12103	3	0.0231752582177052
12103	4	0.0975985810150455
12103	5	0.125000335346762
12103	6	0.0530840173499882
12103	7	0.239355476392319
12103	8	-0.0247161914987686
12103	9	0.126118451882391
12103	10	0.0859738968821873
12103	11	0.169237839134148
12103	12	0.18004825945107
12103	13	0.144619101878959
12103	14	0.0756021012461332
12103	15	0.0482912979054717
12103	16	0.0486999913808646
12103	17	0.142258572229103
12103	18	0.0495279983860257
12103	19	0.0832643020279562
12103	20	0.183712153471973
12103	21	0.0375568391821588
12103	22	0.158373180840904
12103	23	0.119419895559787
12103	24	0.159645772625581
12103	25	0.126593238809782
12103	26	-0.0594084377285853
12103	27	0.173204438018004
12103	28	0.113450386904127
12103	29	0.193556837298893
12103	30	0.219640169967882
12103	31	0.141305986915974
12103	32	0.0375590758847864
12103	33	0.0215781789419296
12103	34	0.117803107285404
12103	35	0.0246995681979953
12103	36	0.0535077740422949
12103	37	0.0766889363464998
12103	38	0.170593611883376
12103	39	0.0887449563068898
12103	40	0.216061414673248
12103	41	0.159860075685934
12103	42	0.194488005559499
12103	43	0.0294661060349597
12103	44	0.118791506526762
12103	45	0.139029338004605
12103	46	0.207726647672999
12103	47	0.163553113754126
12103	48	0.257368839472385
12103	49	0.234769163024751
12103	50	0.0503641736661109
12103	51	0.10832438350112
12103	52	0.278311341804724
12103	53	0.197522183461082
12103	54	0.140437504326215
12103	55	0.115862415846109
12103	56	0.184410765635221
12103	57	0.150859286406906
12103	58	0.0769017530075118
12103	59	0.0770633989758593
12103	60	0.0885526173452291
12103	61	0.0740424832032218
12103	62	0.14268929206083
12103	63	0.079153504158846
12103	64	0.135897608899803
12103	65	0.225276856198043
12103	66	0.0162206409536765
12103	67	0.196717079048568
12103	68	0.0316436760165857
12103	69	0.169481221744419
12103	70	0.0606652717636322
12103	71	0.201550402753156
12103	72	0.262920394535982
12103	73	0.0950178178041554
12103	74	0.474009815727243
12104	1	0.0898437855988696
12104	2	0.122478476589251
12104	3	0.093741526232936
12104	4	0.0698922088209848
12104	5	0.143751941242442
12104	6	-0.0349514758643679
12104	7	0.121833110645198
12104	8	0.136383759448414
12104	9	0.0574325417191162
12104	10	0.186854803658484
12104	11	0.0558242304821661
12104	12	0.139921014116929
12104	13	0.11768209970662
12104	14	0.159735267955625
12104	15	0.0850122925096599
12104	16	0.0361535663966279
12104	17	0.082984962642783
12104	18	0.0347003255916505
12104	19	0.102935940158339
12104	20	0.0967321716915919
12104	21	0.111182192479212
12104	22	0.0358742903688238
12104	23	0.110578709883207
12104	24	0.0222736603179925
12104	25	0.157694474473516
12104	26	0.057837129999335
12104	27	0.151820915091655
12104	28	-0.0274476883569079
12104	29	0.0538488767280114
12104	30	0.150356282649199
12104	31	0.172461823032862
12104	32	0.0197105673239051
12104	33	0.104388379591292
12104	34	0.128389755576727
12104	35	0.183321184137817
12104	36	-0.0354435749257149
12104	37	-0.012635901601783
12104	38	0.0331852589757844
12104	39	0.0187589482523194
12104	40	-0.0733587553235608
12104	41	-0.187126655168179
12104	42	0.0269031847403483
12104	43	-0.0352189533510625
12104	44	0.0695235555067057
12104	45	0.00115831059401472
12104	46	0.00206424295384267
12104	47	0.017915089634343
12104	48	-0.132027703133865
12104	49	-0.0610966517331732
12104	50	-0.0492305759335139
12104	51	-0.0120658587290805
12104	52	-0.029287757631657
12104	53	-0.0784147186275561
12104	54	-0.0177925245691313
12104	55	0.0579236913132704
12104	56	-0.0539009666777659
12104	57	-0.0985304791215071
12104	58	-0.016427755537272
12104	59	-0.0708517148115959
12104	60	-0.00745795785051229
12104	61	-0.116266553397104
12104	62	-0.182640241291722
12104	63	-0.0169479330943005
12104	64	-0.200347778555468
12104	65	0.0282825224692047
12104	66	-0.0578439415835419
12104	67	-0.174685879891157
12104	68	0.0755660628129746
12104	69	0.0780513630246347
12104	70	-0.0178361644854448
12104	71	0.0934143293432541
12104	72	0.0182611440495108
12104	73	-0.114298009533975
12104	74	0.0862880295931703
12105	1	-0.562020332493486
12105	2	-0.108993282342155
12105	3	-0.0600218128796612
12105	4	0.0203180225984241
12105	5	0.0638448571663517
12105	6	-0.0813206121491987
12105	7	0.0403515839425523
12105	8	-0.100798482743471
12105	9	-0.104266501039305
12105	10	-0.00762304792023372
12105	11	-0.129901392823733
12105	12	0.088094135652419
12105	13	-0.0324314506340286
12105	14	-0.0387293605027779
12105	15	-0.11331772385136
12105	16	0.0382444799274353
12105	17	-0.0549161264637164
12105	18	-0.0601926562647108
12105	19	0.0296920022813651
12105	20	-0.0714395457267898
12105	21	-0.0251630738146531
12105	22	-0.0876440608313871
12105	23	0.0309591645729554
12105	24	-0.0704398875807186
12105	25	-0.00916286722754478
12105	26	-0.0335867668529986
12105	27	-0.0436334083680876
12105	28	-0.0334124389124497
12105	29	0.0877012246560227
12105	30	-0.0292885978176969
12105	31	-0.0642738488676997
12105	32	-0.111290812373788
12105	33	-0.0543363768249137
12105	34	0.00476090646437655
12105	35	-0.0247018189634431
12105	36	-0.0438880581837964
12105	37	0.182745013576529
12105	38	0.16575008233572
12105	39	0.025642021914571
12105	40	0.0634317714220529
12105	41	-0.0570464289581167
12105	42	-0.0374787225459414
12105	43	-0.101949373842956
12105	44	-0.0156614722616268
12105	45	0.0365785191398587
12105	46	0.058779645878019
12105	47	0.0187505008701265
12105	48	-0.0366156172976062
12105	49	0.145135166620371
12105	50	0.0211578973748843
12105	51	0.00961315839936105
12105	52	0.156192771923358
12105	53	0.087857810080159
12105	54	0.0587875483725284
12105	55	-0.0326433989004968
12105	56	-0.00534797495225092
12105	57	0.120113465605833
12105	58	0.0152024846784116
12105	59	0.0643291967388961
12105	60	-0.0704295722541346
12105	61	0.0874607574616135
12105	62	0.0391725871713788
12105	63	-0.0288138352932066
12105	64	-0.0649615683698457
12105	65	0.0656578897825923
12105	66	0.147348110336978
12105	67	-0.0968878600287795
12105	68	-0.0192507703266571
12105	69	-0.166922199767946
12105	70	0.0725612498352461
12105	71	0.155929433658905
12105	72	0.0186394804852625
12105	73	0.0178529642476661
12105	74	0.218413667361702
12106	1	0.288581880836965
12106	2	-0.182529203902298
12106	3	-0.0543882740742845
12106	4	-0.0490363626075876
12106	5	-0.148178934333593
12106	6	-0.125440723176197
12106	7	-0.113623110552957
12106	8	-0.0527806030707865
12106	9	-0.132668072720207
12106	10	-0.190000035051199
12106	11	-0.139951499164532
12106	12	-0.131428448248663
12106	13	-0.190889328864806
12106	14	-0.230152596867725
12106	15	-0.0997595968912606
12106	16	-0.0889140219290212
12106	17	-0.0672784782174318
12106	18	-0.0834079693392198
12106	19	-0.0938236604560956
12106	20	-0.12712650726386
12106	21	-0.0211787906237078
12106	22	-0.0524329292932322
12106	23	-0.039350629594523
12106	24	-0.00268256088016017
12106	25	-0.139366969458898
12106	26	-0.0852965105536612
12106	27	-0.119463263095753
12106	28	-0.226834017081949
12106	29	-0.12704590053773
12106	30	-0.267492411667234
12106	31	-0.127416057151471
12106	32	-0.212976836669952
12106	33	-0.19856016111531
12106	34	-0.0738606284478465
12106	35	-0.213265605416709
12106	36	-0.0491349266945704
12106	37	-0.00841485243984152
12106	38	0.0707319340386334
12106	39	-0.0638565279440115
12106	40	-0.0628799269844791
12106	41	0.0642914304040048
12106	42	-0.136822358510649
12106	43	-0.000176030235444102
12106	44	0.0477805112233085
12106	45	-0.113849633897424
12106	46	-0.0503427283850186
12106	47	-0.0496891349807527
12106	48	-0.0797043998003559
12106	49	-0.0678135890586944
12106	50	-0.0481908382350866
12106	51	-0.0370488204876622
12106	52	-0.0450104292215556
12106	53	-0.044037098466859
12106	54	0.092201374858945
12106	55	0.0697922566876983
12106	56	-0.0133470558801534
12106	57	-0.0266497336661118
12106	58	0.0238162326153812
12106	59	-0.000267905781193178
12106	60	0.0729175375882321
12106	61	0.0287519546408959
12106	62	-0.0914046640499748
12106	63	-0.0919885036024723
12106	64	-0.0495435932347448
12106	65	0.0255223205071005
12106	66	-0.0941806749742966
12106	67	-0.224201133752892
12106	68	-0.0862644362582472
12106	69	-0.0714051587144979
12106	70	-0.120553972979856
12106	71	-0.196266778812571
12106	72	0.0342037061225682
12106	73	-0.121752250223061
12106	74	0.0657128670280116
12107	1	-0.372474396219314
12107	2	-0.165732667105761
12107	3	-0.178890438576449
12107	4	-0.0346987002699244
12107	5	-0.0204386745933363
12107	6	-0.145683147418623
12107	7	0.0917275387976915
12107	8	-0.148971079261258
12107	9	-0.045724349776485
12107	10	-0.0107273077784669
12107	11	-0.211864919077954
12107	12	-0.109731478551694
12107	13	-0.0226815366570108
12107	14	-0.125200215915349
12107	15	-0.0135258306574926
12107	16	-0.18001358902859
12107	17	-0.0915209024598624
12107	18	-0.154576800508053
12107	19	-0.0726461712786062
12107	20	-0.0889100570474142
12107	21	-0.0546506520955674
12107	22	-0.137298730159031
12107	23	-0.0527878590317528
12107	24	-0.00060463880224404
12107	25	-0.112994675086604
12107	26	-0.018491315748463
12107	27	-0.0379914016238914
12107	28	0.0409408746929429
12107	29	-0.157885727377561
12107	30	-0.104566004740832
12107	31	-0.033753719489134
12107	32	-0.107868611561727
12107	33	0.055448496893348
12107	34	-0.0237480743352947
12107	35	-0.136919285070391
12107	36	0.0415334325853749
12107	37	0.00617514341992376
12107	38	0.196109052736453
12107	39	0.0276021083624869
12107	40	0.146146904953213
12107	41	0.0831033969453827
12107	42	-0.0474981333050479
12107	43	0.116520006327768
12107	44	0.0317006370217996
12107	45	-0.0856696698563297
12107	46	0.02099570277813
12107	47	0.039667237575614
12107	48	0.0598675762439598
12107	49	0.0481671329102582
12107	50	-0.0400630365141836
12107	51	0.0241665108289908
12107	52	0.082785525344292
12107	53	-0.0195298611323338
12107	54	0.0534197356442334
12107	55	-0.0117335924719413
12107	56	0.171318032448724
12107	57	0.155262359329342
12107	58	0.103191810306939
12107	59	0.0479859058785195
12107	60	0.0679371384280927
12107	61	0.00220764028867393
12107	62	-0.0598139319627506
12107	63	0.0548268269311194
12107	64	0.0672503366659143
12107	65	0.0315314463633314
12107	66	0.0860584847730621
12107	67	0.0136197310148063
12107	68	0.137322749782889
12107	69	0.0560202144198314
12107	70	0.0575213616437082
12107	71	-0.0431411010853964
12107	72	-0.00523993759023256
12107	73	0.0491581829157113
12107	74	0.0176163071567998
12108	1	0.304840059816456
12108	2	0.127754665234029
12108	3	0.186206431766323
12108	4	0.154299809417108
12108	5	0.0790903865094954
12108	6	0.11271029520433
12108	7	0.250216361450448
12108	8	0.168072139814747
12108	9	0.240242863338267
12108	10	0.264798772698434
12108	11	0.10228113159269
12108	12	0.127398178676323
12108	13	0.233851995384718
12108	14	0.122233465157677
12108	15	0.173112023291836
12108	16	0.213470762685269
12108	17	0.150526787555044
12108	18	0.131542424529201
12108	19	0.219851593251946
12108	20	0.0825117015218879
12108	21	0.168440256995339
12108	22	0.0785909866815047
12108	23	0.127164450953344
12108	24	0.218149459558411
12108	25	0.100835429235303
12108	26	0.14099899721726
12108	27	0.246369254113816
12108	28	0.234311962621412
12108	29	0.159825151907093
12108	30	0.0411061264067101
12108	31	0.0918677410175732
12108	32	0.112998750584325
12108	33	0.180271149650423
12108	34	0.258552968883784
12108	35	0.215855677671783
12108	36	-0.123300538474766
12108	37	-0.140635868356675
12108	38	0.0619899881536128
12108	39	0.0051887886896651
12108	40	0.0227231396843948
12108	41	-0.0467276492583935
12108	42	0.0156249365973409
12108	43	-0.0789915415420097
12108	44	0.0323167862554712
12108	45	0.0144936579255557
12108	46	0.0156855226002719
12108	47	0.0102441892601206
12108	48	0.0262345243604756
12108	49	0.0441036517831321
12108	50	0.0438969785183474
12108	51	0.0116272377816244
12108	52	0.145101183895548
12108	53	0.0603782771266879
12108	54	-0.0429543764856248
12108	55	-0.0143151630477476
12108	56	0.0649479188730595
12108	57	0.0553033419721842
12108	58	0.0573732106665616
12108	59	-0.118178270296873
12108	60	0.0602458658945224
12108	61	0.156570863557327
12108	62	-0.104895125316226
12108	63	0.00421922669440988
12108	64	-0.102653067733819
12108	65	0.124989113934696
12108	66	-0.0106787440336475
12108	67	0.0850994038410491
12108	68	0.0852727493036056
12108	69	-0.0956475829569214
12108	70	-0.0313509184118317
12108	71	0.0162751419008274
12108	72	0.0369335710809438
12108	73	0.0532111208219277
12108	74	0.289713927236633
12109	1	0.0712198398709631
12109	2	-0.0337608032527115
12109	3	-0.0743013129972248
12109	4	-0.0213848355501192
12109	5	-0.191082805673108
12109	6	-0.106595105281073
12109	7	-0.128728773500207
12109	8	-0.0832827770977076
12109	9	-0.0178086248706606
12109	10	-0.130946129660657
12109	11	-0.191174716724383
12109	12	-0.0665688956267374
12109	13	-0.117961464649809
12109	14	-0.110078837110798
12109	15	-0.174172295303961
12109	16	-0.0373127856149154
12109	17	-0.135863736743289
12109	18	-0.01263087258193
12109	19	-0.101535326860834
12109	20	-0.174523018343542
12109	21	-0.0615744111381389
12109	22	-0.11373357364338
12109	23	-0.203065020081191
12109	24	-0.092557567428436
12109	25	-0.145235899209013
12109	26	0.00443684373414754
12109	27	-0.170781613978455
12109	28	-0.057006786739862
12109	29	-0.0859122633644915
12109	30	-0.114574605600914
12109	31	-0.0823371111616353
12109	32	-0.17523321468871
12109	33	-0.0939633776274391
12109	34	-0.0389106572602529
12109	35	-0.0515079439362793
12109	36	0.101274030301028
12109	37	0.148929443646452
12109	38	0.0792079098977183
12109	39	0.129710338645545
12109	40	0.0488304984905668
12109	41	-0.000638813875973199
12109	42	0.134000283029536
12109	43	0.0385568411299673
12109	44	0.1530197675445
12109	45	0.0178497624556542
12109	46	0.249431504465193
12109	47	0.0851811908313778
12109	48	0.00189404908761759
12109	49	0.00759322121975003
12109	50	0.0872725084463113
12109	51	-0.0195050680949791
12109	52	0.118273805943097
12109	53	0.034227682294464
12109	54	0.109162441306687
12109	55	0.0563035771017226
12109	56	0.0960171140532893
12109	57	-0.0673796604180268
12109	58	-0.0722649602693508
12109	59	0.0450900475784834
12109	60	-0.0770764027841579
12109	61	0.0151682775058148
12109	62	0.0695648246112555
12109	63	0.0178584291155346
12109	64	0.0348930442848356
12109	65	0.0358537045226939
12109	66	0.102456409540274
12109	67	0.068918810912372
12109	68	0.162763498989186
12109	69	0.14495548158682
12109	70	0.000940007420567213
12109	71	0.0341451423284482
12109	72	0.000370674481743549
12109	73	0.142908786605467
12109	74	0.236423396435747
12110	1	0.200219842972903
12110	2	-0.0355136694796307
12110	3	-0.142181755571333
12110	4	-0.0683985230657385
12110	5	0.0197176663073968
12110	6	-0.0765658917430727
12110	7	-0.0423965041325332
12110	8	0.0511039483224138
12110	9	-0.0427675140414223
12110	10	-0.0767672288724555
12110	11	0.0571132480289407
12110	12	-0.133591988766014
12110	13	-0.0633403350120219
12110	14	0.0761576362361822
12110	15	0.0330934478205549
12110	16	-0.016470441481033
12110	17	0.0590042237563324
12110	18	0.0251197456820549
12110	19	0.0242532235523782
12110	20	0.0278773982336062
12110	21	-0.0291507691172015
12110	22	-0.0226125821768193
12110	23	-0.0276184451429557
12110	24	-0.0482312394909954
12110	25	-0.089241958513
12110	26	0.0107598126744151
12110	27	0.0244086786195155
12110	28	-0.153107471958563
12110	29	0.0106132528625054
12110	30	-0.0888488627434398
12110	31	-0.0642171920224825
12110	32	-0.029463850453034
12110	33	-0.0280673678965186
12110	34	-0.0108724850477913
12110	35	-0.0827366644545222
12110	36	0.140077818913937
12110	37	0.0794200679230599
12110	38	0.184304843915378
12110	39	0.207901170516749
12110	40	0.0728091157581403
12110	41	0.0892509835452984
12110	42	0.0395756566557921
12110	43	0.150995798866404
12110	44	0.112215294617954
12110	45	0.207479192285021
12110	46	0.118313893601801
12110	47	0.0703047189044028
12110	48	-0.00196056625160423
12110	49	0.00555113766515092
12110	50	0.155268159044354
12110	51	0.0750047953259312
12110	52	0.215147554283
12110	53	0.176257914774133
12110	54	0.129092764888696
12110	55	0.208170331496568
12110	56	0.188184843580572
12110	57	0.0550099521358192
12110	58	0.0381866258443679
12110	59	0.116870939577744
12110	60	0.160501459215887
12110	61	0.0446754935254461
12110	62	0.126480526072626
12110	63	0.0627422434271949
12110	64	-0.0115773153989878
12110	65	0.0369539126701852
12110	66	0.135514734084666
12110	67	0.08008142437739
12110	68	0.204081338322347
12110	69	-0.0270732132186637
12110	70	-0.0451522371258051
12110	71	0.202138201380663
12110	72	0.140378789583146
12110	73	0.127842159909413
12110	74	0.274127828162641
12111	1	-0.259319300688279
12111	2	-0.0511006324737266
12111	3	-0.117560490329208
12111	4	-0.108800057559254
12111	5	0.0126860853584922
12111	6	-0.0511378230687853
12111	7	-0.263649605361408
12111	8	-0.149977881982352
12111	9	-0.0730819645927454
12111	10	-0.142252093769422
12111	11	-0.239342834646088
12111	12	-0.0681101525093197
12111	13	-0.00168775349781924
12111	14	-0.0406588625318847
12111	15	-0.0661641797770471
12111	16	-0.0317740290897817
12111	17	-0.0706039347158267
12111	18	-0.0560653270191338
12111	19	-0.0264036819383762
12111	20	-0.0289610937300253
12111	21	-0.145469517440752
12111	22	-0.114808869142855
12111	23	-0.0358876865225568
12111	24	-0.0130971688286081
12111	25	-0.105061205047868
12111	26	-0.0723928227627582
12111	27	-0.0746340471988631
12111	28	-0.133463447801603
12111	29	-0.0359610455431039
12111	30	-0.00942724875996959
12111	31	-0.0615571241045672
12111	32	-0.0987426798493303
12111	33	-0.036735599711804
12111	34	-0.0831982582366066
12111	35	-0.0713737328782216
12111	36	-0.0543879659966251
12111	37	0.0257154953846879
12111	38	0.116491872399486
12111	39	0.0767079448911261
12111	40	0.0911892586389982
12111	41	0.115774962969667
12111	42	0.0479751268666604
12111	43	0.0521381772294447
12111	44	-0.00617843821993347
12111	45	-0.013700646136968
12111	46	-0.15943907276251
12111	47	-0.0173639294483365
12111	48	-0.0712619493037252
12111	49	0.123117613683135
12111	50	0.250999298625011
12111	51	0.0821992775416618
12111	52	0.232684318560452
12111	53	0.03759559516552
12111	54	0.141355621461017
12111	55	-0.0568741920031641
12111	56	-0.00165284602859828
12111	57	-0.0363651859368019
12111	58	-0.0451489754535075
12111	59	0.0388187403832134
12111	60	0.0741544189394148
12111	61	0.126853718437225
12111	62	-0.0503565445588663
12111	63	0.0356229271175792
12111	64	0.071888203520011
12111	65	0.0617567729302522
12111	66	0.0874291625236481
12111	67	-0.0928281381717468
12111	68	0.0230992599544564
12111	69	0.0883017505100554
12111	70	0.118746885648171
12111	71	-0.00817410564741294
12111	72	0.160701462351895
12111	73	0.155941477110147
12111	74	0.132921161033508
12112	1	-0.160235384000003
12112	2	0.0494154360226382
12112	3	0.100892044949877
12112	4	0.133764481868134
12112	5	0.0264952387839266
12112	6	-0.0300506223082664
12112	7	0.0166879380043952
12112	8	0.00988606359588573
12112	9	0.080769412618757
12112	10	0.00663613665886942
12112	11	-0.0639721419043866
12112	12	0.0824509793844541
12112	13	-0.00321867439612333
12112	14	0.0254176588207571
12112	15	0.0706865677815074
12112	16	0.0534204842872583
12112	17	0.0417273861972944
12112	18	0.00328872313087203
12112	19	-0.0796402215632952
12112	20	-0.0361774103837291
12112	21	0.155597188733552
12112	22	0.0111711054241042
12112	23	0.0971851433353379
12112	24	-0.0804700344902969
12112	25	0.0322154842122231
12112	26	0.0521982114730832
12112	27	-0.0526023670131792
12112	28	0.0526977680458955
12112	29	-0.0481343359118824
12112	30	0.0475007856116747
12112	31	-0.0383463879044612
12112	32	0.116907282494957
12112	33	0.098652130697964
12112	34	0.11045088926268
12112	35	0.0553161445246459
12112	36	0.0886476865216892
12112	37	0.0601140047861008
12112	38	-0.0181356503790582
12112	39	0.114539042431076
12112	40	-0.0327770983919677
12112	41	0.201380142444464
12112	42	0.169193898126032
12112	43	0.0224422012395351
12112	44	0.0080334015051875
12112	45	-0.0554298826231872
12112	46	0.0402490447715707
12112	47	0.0865442938195926
12112	48	-0.00303916208082455
12112	49	0.00455035098779888
12112	50	0.0922057196147534
12112	51	0.0887410620106266
12112	52	-0.0580663911281647
12112	53	-0.00466334983811834
12112	54	-0.0235206854715386
12112	55	0.0198108346606745
12112	56	0.145290554441644
12112	57	0.0553518922605747
12112	58	0.168033311927843
12112	59	0.00256902102523071
12112	60	0.106997815130015
12112	61	0.0899832087160917
12112	62	0.0767972039943174
12112	63	0.111745416602581
12112	64	0.172949657250236
12112	65	-0.065363624514184
12112	66	0.00267771701892627
12112	67	0.164381528420336
12112	68	0.113713852125869
12112	69	0.0808107708072541
12112	70	0.0984050485643024
12112	71	0.155078579805512
12112	72	0.0613576402808818
12112	73	0.118261567804154
12112	74	0.262670845888543
12201	1	0.370108643480005
12201	2	-0.127881732510641
12201	3	-0.166503445724338
12201	4	-0.0759688100051505
12201	5	-0.099582404248693
12201	6	-0.208768888550878
12201	7	-0.174720194347721
12201	8	-0.134263068925343
12201	9	-0.209924624953508
12201	10	-0.175352563659537
12201	11	-0.184912739474605
12201	12	-0.215066691142724
12201	13	-0.15001815869131
12201	14	-0.266281057554323
12201	15	-0.166420357319467
12201	16	-0.0869590569973155
12201	17	-0.101661645437815
12201	18	-0.2321034289184
12201	19	-0.193066185373041
12201	20	-0.124510043624142
12201	21	-0.194701123587905
12201	22	-0.0873565173330988
12201	23	-0.187989979908288
12201	24	-0.256851626956205
12201	25	-0.0960269916072889
12201	26	-0.176282114097404
12201	27	-0.153754883619932
12201	28	-0.148062514682536
12201	29	-0.156503264878815
12201	30	-0.265318915912346
12201	31	-0.268622406357821
12201	32	-0.131202012011407
12201	33	-0.26556348337445
12201	34	-0.271365242696646
12201	35	-0.151563132179355
12201	36	0.065230469815603
12201	37	-0.0317222067765712
12201	38	0.158599692291318
12201	39	-0.00502107173751654
12201	40	-0.090472415677155
12201	41	-0.0837829859995196
12201	42	-0.054963962783205
12201	43	-0.183227751362907
12201	44	0.0262227478203698
12201	45	0.069102981861235
12201	46	-0.0323142009925732
12201	47	-0.0782055320079991
12201	48	-0.12336544595135
12201	49	-0.0538401718747892
12201	50	-0.172417072335165
12201	51	0.0763363711470859
12201	52	0.0250412331170651
12201	53	-0.0854125637013254
12201	54	0.0118905475827447
12201	55	-0.035178401997392
12201	56	0.049755439072328
12201	57	-0.101351735112473
12201	58	0.029348328635578
12201	59	0.05903762462966
12201	60	-0.164232112022809
12201	61	0.00335068923374848
12201	62	-0.0986727816038524
12201	63	-0.0804048760634331
12201	64	0.0588633711046569
12201	65	0.110880050137396
12201	66	0.141306133093011
12201	67	0.111186360362794
12201	68	-0.00700680098436379
12201	69	0.249519680361608
12201	70	0.0132545113859237
12201	71	-0.132331071648892
12201	72	-0.0408853762900065
12201	73	-0.281629487831388
12201	74	-0.322612078810444
12202	1	0.0321778404329223
12202	2	-0.173034254407348
12202	3	-0.15928004896606
12202	4	-0.185645309216532
12202	5	-0.117737375892037
12202	6	-0.221864965600439
12202	7	-0.232633211563062
12202	8	-0.191773388063567
12202	9	-0.254422762474896
12202	10	-0.142943757994921
12202	11	-0.140817300030328
12202	12	-0.069382272202489
12202	13	-0.177267395242872
12202	14	-0.149263707978839
12202	15	-0.196538817670479
12202	16	-0.282720659735659
12202	17	-0.0884732834122417
12202	18	-0.267725429656686
12202	19	-0.206732751365188
12202	20	-0.105155367292724
12202	21	-0.269510680955598
12202	22	-0.180883145743451
12202	23	-0.180011524255413
12202	24	-0.0142092564068577
12202	25	-0.207020649112579
12202	26	-0.12347832873548
12202	27	-0.091890391522881
12202	28	-0.108891737139665
12202	29	-0.124664948156777
12202	30	-0.136430362605189
12202	31	-0.165808553543968
12202	32	-0.145363561056676
12202	33	-0.207180651735804
12202	34	-0.0501665447537647
12202	35	-0.265568635719738
12202	36	0.027889270579827
12202	37	-0.0610040272951267
12202	38	0.0744112244231232
12202	39	0.0350402008495507
12202	40	-0.12462132592308
12202	41	-0.140424521614179
12202	42	-0.102417253076062
12202	43	0.0142019211934468
12202	44	-0.112011669202651
12202	45	0.0837433357545194
12202	46	0.051929764383658
12202	47	0.0431225915141482
12202	48	0.00204237032324528
12202	49	0.0279339457565584
12202	50	0.0475885740798674
12202	51	-0.0509966884459701
12202	52	0.0754180248763632
12202	53	-0.186669287603458
12202	54	0.0339829464756676
12202	55	-0.196267525858573
12202	56	-0.124878635487711
12202	57	-0.0035285482800802
12202	58	-0.110540109356869
12202	59	-0.0701053645249345
12202	60	-0.123903682461076
12202	61	0.0571499541917433
12202	62	-0.0510306479390792
12202	63	-0.0924430380554639
12202	64	0.135763053431631
12202	65	0.024606141169869
12202	66	0.0597634094343746
12202	67	0.0175063022496715
12202	68	-0.019380444267135
12202	69	0.0566351309253079
12202	70	-0.14496372895227
12202	71	0.054203803758675
12202	72	0.0093660355651366
12202	73	0.0309998834566727
12202	74	0.0277165121318106
12203	1	-0.796815506436531
12203	2	-0.107164686413888
12203	3	-0.125471291351992
12203	4	-0.143802481444503
12203	5	-0.149857821817793
12203	6	-0.185074941465281
12203	7	-0.110953072626288
12203	8	-0.0212896633320554
12203	9	-0.110171654683967
12203	10	-0.0554867607149134
12203	11	-0.0966308080562257
12203	12	-0.114130513145419
12203	13	-0.0578931215323166
12203	14	-0.133660392906499
12203	15	-0.0791477131997311
12203	16	-0.157387683960209
12203	17	-0.0746649088959046
12203	18	-0.0802019010712058
12203	19	-0.167812703861067
12203	20	-0.12983362905063
12203	21	-0.216957973093159
12203	22	-0.0829495748895255
12203	23	-0.130934278983482
12203	24	-0.148897478705699
12203	25	-0.140911006542758
12203	26	-0.22436098590132
12203	27	-0.233206204520108
12203	28	-0.232352769715746
12203	29	-0.11823005561569
12203	30	-0.120987565480974
12203	31	-0.0650039206154389
12203	32	-0.185764025881923
12203	33	-0.222759065455811
12203	34	-0.1294021370867
12203	35	-0.0592394781516461
12203	36	0.00270052053051728
12203	37	0.0633335351906794
12203	38	-0.143847466763795
12203	39	0.00690542266438143
12203	40	0.0171555602868381
12203	41	-0.106668386752808
12203	42	0.00601222241328259
12203	43	-0.0671853733246905
12203	44	-0.0664633229757072
12203	45	-0.0285166287960621
12203	46	-0.0602470156059738
12203	47	-0.111544702236131
12203	48	-0.0213764831375514
12203	49	-0.044590193763149
12203	50	-0.0416623100154325
12203	51	-0.0940239043652582
12203	52	-0.0550362292073601
12203	53	0.11807269519651
12203	54	0.0239324056144099
12203	55	-0.194837966131985
12203	56	-0.11400456080753
12203	57	0.0283325269193568
12203	58	-0.206910181733932
12203	59	-0.0310535289369867
12203	60	-0.00436441104453422
12203	61	0.133913289715707
12203	62	-0.0732650189192725
12203	63	-0.12918624189733
12203	64	-0.0586648522082172
12203	65	-0.00626683630687808
12203	66	0.0396820990363409
12203	67	0.0259272479458161
12203	68	0.0619857971239242
12203	69	0.000920168796419318
12203	70	-0.11703465497186
12203	71	0.0390015757460276
12203	72	-0.196210734164978
12203	73	0.118583222347795
12203	74	-0.0614884514705381
12204	1	0.185145462594857
12204	2	-0.268346262041632
12204	3	-0.121281317839365
12204	4	-0.0641626581130303
12204	5	-0.135425848556814
12204	6	-0.152274603356048
12204	7	-0.236448380070172
12204	8	-0.0813852243578665
12204	9	-0.178681231757068
12204	10	-0.179660990209783
12204	11	-0.18140072923935
12204	12	-0.0350444404712889
12204	13	-0.155157856545657
12204	14	-0.130769300858837
12204	15	-0.117705328884384
12204	16	-0.104152256048778
12204	17	-0.141219904879243
12204	18	-0.0309640341275141
12204	19	-0.175920356808717
12204	20	-0.141950457405351
12204	21	-0.0915852625088505
12204	22	-0.130327066751349
12204	23	-0.236998113232524
12204	24	-0.112625584681005
12204	25	-0.020735370410236
12204	26	-0.113092979487568
12204	27	-0.0189204441453512
12204	28	-0.130067112580441
12204	29	-0.135458656817789
12204	30	0.0280077532547267
12204	31	-0.0398785330641829
12204	32	-0.187881338171614
12204	33	-0.0226336295110556
12204	34	-0.127671714675998
12204	35	-0.168962635085308
12204	36	0.00153298566071669
12204	37	-0.0361889004426956
12204	38	-0.019461057604282
12204	39	-0.156509195741606
12204	40	-0.132551865617742
12204	41	-0.0340067274983014
12204	42	0.0116684846229234
12204	43	0.00986805690860137
12204	44	0.0236873054246729
12204	45	-0.145360458683875
12204	46	-0.135504209492211
12204	47	-0.0717030775780003
12204	48	-0.030064700875819
12204	49	0.0410108207339306
12204	50	-0.0175429008634822
12204	51	-0.0450331691335464
12204	52	-0.110670382262285
12204	53	-0.131152864073194
12204	54	-0.0424691487182542
12204	55	-0.0147633856221177
12204	56	0.0540190905554923
12204	57	-0.0134568637218422
12204	58	-0.109886281050471
12204	59	0.0597753396161664
12204	60	-0.0368060735820137
12204	61	-0.0632298339339954
12204	62	0.0662742896387414
12204	63	0.0747314740490239
12204	64	-0.0798251446182618
12204	65	0.0793940174459991
12204	66	-0.021475155665172
12204	67	-0.0208933168654326
12204	68	-0.114636241871196
12204	69	0.0325436837052209
12204	70	-0.0151159518137121
12204	71	-0.120902446146502
12204	72	0.00461909421787965
12204	73	-0.0768852124988797
12204	74	0.217349208461641
12205	1	0.662351171123241
12205	2	-0.000228437214531141
12205	3	-0.203214327390736
12205	4	-0.0472237439116583
12205	5	-0.0590128655427087
12205	6	-0.0217843962436532
12205	7	-0.36252625467619
12205	8	-0.18836251205299
12205	9	-0.153259196023299
12205	10	-0.267119680546024
12205	11	-0.189937431499061
12205	12	-0.157663800291992
12205	13	-0.267620706792641
12205	14	-0.163108635413131
12205	15	-0.114185425125065
12205	16	-0.0897160195375193
12205	17	-0.119935297518275
12205	18	-0.0344073362942794
12205	19	-0.136784482007762
12205	20	-0.203732401615696
12205	21	-0.0693736277904833
12205	22	-0.185031508459019
12205	23	-0.143530977065858
12205	24	-0.143751140749337
12205	25	-0.269049462249221
12205	26	-0.127410880673942
12205	27	0.00959715752744472
12205	28	-0.205901612214532
12205	29	-0.2859859019445
12205	30	-0.133406880261177
12205	31	-0.0406969180925998
12205	32	-0.0657155297838301
12205	33	-0.0745646627682603
12205	34	-0.102911764411836
12205	35	-0.254116277147737
12205	36	-0.223936075511787
12205	37	-0.0899681829248209
12205	38	-0.216896698894033
12205	39	-0.0173221782098238
12205	40	-0.124303367780357
12205	41	-0.0276967071019669
12205	42	-0.126463878058587
12205	43	-0.103511676760967
12205	44	-0.0495537029361728
12205	45	0.03800188694062
12205	46	-0.0454757365306122
12205	47	-0.154241914554866
12205	48	-0.0425727610767552
12205	49	-0.0340679127504444
12205	50	-0.0287800641518317
12205	51	-0.0587859444177141
12205	52	-0.0199127946413284
12205	53	0.166077553690158
12205	54	-0.0181391809125273
12205	55	-0.127178948506327
12205	56	-0.0487188522839688
12205	57	-0.019318945013012
12205	58	0.0817883621911903
12205	59	-0.0381970528461792
12205	60	-0.150845142838392
12205	61	-0.0320001173040936
12205	62	-0.0588351583778461
12205	63	-0.193629345939868
12205	64	-0.149296810232705
12205	65	-0.130525314426265
12205	66	-0.113414444398501
12205	67	-0.0958487213859485
12205	68	-0.103524590537738
12205	69	-0.219890007199346
12205	70	-0.0203595107500405
12205	71	-0.0218855075081379
12205	72	0.0190556076141775
12205	73	-0.143863895540164
12205	74	-0.111083943383491
12206	1	-0.314717394299166
12206	2	-0.0835807767528536
12206	3	-0.161301880011926
12206	4	-0.10260414951842
12206	5	0.0319159569368246
12206	6	-0.0103341439093896
12206	7	-0.031815598327384
12206	8	-0.073976177586097
12206	9	-0.121668731687365
12206	10	-0.0228769469230059
12206	11	-0.0288843191971324
12206	12	-0.051388632759469
12206	13	0.0784249984684564
12206	14	0.0106803376170674
12206	15	0.0794895967410341
12206	16	0.0376719039198292
12206	17	-0.0262986287394043
12206	18	-0.0293931946019441
12206	19	0.0847191203853015
12206	20	0.118302549719459
12206	21	-0.0415014764351085
12206	22	0.0625500416081621
12206	23	0.0153551589117029
12206	24	-0.0544540726895519
12206	25	-0.138212181542272
12206	26	-0.0224955533171638
12206	27	0.0377159412881127
12206	28	-0.00558392170512434
12206	29	-0.0510253685084621
12206	30	-0.0115164119446973
12206	31	-0.0851636380483569
12206	32	-0.058909067100366
12206	33	-0.0839603622737073
12206	34	-0.236902282108588
12206	35	0.00554353688551146
12206	36	-0.143464851669584
12206	37	-0.0342339517885222
12206	38	-0.00307162279158035
12206	39	0.0635719847720324
12206	40	-0.0340839868278522
12206	41	0.094963618600616
12206	42	-0.101213851065964
12206	43	-0.0889046934980655
12206	44	-0.08105900689511
12206	45	0.0908881936451564
12206	46	-0.00867788772632139
12206	47	-0.0196799434332888
12206	48	-0.0154291596610889
12206	49	-0.0508684753983459
12206	50	0.0645363700140038
12206	51	-0.216931412019676
12206	52	-0.159796077029597
12206	53	-0.18273460890682
12206	54	-0.02217125877889
12206	55	0.0300363369679175
12206	56	0.141027894346472
12206	57	-0.0925325756116351
12206	58	0.126279052897836
12206	59	-0.00872400488573533
12206	60	-0.00732440749785468
12206	61	-0.052261257780863
12206	62	-0.0863851286232347
12206	63	-0.0321098079539439
12206	64	0.207529802741767
12206	65	0.00901413995959643
12206	66	0.0290230117813906
12206	67	-0.0417550061891632
12206	68	0.0809824715336376
12206	69	0.0481792592847583
12206	70	-0.0312389320538031
12206	71	0.109719547242129
12206	72	-0.0330090418596782
12206	73	-0.040028784137597
12206	74	0.230907560864388
12207	1	0.695773216090558
12207	2	0.21387822783587
12207	3	0.168389363333702
12207	4	0.0990176067693405
12207	5	0.0968262705782266
12207	6	0.147165809072355
12207	7	-0.0511617431266131
12207	8	0.125076320809484
12207	9	0.00334109061969201
12207	10	-0.0449558185672885
12207	11	0.10359457862279
12207	12	0.0237909834221313
12207	13	0.0891713108845522
12207	14	0.0385903748168772
12207	15	0.122805262373987
12207	16	-0.0236513675924428
12207	17	0.104647473910852
12207	18	0.0750772497218719
12207	19	0.0812597360436413
12207	20	0.159193232658993
12207	21	0.0866397617707193
12207	22	0.0196322921260759
12207	23	0.0611760603173792
12207	24	-0.0794840162341472
12207	25	0.0116109138769644
12207	26	0.154984453618354
12207	27	0.00147517071427927
12207	28	-0.0907096382182644
12207	29	-1.23633874622442e-05
12207	30	0.14617753965252
12207	31	0.0733577060503094
12207	32	-0.0586206455199871
12207	33	0.063574425439505
12207	34	0.0847372457920486
12207	35	0.0989646908758388
12207	36	-0.0323151530304671
12207	37	0.0735278894291653
12207	38	0.0598422778614491
12207	39	-0.0516664221376288
12207	40	0.121047903939157
12207	41	0.174910542115171
12207	42	0.0696878390045867
12207	43	0.100868710018212
12207	44	0.0347036588768219
12207	45	0.172686779741845
12207	46	0.0582964585624524
12207	47	0.109550306318546
12207	48	-0.0114976227059245
12207	49	-0.0924531905062267
12207	50	0.0771803938598126
12207	51	-0.0439326417360348
12207	52	0.0170821628365587
12207	53	-0.0234691292551119
12207	54	0.126981887777816
12207	55	-0.110776683002591
12207	56	0.075134225248263
12207	57	0.221874412437202
12207	58	0.114134292208483
12207	59	0.0466016493763632
12207	60	-0.0593718642245804
12207	61	-0.0371794137659265
12207	62	0.156568301310308
12207	63	0.129616899947088
12207	64	0.0449640109355656
12207	65	0.0804420204645027
12207	66	0.0569720401508036
12207	67	0.123817956600689
12207	68	0.0126267463304686
12207	69	0.188558609401447
12207	70	0.104827425958376
12207	71	0.118970606458575
12207	72	0.281253384297543
12207	73	0.142136971740698
12207	74	-0.127454573648642
12208	1	0.458282202021156
12208	2	-0.147316244818374
12208	3	-0.0653860397494697
12208	4	-0.0620359436716846
12208	5	-0.0865266511329246
12208	6	-0.163580508122436
12208	7	-0.217609704604072
12208	8	-0.0992467390853093
12208	9	-0.16283871927795
12208	10	-0.121246369362048
12208	11	-0.136697763652734
12208	12	-0.0484587512789645
12208	13	-0.0965407741936701
12208	14	-0.104780861076634
12208	15	-0.0592325755255274
12208	16	0.0057283464552782
12208	17	-0.0740898174158744
12208	18	-0.236084131886351
12208	19	-0.196294265120251
12208	20	-0.172476039452107
12208	21	-0.256779684353631
12208	22	-0.211779668575453
12208	23	-0.152984339970168
12208	24	-0.115812849945939
12208	25	-0.177276200013289
12208	26	-0.254186330411223
12208	27	-0.0964928678995491
12208	28	-0.0505781868906325
12208	29	-0.205205375471401
12208	30	-0.119841664564881
12208	31	-0.0846862708087812
12208	32	-0.112657467866711
12208	33	-0.172187866743016
12208	34	-0.256434291344092
12208	35	-0.203775590055727
12208	36	-0.137083216584898
12208	37	0.0182488422723921
12208	38	-0.0805925994597558
12208	39	0.0439704571986894
12208	40	-0.0379524410732728
12208	41	-0.14611523735897
12208	42	-0.0347634949109974
12208	43	-0.0381004370331937
12208	44	-0.00638393992693409
12208	45	0.0449114740367165
12208	46	-0.0174335673936383
12208	47	0.0550635348710244
12208	48	0.206805730526632
12208	49	-0.058538920791058
12208	50	0.0449504110680294
12208	51	-0.0543365287691344
12208	52	0.151607139276429
12208	53	-0.0882442278178956
12208	54	-0.0870922403412564
12208	55	-0.00661777121288054
12208	56	-0.121009560640061
12208	57	0.103160069716907
12208	58	-0.0238960063885827
12208	59	0.0139689377172161
12208	60	0.0335347708191378
12208	61	-0.012846379445854
12208	62	0.022986264887642
12208	63	-0.131361513976216
12208	64	0.00487891730325885
12208	65	0.153443628319437
12208	66	0.0743441495281374
12208	67	-0.00514348921061725
12208	68	-0.17835491908582
12208	69	-0.0534372894924005
12208	70	0.0898911605378174
12208	71	-0.126217943904528
12208	72	-0.0688672485957156
12208	73	0.151785164742925
12208	74	-0.020350377582119
12209	1	0.257747971813231
12209	2	-0.166668331946155
12209	3	-0.212115070314251
12209	4	-0.202342543975838
12209	5	-0.244823570102014
12209	6	-0.167609855859951
12209	7	-0.140477572583173
12209	8	-0.226619581606982
12209	9	-0.234428001231493
12209	10	-0.207712052373459
12209	11	-0.29259022336587
12209	12	-0.245638961901982
12209	13	-0.189355070989876
12209	14	-0.19924279982007
12209	15	-0.284802232350351
12209	16	-0.380758052792906
12209	17	-0.133753637606347
12209	18	-0.28456938605315
12209	19	-0.178440731824523
12209	20	-0.238866948225521
12209	21	-0.14922484585562
12209	22	-0.238117863389569
12209	23	-0.139447483059833
12209	24	-0.143939043841449
12209	25	-0.277268156927754
12209	26	-0.194067970057709
12209	27	-0.26857058209697
12209	28	-0.229999317557962
12209	29	-0.240726710284946
12209	30	-0.388560755569216
12209	31	-0.352627378489821
12209	32	-0.179891445458253
12209	33	-0.195891157317476
12209	34	-0.201594470450907
12209	35	-0.190082501500299
12209	36	0.0573664911632434
12209	37	0.143935336847775
12209	38	0.135086412885919
12209	39	0.171692118253681
12209	40	0.0830614010516797
12209	41	-0.0239528729743839
12209	42	0.0245443988413427
12209	43	0.0305490205051484
12209	44	0.0555202875328504
12209	45	0.180575521922989
12209	46	0.0522821078775948
12209	47	0.111831211638702
12209	48	0.100624802312758
12209	49	0.104567836284254
12209	50	-0.0996063929269724
12209	51	-0.0395882973916954
12209	52	0.138215440589299
12209	53	0.147560543820369
12209	54	0.0466863959410162
12209	55	-0.0233937168051597
12209	56	0.141619799470135
12209	57	0.110329298297579
12209	58	0.0260935241408831
12209	59	0.0343186667283675
12209	60	0.094075290888739
12209	61	0.146927545134645
12209	62	0.0624792836506316
12209	63	0.0430704868811418
12209	64	0.119885127872294
12209	65	0.0774352020608049
12209	66	0.261628163991674
12209	67	0.177614145821131
12209	68	0.113892510929404
12209	69	0.128239833811662
12209	70	0.0836125448205465
12209	71	0.144818410149981
12209	72	0.0630466781117462
12209	73	-0.11000472883007
12209	74	0.00677208998978074
12210	1	-0.401966559228718
12210	2	0.0566860756759553
12210	3	0.0501938709434313
12210	4	0.0620655300551043
12210	5	0.0152392663405045
12210	6	0.0292404625467313
12210	7	0.0817681261595098
12210	8	0.030549791882116
12210	9	0.121582035308485
12210	10	0.0515970611375494
12210	11	0.112697364373624
12210	12	0.12883047492133
12210	13	0.0861031523382039
12210	14	0.11158381312277
12210	15	-0.00736447114586269
12210	16	0.0718174619530956
12210	17	0.0661468091388855
12210	18	0.0573314654546593
12210	19	-0.016623072780007
12210	20	0.0179838548483175
12210	21	0.0772424348537797
12210	22	0.173325259281654
12210	23	0.0159413935668269
12210	24	0.0387195651245023
12210	25	0.0618906573667886
12210	26	0.0502907334183362
12210	27	-0.0243309495532742
12210	28	0.0954586110400797
12210	29	-0.0118959567126495
12210	30	-0.0381023848761188
12210	31	0.0953622679716801
12210	32	0.0530012118997476
12210	33	-0.0457235869212056
12210	34	0.105798865113641
12210	35	-0.10552314581944
12210	36	0.0592314534706802
12210	37	-0.032252758292735
12210	38	0.0829204771235297
12210	39	0.00626730576136936
12210	40	0.00109315098679019
12210	41	0.104057018141368
12210	42	0.0598167460686838
12210	43	0.0717187405756476
12210	44	-0.0895926269308589
12210	45	-0.101814056884891
12210	46	-0.116306085627606
12210	47	0.144115868113694
12210	48	0.0303275223695891
12210	49	0.0632195569831921
12210	50	-0.027660411534292
12210	51	-0.0240693553585487
12210	52	-0.102376147015924
12210	53	0.0633333666097329
12210	54	0.0220913908208971
12210	55	0.023551742808209
12210	56	-0.00419565984644521
12210	57	-0.016562934364508
12210	58	-0.060736674569462
12210	59	-0.116833468908439
12210	60	-0.00193701426941573
12210	61	0.121224721976894
12210	62	0.135359884605293
12210	63	0.139805482654602
12210	64	0.0257350750880789
12210	65	0.0697038739878124
12210	66	-0.0565077106046488
12210	67	0.0319425040300914
12210	68	-0.0184431728259042
12210	69	-0.00371612980419656
12210	70	0.0434449190284028
12210	71	-0.0353052754084899
12210	72	0.0430706475187321
12210	73	0.0820346699504171
12210	74	-0.189412103985688
12211	1	0.0882481398973418
12211	2	0.0619480853386669
12211	3	-0.0548873259466163
12211	4	-0.0076710587636839
12211	5	0.0488994855717699
12211	6	0.0382679978261606
12211	7	-0.0346881326168642
12211	8	-0.0252301041961331
12211	9	-0.0473270834774695
12211	10	-0.00829553188781773
12211	11	0.0531404603583923
12211	12	0.0401750748874221
12211	13	0.0143698555681766
12211	14	0.0372545663697323
12211	15	-0.0175746854127112
12211	16	-0.0543013719564911
12211	17	-0.0453427382348011
12211	18	0.0291330482587355
12211	19	0.0644845253414843
12211	20	-0.0112801216683138
12211	21	0.105451794025484
12211	22	-0.00141876940523389
12211	23	0.0325867053692406
12211	24	-0.136243303078047
12211	25	0.072567459094806
12211	26	-0.0845245396886511
12211	27	-0.0641154331561822
12211	28	0.000124283022614691
12211	29	0.0474202238353527
12211	30	-0.0551248571277441
12211	31	0.0729811994809921
12211	32	0.0468488496149817
12211	33	0.0373564036497811
12211	34	0.0147473074693565
12211	35	0.127295757051613
12211	36	-0.0328766869619344
12211	37	0.101718717808161
12211	38	-0.0342636179315861
12211	39	-0.0565731364109681
12211	40	0.0547328304235677
12211	41	-0.0913765296113525
12211	42	-0.0727223686826122
12211	43	0.0240773445932305
12211	44	-0.0485072801255839
12211	45	-0.0301500902247156
12211	46	-0.0637822166587441
12211	47	0.140625931443637
12211	48	-0.142871645326714
12211	49	-0.0259854070839722
12211	50	0.162609523329806
12211	51	-0.072095969649645
12211	52	-0.0192554742840869
12211	53	-0.0797872904765171
12211	54	-0.0936658904749521
12211	55	-0.0794493282843334
12211	56	-0.100530272520004
12211	57	0.0605215536852626
12211	58	0.0923374765426743
12211	59	-0.0638415064318067
12211	60	-0.0816166177506545
12211	61	-0.0241297833439731
12211	62	-0.00850681212961035
12211	63	-0.108596721526681
12211	64	-0.0102176110018064
12211	65	-0.00321266397822484
12211	66	-0.0625617884585168
12211	67	0.0696056299784971
12211	68	-0.092348755796273
12211	69	0.079173808635538
12211	70	-0.00554910474959769
12211	71	-0.0678300180947815
12211	72	-0.0757118603658071
12211	73	-0.0195506730747823
12211	74	-0.17738025400552
12212	1	0.123223518338289
12212	2	0.0229263056957514
12212	3	-0.0169845196994842
12212	4	-0.119909201720962
12212	5	-0.126703910471043
12212	6	0.0652883042922525
12212	7	-0.137853887941866
12212	8	-0.0928819924015727
12212	9	-0.0448356408610522
12212	10	-0.142160391398633
12212	11	0.002873826957007
12212	12	-0.12163483280694
12212	13	-0.0917462596103746
12212	14	-0.140867624972508
12212	15	-0.0811260196296217
12212	16	-0.204252233828484
12212	17	-0.0969384633696251
12212	18	-0.178868357503397
12212	19	-0.0976085793234205
12212	20	-0.0721760353156142
12212	21	-0.150230864014311
12212	22	-0.181847289246569
12212	23	-0.186904346849801
12212	24	-0.20631645630916
12212	25	-0.0266776068541645
12212	26	-0.103843546294463
12212	27	-0.0975708036620873
12212	28	0.00174292639032103
12212	29	-0.0850796262774693
12212	30	-0.190609603310044
12212	31	-0.0814162692630447
12212	32	-0.0751289206661383
12212	33	-0.101357064286383
12212	34	-0.0350696644007584
12212	35	-0.00594648355861693
12212	36	0.197953355510528
12212	37	-0.00607336783871659
12212	38	0.000520102830606106
12212	39	-0.0279793500303711
12212	40	0.136593257396278
12212	41	0.072395651440857
12212	42	-0.0400929526875942
12212	43	-0.0962305262895597
12212	44	-0.0837426220788089
12212	45	0.138932582546914
12212	46	0.0900393875226655
12212	47	0.0733216786030084
12212	48	-0.0273748045723679
12212	49	-0.0274915240616878
12212	50	-0.0322838503540552
12212	51	-0.00700835502048136
12212	52	0.0036244069856437
12212	53	-0.201455219772711
12212	54	0.0345862424208931
12212	55	0.0606460988356616
12212	56	0.151905112824757
12212	57	-0.00225821430477424
12212	58	0.105308314017059
12212	59	-0.0248855270254325
12212	60	-0.021668342104789
12212	61	0.0592950878460101
12212	62	0.108351022375146
12212	63	-0.116447431439596
12212	64	0.115290469163043
12212	65	0.0967060832774393
12212	66	0.0872717086576316
12212	67	0.0972153006725875
12212	68	0.0520416884940502
12212	69	0.0722946884387312
12212	70	0.0759320963753609
12212	71	-0.0494444010483193
12212	72	-0.0795923539123748
12212	73	0.0267511511374892
12212	74	0.0578965885851019
12301	1	-0.0659186257486475
12301	2	-0.0435018482791989
12301	3	0.107911624608594
12301	4	0.212888662721692
12301	5	0.244135148746444
12301	6	0.215240127887633
12301	7	0.254445785090404
12301	8	0.150716864001154
12301	9	0.150732129914033
12301	10	0.218297837289228
12301	11	0.183300780470731
12301	12	0.137195665226514
12301	13	0.185767206089601
12301	14	0.211594110325791
12301	15	0.191312338265782
12301	16	0.16506571464646
12301	17	0.104310174264832
12301	18	0.229572780407487
12301	19	0.0574286191791629
12301	20	0.2167275960796
12301	21	0.150355150612363
12301	22	0.168647111233618
12301	23	0.126959400800615
12301	24	0.165258675188731
12301	25	0.281093010277679
12301	26	0.343538342536512
12301	27	0.122605632547611
12301	28	0.170993743809646
12301	29	0.159782873525081
12301	30	0.112278611635702
12301	31	0.229368137377406
12301	32	0.253035321384758
12301	33	0.316722513656721
12301	34	0.192431164865219
12301	35	0.0233463500037558
12301	36	-0.0283385167552055
12301	37	-0.0358775482615528
12301	38	0.0284645952364357
12301	39	0.0268604018804623
12301	40	0.019234861612496
12301	41	0.0356260519800315
12301	42	-0.0294608712508833
12301	43	0.191386645769654
12301	44	0.0150689735301341
12301	45	0.0500360752153171
12301	46	-0.0364536803909061
12301	47	0.0619960277848222
12301	48	0.0578751151705461
12301	49	-0.283047521704937
12301	50	0.0474668557350597
12301	51	0.0933733342615284
12301	52	0.0631425043978453
12301	53	-0.0162921118880419
12301	54	-0.179311513175776
12301	55	-0.0176270678445221
12301	56	0.0823909428837553
12301	57	0.0471932689446319
12301	58	0.0156459652226459
12301	59	-0.083774826679992
12301	60	-0.00765340559583194
12301	61	-0.0923326653225871
12301	62	0.148003631955149
12301	63	0.0512622500729023
12301	64	-0.137853593510101
12301	65	0.0277615043252339
12301	66	0.0141075579964607
12301	67	0.0285610011399129
12301	68	-0.133831775819381
12301	69	-0.106589673909866
12301	70	-0.0513170512006909
12301	71	-0.0762126882456187
12301	72	0.00890772763133185
12301	73	0.129151672990062
12301	74	0.0742176868471489
12302	1	1.4029413183668
12302	2	0.00657826020902164
12302	3	0.061521701326825
12302	4	-0.00858697390838969
12302	5	0.0199880444085565
12302	6	-0.193845760441683
12302	7	-0.144096951284318
12302	8	-0.0446904316128425
12302	9	-0.0843471856915343
12302	10	-0.079406357333383
12302	11	-0.0375687110454308
12302	12	-0.063405831954654
12302	13	-0.0786170521823522
12302	14	-0.12019173480509
12302	15	-0.121315274829357
12302	16	-0.0420759707486411
12302	17	-0.0129109634397437
12302	18	-0.042235593526911
12302	19	-0.261590448281481
12302	20	-0.204859590936806
12302	21	-0.0171804060732796
12302	22	-0.164051095757969
12302	23	-0.0309265006522708
12302	24	-0.0907940269006531
12302	25	0.0209129438942597
12302	26	-0.111332417591882
12302	27	-0.194197191208247
12302	28	-0.140449466654218
12302	29	-0.276581458785707
12302	30	-0.0598269565877487
12302	31	-0.0613920456964649
12302	32	-0.0429983515210779
12302	33	-0.175412090476108
12302	34	-0.0370621557819888
12302	35	-0.17010607977145
12302	36	-0.100492168753547
12302	37	-0.022190757825058
12302	38	-0.164243545509237
12302	39	-0.0649405080882914
12302	40	-0.0147300510445589
12302	41	-0.00764784838970911
12302	42	0.0737483789408415
12302	43	0.0974949924000583
12302	44	0.0302318176018019
12302	45	-0.114862783625291
12302	46	-0.097915733325749
12302	47	-0.0839000734562916
12302	48	0.0464468616069311
12302	49	0.0307244250931049
12302	50	-0.058351208469432
12302	51	0.188983339077787
12302	52	-0.0908271409864483
12302	53	0.0113264738992953
12302	54	-0.0146653800486973
12302	55	0.0162224874260843
12302	56	0.0150054215317041
12302	57	-0.145992143401855
12302	58	-0.138530477237083
12302	59	0.145298595890111
12302	60	-0.0233248572645408
12302	61	0.113944021754001
12302	62	-0.0500352297177713
12302	63	0.183099193399208
12302	64	-0.130893205396447
12302	65	-0.00698566340065554
12302	66	0.10294018398821
12302	67	-0.11685434015137
12302	68	-0.00890483113605001
12302	69	0.0142082352009538
12302	70	-0.144103575515985
12302	71	-0.0630644727329042
12302	72	-0.0875758426062134
12302	73	-0.16668505403468
12302	74	0.214315134660673
12303	1	0.133016608817865
12303	2	0.109723591675035
12303	3	-0.00560325083015911
12303	4	-0.00128664530641842
12303	5	0.120277906978128
12303	6	0.0893179148436545
12303	7	0.0162283783275541
12303	8	-0.0751120517452435
12303	9	-0.00291408352558875
12303	10	-0.138903163584928
12303	11	-0.147967581586947
12303	12	0.0175128760383032
12303	13	-0.0754577419820279
12303	14	0.0638702703266461
12303	15	-0.0140181720891519
12303	16	-0.0278138837207038
12303	17	-0.0395292634919642
12303	18	0.0876165312261747
12303	19	0.104335907328803
12303	20	0.0798200940679621
12303	21	0.0139924620462253
12303	22	0.102158351018367
12303	23	-0.0367955347333577
12303	24	0.0154674579664231
12303	25	0.0308061678699119
12303	26	0.0518463465891941
12303	27	0.153071477449544
12303	28	0.0768966023426074
12303	29	-0.0757580503052893
12303	30	0.0491162075060245
12303	31	0.0421369017629658
12303	32	0.0832322348214376
12303	33	0.127421494871619
12303	34	0.172522082948056
12303	35	0.0463338417500196
12303	36	0.0731369722614303
12303	37	-0.00301127246756039
12303	38	0.022308564128771
12303	39	0.0046293866834759
12303	40	0.0162872716136988
12303	41	0.123398318769297
12303	42	0.164001406634874
12303	43	0.0757557834198437
12303	44	0.0597539232383113
12303	45	0.0232805458430363
12303	46	0.0591811081048164
12303	47	0.013386539973169
12303	48	0.0808724262312666
12303	49	-0.176254482581044
12303	50	0.138086964282884
12303	51	-0.0960926605422543
12303	52	-0.0523488711978146
12303	53	-0.0224610537145082
12303	54	0.0954154695511278
12303	55	-0.041377344778553
12303	56	-0.022830772496512
12303	57	-0.0324176946087675
12303	58	-0.0109191421347248
12303	59	-0.0415454691357695
12303	60	-0.00201828504887658
12303	61	-0.0249656786212142
12303	62	-0.0199689781877126
12303	63	-0.139278811219604
12303	64	-0.154381273466981
12303	65	-0.111362602139913
12303	66	-0.00700438116481195
12303	67	0.0844174462043341
12303	68	0.0237742601208666
12303	69	-0.0615875207368859
12303	70	-0.0157497382672673
12303	71	0.107346155286422
12303	72	0.106949117136132
12303	73	0.0245308169545382
12303	74	-0.0546975074010163
12304	1	-0.0642910501536136
12304	2	0.138866263375522
12304	3	0.0441194926687771
12304	4	0.161078228683476
12304	5	0.179436038928436
12304	6	0.189326783826601
12304	7	0.0427466373461982
12304	8	0.0992672706241464
12304	9	0.053615604386998
12304	10	0.0794270084934965
12304	11	-0.000506630307896216
12304	12	0.152266993564425
12304	13	0.107598066093175
12304	14	0.122784505245846
12304	15	0.180466529923102
12304	16	0.109223996914878
12304	17	0.0170780280214231
12304	18	0.0783827105691017
12304	19	-0.00307856241688143
12304	20	0.0883978115545716
12304	21	0.136927651953322
12304	22	0.0834407656392884
12304	23	0.163783569539675
12304	24	0.0842968126874482
12304	25	0.0878609398866601
12304	26	0.109523963090339
12304	27	0.122607528857394
12304	28	0.190297635579121
12304	29	0.035571873844745
12304	30	-0.00297394973701159
12304	31	0.0729445234444057
12304	32	0.15478073908762
12304	33	0.033312515227955
12304	34	0.0463023458327712
12304	35	0.115447407061005
12304	36	-0.196461624878495
12304	37	0.0415193295091711
12304	38	-0.115689874237113
12304	39	-0.0552944658536489
12304	40	-0.22991188182872
12304	41	0.00510572122352926
12304	42	-0.0751356837179955
12304	43	-0.133709665425364
12304	44	-0.29793000486481
12304	45	-0.036573887548407
12304	46	-0.0429563968810385
12304	47	-0.109170393681794
12304	48	-0.115924331960834
12304	49	-0.039252826483775
12304	50	-0.0609033344678167
12304	51	-0.0158458790151244
12304	52	-0.0812877177620308
12304	53	0.0494595135854894
12304	54	-0.157632549275647
12304	55	0.0138370609437857
12304	56	0.0675550154565485
12304	57	-0.163318910003149
12304	58	-0.0635987797928763
12304	59	0.0895109570097361
12304	60	-0.11543943964012
12304	61	-0.253157632674032
12304	62	-0.150022426732221
12304	63	-0.0549327787412679
12304	64	-0.175851560003935
12304	65	-0.0165492190002325
12304	66	-0.080213128382205
12304	67	-0.182458740137875
12304	68	-0.105428873769057
12304	69	-0.187518325835654
12304	70	-0.0379864368328171
12304	71	-0.209573467027084
12304	72	-0.0711434606771135
12304	73	-0.118350889678837
12304	74	0.0660946184983615
12305	1	-0.24393934924554
12305	2	-0.140704203444951
12305	3	-0.156816607682025
12305	4	-0.0382378334379467
12305	5	-0.113257031035204
12305	6	-0.255052197116527
12305	7	-0.127218851730724
12305	8	-0.1950148748817
12305	9	-0.298016041181505
12305	10	-0.142531729250194
12305	11	-0.205783963537144
12305	12	-0.20185692820769
12305	13	-0.11182231827263
12305	14	-0.270723074155839
12305	15	-0.0876908849654612
12305	16	-0.131669231119886
12305	17	-0.238202284082462
12305	18	-0.0998452669628449
12305	19	-0.034191660748796
12305	20	-0.00181293135328531
12305	21	-0.033346143311995
12305	22	-0.142835139197558
12305	23	-0.209938559272729
12305	24	-0.140728551769797
12305	25	-0.246912182857358
12305	26	-0.120427403479404
12305	27	-0.0585275661892481
12305	28	-0.166732229766943
12305	29	-0.0876335009255627
12305	30	-0.250687333277831
12305	31	-0.15200482834954
12305	32	-0.19775454737006
12305	33	-0.0992824778560717
12305	34	-0.234778982727711
12305	35	-0.133382247386599
12305	36	-0.0469837298993099
12305	37	-0.0604888133297976
12305	38	-0.0951513199545531
12305	39	0.0121356929438292
12305	40	-0.0762942559752062
12305	41	-0.0872173507594098
12305	42	-0.168495392417626
12305	43	-0.0982398466398848
12305	44	-0.201581256281024
12305	45	-0.0815155123598288
12305	46	-0.227412753324117
12305	47	-0.10464048510697
12305	48	-0.048085062150534
12305	49	-0.0673659174303225
12305	50	-0.114998869552331
12305	51	-0.13567150388586
12305	52	-0.0970387558986374
12305	53	-0.125956138809784
12305	54	-0.0256155148195845
12305	55	0.038845466302476
12305	56	-0.171534409736964
12305	57	-0.249423773496623
12305	58	-0.238821904273458
12305	59	-0.103264252116801
12305	60	-0.180057500735153
12305	61	-0.111648073957461
12305	62	-0.0982018832971292
12305	63	-0.034632973772851
12305	64	-0.185685809502957
12305	65	-0.140105348315686
12305	66	-0.151846128164586
12305	67	-0.180032318943951
12305	68	-0.188372449764508
12305	69	-0.300325859226106
12305	70	-0.0586911554646647
12305	71	-0.099571153464268
12305	72	-0.369438654384382
12305	73	-0.0609472954921273
12305	74	0.0472847492199477
12306	1	1.12008979882329
12306	2	-0.114055569407661
12306	3	-0.0307598915660883
12306	4	-0.145923621595195
12306	5	-0.0560200189588116
12306	6	-0.0653022556538332
12306	7	-0.042816642808333
12306	8	-0.0639317949360958
12306	9	-0.0554720956129131
12306	10	-0.12235320502397
12306	11	-0.0665726026817808
12306	12	-0.0794424505823841
12306	13	-0.150229218846469
12306	14	-0.115776645320246
12306	15	-0.0523001314247935
12306	16	-0.0123919349145183
12306	17	-0.170092947295615
12306	18	-0.0411969341666918
12306	19	-0.199795989177552
12306	20	-0.0897811719301984
12306	21	-0.115982146738617
12306	22	-0.0922320069172784
12306	23	-0.0594379774858353
12306	24	-0.273536147589063
12306	25	0.00930580933756886
12306	26	-0.136462816049018
12306	27	-0.0295576121539298
12306	28	-0.0332053011848501
12306	29	-0.0850055604810578
12306	30	-0.0805443647705317
12306	31	-0.0684408946243806
12306	32	-0.0710851880618506
12306	33	-0.0652432749676208
12306	34	-0.140000540655443
12306	35	-0.104313224464327
12306	36	0.00459054690215055
12306	37	-0.135991322484827
12306	38	0.0592925001613125
12306	39	-0.0305521061687628
12306	40	-0.116766248379925
12306	41	-0.00908671969239094
12306	42	-0.0538384394424867
12306	43	0.0912530909121898
12306	44	0.10956869237333
12306	45	-0.190561258421717
12306	46	0.0308042934294832
12306	47	-0.108066111426943
12306	48	0.198618935059365
12306	49	0.0518102271900105
12306	50	-0.0110365359412796
12306	51	-0.0811211173403521
12306	52	-0.0690974255620773
12306	53	-0.213466165742027
12306	54	-0.115742813263715
12306	55	-0.0714132619979182
12306	56	-0.141166893259282
12306	57	-0.161596022918232
12306	58	0.00570551744948489
12306	59	-0.0880641051389404
12306	60	-0.11639353296637
12306	61	-0.056528419190883
12306	62	-0.0212507620540592
12306	63	-0.130971082902789
12306	64	-0.0799534757890612
12306	65	-0.12841244356504
12306	66	-0.106030264401042
12306	67	-0.00555948483228264
12306	68	-0.172812589687048
12306	69	-0.0980771332367922
12306	70	-0.0695786743446831
12306	71	-0.136440489806404
12306	72	-0.104965343148997
12306	73	-0.183424287459005
12306	74	-0.0263668814136011
12307	1	-0.122889314634232
12307	2	-0.109819691192786
12307	3	-0.0712292109152202
12307	4	-0.113411986983213
12307	5	-0.165467423622083
12307	6	-0.273341267076745
12307	7	-0.104455833385686
12307	8	-0.14384909013927
12307	9	-0.216238724290861
12307	10	-0.198360563411725
12307	11	-0.235000894213925
12307	12	-0.275148727968947
12307	13	-0.233211451186925
12307	14	-0.138940697655826
12307	15	-0.180776801908465
12307	16	-0.0834199604349593
12307	17	-0.254140949079904
12307	18	-0.177815339746594
12307	19	-0.286514081146521
12307	20	-0.234498246635603
12307	21	-0.300285461730383
12307	22	-0.221786686646993
12307	23	-0.236038830282723
12307	24	-0.236153978351581
12307	25	-0.194921637013564
12307	26	-0.21383241908957
12307	27	-0.251952551585042
12307	28	-0.231130609378539
12307	29	-0.207887281379115
12307	30	-0.245349221524044
12307	31	-0.225887363622775
12307	32	-0.155464571157687
12307	33	-0.190058884614039
12307	34	-0.233594228181452
12307	35	-0.263209883360986
12307	36	-0.102168707259963
12307	37	-0.0275370251090976
12307	38	0.01853565243524
12307	39	-0.0581463779072919
12307	40	0.0396033361559702
12307	41	-0.0446524287652821
12307	42	-0.0931336525221766
12307	43	-0.13430845015057
12307	44	-0.047302940778863
12307	45	-0.134660850271288
12307	46	-0.103730894799426
12307	47	-0.181342088746675
12307	48	-0.0455655898268006
12307	49	0.00366971019947471
12307	50	-0.0991836588346615
12307	51	-0.103855646551814
12307	52	0.0772585539596236
12307	53	-0.0302402831855417
12307	54	-0.0893849463411982
12307	55	-0.196929494193249
12307	56	-0.0785406125072257
12307	57	-0.0920714083437417
12307	58	0.0605919918326236
12307	59	0.0291259262415053
12307	60	-0.0761995251124716
12307	61	-0.15573319056265
12307	62	-0.121399934748268
12307	63	-0.141358539506484
12307	64	-0.0439382670725195
12307	65	-0.0583169811556417
12307	66	-0.00968758681425186
12307	67	-0.277048321657986
12307	68	-0.0130422779894417
12307	69	0.0182513908062703
12307	70	-0.201079372550566
12307	71	-0.101232990508009
12307	72	-0.166810036647426
12307	73	-0.103551352842828
12307	74	0.211441740677131
12308	1	0.6839261582281
12308	2	-0.34628914298392
12308	3	-0.260315774118556
12308	4	0.108424190970482
12308	5	0.0198843924474694
12308	6	0.0880254972279175
12308	7	0.051171874305993
12308	8	0.0126220780462916
12308	9	0.0321726717590636
12308	10	0.0879025309584733
12308	11	0.0456051779503497
12308	12	0.0753537508340187
12308	13	-0.0054863644064298
12308	14	0.0255814873200606
12308	15	0.038504866796778
12308	16	0.0609334341973451
12308	17	0.0717481735738161
12308	18	-0.00963396944547412
12308	19	0.139852020005748
12308	20	0.0860950479257099
12308	21	0.0208947010265774
12308	22	0.0900040184125857
12308	23	0.0615078237161413
12308	24	-0.0372449579475784
12308	25	0.0114862066200132
12308	26	-0.062534995386045
12308	27	0.0143918432457824
12308	28	0.0276289980236868
12308	29	-0.0165923773657255
12308	30	0.0445940074299642
12308	31	0.0368608381362066
12308	32	0.0557626132937443
12308	33	0.0172539669903742
12308	34	0.143078931310605
12308	35	0.0699770941175473
12308	36	0.214943318842224
12308	37	-0.100283774431496
12308	38	0.00734058533305415
12308	39	0.0856535257451654
12308	40	0.118293670778847
12308	41	0.0285018291738481
12308	42	0.129640880112625
12308	43	0.0622680266849969
12308	44	0.107316226491101
12308	45	0.00611173918451868
12308	46	-0.109262012860626
12308	47	0.0872774637932352
12308	48	0.042145380779985
12308	49	0.0863868971158013
12308	50	0.130070741642328
12308	51	0.0299813327986769
12308	52	-0.0433401554011326
12308	53	-0.0649337691475793
12308	54	0.112371498167427
12308	55	0.0273635774139507
12308	56	-0.0758548213211654
12308	57	0.12775354221143
12308	58	0.0872363222294936
12308	59	0.158022549052937
12308	60	-0.0101759802725283
12308	61	0.0477172214459642
12308	62	0.00270977820417073
12308	63	-0.0390073366610224
12308	64	0.0151053155283378
12308	65	0.00808559553872357
12308	66	-0.0275583365610146
12308	67	-0.113532781141018
12308	68	0.0177373869364104
12308	69	-0.0246906284748647
12308	70	0.02985149585448
12308	71	-0.038827458365823
12308	72	0.105625129597193
12308	73	-0.0365490146999932
12308	74	-0.0537623940741128
12309	1	0.822235657336378
12309	2	0.227263061997348
12309	3	0.198465672873624
12309	4	0.180826213295258
12309	5	0.218196265410732
12309	6	0.141923930067648
12309	7	0.124449116995777
12309	8	0.187312291357678
12309	9	0.0996016620193245
12309	10	0.104794894106149
12309	11	0.169902554313687
12309	12	0.145138292989216
12309	13	0.0715970885209387
12309	14	0.124306122637975
12309	15	0.117028301265762
12309	16	0.0455621685471641
12309	17	0.127981775324699
12309	18	0.123134269927846
12309	19	0.203314509353213
12309	20	0.142297589891783
12309	21	0.142526759605332
12309	22	0.237921390510749
12309	23	0.212705192286805
12309	24	0.272773708428453
12309	25	0.156131485851638
12309	26	0.11501881915764
12309	27	0.148127234400789
12309	28	0.128983176909742
12309	29	0.196870153579667
12309	30	0.20629942811118
12309	31	0.239953283425926
12309	32	0.03774266902942
12309	33	0.179279830362262
12309	34	0.243043600805372
12309	35	0.211868729301514
12309	36	0.103186596983349
12309	37	-0.0824138695014298
12309	38	-0.055397336169257
12309	39	0.224299828004249
12309	40	0.0279064501824493
12309	41	0.0156994323922035
12309	42	0.176449160746103
12309	43	0.180964742349445
12309	44	0.0638574001556762
12309	45	0.024392604311501
12309	46	0.061843710296337
12309	47	0.196305890399096
12309	48	0.126361763764002
12309	49	0.0994547648006687
12309	50	0.0262054113158285
12309	51	-0.0639207205520904
12309	52	0.0357946742339124
12309	53	-0.054542734646553
12309	54	-0.009466446496603
12309	55	0.00112562138002659
12309	56	-0.0567635547232186
12309	57	0.12211844227042
12309	58	0.184074875798245
12309	59	0.130446148780933
12309	60	0.136377477342343
12309	61	0.0900852773660574
12309	62	0.128685169437176
12309	63	0.0182947990804792
12309	64	0.0449108783593815
12309	65	0.118940680099413
12309	66	-0.0529148915360409
12309	67	-0.112820843186874
12309	68	0.0223405805072261
12309	69	0.10951090797743
12309	70	0.0176136548181276
12309	71	0.064842307286554
12309	72	-0.154514864273622
12309	73	-0.0086952651508625
12309	74	0.0516722840177195
12310	1	-0.416739054637816
12310	2	0.0658900691323581
12310	3	0.10534122719368
12310	4	0.146297534264772
12310	5	0.0763710797548818
12310	6	0.206456712721234
12310	7	0.240383088376319
12310	8	0.0774825696539239
12310	9	0.0931510312527379
12310	10	0.175364856467539
12310	11	0.0120913298013789
12310	12	0.221139599088616
12310	13	0.104269870909782
12310	14	0.0568037288578296
12310	15	0.146274778989266
12310	16	0.185601616278923
12310	17	0.154591344267772
12310	18	0.0853787311397838
12310	19	-0.00904710367954209
12310	20	0.193067350160767
12310	21	0.201083255022951
12310	22	0.278057913197607
12310	23	0.108549060459012
12310	24	0.196420284991916
12310	25	0.121801810479113
12310	26	0.103691936896325
12310	27	0.102329918082049
12310	28	0.101909854431156
12310	29	0.0753773172701031
12310	30	-0.00303256382277084
12310	31	0.212113951301617
12310	32	0.300240407624216
12310	33	-0.0667010458715822
12310	34	0.169633313507632
12310	35	0.130795256797995
12310	36	0.00807135134768799
12310	37	0.0351383733510531
12310	38	0.141135400223938
12310	39	0.0431626279948105
12310	40	-0.0166322798189427
12310	41	0.191418238729796
12310	42	0.154869992649722
12310	43	0.176977274219233
12310	44	0.178019175532135
12310	45	0.147849192711469
12310	46	0.105291923137209
12310	47	0.0826155428073392
12310	48	0.273757382450938
12310	49	0.151668331495237
12310	50	0.132462817997322
12310	51	0.162008832163806
12310	52	0.063989479605624
12310	53	0.0247126545419221
12310	54	0.0802829919599759
12310	55	0.0053847966625753
12310	56	0.153187441292417
12310	57	0.121951154943524
12310	58	0.0116118748378042
12310	59	0.119080397983083
12310	60	0.102871494510239
12310	61	0.0174194766007005
12310	62	-0.0353427010084602
12310	63	0.137572894585794
12310	64	0.0644396224132961
12310	65	0.0922054272028916
12310	66	-0.0393025534343394
12310	67	0.0698668805385338
12310	68	0.0984749438022519
12310	69	0.112117797386993
12310	70	0.0132457747629218
12310	71	0.188700126960207
12310	72	0.0946810758990182
12310	73	0.20081159791804
12310	74	0.390058524123674
12311	1	-0.3868869836319
12311	2	0.122379221006128
12311	3	0.225025645339635
12311	4	0.180084516513293
12311	5	0.100799087644429
12311	6	0.193764405028929
12311	7	0.192168098238248
12311	8	0.159336613046435
12311	9	0.191632293580156
12311	10	0.236153811102653
12311	11	0.147722493509463
12311	12	0.224827962007744
12311	13	0.212682099706626
12311	14	0.133569014853883
12311	15	0.145229414097749
12311	16	0.0796647326497322
12311	17	0.176080496141537
12311	18	0.128031591100338
12311	19	0.291081101448668
12311	20	0.181558474421117
12311	21	0.165363333918414
12311	22	0.0822886824283771
12311	23	0.0320303227864329
12311	24	0.213185570987967
12311	25	0.204208122116192
12311	26	0.0942639290067788
12311	27	0.166225381592895
12311	28	0.0367520635041316
12311	29	0.0917086782168468
12311	30	0.258811617636795
12311	31	0.12338614065073
12311	32	0.109096423403308
12311	33	0.0603995458443976
12311	34	0.0670001774129574
12311	35	0.143891903740801
12311	36	-0.104777075974489
12311	37	-0.0729832853917358
12311	38	-0.0101199486681622
12311	39	0.0422483220654257
12311	40	-0.0392520092080488
12311	41	0.105515989119915
12311	42	0.0963802603738202
12311	43	0.00170162001247576
12311	44	0.130190325131707
12311	45	0.0399864731309023
12311	46	-0.103776926652856
12311	47	-0.1261574654865
12311	48	-0.0520114395300197
12311	49	-8.62109952279866e-05
12311	50	-0.0546601981908168
12311	51	0.0168004834544959
12311	52	-0.203182017218445
12311	53	-0.135885551649487
12311	54	-0.0881502563426508
12311	55	0.0503618220525439
12311	56	-0.0248056595832864
12311	57	0.0623653618896753
12311	58	-0.119401800042787
12311	59	0.0456456094660638
12311	60	0.168313098966721
12311	61	0.131580742602488
12311	62	-0.129824896875029
12311	63	-0.192471077638579
12311	64	0.038614827879961
12311	65	-0.00758428960425306
12311	66	0.112457172274262
12311	67	0.00998937903008823
12311	68	-0.0202799291194964
12311	69	-0.0990498595357749
12311	70	0.0691739899768038
12311	71	0.016012799201512
12311	72	0.112637739890623
12311	73	0.00382224522007135
12311	74	0.268255795917938
12312	1	-0.246864780509139
12312	2	0.252543953852424
12312	3	0.198891853619251
12312	4	0.201945281446683
12312	5	0.180006221292903
12312	6	0.228659835483022
12312	7	0.16126063512408
12312	8	0.177457226139111
12312	9	0.331155284555663
12312	10	0.119571659548434
12312	11	0.337781940580079
12312	12	0.123379745419861
12312	13	0.203715619259697
12312	14	0.257138704010167
12312	15	0.238738939953642
12312	16	0.275357326833948
12312	17	0.210948709864503
12312	18	0.199801394853381
12312	19	0.106695626588333
12312	20	0.398834652619087
12312	21	0.243766141539098
12312	22	0.196035280336986
12312	23	0.272896244574142
12312	24	0.150458168037105
12312	25	0.321076765577018
12312	26	0.331814423205316
12312	27	0.250183983512393
12312	28	0.200883993027126
12312	29	0.27316692202146
12312	30	0.252828950397145
12312	31	0.210086470116423
12312	32	0.237921806586229
12312	33	0.13160424431166
12312	34	0.265740329253667
12312	35	0.137772436615748
12312	36	0.036055349385407
12312	37	0.0334475965670364
12312	38	0.0935200403409979
12312	39	0.00899131504083073
12312	40	0.0995763497353082
12312	41	0.18947361073824
12312	42	0.125262270327283
12312	43	0.0853515640125124
12312	44	0.0516062982423549
12312	45	0.134352853471405
12312	46	0.0610058919025818
12312	47	0.0315997301572182
12312	48	0.0962210762975815
12312	49	0.157798536864348
12312	50	0.113050902923092
12312	51	0.196372769096484
12312	52	0.0948069046299764
12312	53	0.0399480356178685
12312	54	0.0334421443886797
12312	55	0.0312311041336102
12312	56	-0.0021610107483383
12312	57	0.0658034655331221
12312	58	0.224591677941007
12312	59	0.186633370494256
12312	60	0.165372363518244
12312	61	0.0916616260579843
12312	62	0.0618159699980367
12312	63	0.187193520710053
12312	64	0.00736959089583422
12312	65	0.00807956929788389
12312	66	0.0341052067599037
12312	67	0.0038201013100263
12312	68	0.136218543657655
12312	69	0.0780184996377287
12312	70	0.0257121794518724
12312	71	0.120809218587596
12312	72	0.0519414129758857
12312	73	0.154403039479028
12312	74	0.158409049845922
12401	1	0.384794765991025
12401	2	-0.15143676692751
12401	3	-0.225592755867002
12401	4	-0.0466273990221531
12401	5	-0.149736357302782
12401	6	-0.196891703568355
12401	7	-0.084144118956317
12401	8	-0.248265196908321
12401	9	-0.0869649914877186
12401	10	-0.0649019958355126
12401	11	-0.21647810980879
12401	12	-0.0468009972682708
12401	13	-0.136827704214944
12401	14	-0.10818060807221
12401	15	-0.327636347591543
12401	16	-0.186986851060674
12401	17	-0.0832784782174372
12401	18	0.0668777449464883
12401	19	-0.107056153453293
12401	20	-0.254678327992153
12401	21	-0.174108762612505
12401	22	-0.175637411085951
12401	23	-0.151597128193963
12401	24	-0.0866937653619573
12401	25	-0.152352963856657
12401	26	-0.104680264055062
12401	27	-0.062062702871664
12401	28	-0.0456687509755014
12401	29	-0.0939926792492187
12401	30	-0.149778125952949
12401	31	-0.400648550148667
12401	32	-0.0748703940929261
12401	33	-0.208801057473856
12401	34	-0.0104432615010737
12401	35	-0.157646557797662
12401	36	-0.0791520273552777
12401	37	-0.145694292781855
12401	38	-0.12137284637334
12401	39	-0.10564121507965
12401	40	0.015031771422052
12401	41	-0.155878798900311
12401	42	-0.0315889344919924
12401	43	-0.0182954239392927
12401	44	-0.113235268022706
12401	45	-0.141765218817753
12401	46	-0.0114808550853667
12401	47	-0.0500502698427852
12401	48	0.0405951726831262
12401	49	0.101041910358326
12401	50	0.0653713848507991
12401	51	0.0604709618675656
12401	52	-0.0698340592254425
12401	53	-0.0186622053459899
12401	54	-0.0349372579283553
12401	55	-0.013838271018642
12401	56	-0.157185005643903
12401	57	0.0383412076221248
12401	58	-0.152250304649378
12401	59	0.0180783939750668
12401	60	-0.0636702497641934
12401	61	-0.139928579575809
12401	62	0.00979973630840902
12401	63	-0.0729113333861093
12401	64	0.0546537103991227
12401	65	-0.1210475848453
12401	66	-0.0738219068294299
12401	67	-0.157675202207336
12401	68	-0.201721626369277
12401	69	-0.249630965166112
12401	70	-0.124175980147271
12401	71	-0.0655821505241931
12401	72	0.0212054852544554
12401	73	0.0958500137796534
12401	74	0.000172521267174375
12402	1	-1.14851172770912
12402	2	-0.174982580690276
12402	3	0.0613930042165016
12402	4	-0.0229309850953641
12402	5	-0.00904150902126588
12402	6	-0.0498462998555382
12402	7	0.0721520116632277
12402	8	0.052580251537222
12402	9	-0.0606666242320699
12402	10	0.0687832349107822
12402	11	0.107504593538714
12402	12	-0.0259734419115318
12402	13	-0.0184395732971794
12402	14	0.0774005445409287
12402	15	0.0144631081603421
12402	16	0.147336566519286
12402	17	0.00848324548345403
12402	18	0.0323530301175978
12402	19	-0.0293941837224381
12402	20	-0.0850414085856102
12402	21	0.107033412888875
12402	22	0.013097398427206
12402	23	-0.110346103069084
12402	24	-0.0481774006411655
12402	25	0.12182730901295
12402	26	-0.12262404993443
12402	27	0.0695260543042124
12402	28	0.0383885069086389
12402	29	0.0528201143092701
12402	30	0.0446451947061135
12402	31	0.0091553714199577
12402	32	-0.0522460744030724
12402	33	-0.0599514339742626
12402	34	-0.0194300653480823
12402	35	-0.0289013106493741
12402	36	0.105586767080581
12402	37	0.0209672219013015
12402	38	0.040216643580294
12402	39	-0.0570817096700722
12402	40	-0.0598294341420882
12402	41	0.083258759059504
12402	42	-0.0517101091442314
12402	43	0.0111432159370608
12402	44	-0.0979178027985981
12402	45	-0.000768000888854203
12402	46	-0.0187179493666676
12402	47	-0.208692000909245
12402	48	-0.0901331117063648
12402	49	-0.0382359876323974
12402	50	-0.124796157653059
12402	51	-0.0852903982560775
12402	52	0.115323282351063
12402	53	-0.0740785886535633
12402	54	-0.0254499153495047
12402	55	-0.042938672753138
12402	56	-0.127511360934733
12402	57	0.161137751409704
12402	58	0.128339606326172
12402	59	-0.0611489461541055
12402	60	-0.0739578901592139
12402	61	-0.125246963519182
12402	62	-0.0818268529848183
12402	63	-0.0311106573038771
12402	64	0.0126928382505724
12402	65	-0.0200622481496779
12402	66	0.0826249262548657
12402	67	0.0536576767115022
12402	68	-0.0120820969869513
12402	69	-0.136821177377016
12402	70	0.14531173885937
12402	71	0.00546419689208477
12402	72	0.0388576658438851
12402	73	-0.16446523810707
12402	74	-0.116590148126555
12403	1	0.000107363873627975
12403	2	-0.154459068499897
12403	3	0.00335324425828887
12403	4	-0.019444851881893
12403	5	-0.0609347535942071
12403	6	-0.104307602835412
12403	7	0.0242988428929536
12403	8	-0.103817724628669
12403	9	-0.0560723021436047
12403	10	-0.167204507894645
12403	11	-0.0297240535537
12403	12	-0.0981973513370562
12403	13	-0.127206079207113
12403	14	-0.271018107289144
12403	15	-0.144575206202077
12403	16	-0.205769034860715
12403	17	-0.0990399265667463
12403	18	-0.087930561762775
12403	19	-0.180596214845266
12403	20	-0.0731920785402949
12403	21	-0.0907450465190394
12403	22	-0.028768088276955
12403	23	-0.138880220344561
12403	24	0.00616910502581192
12403	25	-0.00844486387545373
12403	26	-0.0463394133377761
12403	27	-0.219548764388918
12403	28	-0.11084071113337
12403	29	-0.0814198545921982
12403	30	-0.211945325100984
12403	31	-0.105461241998576
12403	32	-0.104378631892835
12403	33	-0.116567767991931
12403	34	-0.104726291006806
12403	35	0.0240147840553746
12403	36	-0.0907490969523508
12403	37	-0.0174973045848645
12403	38	-0.00190585410634725
12403	39	-0.0279822814207193
12403	40	-0.248737540747257
12403	41	0.0204671514456365
12403	42	-0.214678230381288
12403	43	0.0454045353606674
12403	44	0.103859725872283
12403	45	-0.17419452284706
12403	46	-0.0512346010137108
12403	47	-0.154373396878611
12403	48	-0.0906497784569353
12403	49	-0.0769792709044026
12403	50	-0.157083197633924
12403	51	-0.166439017765832
12403	52	-0.114212063298766
12403	53	0.100435146996169
12403	54	0.0539048018645474
12403	55	0.0426025521395488
12403	56	-0.0980270205460911
12403	57	0.0616157929156671
12403	58	0.0674966392981489
12403	59	-0.131423383958605
12403	60	-0.153038693212139
12403	61	0.0773491318295285
12403	62	-0.175030768697447
12403	63	-0.157643798833142
12403	64	-0.0488192743063536
12403	65	-0.18914145603911
12403	66	-0.101828074676405
12403	67	0.0178778294496524
12403	68	-0.0839331235666094
12403	69	-0.0251136117305037
12403	70	-0.097686111799824
12403	71	-0.145515790029584
12403	72	-0.057174464200564
12403	73	-0.00652829804676713
12403	74	0.0129094280289621
12404	1	-1.26210889399064
12404	2	-0.163442490539644
12404	3	-0.171147789739159
12404	4	-0.22965644188217
12404	5	-0.0588145427388724
12404	6	-0.137080403905962
12404	7	-0.102940371778999
12404	8	-0.179531322514777
12404	9	-0.0722968939180149
12404	10	-0.207818355081599
12404	11	-0.168316596628827
12404	12	-0.207515107313661
12404	13	-0.147160165591742
12404	14	-0.153209337922185
12404	15	-0.181140494974557
12404	16	-0.210234106633372
12404	17	-0.129724696385431
12404	18	-0.145763836201361
12404	19	-0.122352954043542
12404	20	-0.108798657994164
12404	21	-0.0235969911992626
12404	22	-0.0996341021226854
12404	23	-0.317291227954733
12404	24	-0.0384794876326211
12404	25	-0.0973566529035423
12404	26	-0.106051248024478
12404	27	-0.096411083044714
12404	28	-0.216859754172681
12404	29	-0.224477621230569
12404	30	-0.132294279506731
12404	31	-0.125964354919837
12404	32	-0.197216180754225
12404	33	-0.147914344749999
12404	34	-0.144258630293969
12404	35	-0.330462977409979
12404	36	-0.0351217596020774
12404	37	-0.165570117384107
12404	38	-0.157929152155255
12404	39	-0.00355041182005067
12404	40	0.205457382597835
12404	41	-0.0649195439526977
12404	42	-0.0584862569599807
12404	43	-0.104427049860909
12404	44	-0.0386576972039236
12404	45	0.103059461042548
12404	46	9.87056461099201e-06
12404	47	-0.0298210110146897
12404	48	0.0811814357797473
12404	49	-0.0236747369059316
12404	50	-0.0682663334262656
12404	51	-0.163899080817728
12404	52	0.0458237047497079
12404	53	-0.132526801619278
12404	54	-0.00154719183822039
12404	55	-0.0765985212070674
12404	56	-0.00761421634892656
12404	57	0.0171673517901567
12404	58	-0.00316456249298369
12404	59	0.0112850013646053
12404	60	0.0184170044963992
12404	61	-0.0812077818026182
12404	62	-0.033626407653145
12404	63	-0.0407677565874494
12404	64	0.0107379696149721
12404	65	-0.0395985500920446
12404	66	-0.101463813360304
12404	67	-0.108532388924367
12404	68	-0.0652325975464905
12404	69	0.0882087258408859
12404	70	-0.0707605296927412
12404	71	-0.0258187763322795
12404	72	-0.0595055728479679
12404	73	-0.129323298947114
12404	74	-0.131649005878117
12405	1	-0.140791338857866
12405	2	-0.243665212632145
12405	3	-0.083740120699936
12405	4	-0.0855256102228736
12405	5	-0.029850549166806
12405	6	-0.0250419348185034
12405	7	-0.120602621756888
12405	8	-0.0407150539748145
12405	9	-0.0273498661013321
12405	10	-0.178099600440369
12405	11	-0.14541141525266
12405	12	-0.113300172204937
12405	13	-0.20029498444984
12405	14	-0.072451104892032
12405	15	-0.0955033458329524
12405	16	-0.0675683464008117
12405	17	-0.155529235493873
12405	18	-0.0257575770606167
12405	19	-0.0326032130515301
12405	20	-0.0870062461210779
12405	21	0.0494161558495492
12405	22	-0.0911850129793379
12405	23	0.00533534056596352
12405	24	-0.0552914675799414
12405	25	-0.0573005549041383
12405	26	-0.14344631018114
12405	27	-0.134946396056563
12405	28	-0.084780471523068
12405	29	0.0506327884803497
12405	30	-0.0726017793178926
12405	31	0.0050068135376975
12405	32	-0.1090542011598
12405	33	0.0564497540320943
12405	34	0.0141422313290107
12405	35	0.0242262197606138
12405	36	-0.061039215107094
12405	37	-0.0717700381484931
12405	38	-0.0469528624893769
12405	39	-0.0406097888105137
12405	40	0.157710578835427
12405	41	0.186962458150454
12405	42	0.142049099351681
12405	43	0.13485558331292
12405	44	0.00480760063160091
12405	45	0.273670397620606
12405	46	0.0591418685246197
12405	47	0.161711535153188
12405	48	-0.0943956411766607
12405	49	-0.111615946208957
12405	50	0.0316685645445958
12405	51	0.026536392971515
12405	52	0.0422272310971366
12405	53	-0.000717044055662086
12405	54	0.158041489732945
12405	55	-0.0197049318264604
12405	56	-0.0332237369822295
12405	57	-0.000370134877762496
12405	58	-0.160325770849845
12405	59	-0.0533830414260521
12405	60	-0.0355510255500917
12405	61	0.113641346370962
12405	62	-0.0374130419951157
12405	63	-0.0698898530622003
12405	64	-0.0220807578382036
12405	65	0.015662627153425
12405	66	0.0449802983376912
12405	67	-0.143369742523035
12405	68	-0.101509502106104
12405	69	0.158438464356173
12405	70	-0.00642191170605599
12405	71	0.127948599162522
12405	72	0.0470153423016981
12405	73	0.105050650990385
12405	74	0.0856355926943451
12406	1	0.359421025943824
12406	2	-0.0256038195753412
12406	3	0.125454245610754
12406	4	0.221874773500399
12406	5	0.136719453367942
12406	6	0.214503783760435
12406	7	0.24848562585499
12406	8	0.162679464420776
12406	9	0.227982845914958
12406	10	0.107277805218772
12406	11	0.0305021941238053
12406	12	0.145553928954186
12406	13	0.129080674884726
12406	14	0.163572187534221
12406	15	0.130914568838023
12406	16	0.159547920328194
12406	17	0.209409935730818
12406	18	0.138411303251701
12406	19	0.138488300548779
12406	20	0.217659394498419
12406	21	0.238462754183189
12406	22	0.0955595716441522
12406	23	0.222429647870797
12406	24	0.146821751080843
12406	25	0.211103221767196
12406	26	0.0323487837845491
12406	27	0.190454997121719
12406	28	0.129632424612844
12406	29	0.235758748881089
12406	30	0.0838176745719821
12406	31	0.147325600141365
12406	32	0.268187017848234
12406	33	0.301156374317756
12406	34	0.287774167202691
12406	35	0.271014859525174
12406	36	0.20601692241641
12406	37	0.118734930962439
12406	38	0.227288340841277
12406	39	0.113320733169971
12406	40	0.0478305537660404
12406	41	0.119968994098166
12406	42	0.0439203501351031
12406	43	0.19154804770136
12406	44	0.165562599456351
12406	45	0.217420462827334
12406	46	0.166737271342654
12406	47	0.156290324216627
12406	48	0.151535919065459
12406	49	0.132070481786897
12406	50	0.140933289612704
12406	51	0.0379934933201014
12406	52	0.21708595602427
12406	53	0.149768610824879
12406	54	-0.0503512672441246
12406	55	0.109850483605946
12406	56	0.0277357164679586
12406	57	0.116321697601933
12406	58	0.166500215068091
12406	59	0.0609618708524877
12406	60	0.0311012262149646
12406	61	0.0527152782881117
12406	62	0.209511411811121
12406	63	0.0133722439476003
12406	64	-0.0657735853332966
12406	65	0.118309844873572
12406	66	0.120533868963207
12406	67	0.0771931737583671
12406	68	0.164719599252308
12406	69	0.16491622879029
12406	70	0.0807615141870457
12406	71	0.212650302134413
12406	72	0.143209850937851
12406	73	0.0380778509716464
12406	74	0.0686077896973387
12407	1	-0.871091809687599
12407	2	0.085003545077015
12407	3	0.105970852103614
12407	4	0.170974086106639
12407	5	0.126282318351144
12407	6	0.0930569065136311
12407	7	0.229771792796434
12407	8	0.178487677341749
12407	9	0.17918363293564
12407	10	0.130487571612761
12407	11	0.182213319627678
12407	12	0.305397774154152
12407	13	0.0438096901170226
12407	14	0.240402384653528
12407	15	0.0863812285571655
12407	16	0.131435119921946
12407	17	0.246858322541065
12407	18	0.223618907075711
12407	19	0.164467936068739
12407	20	0.1377946823416
12407	21	0.157164352891314
12407	22	0.222289463849314
12407	23	0.23377148491565
12407	24	0.167966304273378
12407	25	0.167230658295985
12407	26	0.237427120955019
12407	27	0.242269985099909
12407	28	0.164894625939667
12407	29	0.269556332391197
12407	30	0.24586050333054
12407	31	0.13979332347197
12407	32	0.0949961514688198
12407	33	0.217066316700517
12407	34	0.156778097582993
12407	35	0.282385949313266
12407	36	-0.00429347472369557
12407	37	0.0165096545865637
12407	38	0.0411889957319218
12407	39	0.0659081270256081
12407	40	-0.0772510751431454
12407	41	0.0400924063650123
12407	42	0.0869700124434232
12407	43	0.0519622478007307
12407	44	0.0425027821624013
12407	45	-0.0774873084927847
12407	46	0.0985951630141741
12407	47	0.0216372661506341
12407	48	0.107914136072679
12407	49	0.140752153056809
12407	50	0.20811379538145
12407	51	-0.0548580385437845
12407	52	0.0665486639337516
12407	53	0.163339440744551
12407	54	0.103720170071654
12407	55	0.112238288342304
12407	56	0.133215985833935
12407	57	-0.173898006183414
12407	58	-0.0256606006291165
12407	59	0.0989168927098802
12407	60	-0.0129939952176699
12407	61	0.162285907692606
12407	62	0.0625347088939208
12407	63	-0.0215035305347229
12407	64	-0.00333249896242904
12407	65	-0.0057115807547703
12407	66	0.149137286991632
12407	67	-0.0460434637784104
12407	68	0.00659172390869145
12407	69	0.00658430844783453
12407	70	0.174208977654665
12407	71	0.2073028214716
12407	72	0.0535592866276602
12407	73	0.0847382324053214
12407	74	0.26406739878724
12408	1	-0.972287664032581
12408	2	0.120246038872946
12408	3	0.146236506550498
12408	4	0.101638728067503
12408	5	0.0139462557915948
12408	6	0.104302110566636
12408	7	0.0539683250384755
12408	8	0.0922541459639632
12408	9	0.0473010392489002
12408	10	-0.0176658827170399
12408	11	0.0759254167123871
12408	12	-0.0204079732281883
12408	13	0.0310318130563374
12408	14	0.158115099399971
12408	15	0.14551102437936
12408	16	-0.0383854154004197
12408	17	0.148334953395995
12408	18	0.0731349112036597
12408	19	0.147104852472417
12408	20	0.112338100200745
12408	21	0.154312492867575
12408	22	0.0709011060408002
12408	23	0.0562604620165672
12408	24	0.127555885358284
12408	25	0.0769971349052057
12408	26	0.0197298144726616
12408	27	0.075731776099289
12408	28	0.0764461981982691
12408	29	0.0529119794201449
12408	30	0.0312210550462311
12408	31	0.0763134385780262
12408	32	-0.00872692442003853
12408	33	0.133299438744288
12408	34	0.190931696344478
12408	35	0.10494148479038
12408	36	-0.105904831676007
12408	37	-0.206774475582023
12408	38	-0.210209406406577
12408	39	-0.0609349417103147
12408	40	-0.0620356153664829
12408	41	-0.0873362147706871
12408	42	0.0463128519641742
12408	43	-0.0547346428840356
12408	44	-0.00220809727073146
12408	45	0.0396810628606872
12408	46	0.121039128296431
12408	47	0.0376368095091095
12408	48	-0.0990297546122605
12408	49	-0.0775566770949325
12408	50	-0.109892595207363
12408	51	0.0188809410775477
12408	52	0.0646075208161392
12408	53	0.0611294751864619
12408	54	-0.0997182008191118
12408	55	0.0736654022745
12408	56	-0.0275085952825833
12408	57	-0.0565816886174062
12408	58	0.00537467934498892
12408	59	-0.0614186517400128
12408	60	0.0708043627446315
12408	61	0.0117480171121969
12408	62	0.0656934577125199
12408	63	-0.0968191424399762
12408	64	0.00511053770835446
12408	65	0.0295598448735745
12408	66	-0.174455741563094
12408	67	0.155366303612553
12408	68	-0.0571103549724228
12408	69	-0.0246021030426675
12408	70	-0.0268610113904373
12408	71	-0.0701266593395857
12408	72	0.0616620562963774
12408	73	0.0599937815229765
12408	74	0.262637032403724
12409	1	-1.2670036955594
12409	2	0.138601110976527
12409	3	0.055766804220422
12409	4	0.00662862294236533
12409	5	-0.0499535135821922
12409	6	0.122271560309187
12409	7	0.096673483769024
12409	8	0.0643712452131524
12409	9	0.0739296114942931
12409	10	-0.0500079684109735
12409	11	-0.0893517749432249
12409	12	0.116960815271099
12409	13	0.0392211715035273
12409	14	0.0611655119704153
12409	15	-0.0196480765195233
12409	16	-0.0106324632127155
12409	17	0.0359070301787057
12409	18	0.0415465271757682
12409	19	0.0378899074780179
12409	20	0.0569975553719004
12409	21	0.146722684603432
12409	22	0.0214381347214285
12409	23	0.0255190177487492
12409	24	0.0271269251514568
12409	25	0.0985656725387969
12409	26	0.147216664490259
12409	27	0.0811429967028943
12409	28	-0.0612382028736747
12409	29	0.0393997653922682
12409	30	0.061910357453101
12409	31	0.120420742304525
12409	32	0.107762703572959
12409	33	0.0760722032147925
12409	34	0.0655405917784435
12409	35	0.160132101464534
12409	36	-0.146051302133685
12409	37	-0.0258393371009547
12409	38	0.0187199819908841
12409	39	0.0697850540581371
12409	40	-0.162595625838222
12409	41	-0.106752288021987
12409	42	0.0231933378690101
12409	43	-0.143951830063386
12409	44	-0.0854421979179563
12409	45	0.026692154268467
12409	46	0.0301330047051209
12409	47	-0.0623013576751745
12409	48	0.0482312726025427
12409	49	-0.07535486643458
12409	50	0.0469787982271086
12409	51	-0.0725772250784473
12409	52	0.00737013094377659
12409	53	-0.0151036402512688
12409	54	-0.0821019546192048
12409	55	-0.0464571799326379
12409	56	0.0677410926954636
12409	57	-0.129103435627194
12409	58	0.0696815605284584
12409	59	-0.0703419951903612
12409	60	0.00981713245818128
12409	61	0.0135159893678605
12409	62	-0.000953667529969948
12409	63	0.0408554796661349
12409	64	-0.0453883502819394
12409	65	-0.178211190725129
12409	66	-0.162074251389676
12409	67	0.0508089007912247
12409	68	-0.0820925961080974
12409	69	0.0985563173601136
12409	70	0.0179639068332307
12409	71	-0.0766245634358498
12409	72	-0.130938439705538
12409	73	0.0170902088213225
12409	74	0.102340046902277
12410	1	0.264139412175826
12410	2	0.00701142647937303
12410	3	0.0114926182321753
12410	4	-0.0151687667887721
12410	5	-0.127158148559236
12410	6	-0.0173577402774043
12410	7	-0.102216646537578
12410	8	0.0659355649775932
12410	9	0.0722216705614613
12410	10	0.00914210119775305
12410	11	0.0178321525636136
12410	12	-0.178074929885895
12410	13	-0.068356588266461
12410	14	-0.229529904729475
12410	15	-0.0273635858375556
12410	16	-0.105545204595529
12410	17	-0.09011896041536
12410	18	-0.0535932390736917
12410	19	0.0424225648633012
12410	20	-0.218203122266466
12410	21	-0.124032409110633
12410	22	-0.0288127602836639
12410	23	-0.0097989455062546
12410	24	-0.100672228067474
12410	25	-0.0898644663550456
12410	26	0.0405523420235312
12410	27	-0.00982074637501995
12410	28	-0.0117964905490453
12410	29	-0.060415278566488
12410	30	-0.0432460261491912
12410	31	-0.160735293003931
12410	32	-0.0884444965682292
12410	33	0.0336000375310093
12410	34	-0.0716434791827609
12410	35	-0.0204892827766372
12410	36	-0.146633826070484
12410	37	-0.0917756632315303
12410	38	0.0863410722562108
12410	39	-0.0100352193623081
12410	40	-0.0316431750447563
12410	41	-0.165424837444206
12410	42	0.00969072289559136
12410	43	0.0514150685660582
12410	44	-0.144424989650119
12410	45	-0.00935151432096859
12410	46	0.0827880956640925
12410	47	0.0516345267310925
12410	48	-0.0263281677879661
12410	49	-0.00052297186865502
12410	50	-0.0243339684682553
12410	51	0.010977171717677
12410	52	-0.0190743161847564
12410	53	-0.125125588643634
12410	54	0.00388626018347793
12410	55	-0.208010952615311
12410	56	-0.0658773232174497
12410	57	0.0970550604719591
12410	58	-0.121562852086925
12410	59	-0.0379874055777094
12410	60	-0.0756948187254096
12410	61	-0.136107998770463
12410	62	0.0247326682088485
12410	63	-0.0610284519644679
12410	64	-0.00721334545315244
12410	65	-0.110265678198942
12410	66	0.0736519176570809
12410	67	-0.204308570776448
12410	68	-0.0108595646941225
12410	69	0.0716982895613612
12410	70	-0.100614337075712
12410	71	0.036444268778439
12410	72	-0.0103204020522227
12410	73	-0.0395399286747207
12410	74	0.0440467814095555
12411	1	-0.697330481502107
12411	2	0.234225875979817
12411	3	0.139479416324352
12411	4	0.176447583413818
12411	5	0.12239016757427
12411	6	0.100092393001866
12411	7	0.165084660503346
12411	8	0.0457748490775032
12411	9	0.0778788483283392
12411	10	0.122345241821769
12411	11	0.10680668293567
12411	12	0.0960482075602371
12411	13	0.0216723277196493
12411	14	0.106643432293126
12411	15	0.060536354714138
12411	16	0.214807553997765
12411	17	0.018160175419915
12411	18	0.137333771005125
12411	19	0.0837846845105545
12411	20	0.0912314887032579
12411	21	-0.105175378183816
12411	22	0.0863077252747857
12411	23	0.0477306485193267
12411	24	0.0549796075702815
12411	25	0.079930998588253
12411	26	0.134326569948897
12411	27	0.04877110948064
12411	28	0.147558878838637
12411	29	0.197054456217344
12411	30	0.171611667749545
12411	31	0.128455045687062
12411	32	0.0631630733657218
12411	33	0.0861775463455245
12411	34	0.0777882004648234
12411	35	0.159258979661622
12411	36	-0.0351610920441914
12411	37	-0.0922208688016326
12411	38	-0.024251132323073
12411	39	-0.0164413798921785
12411	40	-0.140523729195991
12411	41	-0.225717282625077
12411	42	-0.078245053157012
12411	43	-0.029264191965666
12411	44	-0.129837492991804
12411	45	-0.053519153716806
12411	46	-0.104603393198268
12411	47	-0.09287235472123
12411	48	-0.037472070827377
12411	49	-0.0907730051752509
12411	50	-0.10306882940548
12411	51	0.0855712502894903
12411	52	0.0113891793406893
12411	53	0.0140075927586665
12411	54	-0.145340042455118
12411	55	0.000644070693304855
12411	56	0.00674113688954492
12411	57	-0.0123511153336011
12411	58	-0.111507889061663
12411	59	-0.242951917472908
12411	60	-0.127243212824361
12411	61	-0.174357556623818
12411	62	-0.137009179896637
12411	63	-0.0458020042640754
12411	64	-0.0372085276349026
12411	65	-0.0713191718137764
12411	66	-0.115484137190798
12411	67	-0.234950619416473
12411	68	0.0621906730813251
12411	69	-0.0306803557281867
12411	70	-0.20243875016476
12411	71	-0.186852814869873
12411	72	-0.221582915108243
12411	73	-0.0160767670333897
12411	74	-0.0478971149509988
12412	1	1.67966936699422
12412	2	0.25133569089283
12412	3	0.326409068118409
12412	4	0.338981356107805
12412	5	0.357099028014137
12412	6	0.330636796203649
12412	7	0.308742337952026
12412	8	0.429044424614709
12412	9	0.387380653747122
12412	10	0.314883685879039
12412	11	0.315751712352636
12412	12	0.378990156402502
12412	13	0.333185975675612
12412	14	0.236598233697059
12412	15	0.442235973429888
12412	16	0.237035036764219
12412	17	0.277574234960859
12412	18	0.298738210062773
12412	19	0.259646992921532
12412	20	0.410022994397266
12412	21	0.33626971435968
12412	22	0.1564419322793
12412	23	0.244162105732165
12412	24	0.394551104679081
12412	25	0.211226607506774
12412	26	0.280805372059852
12412	27	0.203258774556517
12412	28	0.34532988103544
12412	29	0.229377133792276
12412	30	0.270376912806739
12412	31	0.337062348164146
12412	32	0.277915743617974
12412	33	0.218545043757331
12412	34	0.292274476757022
12412	35	0.305764294915512
12412	36	-0.0129553060437999
12412	37	0.00796690940394029
12412	38	-0.00588244824687223
12412	39	0.0594360682927118
12412	40	0.0400125676749781
12412	41	-0.102790586566201
12412	42	0.0222727360778734
12412	43	-0.0356752834240694
12412	44	0.0611747241708898
12412	45	0.0111774821970769
12412	46	0.00426840330651146
12412	47	0.0239640939355183
12412	48	0.147302744892336
12412	49	0.0489697792107862
12412	50	0.0527147103777352
12412	51	-0.00740163766404578
12412	52	0.011625683062725
12412	53	0.0787940446540105
12412	54	0.0503331458946974
12412	55	0.018633050956943
12412	56	0.0412669702558972
12412	57	-0.0897582718157253
12412	58	0.0462492406958575
12412	59	0.169233380775552
12412	60	0.080099729800672
12412	61	0.0562109321182191
12412	62	-0.0299133360268371
12412	63	0.0743396768549047
12412	64	0.0234606550333467
12412	65	-0.0174249502190875
12412	66	0.151746333645761
12412	67	0.15328941084293
12412	68	0.0245680841007925
12412	69	0.0253951156877008
12412	70	-0.0239083934782514
12412	71	-0.0145140332733718
12412	72	-0.0211571553368941
12412	73	-0.100543638298632
12412	74	0.235288950929451
12501	1	-0.644349336094251
12501	2	0.0649235549790319
12501	3	0.0330342504910988
12501	4	-0.107328123756492
12501	5	-0.142921186790133
12501	6	-0.0400983195480791
12501	7	-0.150330593546158
12501	8	5.99109125900554e-05
12501	9	0.0309479514672404
12501	10	-0.00786851577682057
12501	11	0.0787937767236002
12501	12	0.0548361020158836
12501	13	0.0232754481571149
12501	14	0.0941225354074078
12501	15	-0.0241345024090265
12501	16	-0.0621475820197261
12501	17	0.0492989972171856
12501	18	-0.0167806072832875
12501	19	-0.0219083165407525
12501	20	0.0403988139757487
12501	21	0.0348423733974528
12501	22	-0.0203664137981434
12501	23	-0.124919790592251
12501	24	-0.018229046140938
12501	25	0.00437906228713558
12501	26	-0.00408713791571813
12501	27	-0.0605910030806314
12501	28	-0.0292346217682677
12501	29	-0.0424654016715209
12501	30	0.00668445908106463
12501	31	-0.0630290579073289
12501	32	0.0865817423171933
12501	33	-0.0349653009490254
12501	34	0.0214681697380925
12501	35	0.0241826183172265
12501	36	-0.0284625313952915
12501	37	-0.0141590869334536
12501	38	-0.0649693065503314
12501	39	0.162637353600608
12501	40	0.0257249611103916
12501	41	-0.0522806464753671
12501	42	0.17782384456882
12501	43	0.0868743990014309
12501	44	-0.0786418884999946
12501	45	0.165260272133345
12501	46	0.0361231495353493
12501	47	0.124435213407125
12501	48	-0.147237403366162
12501	49	0.0798471471700353
12501	50	-0.0175429008634822
12501	51	-0.0456582641624692
12501	52	0.0562255480136784
12501	53	0.127470101161521
12501	54	0.0887472114029819
12501	55	0.0449976767470943
12501	56	0.0378235809311747
12501	57	-0.00724909396011242
12501	58	-0.107684010143316
12501	59	0.0140170716387971
12501	60	0.0116082581609973
12501	61	0.107437630191832
12501	62	0.0634499569261351
12501	63	0.0143557602497495
12501	64	0.113599919947738
12501	65	0.0623892160886257
12501	66	0.0371976744672935
12501	67	0.0179432783235427
12501	68	-0.00763187024919176
12501	69	0.111490343418112
12501	70	-0.0387784440625936
12501	71	-0.000511908463600719
12501	72	0.0227134483463232
12501	73	0.0375212514624792
12501	74	0.0437165975225255
12502	1	-0.0589944394186013
12502	2	-0.158218532044458
12502	3	0.101560612817998
12502	4	0.112091719652572
12502	5	0.20197819854052
12502	6	0.0902657757755847
12502	7	0.103602006747629
12502	8	0.235302855050413
12502	9	0.0707017984987175
12502	10	0.193032809113724
12502	11	0.175971431852737
12502	12	0.227492585993126
12502	13	0.257584266023883
12502	14	0.173337869339719
12502	15	0.273067397218753
12502	16	0.218168737380154
12502	17	0.197504191244477
12502	18	0.122810658992613
12502	19	0.0893026248588669
12502	20	0.199991791628022
12502	21	0.137867231139296
12502	22	0.237274168640283
12502	23	0.158469875546736
12502	24	0.264026833149984
12502	25	0.206685141951702
12502	26	0.332968439032044
12502	27	0.120643754973528
12502	28	0.0623240142647674
12502	29	0.173952402347361
12502	30	0.173073027086879
12502	31	0.115025392384318
12502	32	0.263759112216938
12502	33	0.0851020131883686
12502	34	0.144316470483965
12502	35	0.229020108869001
12502	36	0.190195490375217
12502	37	0.0755113809770123
12502	38	0.100153394761413
12502	39	0.178784316835241
12502	40	0.127970778514253
12502	41	0.154518364220259
12502	42	0.0762465265009169
12502	43	0.0683740796068051
12502	44	0.112092391551762
12502	45	0.168841873380828
12502	46	0.180808506616756
12502	47	0.0287185244834589
12502	48	0.00858382516539535
12502	49	0.101266023833503
12502	50	0.00495747921050338
12502	51	-0.0406697052722507
12502	52	0.177752597978248
12502	53	0.0797360913183169
12502	54	0.114250651661202
12502	55	0.190156842493018
12502	56	0.14063800697123
12502	57	0.0879695115868842
12502	58	-0.0123910057925229
12502	59	0.108085639180018
12502	60	0.175875702855784
12502	61	-0.0780663330392244
12502	62	0.0810224421917525
12502	63	0.132915826726482
12502	64	0.182875689223508
12502	65	-0.0545956809731294
12502	66	0.193853800233278
12502	67	0.0915285140229471
12502	68	0.14727296542636
12502	69	0.0574158995622298
12502	70	0.00538926342890278
12502	71	0.0743157954663261
12502	72	0.093986154173173
12502	73	0.218793495573323
12502	74	0.0337451309452206
12503	1	-0.642509155577603
12503	2	-0.1038142179079
12503	3	-0.0931417754748445
12503	4	-0.0992254382378377
12503	5	-0.13064322004788
12503	6	-0.148803468274238
12503	7	-0.0646588248386735
12503	8	-0.136279902790669
12503	9	0.0209761849828709
12503	10	-0.0343382703453159
12503	11	0.00136502744611278
12503	12	-0.112462761974157
12503	13	-0.035259076763964
12503	14	-0.108303157091818
12503	15	-0.139940269160171
12503	16	-0.0483103804724436
12503	17	0.0116970119786401
12503	18	-0.180254607994684
12503	19	-0.20318360443369
12503	20	-0.113894014266663
12503	21	0.00594025699533773
12503	22	-0.0305393718702618
12503	23	-0.0656902654488647
12503	24	-0.169732981048234
12503	25	-0.107794140327243
12503	26	-0.0982586954276101
12503	27	-0.0713764283618588
12503	28	-0.00140404509315317
12503	29	-0.0105367968962753
12503	30	-0.055537929874518
12503	31	-0.0243005109329815
12503	32	-0.0277870607595929
12503	33	-0.21904615551307
12503	34	-0.088605026206956
12503	35	0.0101475598493934
12503	36	0.140259384056137
12503	37	0.169230632143069
12503	38	-0.0332118854123777
12503	39	-0.0641186925571304
12503	40	-0.0101418021515229
12503	41	0.0798809608594482
12503	42	0.055685539982484
12503	43	0.0369119361808714
12503	44	0.112217829987053
12503	45	0.0836462719820972
12503	46	-0.0514431532453372
12503	47	0.0137744391320567
12503	48	0.0697747445945041
12503	49	0.00401554911161384
12503	50	0.0642660149672096
12503	51	0.15705736817624
12503	52	0.0663909501624644
12503	53	0.109367235134677
12503	54	0.103014967813152
12503	55	0.190035088023109
12503	56	0.046337387330631
12503	57	0.167837505435138
12503	58	0.14436322436547
12503	59	0.231951797042953
12503	60	0.195853095169248
12503	61	0.155769437146084
12503	62	0.0980073957208631
12503	63	0.183728275420286
12503	64	0.0470349913632191
12503	65	0.194101700077191
12503	66	0.211306589288284
12503	67	0.0423084036905905
12503	68	0.11561528348566
12503	69	0.162296655344456
12503	70	0.0634262956421523
12503	71	0.116993049578141
12503	72	0.11001743052865
12503	73	0.121656031203656
12503	74	0.0987959156819542
12504	1	-0.0780040079688185
12504	2	0.0306744859506054
12504	3	-0.128903357594602
12504	4	0.0139554100176937
12504	5	-0.0288341325385311
12504	6	-0.0347261881475305
12504	7	-0.0936649953697142
12504	8	0.00764223412691933
12504	9	0.00688515590108096
12504	10	-0.189446557115517
12504	11	0.0113324699204824
12504	12	-0.00390513735362674
12504	13	0.0428129897589784
12504	14	0.0163225963509248
12504	15	-0.0890729850737628
12504	16	-0.112877123399976
12504	17	-0.0406955811842735
12504	18	-0.0878866529592699
12504	19	-0.0309944408101259
12504	20	-0.144216509757008
12504	21	-0.00601748421632919
12504	22	-0.0322464421329229
12504	23	-0.0680108140871667
12504	24	-0.0827064950611671
12504	25	-0.141303643604999
12504	26	-0.00948499222905497
12504	27	-0.0873725126594493
12504	28	-0.111035463105381
12504	29	0.0404435036008834
12504	30	-0.0638893201688546
12504	31	-0.00954320748804349
12504	32	-0.0329189957325298
12504	33	-0.0285147858971655
12504	34	0.0685826525294644
12504	35	-0.00982307238255231
12504	36	-0.0455329797362296
12504	37	0.104781897694338
12504	38	0.0747795345790436
12504	39	0.0661683087298712
12504	40	-0.0173301333398541
12504	41	-0.113116894138408
12504	42	-0.106598458301519
12504	43	-0.0563716144154824
12504	44	-0.142606696594136
12504	45	-0.0476890283415656
12504	46	-0.143074147768296
12504	47	-0.141799660086683
12504	48	-0.0665810468290715
12504	49	0.0912028859680802
12504	50	0.060092116558117
12504	51	0.0536244502396599
12504	52	-0.0295781690233881
12504	53	0.0251618129536695
12504	54	0.109126601622876
12504	55	0.150021494516238
12504	56	0.0310239178817113
12504	57	0.0825676686242787
12504	58	-0.101174533071607
12504	59	0.0192959320259973
12504	60	-0.0357229779141974
12504	61	0.0533952449312523
12504	62	-0.00215648921465572
12504	63	-0.0515587388549577
12504	64	-0.0755096912992741
12504	65	-0.0309705015791053
12504	66	0.0119347768379612
12504	67	-0.171925997498967
12504	68	-0.054581771876137
12504	69	-0.146347731455691
12504	70	-0.0824749843095347
12504	71	-0.0252353140944948
12504	72	-0.0488988360802409
12504	73	0.0617234656446826
12504	74	0.0361318068495038
12505	1	0.370715543523939
12505	2	-0.234475135012495
12505	3	0.137414250970316
12505	4	0.140029096429053
12505	5	0.128164416839727
12505	6	0.116260525623034
12505	7	0.11626696766853
12505	8	0.109103848692634
12505	9	0.0310160222434277
12505	10	0.034610915957451
12505	11	0.104229919800751
12505	12	0.114922176150948
12505	13	0.0666014080639741
12505	14	0.11621476967543
12505	15	0.134265104632
12505	16	0.180768700727761
12505	17	0.0984458253368388
12505	18	0.208030482698653
12505	19	0.131671879546651
12505	20	0.158194475307845
12505	21	0.0762212368224269
12505	22	0.0861880395554024
12505	23	0.176036086475193
12505	24	0.19649858362375
12505	25	0.0936361868468509
12505	26	0.0589480345266225
12505	27	0.206496940005664
12505	28	0.0508187892855574
12505	29	0.0858640761330491
12505	30	0.123156552241092
12505	31	0.192152489575577
12505	32	0.115698063837797
12505	33	0.148679306429628
12505	34	0.064900864622004
12505	35	0.182310214536628
12505	36	0.118306244972686
12505	37	0.121318884377736
12505	38	0.0592678564085034
12505	39	0.20270724758506
12505	40	0.113944216517218
12505	41	0.144425739899106
12505	42	-0.000414117508100276
12505	43	0.0886668015365473
12505	44	0.175850529927516
12505	45	0.121782072543887
12505	46	0.0196266119717308
12505	47	0.158475645237743
12505	48	0.0801459779539897
12505	49	-0.00214871921707527
12505	50	0.00316406420658666
12505	51	0.139012103888064
12505	52	0.154990538139124
12505	53	0.0678508254007184
12505	54	0.154315461963513
12505	55	0.110383122618586
12505	56	0.15236858975809
12505	57	0.0666970214900147
12505	58	0.0387994247162169
12505	59	0.131899591844991
12505	60	0.0357920408390768
12505	61	0.107207844545378
12505	62	0.0720509910859874
12505	63	0.0551039371245565
12505	64	0.0800587408620075
12505	65	0.179182598815636
12505	66	0.258981720246339
12505	67	0.0411597035890736
12505	68	0.144888948193135
12505	69	0.151749975624845
12505	70	0.240604849132858
12505	71	0.0291528185228458
12505	72	0.142974661839368
12505	73	0.312855568808168
12505	74	0.312482469630126
12506	1	-0.606202832317035
12506	2	-0.119769562568617
12506	3	0.0198730648305663
12506	4	0.00560975909520778
12506	5	-0.022587918402543
12506	6	0.0280851756659715
12506	7	-0.179089812041596
12506	8	-0.090740731912085
12506	9	-0.0310213416328935
12506	10	-0.0736563421809961
12506	11	-0.0581198634023679
12506	12	-0.136683780363228
12506	13	0.0994005640576319
12506	14	-0.190655426153008
12506	15	-0.00874471049795034
12506	16	-0.0558394158525886
12506	17	-0.0802315556092665
12506	18	-0.113414759623893
12506	19	-0.0243942184782071
12506	20	-0.134057472703056
12506	21	-0.0199509678675511
12506	22	-0.029550018176316
12506	23	-0.0743773554585445
12506	24	0.0567940648706866
12506	25	-0.0308839886980365
12506	26	-0.117388440561498
12506	27	-0.0730567165648921
12506	28	-0.0590916996796622
12506	29	-0.148600701617212
12506	30	-0.0984679492314413
12506	31	0.0415136895186805
12506	32	0.0191554868261719
12506	33	-0.0673349500071012
12506	34	0.0326667503281612
12506	35	-0.0423997570663985
12506	36	0.0616837935402472
12506	37	0.0170669012479934
12506	38	0.0565734222833782
12506	39	0.0275378893979621
12506	40	0.0876855027653392
12506	41	0.0906435891593915
12506	42	0.0819573341647271
12506	43	0.0637165163592144
12506	44	0.142427418544457
12506	45	0.053342243868812
12506	46	0.0770057120788081
12506	47	0.17721540179901
12506	48	0.273607112981637
12506	49	0.104737468402377
12506	50	0.0870660823862792
12506	51	0.02645214185263
12506	52	0.118023745106143
12506	53	0.11712023768726
12506	54	0.0572597720153567
12506	55	0.0677584870783718
12506	56	0.144770913955881
12506	57	-0.0382555308939985
12506	58	0.0425629292351175
12506	59	0.138598312316425
12506	60	0.0882620887828978
12506	61	0.0672561731800982
12506	62	0.133876444019293
12506	63	0.225491359421774
12506	64	0.163670533964442
12506	65	0.247821522155952
12506	66	0.126420848195963
12506	67	0.0498554169430037
12506	68	0.14346558661898
12506	69	0.101455201645862
12506	70	0.00395659867245257
12506	71	-0.0290191571572436
12506	72	0.147910434639009
12506	73	-0.0665008813828365
12506	74	0.00814888206424769
12507	1	-0.0177353005171241
12507	2	0.0738135862893472
12507	3	0.0581634038904006
12507	4	-0.0198925011965905
12507	5	0.0834494864547572
12507	6	0.0435528327699046
12507	7	-0.0113745541884072
12507	8	-0.107839269067938
12507	9	-0.0504158340391498
12507	10	-0.0573462564923233
12507	11	-0.025849900704408
12507	12	-0.0849422150910755
12507	13	0.000634648037028285
12507	14	-0.034001621890738
12507	15	0.0499245607788339
12507	16	-0.152211703743404
12507	17	-0.103782286067464
12507	18	-0.0353015169164266
12507	19	0.000299027634959259
12507	20	-0.00899377649141542
12507	21	-0.0469375988921854
12507	22	0.03093069946231
12507	23	-0.0191735436459055
12507	24	0.0385607230766496
12507	25	0.021406986520681
12507	26	0.0055495853539469
12507	27	0.0249458087931131
12507	28	-0.0087143417953115
12507	29	0.107082478406113
12507	30	0.129893813121448
12507	31	-0.0996319748014827
12507	32	-0.0144658315649266
12507	33	0.104357907342298
12507	34	0.0958071261759699
12507	35	-0.0165569268662011
12507	36	0.169443808969199
12507	37	0.242690488266241
12507	38	0.240213370424939
12507	39	0.112299919162993
12507	40	0.148858907100447
12507	41	0.105297080496676
12507	42	0.0848004409566769
12507	43	0.182658775629982
12507	44	0.201493805918425
12507	45	0.171830473931706
12507	46	0.170187773773208
12507	47	0.214455975670496
12507	48	0.0111208459326804
12507	49	0.234710132979515
12507	50	0.120236016807716
12507	51	0.32225624014405
12507	52	0.263740087991792
12507	53	0.194428024539071
12507	54	-0.0373150222087446
12507	55	0.0882383711495862
12507	56	0.0355047200506462
12507	57	0.244786570516098
12507	58	0.202577570867724
12507	59	0.248270722577658
12507	60	0.0956524554256006
12507	61	0.0930042910894926
12507	62	-0.0400200179030605
12507	63	0.124889486521297
12507	64	0.177129352976635
12507	65	0.210922457486184
12507	66	0.165447219899505
12507	67	0.111365095152429
12507	68	0.101582153890476
12507	69	0.201868521690422
12507	70	0.140945378983709
12507	71	0.171899997551336
12507	72	0.0685513270808897
12507	73	0.175970676065702
12507	74	0.0932577465990292
12508	1	-0.0267729808681985
12508	2	0.0743449050227092
12508	3	0.0298724901116287
12508	4	0.140026939359906
12508	5	0.00105588174852755
12508	6	-0.128642319982589
12508	7	0.00027380989186554
12508	8	0.0260858069662859
12508	9	-0.0824361080780633
12508	10	0.0710179290206625
12508	11	0.000171825614479815
12508	12	-0.0198795460530548
12508	13	-0.0228867625688238
12508	14	0.033293796060704
12508	15	0.0314581105510001
12508	16	0.0338356216409821
12508	17	0.101576811203721
12508	18	0.0824016970423003
12508	19	0.116140981688183
12508	20	-0.11431669831034
12508	21	0.0288444486121051
12508	22	0.0340344217190278
12508	23	-0.044047521524945
12508	24	0.0579748386065759
12508	25	0.0771917702046352
12508	26	0.0384267571965538
12508	27	-0.0376541670022235
12508	28	0.0771447396902261
12508	29	0.111594675453141
12508	30	-0.000327028148561226
12508	31	-0.0406200776818366
12508	32	0.0415089061301614
12508	33	0.0545404947158801
12508	34	-0.0470521026423185
12508	35	-0.0158651206719114
12508	36	0.0252358053443444
12508	37	0.0578038060774588
12508	38	-0.127252694282085
12508	39	-0.157458705573951
12508	40	-0.120218418692012
12508	41	-0.11771149852008
12508	42	-0.107382090385528
12508	43	0.105496211041697
12508	44	0.0757441996578976
12508	45	0.00816177737996782
12508	46	-0.0158139349332771
12508	47	0.0875501866045383
12508	48	-0.0608990836881205
12508	49	0.0167971024465743
12508	50	0.130856816573889
12508	51	3.61197222673582e-05
12508	52	-0.0783096773311911
12508	53	0.0104756941973889
12508	54	0.0530972488246846
12508	55	0.111863408134852
12508	56	-0.0941238735873
12508	57	0.00328207649722145
12508	58	0.106250425231302
12508	59	-0.114112110415284
12508	60	-0.10523229875794
12508	61	0.128163126886804
12508	62	-0.0377390081242126
12508	63	-0.0252708252720524
12508	64	0.00567456209860495
12508	65	-0.0407348705735799
12508	66	0.0538867868560331
12508	67	0.0256724811467919
12508	68	-0.0790901752497533
12508	69	-0.083991135023247
12508	70	0.0345610363159139
12508	71	-0.15188062812588
12508	72	0.0222647835429939
12508	73	-0.0087712369222146
12508	74	-0.195577563721734
12509	1	0.524899677982347
12509	2	0.00245500728880899
12509	3	-0.0346030018752188
12509	4	0.0168370743003337
12509	5	0.0703159500923256
12509	6	0.0935351515238168
12509	7	0.211594017146929
12509	8	0.0907879203598085
12509	9	0.0907569620151705
12509	10	0.0817998891625251
12509	11	0.0407482608455751
12509	12	0.0188446349899323
12509	13	0.0187052145228392
12509	14	0.149165831830011
12509	15	0.0403449881788376
12509	16	0.0389940240479874
12509	17	0.041970984963065
12509	18	0.0431035880688881
12509	19	-0.0897089705483012
12509	20	0.0697339196655307
12509	21	0.0315512838994678
12509	22	0.0781336994802899
12509	23	0.0343095952381205
12509	24	0.0646065637882742
12509	25	0.122184628368565
12509	26	0.0529831408294399
12509	27	0.0732299287698552
12509	28	0.0902931775624864
12509	29	-0.0271848420559877
12509	30	0.0182148006606653
12509	31	0.21396780037032
12509	32	0.0759285567871615
12509	33	0.111752330990285
12509	34	0.0768883926459978
12509	35	0.0458699257188186
12509	36	0.201969359927958
12509	37	0.0941130289907832
12509	38	0.147638328963851
12509	39	0.135853967964664
12509	40	0.0514857213257116
12509	41	0.0654969236430389
12509	42	0.174467327550396
12509	43	0.113079527891152
12509	44	0.127305772439719
12509	45	0.00998892376413352
12509	46	0.158972324105385
12509	47	0.166342023028122
12509	48	-0.0050163880105174
12509	49	0.155925147352548
12509	50	0.16219835980263
12509	51	0.149882907917664
12509	52	-0.0318117085510679
12509	53	0.0240568697985211
12509	54	0.0623346999617809
12509	55	0.11788755932988
12509	56	0.0828816236940142
12509	57	0.109100965010001
12509	58	0.0825698520457792
12509	59	0.231283353276389
12509	60	-0.0107682850488757
12509	61	0.056748307941497
12509	62	0.00062284409902702
12509	63	0.240271259081915
12509	64	0.0318242162245852
12509	65	0.041585151127606
12509	66	-0.0187089312779278
12509	67	0.0972423106064895
12509	68	0.121620599216719
12509	69	0.211079349418732
12509	70	0.177227771943627
12509	71	0.131364798520401
12509	72	0.123562915708696
12509	73	0.114577969128241
12509	74	0.180971499483313
12510	1	0.283138178122233
12510	2	-0.183846515873817
12510	3	-0.106706921159287
12510	4	-0.0776077911790161
12510	5	-0.181706304160031
12510	6	-0.255110505107666
12510	7	-0.0605817220349323
12510	8	-0.16044771477528
12510	9	-0.187756635248022
12510	10	-0.220654240658675
12510	11	-0.152252344736404
12510	12	-0.10284277846673
12510	13	-0.148486124592445
12510	14	-0.258695543018149
12510	15	-0.258242907972701
12510	16	-0.222599825222304
12510	17	-0.140723961083481
12510	18	-0.0921876756142552
12510	19	-0.175507683598063
12510	20	-0.163448714651487
12510	21	-0.163989649546714
12510	22	-0.238059987593189
12510	23	-0.160539770671512
12510	24	-0.230538368623819
12510	25	-0.186316680184312
12510	26	-0.261638299605728
12510	27	-0.299867357443773
12510	28	-0.17324434195956
12510	29	-0.304437978864392
12510	30	-0.135821739660116
12510	31	-0.199255843533315
12510	32	-0.117194015130124
12510	33	-0.141958469971563
12510	34	-0.269926494046423
12510	35	-0.11316057648925
12510	36	-0.0265037093124647
12510	37	0.0233576949857266
12510	38	-0.0656560268014701
12510	39	-0.0958155270062591
12510	40	-0.0722715924923207
12510	41	0.0869407729651286
12510	42	0.0548248322384097
12510	43	-0.0332070874192212
12510	44	0.0162744834113298
12510	45	0.0124351635914266
12510	46	-0.127602461203914
12510	47	-0.0452525642978472
12510	48	0.0796949814785393
12510	49	0.0393876082550761
12510	50	0.115207713722697
12510	51	0.100038215119291
12510	52	0.0760732093284986
12510	53	-0.157136880173837
12510	54	-0.0995033714159348
12510	55	-0.194392043426177
12510	56	-0.0802165915194095
12510	57	-0.230128622585752
12510	58	0.0241522148217115
12510	59	0.0329374924321186
12510	60	-0.114703824452086
12510	61	-0.123909736189354
12510	62	0.0170543656243822
12510	63	-0.0289606261775788
12510	64	0.0569838595342134
12510	65	-0.0389590465725291
12510	66	-0.0922761047846805
12510	67	-0.0233877571066259
12510	68	0.0624326712602894
12510	69	0.0624135648533581
12510	70	-0.0133644174938325
12510	71	-0.0388723779730213
12510	72	-0.189219841606494
12510	73	0.0274111063947586
12510	74	-0.0572503338724601
12511	1	0.391149896500416
12511	2	0.107401999057949
12511	3	0.0979409458068012
12511	4	0.0552326463917119
12511	5	-0.0686453890407144
12511	6	-0.00034478453669351
12511	7	0.0197079235581583
12511	8	0.153901798897927
12511	9	0.0379437000160436
12511	10	0.0467106401657063
12511	11	0.16129690664819
12511	12	0.111575198174066
12511	13	-0.0278478889768934
12511	14	0.0187711156576427
12511	15	0.0464153236239113
12511	16	0.0280844871690675
12511	17	-0.0304179224523153
12511	18	0.105859261355391
12511	19	0.0324447378122983
12511	20	-0.0815000230979592
12511	21	-0.120224397851885
12511	22	0.00195890846789837
12511	23	0.161277776577457
12511	24	0.0592610722501945
12511	25	0.0565187160865364
12511	26	0.194487937363569
12511	27	0.0438026383610222
12511	28	-0.0727852663858926
12511	29	-0.0263866704179208
12511	30	0.106854591260678
12511	31	0.0481972424120372
12511	32	0.0753497965861385
12511	33	0.135054683238124
12511	34	0.0251180139332803
12511	35	0.179856271323423
12511	36	0.15029841275188
12511	37	-0.030952616547637
12511	38	0.0127157873809693
12511	39	-0.00718273823311222
12511	40	-0.109549476186061
12511	41	0.0620844617196639
12511	42	-0.153002482138376
12511	43	-0.0244962658834211
12511	44	-0.0890402431470889
12511	45	0.118736426800311
12511	46	-0.0432296495744637
12511	47	0.0815782031767327
12511	48	-0.0180786887787932
12511	49	0.158921282727249
12511	50	0.00946491718911346
12511	51	-0.0940450733410074
12511	52	0.122300345673139
12511	53	-0.0899586462185482
12511	54	0.0442549132597989
12511	55	0.0335113154196378
12511	56	0.0906902479516489
12511	57	-0.0275178462045815
12511	58	0.0262202405659977
12511	59	-0.000847239751216478
12511	60	-0.0406778024751517
12511	61	0.149331404631404
12511	62	0.0381190917829386
12511	63	-0.0808762768109332
12511	64	-0.10100254157161
12511	65	0.0260296812743945
12511	66	0.0402942434807017
12511	67	0.0499317595941733
12511	68	0.0623744186756099
12511	69	-0.0784136072552073
12511	70	0.0289565986724512
12511	71	0.0788927295484996
12511	72	0.0753372235524097
12511	73	0.0613410871953093
12511	74	0.00201120204604877
12512	1	-0.367004693559974
12512	2	-0.00789837222302481
12512	3	-0.0868943985668906
12512	4	-0.000596901205302203
12512	5	0.0227106102187378
12512	6	-0.0644638800168522
12512	7	-0.0555408188304156
12512	8	-0.0734517401700074
12512	9	-0.0887458224832756
12512	10	-0.0425122393320834
12512	11	-0.00238019576521253
12512	12	-0.036860417205979
12512	13	-0.0698507579726879
12512	14	-0.108195334202989
12512	15	-0.113171752891475
12512	16	-0.146827367064297
12512	17	-0.0653538318286522
12512	18	0.00845491355332939
12512	19	-0.0113541219835511
12512	20	0.0175963437992053
12512	21	-0.0115259465345119
12512	22	-0.00105471281700886
12512	23	-0.026454468802001
12512	24	0.0179141882212761
12512	25	-0.000294029881267477
12512	26	-0.0453050937841724
12512	27	-0.0702261334710883
12512	28	-0.103338782563057
12512	29	-0.0481266723132094
12512	30	0.100440925242445
12512	31	-0.0342167652679848
12512	32	0.0958051671567333
12512	33	-0.0461338606664796
12512	34	0.0350233727681086
12512	35	-0.0189458443166259
12512	36	0.0414912117585473
12512	37	0.0412881365535185
12512	38	0.0321831505708943
12512	39	-0.03536161232946
12512	40	0.033256064775756
12512	41	-0.156769555202835
12512	42	-0.134602532658533
12512	43	-0.130090993076038
12512	44	-0.0764371014833642
12512	45	0.102714842297601
12512	46	-0.0260742851846842
12512	47	0.060128186994497
12512	48	0.087610909887097
12512	49	0.0393829340405247
12512	50	-0.146267117822994
12512	51	-0.067815669148473
12512	52	0.0240617390938809
12512	53	-0.132364879142777
12512	54	0.0263325371284679
12512	55	0.0294254101045865
12512	56	-0.0948530644573395
12512	57	0.0576147560483022
12512	58	0.0685359556589447
12512	59	0.0751895605404371
12512	60	0.0441490821654895
12512	61	-0.0838497795271493
12512	62	0.0984907316458106
12512	63	-0.0095179796981526
12512	64	0.13357766309062
12512	65	-0.042047070359061
12512	66	-0.0498556061531303
12512	67	-0.0533081656981906
12512	68	-0.030286649537544
12512	69	0.077235729493772
12512	70	0.0901104448263013
12512	71	-0.0998523046483442
12512	72	-0.00446820569850814
12512	73	0.0226680284191474
12512	74	-0.244430968302176
12601	1	-0.80531387205879
12601	2	0.19112373475064
12601	3	0.331774317088307
12601	4	0.273833650262425
12601	5	0.186380053225392
12601	6	0.210499216763743
12601	7	0.263700784770933
12601	8	0.216878770588586
12601	9	0.192571309519174
12601	10	0.263558523507363
12601	11	0.281938247725215
12601	12	0.221538518718305
12601	13	0.347712129736657
12601	14	0.370202186487056
12601	15	0.304055932924271
12601	16	0.418309916294916
12601	17	0.293673473734515
12601	18	0.302898765967512
12601	19	0.325510530878091
12601	20	0.346572334434981
12601	21	0.347494311049395
12601	22	0.316294226433925
12601	23	0.357345638101748
12601	24	0.340154847957244
12601	25	0.270520203428276
12601	26	0.26382618356903
12601	27	0.0632420136095249
12601	28	0.366850238602311
12601	29	0.393889320397491
12601	30	0.219966618791794
12601	31	0.467488704753293
12601	32	0.341464175771058
12601	33	0.342963648408499
12601	34	0.269078024490803
12601	35	0.417083171932063
12601	36	-0.0942580879613359
12601	37	-0.00266398975155369
12601	38	0.0122665475660568
12601	39	0.0285103000718649
12601	40	-0.012325804335525
12601	41	-0.0109394049609151
12601	42	0.0880292473261903
12601	43	-0.00063784818171797
12601	44	0.150873822886382
12601	45	0.0983953872428529
12601	46	-0.0603020672065853
12601	47	0.140501245308734
12601	48	0.0577375969255485
12601	49	0.303111607328027
12601	50	0.175747142426559
12601	51	0.0543735007080386
12601	52	0.0738800749162749
12601	53	0.162901720383459
12601	54	0.131971401675592
12601	55	0.06024198237413
12601	56	0.113524986604567
12601	57	0.145107537984288
12601	58	-0.0138149286393414
12601	59	0.0876555460038091
12601	60	0.0359111802526044
12601	61	0.178397633141316
12601	62	0.0343449133159766
12601	63	0.206440311290422
12601	64	0.0273392933987964
12601	65	0.0182465937666834
12601	66	0.107616130474483
12601	67	0.0417564045238237
12601	68	0.0842773108907835
12601	69	0.0413231517877861
12601	70	0.176344089137743
12601	71	0.100374052031796
12601	72	0.0865211015719325
12601	73	0.254126446399404
12601	74	0.189760074336
12602	1	-0.348462666014033
12602	2	0.2345752507828
12602	3	0.254225397200678
12602	4	0.126343821724209
12602	5	0.153832586403734
12602	6	0.164645298329177
12602	7	0.24401053000004
12602	8	0.0480773078355128
12602	9	0.0638841546223432
12602	10	0.109838674626225
12602	11	0.0900984240305576
12602	12	0.232662949600801
12602	13	0.149133712609846
12602	14	0.241590106665299
12602	15	0.182189711864503
12602	16	0.18736324381598
12602	17	0.197097865868585
12602	18	0.0447809707529458
12602	19	0.183177875642215
12602	20	0.197135397498045
12602	21	0.0793273537695356
12602	22	0.116922677465602
12602	23	0.140820645367079
12602	24	0.178725273221218
12602	25	0.101242861570292
12602	26	0.188079065483208
12602	27	0.208272527994879
12602	28	0.291503924546319
12602	29	0.0413488767280157
12602	30	0.212453056842747
12602	31	0.176090855290923
12602	32	0.235839599581965
12602	33	0.137856121526774
12602	34	0.10056717493157
12602	35	0.148643764782982
12602	36	0.0619436956589823
12602	37	0.0350389047741544
12602	38	-0.0630119502429949
12602	39	-0.140940318584136
12602	40	-0.0184753190424942
12602	41	-0.0509056937658343
12602	42	-0.143320311835105
12602	43	-0.0336998249172922
12602	44	-0.0998967187154562
12602	45	0.00799289039169793
12602	46	0.0908268873759184
12602	47	0.0551582061148395
12602	48	-0.0347505485882706
12602	49	-0.035188570489268
12602	50	0.0782773343210579
12602	51	0.126386528289736
12602	52	0.0004240736730452
12602	53	0.0830545972641303
12602	54	0.0960840830122009
12602	55	-0.110601469680375
12602	56	0.0174864524109424
12602	57	0.0435471283295854
12602	58	0.184535082582435
12602	59	-0.0524716857762755
12602	60	-0.0185393140403036
12602	61	0.0300728879986565
12602	62	0.0275022445078363
12602	63	-0.0821629398228723
12602	64	-0.0823296952299373
12602	65	0.011921069502371
12602	66	-0.142457490090244
12602	67	0.0289159191630119
12602	68	-0.0541366168114408
12602	69	0.141401589751759
12602	70	-0.0936692711597189
12602	71	-0.123312806522733
12602	72	0.00686564468204409
12602	73	0.0213157949369602
12602	74	0.100991212934218
12603	1	-1.34257808940113
12603	2	0.0455883556215113
12603	3	0.104767231878096
12603	4	0.0886422088209855
12603	5	0.170528654952118
12603	6	0.223944693490466
12603	7	0.226356800161327
12603	8	0.151794545738738
12603	9	0.129937582041698
12603	10	0.155781214948803
12603	11	0.10125013774023
12603	12	0.0679830100846672
12603	13	0.102838349706623
12603	14	0.101393534084657
12603	15	0.070055135251593
12603	16	0.0624892518804998
12603	17	0.161903813449229
12603	18	0.0365652449464946
12603	19	0.107018601448665
12603	20	0.0885416474980403
12603	21	-0.0327316180046608
12603	22	0.00636320165914839
12603	23	0.0717178227864324
12603	24	0.0674223498341249
12603	25	0.164839131731576
12603	26	0.0651834001606275
12603	27	0.134620814285199
12603	28	0.147010476965676
12603	29	0.0844310339860783
12603	30	0.123919790713714
12603	31	0.0466553714199591
12603	32	0.238044740710997
12603	33	0.0318959400751666
12603	34	0.0620843120283396
12603	35	0.161572192202335
12603	36	0.172588067731887
12603	37	0.150803330039068
12603	38	0.0783311155917943
12603	39	-0.0163163339386045
12603	40	0.000832722293687027
12603	41	0.0598200917494509
12603	42	0.116868751720368
12603	43	0.148703625189071
12603	44	0.071137473657167
12603	45	0.0605003913248794
12603	46	0.129018035564393
12603	47	0.102568430632651
12603	48	0.107841448435899
12603	49	0.0247433366657788
12603	50	-0.0203739976303723
12603	51	0.0506103197748189
12603	52	-0.0115101591065354
12603	53	0.0235377153833056
12603	54	-0.0193304799970946
12603	55	0.17438505930923
12603	56	0.0150730918605717
12603	57	0.0956318524689266
12603	58	0.102278846754771
12603	59	0.0206462280559236
12603	60	0.229807111776523
12603	61	0.0926779300154692
12603	62	0.265434083910264
12603	63	-0.0142581015609835
12603	64	0.0187314670173322
12603	65	0.02908559282168
12603	66	0.0901071288723614
12603	67	-0.0758255658666585
12603	68	-0.0772077088457337
12603	69	0.00362966022700562
12603	70	0.0962980426293711
12603	71	-0.0191935910468999
12603	72	-0.0200362961539753
12603	73	0.0765739069979787
12603	74	0.13310529417766
12604	1	1.08957581586369
12604	2	-0.428390009763106
12604	3	0.173424132098777
12604	4	0.19798699654692
12604	5	0.051978154479233
12604	6	-0.00875976479031948
12604	7	0.0934564546905392
12604	8	0.0500890300283601
12604	9	0.136226660961412
12604	10	0.0857797043351027
12604	11	0.134017155131993
12604	12	0.0293718880270788
12604	13	0.097421486003384
12604	14	0.031744718931229
12604	15	0.204418148860256
12604	16	0.143922824284871
12604	17	0.0454310636068627
12604	18	-0.0180907292023136
12604	19	0.0535001850972563
12604	20	0.0540237959848042
12604	21	0.04055038730219
12604	22	0.286632944723458
12604	23	0.0349370062668868
12604	24	0.0899825445062561
12604	25	0.00788193464246234
12604	26	0.0306489647360735
12604	27	0.11775333451429
12604	28	0.105686489733642
12604	29	0.102065971197092
12604	30	0.0591331813190124
12604	31	0.00306037352168431
12604	32	0.0362380795613575
12604	33	-0.0103360573502229
12604	34	0.0946567558072431
12604	35	-0.0807739222365029
12604	36	0.087923388068667
12604	37	-0.13223881770729
12604	38	-0.123699902189273
12604	39	0.0822445965948262
12604	40	-0.0716342703333765
12604	41	-0.189358986373684
12604	42	-0.0547071279304276
12604	43	0.0422187643862273
12604	44	-0.175932157669067
12604	45	-0.203356526870586
12604	46	-0.0255722057457888
12604	47	-0.0248952634516471
12604	48	0.0389329656102646
12604	49	0.0158511135965043
12604	50	-0.116575100023503
12604	51	-0.220490946952204
12604	52	-0.117649653601241
12604	53	0.0201190393257917
12604	54	-0.142288270878531
12604	55	-0.127863592452954
12604	56	-0.0579125965705813
12604	57	-0.0529401850597537
12604	58	-0.0841126154046066
12604	59	-0.0948807723302281
12604	60	-0.0418048834270266
12604	61	-0.0669850986616467
12604	62	0.0838266530073639
12604	63	-0.180986692590395
12604	64	-0.125049718701902
12604	65	-0.0960267662137824
12604	66	-0.177699819355318
12604	67	-0.00709900217444925
12604	68	-0.132020087411213
12604	69	-0.211434091419171
12604	70	-0.0308372157605348
12604	71	-0.105641101085396
12604	72	-0.166752323282893
12604	73	-0.0106490345635351
12604	74	0.152199939642983
12605	1	0.057438948168258
12605	2	0.129897063987887
12605	3	-0.0218736409410951
12605	4	0.0411550954189224
12605	5	0.163007652275674
12605	6	-0.106390234146332
12605	7	0.0940198032342821
12605	8	0.112469047622163
12605	9	0.0621398272835663
12605	10	0.0219111465507069
12605	11	0.120208615634759
12605	12	0.140839064307507
12605	13	0.109513979167367
12605	14	0.0922050180259717
12605	15	-0.0290053202400742
12605	16	0.214740069683828
12605	17	0.113760908512674
12605	18	0.0155216783326964
12605	19	0.155795613740494
12605	20	0.0388978875852786
12605	21	0.0552364504925649
12605	22	0.13341080772576
12605	23	0.177537856489842
12605	24	-0.0702402815100527
12605	25	0.220036829491292
12605	26	0.145366228768872
12605	27	-0.00711720365690383
12605	28	0.0654634037103179
12605	29	-0.00919536619235117
12605	30	0.102931363869942
12605	31	0.0369111208251951
12605	32	0.173751459089267
12605	33	0.126204462577149
12605	34	0.0776306294351627
12605	35	0.153947415239607
12605	36	0.134332102817481
12605	37	0.0348842528187916
12605	38	0.0146660447475924
12605	39	-0.108688221909702
12605	40	-0.169995307726197
12605	41	-0.103844246871382
12605	42	-0.018427343491588
12605	43	-0.150938413091566
12605	44	0.0874657363967373
12605	45	-0.0417200601194807
12605	46	-0.00210311302028288
12605	47	-0.142579156946034
12605	48	-0.107691046682078
12605	49	-0.110859697358713
12605	50	-0.0284524093614138
12605	51	-0.102370838775521
12605	52	-0.0530546380035801
12605	53	-0.156452712184283
12605	54	-0.129281760078754
12605	55	-0.177711024517535
12605	56	-0.0809466169225743
12605	57	0.0316149066847444
12605	58	0.0201704961681628
12605	59	-0.0878523559662199
12605	60	0.0248632620905269
12605	61	-0.190694414356074
12605	62	-0.00493127684590888
12605	63	-0.0603281306303813
12605	64	-0.184613645430005
12605	65	-0.0487606990144158
12605	66	-0.171604348169836
12605	67	-0.150279718192131
12605	68	-0.0467746536212559
12605	69	-0.00101999898947014
12605	70	0.0296963635690872
12605	71	-0.121067091361283
12605	72	-0.0177920836920222
12605	73	-0.111492151453639
12605	74	-0.172252652474526
12606	1	0.171959170214254
12606	2	-0.0218515482246424
12606	3	0.145025645339636
12606	4	0.0600845165132924
12606	5	-0.0334316815863431
12606	6	0.0345336357981623
12606	7	0.0971680982382495
12606	8	0.119721228431047
12606	9	0.0985553705032345
12606	10	0.0315384264872662
12606	11	-0.00189289110592483
12606	12	0.0521356543154354
12606	13	0.0630667150912387
12606	14	0.0612613225461942
12606	15	0.133690952559292
12606	16	0.125818578803575
12606	17	0.0210804961415363
12606	18	-0.0131222550535099
12606	19	0.0560811014486617
12606	20	0.0280969359595815
12606	21	0.0999787185337979
12606	22	0.14151945165915
12606	23	-0.00758506182895502
12606	24	0.188570186372587
12606	25	0.11266966057773
12606	26	-0.0468899171470696
12606	27	-0.0937746184071031
12606	28	-0.0170940903420203
12606	29	0.0778625243706941
12606	30	0.0722731560983334
12606	31	0.101847679112268
12606	32	0.0610195003263811
12606	33	0.185399545844398
12606	34	0.0946924851052628
12606	35	-0.0276465577976666
12606	36	0.101750820869462
12606	37	0.0668769128365625
12606	38	-0.0843016017381473
12606	39	0.041870294869625
12606	40	0.004516437828606
12606	41	0.00145167320269479
12606	42	-0.0444229571217249
12606	43	0.174672660336945
12606	44	-0.00981677407030901
12606	45	-0.0188191400038633
12606	46	0.0507510606383903
12606	47	0.102476144515393
12606	48	-0.0129884402704405
12606	49	-0.0187946873787013
12606	50	0.13785534895537
12606	51	0.062144625542949
12606	52	-0.0299092835719108
12606	53	0.125490116152257
12606	54	0.0247357732366211
12606	55	0.0692191487636578
12606	56	-0.0359600043924004
12606	57	0.051037693405064
12606	58	-0.0377679535206283
12606	59	0.0555170853476525
12606	60	0.116442051019902
12606	61	0.0323734956195878
12606	62	0.0491210993239122
12606	63	-0.0438678095641976
12606	64	-0.0639446266108905
12606	65	-0.10378181200069
12606	66	-0.00391835724733625
12606	67	0.0946876020693068
12606	68	-0.0805001438173392
12606	69	-0.0677748604413395
12606	70	-0.0478894343204743
12606	71	-0.0175167973979953
12606	72	0.0857721755828891
12606	73	-0.0241794459837905
12606	74	0.41277952764279
12607	1	5.32609316792332e-05
12607	2	-0.107445488348731
12607	3	-0.0760670599190831
12607	4	0.0138722401443978
12607	5	0.00208485356214183
12607	6	-0.0228367033380366
12607	7	-0.0575376423797849
12607	8	-0.0554456289871794
12607	9	-0.0866876871438933
12607	10	0.0292951881281311
12607	11	-0.0623850301336901
12607	12	0.0144906329311851
12607	13	-0.0816914320083342
12607	14	-0.00645628482685368
12607	15	0.0501381545350696
12607	16	-0.0314412248227143
12607	17	-0.0653197207128642
12607	18	-0.0895983709501422
12607	19	-0.000160088841077766
12607	20	-0.110333279087705
12607	21	0.000272676729089483
12607	22	-0.052157134088695
12607	23	-0.0931497868455224
12607	24	-0.110102182761807
12607	25	0.0600216273267264
12607	26	-0.0407255294595785
12607	27	0.0684008529500417
12607	28	-0.0534590683553944
12607	29	0.0208490914449655
12607	30	-0.0747324459738365
12607	31	-0.0135541039128526
12607	32	-0.016364091023533
12607	33	0.0425199000399274
12607	34	0.156067402278929
12607	35	-0.123629329919822
12607	36	0.079882181077501
12607	37	-0.100364141628312
12607	38	0.130329938033981
12607	39	0.105582333050819
12607	40	0.131053092026669
12607	41	-0.122400676386391
12607	42	0.073255616025115
12607	43	0.0952533429660392
12607	44	0.0984293302270913
12607	45	0.0105030389388077
12607	46	0.088404268224096
12607	47	0.0264038272136986
12607	48	0.147964146430141
12607	49	-0.068907811200944
12607	50	0.0442254819072829
12607	51	-0.0534873515771395
12607	52	0.0463002287618295
12607	53	-0.0124779571359639
12607	54	-0.0696546101713267
12607	55	-0.234906098155044
12607	56	0.113481560345065
12607	57	0.0102038628561374
12607	58	0.103740187058598
12607	59	-0.112805489942332
12607	60	-0.0255041585068909
12607	61	-0.0246812854329193
12607	62	-0.137540842790777
12607	63	-0.0274901278029773
12607	64	-0.0933406575107654
12607	65	0.00184238139415527
12607	66	-0.165840328320314
12607	67	-0.0602265549810781
12607	68	-0.135698998788122
12607	69	-0.0606844469991827
12607	70	-0.0269174991623515
12607	71	-0.025802743345821
12607	72	-0.045751373862231
12607	73	-0.0790940715170763
12607	74	0.0929070053929948
12608	1	0.169259013228384
12608	2	0.0723949195932541
12608	3	0.0471920503631829
12608	4	0.109864736293513
12608	5	0.111890139449766
12608	6	0.0212133846207649
12608	7	0.12112414219429
12608	8	0.0813146350244551
12608	9	0.0618363752128133
12608	10	0.112182068559477
12608	11	0.141733482520451
12608	12	0.00941194944887513
12608	13	0.0327527433486949
12608	14	0.109283300568173
12608	15	-0.0566073205961288
12608	16	-0.00375755934398825
12608	17	0.0176111083864399
12608	18	0.236940539294999
12608	19	0.151183142264991
12608	20	0.0426809234007095
12608	21	0.0412817012653548
12608	22	0.0668334234016896
12608	23	0.0379094436655549
12608	24	0.034535649480901
12608	25	0.0253541189764732
12608	26	0.0102450907022273
12608	27	0.140409055062285
12608	28	0.0390833036925144
12608	29	0.0507667629892197
12608	30	-0.0219654624260031
12608	31	0.131211886333617
12608	32	-0.0800558528918245
12608	33	0.123052607068885
12608	34	-0.0293342024928549
12608	35	0.0246768330971534
12608	36	0.00950083888675834
12608	37	0.0488439237786551
12608	38	-0.100064566118562
12608	39	0.0702186017264026
12608	40	-0.028961697315502
12608	41	-0.159269479903898
12608	42	-0.113133817008915
12608	43	-0.119391242338338
12608	44	-0.0888400488992005
12608	45	0.0286395620587427
12608	46	-0.169445795324414
12608	47	0.0364055070496505
12608	48	0.00824616869905981
12608	49	0.112068205179042
12608	50	-0.0064400141129255
12608	51	-0.00385235419460628
12608	52	-0.0538158846539005
12608	53	-0.14140907411344
12608	54	-0.0438501720650137
12608	55	-0.162373097007752
12608	56	0.0141943127464614
12608	57	-0.0192062211998874
12608	58	0.12498657044015
12608	59	0.194999901661099
12608	60	-0.0885252710768185
12608	61	-0.111640240277147
12608	62	-0.0386977179052437
12608	63	-0.179854859845648
12608	64	-0.0896142924953978
12608	65	-0.0149701764512287
12608	66	0.0414218230741028
12608	67	0.0623425040300916
12608	68	-0.0989439234116745
12608	69	-0.144430419339997
12608	70	-0.124706588802454
12608	71	-0.0255247582298423
12608	72	0.123588528419866
12608	73	-0.0505597005702541
12608	74	0.318226401444093
12609	1	-0.171093714401131
12609	2	0.0489737722881785
12609	3	0.0758051783066698
12609	4	0.00352316120193663
12609	5	0.0782853513806927
12609	6	0.0685503482523728
12609	7	0.0350435561137061
12609	8	0.12967773026255
12609	9	0.100138474898841
12609	10	-0.0278869398131008
12609	11	0.0104949294068959
12609	12	0.0428900041322891
12609	13	0.0643338854209077
12609	14	0.0500170459894136
12609	15	0.0298207602515959
12609	16	0.12294312092812
12609	17	0.0634477122587569
12609	18	0.0501069116131561
12609	19	0.0891614585915192
12609	20	0.101227659402802
12609	21	0.0415801379477188
12609	22	0.00692123737343309
12609	23	0.0360779418340513
12609	24	0.189501962929363
12609	25	0.135207435303009
12609	26	0.115462418017771
12609	27	0.141447451189961
12609	28	0.056106459108527
12609	29	0.0855285042241718
12609	30	0.0273052073803797
12609	31	0.0244083476104322
12609	32	-0.0117506461937609
12609	33	0.0111184103132587
12609	34	0.180127466790246
12609	35	0.123737370773767
12609	36	-0.0920954235816964
12609	37	-0.0804112739139313
12609	38	-0.001720016184656
12609	39	0.0625097283165772
12609	40	0.0445638468937517
12609	41	-0.0140615093570844
12609	42	0.0944235985393433
12609	43	-0.0214831929087183
12609	44	-0.0595331917675139
12609	45	-0.0226756000937058
12609	46	-0.124176513824516
12609	47	0.0155441431432521
12609	48	-0.0191331776377481
12609	49	-0.0847367230882554
12609	50	-0.0855469994451568
12609	51	-0.102474053238176
12609	52	-0.14405943686895
12609	53	-0.0141038971888889
12609	54	-0.0123880015920719
12609	55	0.0264564342344684
12609	56	0.00788672883066255
12609	57	-0.0517092347612902
12609	58	0.0953332770965361
12609	59	0.162057846263387
12609	60	0.0914915485366024
12609	61	-0.121795161529135
12609	62	-0.0699527420270698
12609	63	-0.0874718511744419
12609	64	-0.0987416962939136
12609	65	-0.0712648111910497
12609	66	-0.15739181845678
12609	67	-0.0212139946436523
12609	68	-0.0145794083000652
12609	69	-0.0589241773527647
12609	70	-0.173757687041835
12609	71	-0.0640954005679575
12609	72	0.0179199909225431
12609	73	-0.131553280461745
12609	74	-0.276373226116426
12610	1	-0.00266375872402946
12610	2	-0.282262278573132
12610	3	0.0134445293601786
12610	4	-0.0122890435366152
12610	5	-0.0113085350233604
12610	6	-0.0188283756343921
12610	7	0.120424634233373
12610	8	-0.0377240026863817
12610	9	-0.0427805549820661
12610	10	0.0519916661936151
12610	11	0.03907887571647
12610	12	0.113084062753472
12610	13	-0.0878252560082018
12610	14	0.130804310678393
12610	15	0.0977167193236426
12610	16	0.0842896927518666
12610	17	0.0842557855823856
12610	18	0.0360742745579614
12610	19	-0.0339453036814774
12610	20	-0.0049251456932069
12610	21	0.0612165678214396
12610	22	0.0664628692374194
12610	23	0.0703686856683632
12610	24	-0.0561670680742168
12610	25	-0.0306182133740407
12610	26	0.0028621357792602
12610	27	0.0102304014692862
12610	28	-0.0335547873213855
12610	29	0.134684623433458
12610	30	0.0861077032938766
12610	31	0.0779973178552638
12610	32	-0.0442277213316302
12610	33	-0.0109279648192171
12610	34	0.0952802168755653
12610	35	0.148924547445638
12610	36	0.0352562612095753
12610	37	0.0480278868037161
12610	38	0.0687588497126157
12610	39	0.0360564057952502
12610	40	0.0173841889201327
12610	41	0.125015634880882
12610	42	-0.00823231261099266
12610	43	0.142534518479131
12610	44	-0.0861964964296149
12610	45	0.101043994234068
12610	46	0.0537145383887179
12610	47	0.12021537315146
12610	48	0.0545844241226661
12610	49	0.117586248170227
12610	50	-0.0370109567998682
12610	51	-0.00984919168329412
12610	52	-0.0299501882577005
12610	53	0.150932262575644
12610	54	0.0206675641306759
12610	55	0.099665496915641
12610	56	0.0434029509613083
12610	57	0.0894511549435251
12610	58	-0.0886124841365543
12610	59	0.221916069325765
12610	60	-0.023742024948838
12610	61	-0.00901014293078362
12610	62	0.10573164947737
12610	63	0.072960744871132
12610	64	0.0344433893461229
12610	65	0.0169610972820493
12610	66	0.0583288392653145
12610	67	-0.0710050268341078
12610	68	0.111124149005242
12610	69	0.116916256051638
12610	70	0.064328115700313
12610	71	0.191067134602584
12610	72	0.00764218644306425
12610	73	0.116923321614486
12610	74	0.31127804463658
12611	1	0.359819976075059
12611	2	-0.0838625372356319
12611	3	-0.108483512169521
12611	4	-0.178179219750444
12611	5	-0.0674170295716898
12611	6	-0.0294407231762008
12611	7	-0.0557183486481989
12611	8	-0.013542507832689
12611	9	-0.0736204536725893
12611	10	-0.171714320765481
12611	11	-0.09195149916453
12611	12	-0.0655236863439015
12611	13	-0.0937464717219498
12611	14	-0.17910497782011
12611	15	-0.172521501653165
12611	16	-0.207771164786166
12611	17	0.0226262836873232
12611	18	-0.0525508264820829
12611	19	-0.12201413664657
12611	20	-0.100840792978147
12611	21	-0.0196549810998974
12611	22	-0.0977662626265641
12611	23	-0.0488744391183289
12611	24	-0.0796349418325448
12611	25	-0.0650812551731832
12611	26	-0.180153653410805
12611	27	-0.0996537392862251
12611	28	0.0230707448228173
12611	29	-0.123236376728208
12611	30	-0.0899686021434292
12611	31	0.00134584761043044
12611	32	0.0342612585681437
12611	33	-0.192464923020076
12611	34	-0.105479676066899
12611	35	-0.197646557797661
12611	36	0.125151474590247
12611	37	0.067846563249276
12611	38	0.186371900708373
12611	39	0.0496428316129567
12611	40	0.145922043795593
12611	41	0.0463857925393754
12611	42	0.150471765897116
12611	43	0.0658711130256862
12611	44	0.0531553934558886
12611	45	0.201430111921546
12611	46	-0.0841140975921846
12611	47	-0.135553696634062
12611	48	0.23259953405384
12611	49	0.0386847619360466
12611	50	0.135331493927545
12611	51	0.0542404982914064
12611	52	0.0309625126483368
12611	53	0.142912239531299
12611	54	0.207897758039223
12611	55	0.134022215714246
12611	56	0.199191223938335
12611	57	0.0946988250762786
12611	58	0.168265793409816
12611	59	0.168898928694681
12611	60	0.236235806923062
12611	61	0.172410738375419
12611	62	0.0468266930372465
12611	63	0.0385503975954293
12611	64	0.0226071184039398
12611	65	0.0208920044979877
12611	66	0.244933491045913
12611	67	0.0530544852360393
12611	68	0.112243879398839
12611	69	0.0146058130723361
12611	70	0.187610067900209
12611	71	0.205321666745142
12611	72	-0.0162459367130907
12611	73	0.161336080894827
12611	74	0.355670910226181
12612	1	0.36309039193371
12612	2	-0.0995815633075985
12612	3	-0.181037703076655
12612	4	-0.0978491184791679
12612	5	-0.0565387705757843
12612	6	-0.128007842331556
12612	7	-0.0608409515355035
12612	8	-0.17897409585251
12612	9	-0.0611128044590572
12612	10	-0.0795022974946349
12612	11	-0.0192232078480004
12612	12	-0.115715024417597
12612	13	-0.108034340715697
12612	14	-0.116099160108405
12612	15	-0.103910857395462
12612	16	-0.134679158752988
12612	17	-0.0773961252762589
12612	18	-0.0776622248875967
12612	19	-0.0801632424427368
12612	20	-0.0598216160766185
12612	21	-0.118890059746739
12612	22	-0.0812181049019358
12612	23	-0.111627294106484
12612	24	-0.0393785315761335
12612	25	-0.147707413328753
12612	26	-0.293714954854458
12612	27	0.000606980386258726
12612	28	-0.003572220055446
12612	29	-0.246028878344241
12612	30	-0.116218548275725
12612	31	-0.181644025261789
12612	32	-0.293256517773166
12612	33	-0.0631449488765696
12612	34	0.029089166854888
12612	35	-0.0345545517644794
12612	36	0.0326734243940479
12612	37	-0.0683624973185673
12612	38	-0.0160874945855625
12612	39	0.00837031894572249
12612	40	0.0157577998726524
12612	41	0.0412861376625457
12612	42	0.0454555868459536
12612	43	0.000368320774278175
12612	44	0.0507567350530351
12612	45	-0.0205498342023702
12612	46	0.00778068337616844
12612	47	-0.0584964236889363
12612	48	-0.0140048273168745
12612	49	-0.102127320410901
12612	50	-0.101059384379965
12612	51	0.0258248080214116
12612	52	0.0657197869284047
12612	53	0.0492147177309334
12612	54	-0.0418243060283743
12612	55	0.260285138611373
12612	56	-0.0763265909308615
12612	57	0.020737943597517
12612	58	0.00358794255539152
12612	59	0.0423110596918548
12612	60	0.0470333726226713
12612	61	0.0641346494290076
12612	62	-0.117668010250448
12612	63	-0.0321388679753412
12612	64	-0.146794614742433
12612	65	-0.0792926299910803
12612	66	0.0636895213332949
12612	67	0.128576933430473
12612	68	-0.153363800908082
12612	69	-0.00308217734804117
12612	70	0.0885540315779352
12612	71	-0.0378474588440127
12612	72	-0.177785220690986
12612	73	0.0619212191646952
12612	74	0.0132743560340316
13101	1	-0.00801266912174725
13101	2	0.306455106584902
13101	3	0.166409964296207
13101	4	0.289328625005954
13101	5	0.255447820414549
13101	6	0.298497619791043
13101	7	0.239158612540905
13101	8	0.227915240584601
13101	9	0.342791327224738
13101	10	0.188574146066337
13101	11	0.267810680851987
13101	12	0.278559991057691
13101	13	0.306506762519724
13101	14	0.309273772523959
13101	15	0.314716593584926
13101	16	0.341901282227319
13101	17	0.280883371493545
13101	18	0.241559825871349
13101	19	0.296273779676028
13101	20	0.326013046823668
13101	21	0.126340064317112
13101	22	0.279332553778609
13101	23	0.22704959060917
13101	24	0.280133844294625
13101	25	0.258842774554317
13101	26	0.15209407573866
13101	27	0.255391677724511
13101	28	0.257477571137159
13101	29	0.352998140199951
13101	30	0.231724764220459
13101	31	0.279482924406473
13101	32	0.25047926021967
13101	33	0.412520488485569
13101	34	0.413648317326995
13101	35	0.250600070333356
13101	36	0.0549940487907961
13101	37	0.0362637491761859
13101	38	-0.0396273918278851
13101	39	-0.0137002671387023
13101	40	-0.037578329588051
13101	41	0.0370986680771566
13101	42	-0.110708126411183
13101	43	-0.0114469202471028
13101	44	0.00191964841724257
13101	45	-0.251043570935906
13101	46	-0.135457380542036
13101	47	0.0521375265038984
13101	48	0.118896455232679
13101	49	0.0266286962114179
13101	50	0.0489720066930133
13101	51	0.0970359055131169
13101	52	-0.0236346033373778
13101	53	0.0218126293486876
13101	54	0.0184645296495631
13101	55	0.167283043430288
13101	56	0.157721598234055
13101	57	0.0233990747280188
13101	58	0.104073832661911
13101	59	0.0241434836559833
13101	60	0.131141044908276
13101	61	0.0215783201936119
13101	62	-0.103292457478915
13101	63	0.00990324492590133
13101	64	0.0545094075446784
13101	65	-0.00704739077205119
13101	66	-0.0190000092845679
13101	67	-0.017905330538774
13101	68	0.104825658634795
13101	69	0.0164854662855021
13101	70	0.0930674486528673
13101	71	0.014625987865216
13101	72	0.00312136593996115
13101	73	-0.104657783570417
13101	74	0.443127430739423
13102	1	0.18191708082141
13102	2	0.183319636246257
13102	3	0.108140260410149
13102	4	0.0382925763179216
13102	5	0.0887396913445251
13102	6	0.164461549860413
13102	7	0.087635478958795
13102	8	-0.00945127525962874
13102	9	0.0509962411882867
13102	10	0.0257941666637933
13102	11	0.0642562435487264
13102	12	0.130473280348042
13102	13	0.334423626860563
13102	14	0.0904518869838
13102	15	0.196818131627666
13102	16	0.0746897035954888
13102	17	0.221689535938005
13102	18	0.13207170166352
13102	19	0.0710504767038742
13102	20	0.105429599213032
13102	21	0.292266308444908
13102	22	0.260537418176092
13102	23	0.127116072071857
13102	24	0.193450671342902
13102	25	0.189534000810795
13102	26	0.0769878037437195
13102	27	0.0597629322415116
13102	28	0.167432875138395
13102	29	0.261979746470764
13102	30	0.239224187916655
13102	31	0.10735871972539
13102	32	0.139407382350441
13102	33	0.0527091227517644
13102	34	0.121744185956473
13102	35	0.14789856265967
13102	36	0.0301300239267732
13102	37	0.00753978496835117
13102	38	-0.0487634170929425
13102	39	0.0664812001395347
13102	40	-0.0151455652197967
13102	41	-0.0981997252857525
13102	42	-0.067258744252122
13102	43	0.0137307133642608
13102	44	0.0520656418201355
13102	45	0.0127959060788569
13102	46	0.0657045874291029
13102	47	0.0869915829280998
13102	48	0.0401845854209242
13102	49	0.060949602666021
13102	50	0.0539447512693272
13102	51	0.185080391147963
13102	52	0.177866188913512
13102	53	0.211017860824406
13102	54	0.137632904117702
13102	55	0.0665764724327076
13102	56	0.0816268478521138
13102	57	-0.0662370790401141
13102	58	-0.0283650381609348
13102	59	-0.0413627887627683
13102	60	0.0508654551248924
13102	61	-0.0416154117343766
13102	62	0.0474371558946913
13102	63	0.0362889185324065
13102	64	0.0326053509863655
13102	65	0.0311367440018415
13102	66	0.0271386489984948
13102	67	0.0397895530741437
13102	68	0.00672499987839359
13102	69	0.00483339249282722
13102	70	0.0791962818737844
13102	71	0.0457238715393089
13102	72	-0.177152462035863
13102	73	0.104588079392038
13102	74	0.454067571768022
13103	1	-0.0518888575192804
13103	2	-0.056204744764198
13103	3	0.0662961409828462
13103	4	0.0702119408550885
13103	5	0.0726175391888226
13103	6	0.0381191631413031
13103	7	0.181192271385441
13103	8	0.234263999910482
13103	9	0.137901383807836
13103	10	0.129837561375929
13103	11	0.104860286694759
13103	12	0.180373419392424
13103	13	0.0306337846436904
13103	14	0.276214319204428
13103	15	0.263640669914608
13103	16	0.225424125510223
13103	17	0.244127124705827
13103	18	0.254218386440606
13103	19	0.276308466450693
13103	20	0.220029226162275
13103	21	0.195135344287259
13103	22	0.16154584223974
13103	23	0.18195115104465
13103	24	0.235606633482114
13103	25	0.214556352854196
13103	26	0.133280138132612
13103	27	0.118637543121984
13103	28	0.170834795631933
13103	29	0.176753183042109
13103	30	0.201825609329227
13103	31	0.234287324322921
13103	32	0.115650969141775
13103	33	0.122703802691895
13103	34	0.133148245747385
13103	35	0.200193474683054
13103	36	0.0969063848207838
13103	37	-0.0369571475741211
13103	38	0.118126618867301
13103	39	0.103352614620057
13103	40	0.0716588384726506
13103	41	0.0112976716879203
13103	42	-0.026563512854807
13103	43	0.130119384781395
13103	44	0.0383892486371025
13103	45	0.194005904176898
13103	46	-0.0470239237813814
13103	47	0.0561909477631417
13103	48	0.255178636278352
13103	49	-0.129918352907815
13103	50	0.0645514753485372
13103	51	0.0664912004525107
13103	52	0.119613246410097
13103	53	0.0905886379283842
13103	54	0.118593217624444
13103	55	0.222967162469871
13103	56	0.0286892368627392
13103	57	0.0853612530758454
13103	58	0.09450400842438
13103	59	-0.0748171542230196
13103	60	0.24225507847521
13103	61	0.123175162529989
13103	62	0.0869735834757037
13103	63	0.22684902300729
13103	64	0.0236935962409248
13103	65	0.000695115552332481
13103	66	0.0600651220431772
13103	67	0.147668576637351
13103	68	0.124347458589966
13103	69	0.0371501903148257
13103	70	0.155590856016268
13103	71	0.0337082335833685
13103	72	0.081442360379377
13103	73	0.222624451600659
13103	74	0.216544897982175
13104	1	-0.374029075523296
13104	2	-0.0700686653693374
13104	3	-0.0634239551991023
13104	4	-0.0330077115928624
13104	5	-0.089628994023208
13104	6	-0.0219861536046366
13104	7	0.0188941994351026
13104	8	-0.256130649496036
13104	9	-0.0327672901230471
13104	10	-0.141547985707781
13104	11	-0.153454616288819
13104	12	-0.0902686127267103
13104	13	-0.0392617920562088
13104	14	-0.040805468601377
13104	15	-0.064697121761931
13104	16	0.010411618076283
13104	17	-0.0770177009260138
13104	18	0.0654531528255191
13104	19	-0.142319216895942
13104	20	0.0192653218911971
13104	21	0.0109591587064415
13104	22	-0.139389820127562
13104	23	-0.0131328288251922
13104	24	-0.112355461795403
13104	25	-0.162000209941723
13104	26	-0.137966625953581
13104	27	-0.022025406616109
13104	28	-0.0884294541425632
13104	29	-0.127152015407077
13104	30	-0.0815993223981053
13104	31	-0.0917200762521446
13104	32	0.0546830651737906
13104	33	-0.0920409941170348
13104	34	-0.189504613061196
13104	35	-0.132035734080986
13104	36	0.133286562024537
13104	37	0.00889832983671113
13104	38	-0.0971319059598841
13104	39	-0.150939958492707
13104	40	0.0759976408991534
13104	41	-0.184438993468611
13104	42	-0.191995257961793
13104	43	0.0257073324449806
13104	44	-0.0590664800210874
13104	45	-0.170935385011511
13104	46	-0.0362688518412497
13104	47	-0.0509479178557584
13104	48	0.0176699496498713
13104	49	-0.0733694440617825
13104	50	-0.0148780879796888
13104	51	-0.126509086794236
13104	52	-0.0935273655134736
13104	53	-0.0642476008835118
13104	54	-0.0560538265078989
13104	55	-0.0655926214685749
13104	56	-0.000974157012223031
13104	57	0.00875753499726528
13104	58	0.0178678632982994
13104	59	0.0356163130300757
13104	60	0.152945159305311
13104	61	0.0891440716664889
13104	62	0.118587886403766
13104	63	0.0334595693433926
13104	64	0.023064482401324
13104	65	0.0307403721881983
13104	66	-0.00619510125461886
13104	67	-0.0228560307684447
13104	68	-0.000819170450789386
13104	69	0.0157384258068873
13104	70	0.101428050548471
13104	71	-0.0425621522305875
13104	72	-0.0217795907990563
13104	73	0.0589414589884214
13104	74	0.134192275910884
13105	1	-0.467268120957272
13105	2	0.292495735990766
13105	3	0.193436751942151
13105	4	0.0330327513982276
13105	5	0.0701339088142134
13105	6	0.291031519978787
13105	7	0.0597053424559775
13105	8	0.182778732343863
13105	9	0.189754721265508
13105	10	0.168357161633054
13105	11	0.223385063795241
13105	12	0.274604206863117
13105	13	0.23554193391913
13105	14	0.099016814981411
13105	15	0.266839175850691
13105	16	0.18974704671848
13105	17	0.207427374583368
13105	18	0.22526508481085
13105	19	0.18470205095884
13105	20	0.0742925188243433
13105	21	0.331025034689382
13105	22	0.0416136490969805
13105	23	0.164204399651538
13105	24	0.169744611043619
13105	25	0.361031494674307
13105	26	0.196318302666278
13105	27	0.0299877721789485
13105	28	0.151652938815708
13105	29	0.194610538978544
13105	30	0.14085236889759
13105	31	0.0830061626784371
13105	32	0.258608335756215
13105	33	0.194257293221355
13105	34	0.263096345751023
13105	35	0.149015085005651
13105	36	0.0730868127820727
13105	37	0.0885445473554967
13105	38	0.0939614535122004
13105	39	-0.0162005435802257
13105	40	0.000478700075241534
13105	41	0.1868705334156
13105	42	0.151794812169584
13105	43	0.0967875215013763
13105	44	0.104623259256954
13105	45	0.0809984591677448
13105	46	0.186247798100439
13105	47	0.222116231492585
13105	48	0.12939211924801
13105	49	0.172458704251454
13105	50	0.0115849014601963
13105	51	0.0709042570183911
13105	52	0.0734166471510349
13105	53	-0.0592688491031481
13105	54	0.0214580683364716
13105	55	0.105891506279598
13105	56	0.0420064486908345
13105	57	-0.0411671080458689
13105	58	0.0789425133668971
13105	59	0.0522713023280588
13105	60	0.032848025111555
13105	61	-0.0651260500659276
13105	62	0.06943874387823
13105	63	0.0735246348754544
13105	64	0.132202159743549
13105	65	0.0338926043737047
13105	66	-0.00606244787881849
13105	67	0.157560567558598
13105	68	0.140463733310852
13105	69	-0.0184910482850498
13105	70	0.0139335748812002
13105	71	0.0834796417633896
13105	72	-0.00670148999273579
13105	73	-0.0544253194507505
13105	74	0.19393261613336
13106	1	0.486944400038194
13106	2	-0.076062230015971
13106	3	-0.0376140805258984
13106	4	-0.0585448111482947
13106	5	-0.187699671660784
13106	6	-0.112697251594021
13106	7	-0.13930360210442
13106	8	-0.120682292778923
13106	9	-0.149537504363835
13106	10	-0.0582488829774661
13106	11	-0.0695981965531658
13106	12	-0.0338309060059601
13106	13	-0.0736389448402264
13106	14	-0.224788541568188
13106	15	-0.120152838058694
13106	16	-0.0178018867523733
13106	17	-0.0816655749916322
13106	18	-0.0904340830104999
13106	19	-0.133488791024455
13106	20	-0.0258484734697007
13106	21	-0.0293324004547344
13106	22	-0.123035079830863
13106	23	-0.144797634202817
13106	24	-0.102860748284158
13106	25	-0.200178029366732
13106	26	-0.0587527317518166
13106	27	-0.0659978253077327
13106	28	-0.0754699617824102
13106	29	-0.071285531874139
13106	30	-0.20622973885618
13106	31	-0.106436026429506
13106	32	-0.0864914296039032
13106	33	-0.12669840996324
13106	34	-0.0413107052527621
13106	35	-0.108153470240062
13106	36	0.0109670482420583
13106	37	-0.0797248450732724
13106	38	0.0191448191182388
13106	39	-0.0294046306691556
13106	40	-0.00942369273776222
13106	41	-0.264387220365258
13106	42	0.0459584215597104
13106	43	-0.101517828953007
13106	44	-0.0098942574469163
13106	45	-0.0566125356998555
13106	46	-0.000233971510304798
13106	47	0.115500651364584
13106	48	-0.124712392977401
13106	49	-0.00704436415147569
13106	50	-0.164377634757038
13106	51	-0.103074136171649
13106	52	-0.160532098441131
13106	53	-0.00523475436559551
13106	54	-0.0595090722425553
13106	55	0.125829997832184
13106	56	0.14013340846558
13106	57	0.032494882498824
13106	58	-0.141185287951025
13106	59	0.035424703548685
13106	60	0.0712522292817113
13106	61	0.0970458149018114
13106	62	0.0962028590820267
13106	63	-0.108494205793569
13106	64	0.0999926131800564
13106	65	-0.116976562257108
13106	66	-0.129409672988885
13106	67	0.0361646387287919
13106	68	0.0669369303030933
13106	69	0.0321043050078984
13106	70	-0.0965965423785136
13106	71	-0.0249521668786628
13106	72	0.07686781632313
13106	73	-0.0415735466172649
13106	74	0.13836325383901
13107	1	0.0189797472790474
13107	2	-0.119195519654834
13107	3	-0.0264646329892564
13107	4	-0.165949721908568
13107	5	-0.0768526894657136
13107	6	-0.08193396807917
13107	7	-0.0726958550523804
13107	8	-0.150657151479386
13107	9	-0.0954256963297127
13107	10	-0.0848858125014544
13107	11	-0.0312523378493026
13107	12	-0.100930781827635
13107	13	-0.10788901304209
13107	14	-0.0728229130413567
13107	15	-0.0961406896378634
13107	16	-0.111893002172557
13107	17	-0.11845411074016
13107	18	-0.0363794400203474
13107	19	-0.15660865536784
13107	20	-0.0774685081762385
13107	21	-0.0819282028425405
13107	22	-0.0293169521728345
13107	23	-0.117236442136189
13107	24	-0.135031650257993
13107	25	-0.0710733245138186
13107	26	-0.0217929838666393
13107	27	-0.0939857742372752
13107	28	0.0922253926804828
13107	29	-0.185908236924021
13107	30	-0.183185151253859
13107	31	-0.128648607946289
13107	32	-0.139561249064243
13107	33	-0.169072706295509
13107	34	-0.0399209154956068
13107	35	-0.128508753818295
13107	36	-0.0824302228439961
13107	37	-0.165092789022452
13107	38	0.0554512137770402
13107	39	-0.199235200042061
13107	40	-0.027921612036593
13107	41	0.01222646425758
13107	42	0.0150456519741695
13107	43	-0.143594672059592
13107	44	-0.018230756744515
13107	45	-0.00324792558467379
13107	46	-0.0494026595966517
13107	47	0.118018903089549
13107	48	-0.0414108423544661
13107	49	-0.0866212475364065
13107	50	-0.179948915901079
13107	51	0.116362691190872
13107	52	0.00110729415801103
13107	53	0.0155362908946159
13107	54	0.0284327310300867
13107	55	0.153476911111156
13107	56	-0.0685884302573925
13107	57	-0.134975610468572
13107	58	0.12022672667144
13107	59	0.0608348357793247
13107	60	-0.0237783452218707
13107	61	0.0992277884840576
13107	62	-0.00938699368649765
13107	63	-0.0735016406525943
13107	64	0.112836441322813
13107	65	0.0206477030937862
13107	66	0.048633148102418
13107	67	-0.122840104665563
13107	68	0.0758173786530776
13107	69	0.0851879878209019
13107	70	-0.0693111029557159
13107	71	0.127193758111098
13107	72	0.0772900702550814
13107	73	0.0215116835925429
13107	74	-0.114170602301222
13108	1	-0.285459952718888
13108	2	-0.0118838990513872
13108	3	-0.108576080037793
13108	4	-0.0357386323005109
13108	5	-0.0377810705151695
13108	6	-0.125017047163738
13108	7	-0.159647142595681
13108	8	-0.0654944437472409
13108	9	-0.0165416819769959
13108	10	-0.00570096963063804
13108	11	-0.0393551484747192
13108	12	-0.088637170990097
13108	13	-0.136149675994311
13108	14	-0.100564701896651
13108	15	-0.0619812257297099
13108	16	-0.0981138439138931
13108	17	-0.1496959237003
13108	18	-0.0305054326235989
13108	19	-0.00765721630834548
13108	20	-0.203074882875789
13108	21	-0.100438247677559
13108	22	-0.0631067165651515
13108	23	-0.0861472473070251
13108	24	-0.0742766863808342
13108	25	-0.0472512596235646
13108	26	-0.0223859631571344
13108	27	-0.0755682920232061
13108	28	-0.199038734482926
13108	29	-0.0749052685840184
13108	30	-0.124980618164791
13108	31	-0.207853974374437
13108	32	-0.0364463515787179
13108	33	-0.0133603391304433
13108	34	-0.0833844379716595
13108	35	-0.0952166512556047
13108	36	0.105087484467759
13108	37	-0.0609955895019141
13108	38	0.0260407310484752
13108	39	-0.138223976330607
13108	40	-0.0128458792263046
13108	41	0.0750792483918303
13108	42	0.0594719350732262
13108	43	-0.0283118999118344
13108	44	-0.09407798350707
13108	45	-0.0448410388024953
13108	46	0.162965216615625
13108	47	0.111905794230445
13108	48	0.0574558896930455
13108	49	0.141715899679454
13108	50	0.12209968385919
13108	51	0.201532136543385
13108	52	0.135443133757015
13108	53	0.00674801585920193
13108	54	0.137291753350837
13108	55	0.245694984295817
13108	56	0.115574189448175
13108	57	0.167897437874934
13108	58	0.0414646736408315
13108	59	0.018151767266275
13108	60	0.104434804195975
13108	61	0.0324028785190436
13108	62	0.0981005869375906
13108	63	0.106323909670643
13108	64	-0.00425275996072827
13108	65	0.165983522375164
13108	66	0.089941134737586
13108	67	0.0310849236319228
13108	68	0.120032444553132
13108	69	0.0416695539291823
13108	70	-0.171656898260061
13108	71	-0.0578301713536504
13108	72	-0.0637540078638636
13108	73	0.103647079996733
13108	74	0.162795689833608
13109	1	0.270008456257553
13109	2	0.00136586310653897
13109	3	0.0160251847224089
13109	4	-0.00256288099937407
13109	5	-0.0150369326227313
13109	6	-0.0144956133957592
13109	7	0.0949594386343833
13109	8	0.0279570644513143
13109	9	0.0313363470117523
13109	10	0.115553857164372
13109	11	0.000171825614479815
13109	12	0.0725605737074204
13109	13	-0.0258807745448735
13109	14	0.0471411014499239
13109	15	0.0643922422875249
13109	16	0.0757517893056487
13109	17	0.118792380065997
13109	18	0.112716068299783
13109	19	0.0420391852809985
13109	20	0.0301443795339722
13109	21	0.20025163424085
13109	22	-0.0366991112150998
13109	23	0.106027328774452
13109	24	0.0957742398041788
13109	25	0.0457546444561316
13109	26	0.0470345416276885
13109	27	0.149471581500769
13109	28	-0.0179151405492988
13109	29	0.119079705393261
13109	30	0.0311100975999423
13109	31	-0.0600811555261487
13109	32	0.0688292654115941
13109	33	0.0807380995062985
13109	34	0.0412712506510928
13109	35	0.0466348793280886
13109	36	0.0404683606249421
13109	37	-0.0247129310473539
13109	38	0.0910306530561016
13109	39	0.147906141329628
13109	40	0.0516402156974394
13109	41	0.138968671620802
13109	42	0.00817949456848766
13109	43	0.043122453580672
13109	44	0.147241262977673
13109	45	-0.216684808015167
13109	46	0.0289690688111293
13109	47	-0.0133488999797677
13109	48	0.0282658236157474
13109	49	0.0325170531067087
13109	50	-0.0599595629984577
13109	51	0.0386812397510852
13109	52	-0.0233899023925517
13109	53	0.0686044866981703
13109	54	0.110117804012326
13109	55	0.216856834901378
13109	56	-0.0385471701232731
13109	57	0.00823257154672774
13109	58	0.151501068976998
13109	59	0.0982494026590999
13109	60	0.0256523211272608
13109	61	0.0875005773753159
13109	62	0.0725183036233474
13109	63	0.10338354982126
13109	64	0.170756792962464
13109	65	-0.000154832504648539
13109	66	-0.112029517922061
13109	67	0.069627440787464
13109	68	-0.114131769079641
13109	69	0.00414165632771102
13109	70	0.0707255933002315
13109	71	0.108258930793887
13109	72	0.108145664801889
13109	73	-0.0390665245758086
13109	74	-0.0015725158026143
13110	1	0.686448152734325
13110	2	0.025632651513444
13110	3	-0.0191649826851901
13110	4	-0.146327258240451
13110	5	-0.0344320801515074
13110	6	-0.181945040965488
13110	7	-0.117004309664729
13110	8	0.0387535691473246
13110	9	-0.0832962493794724
13110	10	-0.0437972223198884
13110	11	0.0607393471221727
13110	12	-0.100289045337242
13110	13	-0.113109906214916
13110	14	-0.0654163521107591
13110	15	-0.101962409622573
13110	16	-0.156633735721279
13110	17	0.0321668709066714
13110	18	0.00421305212636014
13110	19	-0.163504390779316
13110	20	-0.0411418045744938
13110	21	-0.109316959881049
13110	22	0.0190361059892723
13110	23	0.0158460148663693
13110	24	-0.0625759731673554
13110	25	-0.161465168323936
13110	26	0.0251994183878637
13110	27	-0.105456848094519
13110	28	-0.134886324015085
13110	29	-0.171482120621619
13110	30	-0.146693990744467
13110	31	-0.0474693510078765
13110	32	-0.0563086896183904
13110	33	-0.0932564354799794
13110	34	-0.0051905075497487
13110	35	-0.0235088820019556
13110	36	0.00602804059489159
13110	37	-0.123097086288837
13110	38	0.0522597697082006
13110	39	-0.00997958365971385
13110	40	-0.0468401319012131
13110	41	0.0750305666585973
13110	42	0.0317210768415919
13110	43	0.019236423435089
13110	44	-0.00903791252591901
13110	45	0.072789069055311
13110	46	0.108340678726492
13110	47	0.0947018268704767
13110	48	0.157035973589814
13110	49	0.0747242677440454
13110	50	-0.0382132014733401
13110	51	0.00468796224535595
13110	52	-0.115887402633078
13110	53	-0.0186259104499555
13110	54	-0.0519284605727748
13110	55	0.197650021174894
13110	56	-0.0400378456239565
13110	57	-0.00509525211139561
13110	58	0.173045641991671
13110	59	0.0928585371531696
13110	60	-0.0577320298425121
13110	61	0.0567291565666892
13110	62	0.0378186437948216
13110	63	0.0151949318069526
13110	64	0.00912988520456537
13110	65	0.147807249608348
13110	66	0.105404960180067
13110	67	0.00757154241853186
13110	68	0.0150757899782334
13110	69	0.0878997100568952
13110	70	0.129814722242244
13110	71	0.0063140871582803
13110	72	0.0359374439843805
13110	73	0.240015755948484
13110	74	0.0966919801347714
13111	1	0.192420598746423
13111	2	0.069452626343196
13111	3	-0.00281066982786982
13111	4	0.0688159315791133
13111	5	0.0116687663758412
13111	6	0.239298112122121
13111	7	0.0707578418279908
13111	8	0.0529881919070121
13111	9	0.137521484774815
13111	10	0.0809824586965746
13111	11	0.0796881680635622
13111	12	0.0878155674712318
13111	13	0.111179777448676
13111	14	0.101284957360825
13111	15	0.00267657929411058
13111	16	0.0580666344278384
13111	17	0.0489830437546956
13111	18	0.13570947056278
13111	19	0.249957485871676
13111	20	0.123104493603797
13111	21	0.0986832009038778
13111	22	0.0374555002479298
13111	23	0.15157837566246
13111	24	0.13298385059332
13111	25	0.160506250568666
13111	26	0.122432780519681
13111	27	-0.0169772732013982
13111	28	0.166887414041412
13111	29	0.128780159789933
13111	30	0.189986075547587
13111	31	0.0286266111484323
13111	32	0.0694534190336142
13111	33	0.00730805712589699
13111	34	0.101095733518157
13111	35	0.0868264682830784
13111	36	0.0626346973454872
13111	37	0.143380788828594
13111	38	0.0373946427413188
13111	39	0.0122339663426985
13111	40	0.145434674179675
13111	41	0.0468991401417753
13111	42	0.0376697012119251
13111	43	-0.00351806544873057
13111	44	-0.030456167877567
13111	45	0.118586595405759
13111	46	0.0721928749581693
13111	47	0.0333685980817435
13111	48	0.0114886414784792
13111	49	0.0732863225499116
13111	50	0.0315966388420961
13111	51	0.0694967964103839
13111	52	0.143056506812293
13111	53	0.00896798333325677
13111	54	0.00465610035769259
13111	55	-0.0389601444074898
13111	56	-0.0171901613227377
13111	57	0.0423974539275633
13111	58	-0.0671103070683401
13111	59	0.00912216511677144
13111	60	0.0555116822595139
13111	61	0.110380407543587
13111	62	-0.0816162575441481
13111	63	0.101656726033042
13111	64	0.0395817090433894
13111	65	0.0805579633489302
13111	66	0.10863640033358
13111	67	-0.103946708797899
13111	68	0.0780977023233049
13111	69	0.00551616293574142
13111	70	0.181116188716373
13111	71	-0.103736955019833
13111	72	0.0771435823567757
13111	73	0.0897527309163166
13111	74	0.136489767070216
13112	1	0.0509971384753811
13112	2	0.272373865423635
13112	3	0.146527463418956
13112	4	0.0827586434124079
13112	5	0.113958740377186
13112	6	0.16606434583565
13112	7	-0.0568835408518638
13112	8	0.0980659306324725
13112	9	0.221735459011285
13112	10	0.146049800053241
13112	11	0.128072720417038
13112	12	0.157619066103358
13112	13	-0.00294816779062756
13112	14	0.106815907206681
13112	15	0.169217631816274
13112	16	0.158301877842391
13112	17	0.15729804553974
13112	18	0.199842200791124
13112	19	0.0959711710712341
13112	20	0.0285434224155949
13112	21	0.224596358131286
13112	22	0.0724373703106664
13112	23	0.246271803182182
13112	24	0.0918027032144835
13112	25	0.190487119776648
13112	26	0.226845037894229
13112	27	0.0532269600803659
13112	28	0.171675675985462
13112	29	0.0662082131267852
13112	30	0.0954887605744688
13112	31	0.092885675560666
13112	32	0.169366739382674
13112	33	0.00138553676809039
13112	34	0.0425078302584652
13112	35	0.0170987701612972
13112	36	-0.0805653210797459
13112	37	-0.107810891370789
13112	38	0.0864064332404766
13112	39	0.0223914622318944
13112	40	0.0485784479909341
13112	41	0.164068471801507
13112	42	0.0203124394404242
13112	43	-0.0787673140247023
13112	44	-0.00366319227075707
13112	45	0.038115508995098
13112	46	0.0776549547214671
13112	47	-0.0854600766778475
13112	48	-0.0801935345977043
13112	49	-0.082695385332606
13112	50	0.0679485022356445
13112	51	0.0439057315555331
13112	52	-0.00666734302930649
13112	53	-0.0109625770931956
13112	54	-0.11648115475586
13112	55	-0.0597720532673804
13112	56	-0.031907088500212
13112	57	-0.0580352619852675
13112	58	-0.0112618979198018
13112	59	-0.0820430384809256
13112	60	0.0390226071444317
13112	61	0.0407196284104572
13112	62	-0.127316953532109
13112	63	0.0642758440239959
13112	64	0.140329648240552
13112	65	0.104400257193497
13112	66	0.095487494715897
13112	67	0.0879036835746945
13112	68	0.181480262983172
13112	69	0.0570268547333939
13112	70	-0.0354826536639976
13112	71	0.0346424274130186
13112	72	-0.0296921042379097
13112	73	-0.00132074428734796
13112	74	-0.0484402652225739
13201	1	0.462569844694631
13201	2	0.101910945956149
13201	3	0.0984686992597261
13201	4	0.074560240148859
13201	5	0.0284948183999667
13201	6	0.0228436010198365
13201	7	-0.0163431431014018
13201	8	0.0352382479014324
13201	9	-0.000952803771760102
13201	10	0.0800889645928038
13201	11	0.112234501615276
13201	12	0.0516820299760923
13201	13	0.0357312275101123
13201	14	-0.0580546124977559
13201	15	0.04104862159015
13201	16	0.00687698995454866
13201	17	0.0597854828600504
13201	18	0.0462511874527252
13201	19	0.0415065197469886
13201	20	-0.00901892788465375
13201	21	-0.00199406126738921
13201	22	-0.0195788039478302
13201	23	0.0677957197248418
13201	24	0.106049168764343
13201	25	0.119880822502317
13201	26	-0.027236194223498
13201	27	0.111915197295168
13201	28	-0.0320683489065203
13201	29	0.0157637758426077
13201	30	0.021338522913787
13201	31	0.0894330503092391
13201	32	0.0728779498156626
13201	33	-0.0453714649177144
13201	34	0.0646255299884686
13201	35	0.0539874756662044
13201	36	0.135732030615735
13201	37	0.0544506347543745
13201	38	0.102566284061446
13201	39	0.0492283501377386
13201	40	0.00944626417567918
13201	41	0.0849762735634556
13201	42	0.0873704857978623
13201	43	0.0281335615679552
13201	44	0.10199371748454
13201	45	-0.000600001426448671
13201	46	0.00526117390013781
13201	47	-0.0250125886833601
13201	48	0.25034299877008
13201	49	0.061033214706157
13201	50	-0.0640749919607941
13201	51	0.11104777346177
13201	52	0.0867398538180311
13201	53	0.129624565223061
13201	54	0.192683040557618
13201	55	0.0824603972056224
13201	56	0.186895451615207
13201	57	-0.0123627687188943
13201	58	-0.00543170514751523
13201	59	0.107086420902426
13201	60	0.015792515965984
13201	61	0.0562344524552358
13201	62	0.0634298135049818
13201	63	0.063726717443032
13201	64	0.0368051838063579
13201	65	0.0211531600580841
13201	66	0.122977539952508
13201	67	0.0755326203091613
13201	68	0.0680132251666237
13201	69	0.14040292577203
13201	70	0.0613754831055573
13201	71	-0.00360885623889828
13201	72	0.0504411215987588
13201	73	0.0510481495577082
13201	74	0.0167909947455342
13202	1	0.392585421286601
13202	2	0.183648880714447
13202	3	0.042103140335346
13202	4	0.101351316627674
13202	5	0.0187759249335322
13202	6	-0.0497629040931784
13202	7	0.104462922373223
13202	8	0.00569063077591636
13202	9	0.0467852818558185
13202	10	0.11587357089676
13202	11	-0.0735857707170169
13202	12	-0.131983590751766
13202	13	0.0143363747995622
13202	14	0.0572979253485926
13202	15	0.119673223076873
13202	16	0.143579516750385
13202	17	0.026882612241053
13202	18	0.0455394549836683
13202	19	0.0786089824895555
13202	20	0.112237627981315
13202	21	-0.0291433861273376
13202	22	0.084920938647997
13202	23	-0.0327838036076216
13202	24	-0.0734887212625353
13202	25	0.0804220197427341
13202	26	0.0187077379859062
13202	27	-0.0367328683356192
13202	28	0.193596501593923
13202	29	0.040098726829946
13202	30	-0.0459367380966924
13202	31	-0.0194691638960265
13202	32	-0.0630196761105637
13202	33	0.130819906153228
13202	34	-0.0619717985664536
13202	35	-0.0238919109575164
13202	36	0.0781307208515898
13202	37	0.0195982704495563
13202	38	0.0450872517769056
13202	39	-0.00731882927368588
13202	40	-0.0366059786723198
13202	41	-0.04161907825101
13202	42	0.0128833946888278
13202	43	-0.0218606938524673
13202	44	-0.148245913549324
13202	45	-0.0215430972624517
13202	46	0.030221372170196
13202	47	-0.175471334395446
13202	48	0.0570223630154558
13202	49	-0.188592694855124
13202	50	0.0362106746127964
13202	51	-0.149448796349283
13202	52	-0.0104850603588034
13202	53	-0.0108248045148542
13202	54	-0.0409968090070763
13202	55	-0.0259745276482946
13202	56	-0.0176868444339746
13202	57	-0.160779672430159
13202	58	0.0586603092326428
13202	59	-0.0591141764209269
13202	60	-0.00154929866460662
13202	61	-0.112336213364173
13202	62	0.0127518326095455
13202	63	-0.0066168947027947
13202	64	0.0168743791948955
13202	65	-0.0504441083206046
13202	66	0.20666736387107
13202	67	-0.0562306824492111
13202	68	-0.0865518406069512
13202	69	-0.111488745340637
13202	70	0.0690250918231357
13202	71	-0.168396785527904
13202	72	-0.0330431249119627
13202	73	-0.0759528115664736
13202	74	-0.0794019105811046
13203	1	0.0646070607566855
13203	2	-0.102645201285284
13203	3	-0.173042280050979
13203	4	0.0177802518956227
13203	5	-0.133820438763067
13203	6	-0.0028037631563933
13203	7	-0.223090406717617
13203	8	-0.15655073020816
13203	9	-0.166033163873642
13203	10	-0.0431897862580257
13203	11	-0.200029655937826
13203	12	-0.0753888393861786
13203	13	-0.066647644073548
13203	14	-0.162584545659129
13203	15	-0.236886327568676
13203	16	-0.0912121847143723
13203	17	-0.0785501702585307
13203	18	-0.122643235372855
13203	19	-0.0940785717782191
13203	20	-0.202321527864008
13203	21	-0.0646640876017628
13203	22	-0.169444157698443
13203	23	-0.233545243496522
13203	24	-0.00753195879008928
13203	25	-0.19284006549271
13203	26	-0.0182825590391502
13203	27	-0.0528572828648137
13203	28	-0.11243400293592
13203	29	-0.043701073561266
13203	30	-0.10657971030745
13203	31	-0.111342214914984
13203	32	0.00968113019298755
13203	33	-0.17325122967047
13203	34	-0.185679276441768
13203	35	-0.0989907835681763
13203	36	-0.105147487060158
13203	37	0.036681794997186
13203	38	0.0213398286172009
13203	39	-0.100120216214727
13203	40	-0.154880752225317
13203	41	-0.0910592756313022
13203	42	-0.0848880642687604
13203	43	-0.111019903697148
13203	44	0.143638587444563
13203	45	-0.0695598461351992
13203	46	-0.0596971244762159
13203	47	-0.0110955971223916
13203	48	-0.026337403934356
13203	49	0.0221822359925596
13203	50	-0.00369533230178831
13203	51	-0.00871979920778188
13203	52	-0.0906707120084818
13203	53	-0.168303704778019
13203	54	-0.144293504758458
13203	55	-0.0429899196636825
13203	56	0.114368748212748
13203	57	0.0612232736098406
13203	58	-0.160572607820228
13203	59	-0.200033854801696
13203	60	-0.0907848884644338
13203	61	-0.199521203087578
13203	62	-0.131669935002265
13203	63	-0.0712912152465179
13203	64	-0.122041210676286
13203	65	-0.0859994073444241
13203	66	-0.15159498940212
13203	67	-0.0837212464453785
13203	68	0.0366157790649524
13203	69	0.0253936217733042
13203	70	0.0188534665104996
13203	71	-0.155523726318165
13203	72	-0.107128552766781
13203	73	0.0974012202937828
13203	74	-0.114564774476641
13204	1	0.847187313337134
13204	2	-0.340743658958861
13204	3	-0.0934074436197712
13204	4	-0.142003239258674
13204	5	-0.0593327648558457
13204	6	-0.0197441845322928
13204	7	-0.166676961396284
13204	8	-0.0369540095599774
13204	9	-0.0624666231503355
13204	10	-0.0572688828463583
13204	11	-0.00621174437214478
13204	12	-0.0098902784999666
13204	13	-0.0781215987286572
13204	14	0.00674004013017537
13204	15	0.103289376894551
13204	16	-0.0741628195988753
13204	17	-0.0600684260600133
13204	18	0.107802353765834
13204	19	0.0251707173803837
13204	20	-0.098543834365401
13204	21	0.0827361318175264
13204	22	0.0544995370076578
13204	23	0.0137586300410533
13204	24	0.0207301601115049
13204	25	0.0235034498325746
13204	26	-0.0775480854368169
13204	27	-0.0498447573719787
13204	28	-0.101934335445421
13204	29	-0.00329733994706771
13204	30	0.0200891097037612
13204	31	-0.0740594223211488
13204	32	-0.0375859269632528
13204	33	0.00607412730845169
13204	34	0.0740408820852423
13204	35	-0.0361529589356451
13204	36	0.141039554647627
13204	37	0.143797724634695
13204	38	-0.0449711047187691
13204	39	0.0960510926126545
13204	40	0.0848396088676253
13204	41	0.164097979038729
13204	42	0.192604389165481
13204	43	0.0937243148125191
13204	44	0.0178021775505854
13204	45	0.101159645066097
13204	46	0.124074135840218
13204	47	0.118226318178998
13204	48	-0.0557743372987218
13204	49	0.25611922433292
13204	50	0.0229843161984249
13204	51	0.0867468790488246
13204	52	0.190123514330679
13204	53	0.155756392547218
13204	54	0.0718720267086539
13204	55	0.0372272226900847
13204	56	0.0684095450261992
13204	57	0.136716764651887
13204	58	0.115022697475723
13204	59	0.030518395752523
13204	60	0.135190002846436
13204	61	0.0119921187953054
13204	62	-0.0172147689350908
13204	63	0.075918008853165
13204	64	-0.0356944313487944
13204	65	0.105433265670463
13204	66	0.0268305060365321
13204	67	0.210372588002343
13204	68	0.19776714995669
13204	69	0.200006455602519
13204	70	0.0718307296640361
13204	71	-0.0524268696632646
13204	72	-0.0974544503109129
13204	73	0.0369783631128939
13204	74	0.0637653022292497
13205	1	0.0744100659320814
13205	2	0.0678348808840958
13205	3	-0.0250766030096266
13205	4	-0.0849384684698542
13205	5	0.0036989566996759
13205	6	-0.173060184723944
13205	7	-0.0504542793841267
13205	8	0.00556568278148006
13205	9	-0.0644697318844152
13205	10	-0.0647845334213528
13205	11	-0.0626537636994655
13205	12	-0.0684696169073646
13205	13	-0.0271205080441916
13205	14	-0.136374428157289
13205	15	-0.0604856278324348
13205	16	-0.0455883807707167
13205	17	-0.00632568333635675
13205	18	-0.104168977255611
13205	19	-0.139232190836736
13205	20	-0.14523602589928
13205	21	-0.114337721997778
13205	22	-0.179279172027918
13205	23	-0.0701120169455507
13205	24	-0.162088159265842
13205	25	-0.130676674362228
13205	26	-0.0204876938723331
13205	27	-0.137304693909293
13205	28	-0.110876582750009
13205	29	-0.0387100663851641
13205	30	-0.16945698626926
13205	31	-0.0848323142011935
13205	32	-0.0451985644773387
13205	33	-0.0916011228096636
13205	34	-0.0460646263092173
13205	35	-0.0446729974934286
13205	36	0.0330915150801445
13205	37	-0.0791260270991998
13205	38	0.0947570429255578
13205	39	-0.105921657884082
13205	40	-0.0454243171388313
13205	41	0.032113821025888
13205	42	0.0694029474268234
13205	43	-0.0803160881459348
13205	44	-0.0922492901629255
13205	45	-0.115643254993465
13205	46	-0.0139304858091478
13205	47	0.041262179362981
13205	48	-0.0496626248039362
13205	49	0.182389138739701
13205	50	-0.0466844909806809
13205	51	-0.0153179516579343
13205	52	0.0340116170495008
13205	53	-0.0114222792831384
13205	54	0.00556676941486245
13205	55	0.0339536462695165
13205	56	-0.0395068562613901
13205	57	-0.166891155595678
13205	58	-0.0904569867841687
13205	59	-0.00884475999670542
13205	60	-0.0888527907874916
13205	61	-0.0848512625822195
13205	62	0.0304869939631729
13205	63	-0.0495485607379038
13205	64	-0.074382330020434
13205	65	-0.000172981911696013
13205	66	-0.0529126469036569
13205	67	0.026027011072344
13205	68	0.0349457764862677
13205	69	0.0671898672691711
13205	70	0.0498503184792156
13205	71	0.0401847294719104
13205	72	-0.0998913968472337
13205	73	-0.195075553027507
13205	74	0.0496874880813962
13206	1	0.912895449346681
13206	2	-0.2546866553242
13206	3	0.0111875744787966
13206	4	0.201481525808724
13206	5	0.205882611826024
13206	6	0.209905453122694
13206	7	0.177821472884617
13206	8	0.135855540703716
13206	9	0.180724304896337
13206	10	0.249439544633567
13206	11	0.161007553458269
13206	12	0.244034482282565
13206	13	0.198592782718883
13206	14	0.232467034522486
13206	15	0.304675729603609
13206	16	0.269613540409395
13206	17	0.255192041338901
13206	18	0.194968813247719
13206	19	0.305363062919767
13206	20	0.305607376482278
13206	21	0.266426246487455
13206	22	0.21721997705319
13206	23	0.223685314029865
13206	24	0.291550113625718
13206	25	0.332886554017044
13206	26	0.36448082244609
13206	27	0.197148862665237
13206	28	0.21401395222837
13206	29	0.295787891472941
13206	30	0.413561045091996
13206	31	0.193918944099465
13206	32	0.257848949336214
13206	33	0.192642574269563
13206	34	0.303375632080879
13206	35	0.324174808226857
13206	36	0.157597084229657
13206	37	0.118728032138158
13206	38	0.149446065820051
13206	39	0.222148333445055
13206	40	0.149816414152234
13206	41	0.186011709453759
13206	42	0.138445334971216
13206	43	0.220836179331236
13206	44	0.315439314273775
13206	45	0.25887850674215
13206	46	0.102703432152452
13206	47	0.272034763928993
13206	48	0.146092933081277
13206	49	0.168855205772473
13206	50	0.176809849123821
13206	51	0.278064136414315
13206	52	0.154053849736151
13206	53	0.146464963928551
13206	54	0.302773024095266
13206	55	0.174245130949167
13206	56	0.12534171763712
13206	57	0.157588965194464
13206	58	0.185992912245787
13206	59	0.160108089275894
13206	60	0.0475791499350962
13206	61	0.0635713669816056
13206	62	-0.00711927445293981
13206	63	0.239575561599352
13206	64	0.113146251994074
13206	65	0.129385228939313
13206	66	0.303033692934669
13206	67	0.39065448971882
13206	68	0.11576411994114
13206	69	0.226410027531919
13206	70	0.226437774721212
13206	71	0.145659126899787
13206	72	0.139120797253526
13206	73	0.181060730881676
13206	74	0.0209727665491002
13207	1	0.303503340329851
13207	2	0.0934881121150184
13207	3	0.0276401736684484
13207	4	0.0215387765389821
13207	5	0.0358804348686306
13207	6	-0.0143510509436666
13207	7	0.0512154794284854
13207	8	0.0256560079372576
13207	9	0.0406504183125662
13207	10	0.03538029890057
13207	11	0.0857751551335539
13207	12	-0.0379763765108763
13207	13	-0.0415015737627655
13207	14	0.0485511755503296
13207	15	0.127579920733972
13207	16	0.0345541289676987
13207	17	-0.00473797110549867
13207	18	0.0031671698073481
13207	19	-0.0521563753602408
13207	20	0.0389489410973027
13207	21	-0.0401868302031758
13207	22	-0.104074240363119
13207	23	-0.0152516809241448
13207	24	-0.0301853438115174
13207	25	-0.00201137267472973
13207	26	-0.00344122298408678
13207	27	-0.0684106966146132
13207	28	0.00674421421057048
13207	29	0.0205113041623264
13207	30	-0.0170632218094724
13207	31	-0.05819156735555
13207	32	0.162944004393744
13207	33	-0.0117054919749293
13207	34	0.0527194581322377
13207	35	0.0491809004583672
13207	36	-0.116479834438927
13207	37	-0.0742700275218695
13207	38	-0.189726727307779
13207	39	-0.0995462640623188
13207	40	-0.143049012300629
13207	41	-0.109984300030682
13207	42	-0.154659318817536
13207	43	-0.0502933139166899
13207	44	-0.034400137981244
13207	45	-0.0921780344981187
13207	46	-0.135087187539199
13207	47	-0.159752041422124
13207	48	-0.113984096069231
13207	49	-0.0938533779944777
13207	50	-0.0970755054620511
13207	51	-0.115021838735522
13207	52	-0.106082626344602
13207	53	0.0961076287414926
13207	54	0.0225422098087265
13207	55	-0.0852050574670571
13207	56	-0.0915377523184944
13207	57	-0.0679998254486307
13207	58	-0.106553660607148
13207	59	-0.190534911066386
13207	60	-0.179273187009663
13207	61	-0.283903984801739
13207	62	-0.0596018278903543
13207	63	-0.134961450969527
13207	64	-0.0939607018985953
13207	65	-0.0712474763523048
13207	66	-0.0463649143264249
13207	67	-0.106942592670705
13207	68	-0.187445115354336
13207	69	-0.093631602483498
13207	70	-0.188204740749164
13207	71	-0.239913851680718
13207	72	-0.144137839385607
13207	73	-0.311290498290177
13207	74	-0.377736039870456
13208	1	-0.3729490401698
13208	2	-0.153781382665457
13208	3	0.0119374597331472
13208	4	-0.214093881955005
13208	5	-0.20457257583119
13208	6	-0.0192162234202229
13208	7	0.0109725807250172
13208	8	-0.108080888924512
13208	9	-0.0281345720578656
13208	10	-0.144377780292778
13208	11	-0.0787788016814375
13208	12	-0.106824251079317
13208	13	-0.12521687540319
13208	14	-0.0177419435873816
13208	15	-0.19438540739116
13208	16	-0.0618072799643059
13208	17	-0.0953819433223657
13208	18	-0.0396815522716665
13208	19	-0.154797375857335
13208	20	-0.229822874829921
13208	21	-0.154766185171574
13208	22	-0.239776302367204
13208	23	-0.207786661108152
13208	24	-0.11166520049531
13208	25	0.0469201392352403
13208	26	-0.0865661194221019
13208	27	-0.106250685531784
13208	28	-0.222202210625838
13208	29	-0.19358358442534
13208	30	-0.134648794571788
13208	31	0.0300192074375261
13208	32	0.0321361801326674
13208	33	-0.117748894295261
13208	34	-0.0700315829204143
13208	35	-0.157631916509231
13208	36	0.137904858872268
13208	37	0.0504434317690468
13208	38	0.0144349380577964
13208	39	0.0230144735430997
13208	40	0.153252130703493
13208	41	0.114282877746398
13208	42	0.121630227184653
13208	43	0.127272240731365
13208	44	0.0792761092228034
13208	45	0.0867958590265587
13208	46	0.0596035760523534
13208	47	0.0344066163847643
13208	48	0.121444442619477
13208	49	0.0324382413205129
13208	50	0.0835963193322726
13208	51	0.112377813234097
13208	52	-0.0359132804908882
13208	53	0.132355023118436
13208	54	0.112477939122499
13208	55	0.0303620905092359
13208	56	-0.0318375861177671
13208	57	0.111780759372081
13208	58	0.0290827067295467
13208	59	0.141938558081392
13208	60	0.0670521797187433
13208	61	0.0284621999460768
13208	62	0.074335842812026
13208	63	0.083762233151397
13208	64	0.0588041467309139
13208	65	0.0834596505649401
13208	66	-0.0449598172569665
13208	67	0.110210576319247
13208	68	0.000499900510867235
13208	69	0.0852102694258292
13208	70	-0.0588973084623134
13208	71	0.0573115178251768
13208	72	0.0255073993447255
13208	73	0.00166557656535815
13208	74	0.102365738112617
13209	1	-0.662000476696214
13209	2	-0.220346805640073
13209	3	-0.109815080577356
13209	4	-0.284678354258133
13209	5	-0.182491937082805
13209	6	-0.281590877607179
13209	7	-0.196407755701109
13209	8	-0.288352404991841
13209	9	-0.180219781643267
13209	10	-0.276201032912923
13209	11	-0.189593422933328
13209	12	-0.202722342285256
13209	13	-0.099637928803709
13209	14	-0.262688455402163
13209	15	-0.257961002043487
13209	16	-0.236927734042524
13209	17	-0.251323144408929
13209	18	-0.24885995997154
13209	19	-0.147040780233446
13209	20	-0.287085913977364
13209	21	-0.300376564102308
13209	22	-0.247414974570361
13209	23	-0.255813583129466
13209	24	-0.199397355707575
13209	25	-0.131718189633354
13209	26	-0.135761839949851
13209	27	-0.177155012069036
13209	28	-0.209736504948083
13209	29	-0.228854949175009
13209	30	-0.210837760070319
13209	31	-0.234607992799575
13209	32	-0.225188899256928
13209	33	-0.296499406949067
13209	34	-0.172536255505513
13209	35	-0.18639923064157
13209	36	0.0493373809719699
13209	37	0.121040550169205
13209	38	0.0200711273300982
13209	39	-0.0975068104047097
13209	40	0.0864412674045241
13209	41	0.151567512275726
13209	42	0.133073738992302
13209	43	0.0353375928612891
13209	44	-0.113556086138118
13209	45	-0.0567977973422202
13209	46	-0.013347034778576
13209	47	0.0052803364391778
13209	48	0.207043383055662
13209	49	0.140007870913479
13209	50	-0.0302216027313733
13209	51	0.0837177113197214
13209	52	-0.102577959882858
13209	53	0.113661534610188
13209	54	-0.0770086067532176
13209	55	0.125394988586088
13209	56	0.0329411362268885
13209	57	0.102388396729872
13209	58	-0.00600227271055331
13209	59	-0.0671043985104873
13209	60	-0.149330899308474
13209	61	-0.00259788902634739
13209	62	0.119036004005054
13209	63	-0.0566433283924965
13209	64	0.176695334634815
13209	65	-0.04341719500934
13209	66	-0.00462973313241122
13209	67	0.0733202980938472
13209	68	-0.0643943994668135
13209	69	-0.0636443210950972
13209	70	0.0543242457312729
13209	71	0.00592758491058731
13209	72	-0.0676293766817722
13209	73	-0.201449087241535
13209	74	0.0218112061524991
13210	1	0.822338403467544
13210	2	-0.0279318385837293
13210	3	-0.0666759361789531
13210	4	0.0518934646516271
13210	5	-0.0110500194737853
13210	6	0.139414676895562
13210	7	0.00114894337087179
13210	8	-0.0466775736997249
13210	9	-0.0531605633655516
13210	10	-0.0180445273368051
13210	11	0.068885447885549
13210	12	0.111496560721555
13210	13	0.0819447477152337
13210	14	-0.0120620745446942
13210	15	-0.0646160221308918
13210	16	-0.0161529373014133
13210	17	0.0952647582375334
13210	18	0.108707669596654
13210	19	-0.0965633190751944
13210	20	0.0318097785529403
13210	21	0.104482596428419
13210	22	-0.0187155680753364
13210	23	0.0969729133856418
13210	24	-0.0593407186535018
13210	25	0.101855440710764
13210	26	-0.0660479586032778
13210	27	0.0493769644915147
13210	28	-0.0429295627275437
13210	29	0.100705393736703
13210	30	0.0382376616322659
13210	31	0.0179461859158323
13210	32	0.00610809848817695
13210	33	0.0255973046697093
13210	34	0.0327547798252539
13210	35	-0.0343455172522766
13210	36	0.0212456334634368
13210	37	0.0940864089725295
13210	38	0.071616627310874
13210	39	0.0873353931074803
13210	40	0.00860721001854614
13210	41	0.0924165227371176
13210	42	0.0369859193091742
13210	43	-0.0772726169217535
13210	44	0.111061223205361
13210	45	0.232904956620843
13210	46	0.0245530630432853
13210	47	-0.0282608731334548
13210	48	-0.061820183806816
13210	49	0.114435619209829
13210	50	0.12625477914488
13210	51	-0.066839645301414
13210	52	0.0384064674753617
13210	53	0.0479080945808619
13210	54	0.0395428089342005
13210	55	0.185865015939605
13210	56	0.07749690536793
13210	57	0.045680713895365
13210	58	0.0609615258271319
13210	59	0.0230851143312591
13210	60	0.0576889963269025
13210	61	-0.021951031704603
13210	62	-0.0315150666626067
13210	63	0.0744365485016871
13210	64	0.0430821494299707
13210	65	0.0100894955392619
13210	66	-0.138269672527066
13210	67	-0.0555061763218205
13210	68	0.0241457717546112
13210	69	0.0883068735672339
13210	70	-0.0164253330205355
13210	71	-0.107422911525546
13210	72	-0.0934057577237795
13210	73	0.0260016442341353
13210	74	-0.363833046538922
13211	1	0.0448145733862795
13211	2	-0.00637139513235141
13211	3	-0.0662892666612933
13211	4	-0.210483780624926
13211	5	-0.0304948031613357
13211	6	-0.099524904606028
13211	7	-0.0749891113068202
13211	8	0.00818987060681309
13211	9	-0.0899853236311259
13211	10	-0.0770863524277487
13211	11	-0.157013944195313
13211	12	-0.134013697651859
13211	13	-0.0637728569462226
13211	14	-0.0333781277133127
13211	15	-0.0339955561826315
13211	16	-0.105084897667183
13211	17	-0.0546065345059148
13211	18	-0.055994475181663
13211	19	-0.0577447560711235
13211	20	0.0119723745052056
13211	21	0.0479163218276071
13211	22	-0.108546511401535
13211	23	-0.106527913172862
13211	24	0.0328063196324635
13211	25	-0.142205517015121
13211	26	-0.0902569327172529
13211	27	-0.0957034942805706
13211	28	-0.0429677022182702
13211	29	-0.0595499839652973
13211	30	-0.0564246895916014
13211	31	0.0183901999159986
13211	32	-0.0988258126719614
13211	33	0.0501504809251472
13211	34	-0.145608335446219
13211	35	-0.130070229113159
13211	36	-0.138279523515031
13211	37	-0.0609938319523593
13211	38	0.030788751168906
13211	39	0.0421990306960751
13211	40	-0.0360305941693468
13211	41	0.0516880213761866
13211	42	0.105404613895104
13211	43	-0.0456158540468223
13211	44	0.0177988333597838
13211	45	-0.0291513939329633
13211	46	-0.0050740962528053
13211	47	-0.107945200718355
13211	48	-0.0430601268560409
13211	49	-0.0219110850333806
13211	50	-0.212243361692977
13211	51	0.177074955723171
13211	52	-0.0112465832362005
13211	53	-0.0280919402672311
13211	54	-0.126762542973914
13211	55	-0.020242266343395
13211	56	0.0623486884400322
13211	57	0.010479949362022
13211	58	-0.0444834118253183
13211	59	0.0489883492181207
13211	60	0.0345201764895862
13211	61	0.0179232930061133
13211	62	-0.0698598630901088
13211	63	0.105556729452132
13211	64	-0.0609353020451096
13211	65	-0.214766683118206
13211	66	-0.0721296220125964
13211	67	-0.0918383601674435
13211	68	0.0103130250191441
13211	69	-0.0481701490433153
13211	70	-0.0169574214669765
13211	71	0.0710309633110882
13211	72	0.0156284370254198
13211	73	-0.0952079750076891
13211	74	-0.0201830740212188
13212	1	0.235294315634203
13212	2	-0.104171472117006
13212	3	-0.00891292492402229
13212	4	0.0173745409764621
13212	5	0.075562610340814
13212	6	0.125918522995768
13212	7	0.0698155567867715
13212	8	0.0458275073111807
13212	9	0.0651821712643113
13212	10	-0.0254770668533126
13212	11	0.0488083864151463
13212	12	-0.026406068978936
13212	13	0.115208601473405
13212	14	0.0636478406217549
13212	15	0.0418072885201468
13212	16	-0.00449672426790926
13212	17	0.119783948166543
13212	18	0.0987505364659285
13212	19	0.0515581332507864
13212	20	0.0781866342471602
13212	21	0.0332812463946297
13212	22	0.0794169781609142
13212	23	0.121270605471942
13212	24	0.0126147637033824
13212	25	0.0156079590284008
13212	26	0.07900434759879
13212	27	0.121426523207461
13212	28	0.115549291011611
13212	29	0.0559761422016223
13212	30	0.0921535583815611
13212	31	-0.0731767840570754
13212	32	-0.0145322800487193
13212	33	0.0386055800928347
13212	34	0.00679224047357252
13212	35	0.00440291216700217
13212	36	0.108530969762874
13212	37	0.062389280705176
13212	38	0.109933781868733
13212	39	0.0534884679174681
13212	40	0.161414480355774
13212	41	0.168464140580959
13212	42	0.113631814787546
13212	43	0.173280368567909
13212	44	0.190656374628588
13212	45	-0.0459577260223654
13212	46	0.0759185685457524
13212	47	0.0374534765549157
13212	48	0.0346118873805352
13212	49	0.0649675587733114
13212	50	0.245476860355126
13212	51	0.102062892703302
13212	52	0.235574586307699
13212	53	0.310101758617975
13212	54	0.0820807528766849
13212	55	0.069266427592666
13212	56	0.161769188560015
13212	57	0.070695678264471
13212	58	0.00824209963583655
13212	59	0.085077568965275
13212	60	0.084244341213747
13212	61	0.256242143579676
13212	62	0.106625304774887
13212	63	0.114789470824554
13212	64	0.127563069353926
13212	65	0.0572871724181923
13212	66	0.0566102456500843
13212	67	0.121645617715821
13212	68	0.163487328752275
13212	69	0.0162668804017656
13212	70	0.103811355389958
13212	71	0.176189379659633
13212	72	0.173159331791943
13212	73	-0.00604484517490533
13212	74	-0.00664760863509883
13301	1	-0.194009795203531
13301	2	0.0625101661764411
13301	3	-0.00652925645148628
13301	4	0.00177728568637647
13301	5	-0.0766288780906237
13301	6	-0.11133048695573
13301	7	-0.00385783121287631
13301	8	-0.00192496002616593
13301	9	-0.0153617360122951
13301	10	0.118526399144528
13301	11	-0.0264906817667026
13301	12	0.0503158337160912
13301	13	0.100584236939468
13301	14	-0.0276539092036856
13301	15	0.0413007705628061
13301	16	0.0305640433128218
13301	17	-0.021561192878103
13301	18	0.0585462863788138
13301	19	-0.10785590642535
13301	20	-0.015936406026519
13301	21	0.047236657445282
13301	22	-0.104665400234367
13301	23	0.0582001765547133
13301	24	0.0234621710283491
13301	25	0.105366438865062
13301	26	0.0390979401400031
13301	27	0.0790939172567064
13301	28	-0.0225985465157663
13301	29	0.0396582614420211
13301	30	0.0118266734471248
13301	31	0.0322149889677661
13301	32	-0.0104031583797379
13301	33	0.101306355570102
13301	34	-0.149796136509345
13301	35	-0.101688552548318
13301	36	0.123941519800127
13301	37	-0.00378516716138932
13301	38	0.00506350337847294
13301	39	0.0494317135190485
13301	40	0.0783229512616899
13301	41	0.00673823050022548
13301	42	0.128557380895558
13301	43	-0.01622455719626
13301	44	-0.0672021256019377
13301	45	0.121816453576287
13301	46	0.133973593177323
13301	47	0.00369069999303662
13301	48	0.0716633666502915
13301	49	0.0794898859121886
13301	50	0.0469256836662382
13301	51	0.130385520522516
13301	52	0.0766943320622886
13301	53	0.134883972024042
13301	54	0.0766125323625886
13301	55	0.154223035576791
13301	56	0.251144592320138
13301	57	0.113967739276625
13301	58	0.260977896801819
13301	59	0.0109122452339889
13301	60	0.144406189138508
13301	61	-0.101079088406941
13301	62	0.071844924196391
13301	63	0.105526066127766
13301	64	0.107087949653227
13301	65	0.141800206165541
13301	66	0.118392026061464
13301	67	-0.0411429693313536
13301	68	0.089934207138235
13301	69	-0.103832137961234
13301	70	0.0862642909801465
13301	71	0.132609304359534
13301	72	0.035701553783305
13301	73	-0.00379611254410861
13301	74	0.325797961924245
13302	1	-1.15107649896881
13302	2	0.124243784753215
13302	3	0.11011755452494
13302	4	-0.0142878349586582
13302	5	0.0454033870298289
13302	6	0.0895426162376438
13302	7	0.203069650170448
13302	8	0.0569231199361155
13302	9	0.165704922884451
13302	10	0.0768076993523081
13302	11	0.108928819106524
13302	12	0.082888467718746
13302	13	0.26405203768546
13302	14	0.0739198132710825
13302	15	0.0351592544143102
13302	16	0.000201594547412753
13302	17	0.190028100889947
13302	18	0.209504523494466
13302	19	0.152739255407077
13302	20	0.0254690348566697
13302	21	0.0857149742518146
13302	22	0.179744551987497
13302	23	0.179160932053122
13302	24	0.101836540594796
13302	25	0.0974918759398946
13302	26	0.100264546411992
13302	27	0.162759352911614
13302	28	0.217170916814268
13302	29	0.177114902783963
13302	30	-0.0205065705595402
13302	31	0.0976267322371811
13302	32	0.188098752704796
13302	33	0.135679202342587
13302	34	0.134142012228999
13302	35	0.128934981786429
13302	36	0.00581509492030108
13302	37	0.0910918173031092
13302	38	0.0379660527770156
13302	39	-0.0255496007464444
13302	40	-0.0680791262506446
13302	41	-0.15706756875624
13302	42	-0.00412325292568028
13302	43	0.0764998475789938
13302	44	0.0393808443202346
13302	45	-0.000985617930837179
13302	46	-0.0210651862014117
13302	47	0.0397067146361536
13302	48	-0.142049912313176
13302	49	-0.0722302256357565
13302	50	0.0135520204753377
13302	51	-0.00349237885674825
13302	52	-0.0170976451773868
13302	53	-0.032249779310483
13302	54	-0.0743444403520641
13302	55	0.102791544122958
13302	56	0.0737425885942713
13302	57	0.118082937668575
13302	58	0.011689571320936
13302	59	-0.164860392554317
13302	60	0.0479817149511277
13302	61	-0.196395036456536
13302	62	-0.0511706844636777
13302	63	0.0836067310523987
13302	64	-0.06399779871942
13302	65	-0.088104221495918
13302	66	-0.0486644222790531
13302	67	-0.153732468078502
13302	68	-0.176262310239544
13302	69	-0.047653295823288
13302	70	-0.0858827737593728
13302	71	0.0460946864262581
13302	72	-0.228710684541973
13302	73	-0.066420238876006
13302	74	0.235217322326065
13303	1	-1.57243497546308
13303	2	0.0973928357100071
13303	3	0.079897440211429
13303	4	0.0676429462841099
13303	5	-0.0455952849446355
13303	6	0.0828749110420901
13303	7	0.0593271633619139
13303	8	-0.0573811087597846
13303	9	0.0181911771744367
13303	10	0.0010914103765316
13303	11	-0.00798774020962156
13303	12	0.0713119647306897
13303	13	0.0717381469042664
13303	14	0.00541040355368239
13303	15	0.0144953546468756
13303	16	0.0540429945058705
13303	17	-0.0377032569784959
13303	18	0.0528954440615337
13303	19	0.0380427533660708
13303	20	0.00698053024140677
13303	21	-0.0181379140961084
13303	22	0.138864584402512
13303	23	-0.0331909161516251
13303	24	-0.120726387260277
13303	25	-0.029790062589953
13303	26	0.043102140942338
13303	27	0.126823294004964
13303	28	-0.080258374435509
13303	29	-0.0142035069431259
13303	30	0.0286879507432118
13303	31	0.0452910646353004
13303	32	-0.0563539963834003
13303	33	-0.00548767902512992
13303	34	0.153223231644859
13303	35	0.0896395778955537
13303	36	-0.00015465202719156
13303	37	0.00330795778078397
13303	38	-0.0658157571010207
13303	39	-0.00777774921318297
13303	40	0.095689835938181
13303	41	0.00372960320021321
13303	42	-0.0481962863299543
13303	43	-0.0925070562094632
13303	44	-0.00298085901707879
13303	45	-0.0630357629078091
13303	46	0.0935405332823578
13303	47	0.0150776851290786
13303	48	-0.0538641143712795
13303	49	-0.0572492716304183
13303	50	0.0482839552072747
13303	51	0.155586877783485
13303	52	-0.0829265517179394
13303	53	0.10568734420356
13303	54	-0.0853762572690258
13303	55	-0.00891038985565018
13303	56	0.178739846574551
13303	57	0.0208379656544082
13303	58	0.0783819676926072
13303	59	0.0314294101750718
13303	60	-0.0081836985827124
13303	61	0.00362195674896526
13303	62	-0.0961156236920715
13303	63	0.0785968026706172
13303	64	0.0193304625203865
13303	65	0.0792787203755836
13303	66	0.0796617627877438
13303	67	0.162149816506528
13303	68	-0.0036373987192988
13303	69	0.010762012238601
13303	70	-0.0549672361134483
13303	71	0.122702984865541
13303	72	-0.00274080534448728
13303	73	-0.0348417936055228
13303	74	0.141689458409694
13304	1	0.627048800348131
13304	2	-0.608359376679374
13304	3	-0.271872471292994
13304	4	-0.136634339851582
13304	5	-0.00687847078534176
13304	6	-0.2176413131467
13304	7	-0.13093832336375
13304	8	-0.0747114922406098
13304	9	-0.122295548489276
13304	10	-0.141238973104294
13304	11	-0.191984790357111
13304	12	-0.130384200461052
13304	13	-0.0082766023582721
13304	14	-0.116639743938947
13304	15	-0.0544574477130055
13304	16	-0.020809512868766
13304	17	0.00728199375896565
13304	18	-0.125939364198054
13304	19	-0.0663082790823069
13304	20	-0.120231859139125
13304	21	-0.0837721323851923
13304	22	-0.159070518842327
13304	23	-0.121317759809436
13304	24	-0.0473488061393326
13304	25	-0.0345835729144426
13304	26	0.00217293740251279
13304	27	0.0936374532969992
13304	28	-0.0677215012791663
13304	29	-0.0164158963236574
13304	30	-0.0852501023541308
13304	31	0.00509932422231429
13304	32	-0.148536887238855
13304	33	-0.031667620028081
13304	34	-0.0149183612754911
13304	35	-0.115006439803565
13304	36	0.0609881384322151
13304	37	-0.112325792405066
13304	38	0.166339587688455
13304	39	0.132933012501361
13304	40	0.0611710329141388
13304	41	0.0964964836920004
13304	42	0.167872708311322
13304	43	0.156941049308635
13304	44	0.00860828887254428
13304	45	0.0763306364949798
13304	46	0.100133010777476
13304	47	0.00430602254606782
13304	48	0.152570153843641
13304	49	-0.0243498002671458
13304	50	0.143406967210396
13304	51	0.128099156364364
13304	52	0.122801234892201
13304	53	-0.0574985689823535
13304	54	-0.0650615459668629
13304	55	0.17681707140887
13304	56	0.0803099468052579
13304	57	0.0333144285993328
13304	58	0.0102211925601878
13304	59	0.153249528397815
13304	60	0.0606232243850897
13304	61	0.0136602600544009
13304	62	0.141435360222978
13304	63	0.0693436849821367
13304	64	0.114517637406244
13304	65	0.294543480321714
13304	66	0.0227790415170404
13304	67	0.124040802706837
13304	68	0.108343853690897
13304	69	0.0851167860452477
13304	70	0.099564323019294
13304	71	-0.0182820477223444
13304	72	0.221943327865581
13304	73	0.120753061357163
13304	74	0.217459903033181
13305	1	0.812642527737232
13305	2	-0.220238098781007
13305	3	-0.0337031887193859
13305	4	-0.135375086776499
13305	5	-0.119519006211402
13305	6	-0.236516194874312
13305	7	-0.147402535530496
13305	8	-0.188395607563145
13305	9	-0.26446591638598
13305	10	-0.120864814925412
13305	11	-0.192040447951591
13305	12	-0.133793228122876
13305	13	-0.0698965166455778
13305	14	-0.194542983210944
13305	15	-0.140236236603748
13305	16	-0.0660730515786199
13305	17	-0.0662973461419654
13305	18	-0.171345525493763
13305	19	-0.0756170117588795
13305	20	-0.0750344138227135
13305	21	-0.243902510300259
13305	22	-0.0697226867056315
13305	23	-0.10301684702489
13305	24	-0.155609784599839
13305	25	-0.214305424086035
13305	26	0.01343664308515
13305	27	-0.140799291846875
13305	28	-0.125525391745022
13305	29	-0.155886870888139
13305	30	-0.290108314632199
13305	31	-0.134712553108344
13305	32	-0.231567582402207
13305	33	-0.0678067918430756
13305	34	-0.168227205267257
13305	35	-0.134187438300806
13305	36	0.0390647530541983
13305	37	0.0111664057328014
13305	38	-0.0760676677302214
13305	39	0.0315342164739434
13305	40	-0.0497757757477615
13305	41	0.107455604953564
13305	42	0.122961366591909
13305	43	0.138292452415584
13305	44	-0.0457960066818828
13305	45	0.0583775350963407
13305	46	-0.0112228061090534
13305	47	-0.0752223292566754
13305	48	-0.0120703154647259
13305	49	0.0890115367142954
13305	50	0.10023245355309
13305	51	0.0954363294850822
13305	52	0.0499335582916274
13305	53	-0.115718372481382
13305	54	0.194584301441324
13305	55	-0.128296360275591
13305	56	0.0166588159452203
13305	57	0.00693963349352344
13305	58	0.207106330623269
13305	59	-0.148528241088385
13305	60	-0.0506632388084256
13305	61	0.0441953443796805
13305	62	-0.0118830188493178
13305	63	-0.0397791855703034
13305	64	0.0748213022958808
13305	65	-0.15262413258214
13305	66	0.0242578939275688
13305	67	0.0908474959785579
13305	68	-0.0757145971924018
13305	69	0.118062947866044
13305	70	-0.0128110780952255
13305	71	0.0679296793138775
13305	72	0.112504672691692
13305	73	-0.0428283629029593
13305	74	0.410305211255114
13306	1	1.17011486993622
13306	2	-0.0136831052218618
13306	3	0.0217900104925555
13306	4	0.107994618459539
13306	5	0.186450153446096
13306	6	0.0897108832495022
13306	7	0.0648592474504852
13306	8	0.0876614508592226
13306	9	0.143934193487482
13306	10	0.117650567358446
13306	11	0.0962755518968592
13306	12	0.102588620024427
13306	13	0.227320653923492
13306	14	0.123673278060558
13306	15	0.0244555494082235
13306	16	0.0204617669407412
13306	17	0.0723942125456176
13306	18	0.092495214826009
13306	19	0.109560017111313
13306	20	0.0707799758112984
13306	21	0.0487113413326909
13306	22	0.133010415514569
13306	23	0.0721508047141413
13306	24	0.152272688689543
13306	25	0.231956036852061
13306	26	0.0858394619076108
13306	27	0.271673713381588
13306	28	0.163572035700611
13306	29	0.220429716214994
13306	30	-0.0121024231417053
13306	31	0.0479354919018888
13306	32	0.138331826554371
13306	33	0.155714652424564
13306	34	0.0950191764861756
13306	35	0.123347418105951
13306	36	0.076782173103787
13306	37	0.229959877072773
13306	38	0.0574721421499973
13306	39	0.181051975432972
13306	40	0.112398871651585
13306	41	0.175323955499074
13306	42	0.0563449599226971
13306	43	0.221146657162464
13306	44	0.0353664152213611
13306	45	0.085458346599232
13306	46	0.205501241318608
13306	47	0.0743742137073298
13306	48	0.0998781107091418
13306	49	0.14484696009054
13306	50	-0.0820008309930529
13306	51	-0.0921315639648128
13306	52	0.0488215856272163
13306	53	0.183673194577473
13306	54	0.0959196664170889
13306	55	0.061359470099184
13306	56	0.0974859900562919
13306	57	0.20893872709572
13306	58	0.129972154807959
13306	59	0.180024798269109
13306	60	-0.0220949134013679
13306	61	0.0327436114604609
13306	62	-0.0161754106739096
13306	63	0.047414857015994
13306	64	0.0738336559879258
13306	65	0.1673558174693
13306	66	0.105319247141772
13306	67	0.120404042491629
13306	68	0.181056563513536
13306	69	0.210109467921377
13306	70	0.147116521601163
13306	71	0.015762496651341
13306	72	0.128097686324686
13306	73	0.181471735243072
13306	74	0.0243921047196238
13307	1	-0.290093440387579
13307	2	-0.00351954344186112
13307	3	-0.0531568975061205
13307	4	0.0401443012881018
13307	5	-0.15918297692313
13307	6	-0.100438464640263
13307	7	-0.1072679320527
13307	8	-0.0953066711305297
13307	9	-0.0405359009196431
13307	10	-0.257883654022898
13307	11	-0.133248012668297
13307	12	-0.0989225361987138
13307	13	0.0219467469764538
13307	14	-0.103194636003032
13307	15	-0.039501554415601
13307	16	-0.148007646784308
13307	17	-0.279824246783932
13307	18	-0.111655535244822
13307	19	-0.190208256861418
13307	20	-0.0523016292058216
13307	21	-0.143536626225064
13307	22	-0.0681357894727768
13307	23	-0.117445564021061
13307	24	-0.0929523325592641
13307	25	-0.15261132786388
13307	26	-0.12619840658509
13307	27	-0.0300141560715161
13307	28	-0.21368835100364
13307	29	-0.0830860607229695
13307	30	0.0127036064769683
13307	31	-0.18434801638395
13307	32	-0.0995245411243957
13307	33	-0.0379982221906801
13307	34	-0.0292752311163369
13307	35	-0.0972719065421828
13307	36	-0.0451260216665332
13307	37	0.109705951021475
13307	38	-0.0425271738824833
13307	39	0.00381997955667401
13307	40	-0.201094843775024
13307	41	-0.000988104060816397
13307	42	-0.110174550095408
13307	43	-0.123159950554495
13307	44	-0.0456630616025535
13307	45	-0.0652078844008486
13307	46	-0.1930660643499
13307	47	-0.0539980959297353
13307	48	0.0124585873172762
13307	49	-0.128919065251431
13307	50	-0.0221905508954379
13307	51	0.0603297662595992
13307	52	0.0312109184077372
13307	53	0.0718009354188638
13307	54	0.00379283110625295
13307	55	0.0165570148832543
13307	56	0.020309550705278
13307	57	0.0156651364018074
13307	58	-0.0130086254545247
13307	59	-0.084061527415578
13307	60	-0.0218553522586546
13307	61	-0.104836613238987
13307	62	-0.0738062789015288
13307	63	-0.127847880465801
13307	64	0.00850339485121765
13307	65	0.0271533822885388
13307	66	-0.0687251157014046
13307	67	0.0401287785398949
13307	68	0.027629378526953
13307	69	-0.0387742258176047
13307	70	0.0297551244709808
13307	71	0.0280868595949002
13307	72	0.0113805552632229
13307	73	0.0158789461915347
13307	74	0.175681235670815
13308	1	0.337217652370647
13308	2	0.207491255207636
13308	3	0.109394221186335
13308	4	0.152553817019644
13308	5	0.0948667326521608
13308	6	0.127805368007614
13308	7	-0.119755888299451
13308	8	0.121857458381626
13308	9	0.0275199258532837
13308	10	0.158537607834099
13308	11	0.0754810514670723
13308	12	0.0371559690420966
13308	13	0.0579264828363009
13308	14	0.153994108089385
13308	15	-0.0549588761299589
13308	16	0.0848474135872408
13308	17	0.107471751712929
13308	18	-0.109480158088587
13308	19	0.115040502315829
13308	20	0.132536461747158
13308	21	0.138582156877092
13308	22	0.0530980878436154
13308	23	0.115098907729276
13308	24	0.112282020458878
13308	25	0.116935449971628
13308	26	0.122908906418019
13308	27	0.12943798885162
13308	28	-0.0613709467138719
13308	29	-0.0192958395358005
13308	30	-0.0392801624790309
13308	31	-0.074210809108223
13308	32	-0.0164870943796629
13308	33	0.0835365034866768
13308	34	0.00990685095226951
13308	35	0.111821317645777
13308	36	0.0269634497898679
13308	37	0.0901356991989033
13308	38	0.11328505258416
13308	39	0.09008292285138
13308	40	-0.0444270898449872
13308	41	0.115028979768496
13308	42	0.10808631620997
13308	43	0.0475967541593789
13308	44	0.154489401050697
13308	45	0.171150465097206
13308	46	0.0586933928087348
13308	47	-0.0192050231520469
13308	48	-0.00471682089890635
13308	49	0.0918669404425643
13308	50	0.0242885128090862
13308	51	-0.0122343730702568
13308	52	0.0230336503613984
13308	53	-0.0324101395617902
13308	54	0.117987169128341
13308	55	0.117495403256406
13308	56	0.112811308132706
13308	57	-0.0699257959480875
13308	58	0.0102076988958473
13308	59	-0.00239261234625587
13308	60	-0.0118735905151155
13308	61	0.0122014843460931
13308	62	-0.0796608861243939
13308	63	0.0767223983499505
13308	64	0.0184832741268721
13308	65	-0.0137352436932545
13308	66	0.152679794088598
13308	67	-0.0666231688143952
13308	68	0.0875260315863216
13308	69	0.144180763028139
13308	70	-0.0414979467820942
13308	71	-0.00389657049989722
13308	72	0.0307202860745903
13308	73	-0.111795782893317
13308	74	0.216279782941186
13309	1	-0.0915522659724459
13309	2	-0.00398041452353226
13309	3	0.0769428337112963
13309	4	0.0533833450014853
13309	5	-0.0215225512324082
13309	6	-0.0107998421662572
13309	7	-0.0149257466758996
13309	8	0.0539749320199618
13309	9	-0.0213082630429113
13309	10	0.102360964143003
13309	11	0.0734439960198472
13309	12	-0.0956164686623069
13309	13	0.0364572810120194
13309	14	-0.0496256792513634
13309	15	-0.0485119855179477
13309	16	-0.0163502676601937
13309	17	-0.127087234596701
13309	18	-0.00770726714053183
13309	19	-0.120840735779375
13309	20	-0.00978442522556833
13309	21	-0.0352261410707371
13309	22	-0.0750196297268317
13309	23	-0.0201171389379837
13309	24	-0.0120174290740138
13309	25	0.0608299531457632
13309	26	0.0702646728237966
13309	27	-0.0179316257832909
13309	28	-0.016160290056888
13309	29	-0.048545459265334
13309	30	-0.0769873658132809
13309	31	0.0454164511943347
13309	32	-0.0544137730883563
13309	33	0.0753031595554248
13309	34	0.00101523970763395
13309	35	-0.00170779873239013
13309	36	-0.0100909867981258
13309	37	0.0627202914049576
13309	38	-0.126905333059121
13309	39	-0.00916272265851603
13309	40	-0.066433038082252
13309	41	0.0697115329309028
13309	42	0.0672823477693782
13309	43	0.030389705106181
13309	44	0.0534305246851972
13309	45	-0.0139587460606876
13309	46	0.0311667483558438
13309	47	0.0192968829634452
13309	48	0.0506141812861571
13309	49	0.0974415826237944
13309	50	-0.0788175541086389
13309	51	-0.087653904990276
13309	52	-0.0493136167838202
13309	53	0.117125904535115
13309	54	-0.0072239023320293
13309	55	0.0173785249298533
13309	56	0.0593590620795084
13309	57	-0.156599201590836
13309	58	0.0366001744108004
13309	59	-0.0378479848391891
13309	60	0.0583099874172746
13309	61	-0.0212246425077964
13309	62	0.0375438124908243
13309	63	0.114836539234702
13309	64	0.0349789587609877
13309	65	-0.0539146645267294
13309	66	-0.0269076371648751
13309	67	0.0313159582757621
13309	68	0.088208164248158
13309	69	0.00697112994529903
13309	70	0.0832299265006924
13309	71	-0.00731560041402446
13309	72	-0.0469278318735604
13309	73	0.00612052050685463
13309	74	-0.109797018705308
13310	1	1.15005968046745
13310	2	0.2120258947329
13310	3	0.131420176965705
13310	4	0.109926626843514
13310	5	0.173275741153621
13310	6	0.00960808783757017
13310	7	0.104967270280227
13310	8	0.231859959537239
13310	9	0.101045021027929
13310	10	0.176474725065617
13310	11	0.208770117141569
13310	12	0.155593662723383
13310	13	0.159150602001155
13310	14	0.0966587744893275
13310	15	0.134407874352554
13310	16	0.23496558949001
13310	17	-0.00376241647359166
13310	18	0.0902319376874203
13310	19	0.157866666738613
13310	20	0.176844408762122
13310	21	0.195244595752115
13310	22	0.0268657178251885
13310	23	0.0987157629199302
13310	24	0.183760969723565
13310	25	0.226045033640212
13310	26	0.213000169820617
13310	27	0.226089153615618
13310	28	0.230317899003637
13310	29	0.0953273040632538
13310	30	0.0609018907345771
13310	31	0.16706108689764
13310	32	0.126314420258346
13310	33	0.0586499229182991
13310	34	0.246227577047115
13310	35	0.0859245727822255
13310	36	-0.107227976722363
13310	37	-0.0428250944696202
13310	38	-0.0848901459513982
13310	39	-0.0506707509446329
13310	40	0.12250350137986
13310	41	-0.109203693415083
13310	42	0.103151993778049
13310	43	-0.151870107483596
13310	44	-0.0212588967146914
13310	45	-0.0954816745139553
13310	46	0.0102052208639947
13310	47	-0.105768413302698
13310	48	0.0150879996873456
13310	49	0.0606250327211981
13310	50	0.03188446501958
13310	51	-0.0110677464481768
13310	52	0.0929238977184141
13310	53	-0.0602615299555254
13310	54	-0.0336960792530405
13310	55	0.0369522384034724
13310	56	-0.0858861023653787
13310	57	0.0827099907023623
13310	58	0.0680274144264175
13310	59	-0.118451639888093
13310	60	-0.141342038218781
13310	61	-0.0649886560775172
13310	62	0.0517299211900237
13310	63	-0.166130481641865
13310	64	-0.0432157334780854
13310	65	0.0663104100848244
13310	66	0.0338889986466242
13310	67	-0.036636197709413
13310	68	-0.0887489146875851
13310	69	-0.0405399782474092
13310	70	-0.170501539874081
13310	71	-0.263178141388771
13310	72	-0.109283521752751
13310	73	0.0353068595281343
13310	74	0.167549894679027
13311	1	-0.048203659656604
13311	2	0.244577736197343
13311	3	0.208040181492859
13311	4	0.189448169891545
13311	5	0.227482286845873
13311	6	0.205676876174977
13311	7	0.20701088319052
13311	8	0.219826974266724
13311	9	0.188431220525068
13311	10	0.149545788144266
13311	11	0.234199815862695
13311	12	0.17367130844233
13311	13	0.356611540095919
13311	14	0.364697594303635
13311	15	0.351780664955569
13311	16	0.0861136689526845
13311	17	0.117370345789055
13311	18	0.172490072602614
13311	19	0.0278734777665903
13311	20	0.221476435616452
13311	21	0.250151530312451
13311	22	0.181320749307162
13311	23	0.147362845089759
13311	24	0.207502122238829
13311	25	0.316625615409599
13311	26	0.238730832743755
13311	27	0.145040965846434
13311	28	0.31557451031928
13311	29	0.176719595928496
13311	30	0.167740122222234
13311	31	0.147435987802766
13311	32	0.0606011960029704
13311	33	0.216442967143287
13311	34	0.0270129667323147
13311	35	0.220504293783847
13311	36	-0.127212633415887
13311	37	-0.250166037253599
13311	38	-0.160430012630506
13311	39	-0.155334908773348
13311	40	-0.121662413672134
13311	41	-0.238232607254119
13311	42	-0.0293540450571044
13311	43	-0.0572205672644372
13311	44	0.0772046992172619
13311	45	-0.111770460422996
13311	46	-0.144874139278656
13311	47	-0.104277624470136
13311	48	-0.025851674163718
13311	49	-0.0328328950492889
13311	50	0.0391668785009429
13311	51	-0.0595093660012864
13311	52	-0.297401272340196
13311	53	-0.0475507299361482
13311	54	-0.167360245498742
13311	55	-0.116114609181814
13311	56	-0.0665121966330773
13311	57	-0.0522513082349505
13311	58	-0.103093671256119
13311	59	-0.0132684325192471
13311	60	0.0024671598055761
13311	61	-0.016741708772507
13311	62	-0.107650667703417
13311	63	-0.0607823180898421
13311	64	-0.0850598235395879
13311	65	-0.194618120067538
13311	66	0.0114290569417577
13311	67	-0.148962845764153
13311	68	-0.122494818230308
13311	69	-0.133853697207705
13311	70	-0.154057410392234
13311	71	-0.108584185994552
13311	72	-0.264928502310639
13311	73	-0.142599881310893
13311	74	-0.0224438345265554
13312	1	0.714971436816466
13312	2	0.0891941342939369
13312	3	0.131874397530101
13312	4	0.167231171900323
13312	5	0.120981878145365
13312	6	0.222771897928801
13312	7	0.0934077501809654
13312	8	0.178105118696323
13312	9	0.0305887259929918
13312	10	0.0609504755536747
13312	11	0.323760018435436
13312	12	0.130913526090168
13312	13	0.0612013455825036
13312	14	0.220647388169496
13312	15	0.145326700942874
13312	16	0.191542791746954
13312	17	-0.0188113402231949
13312	18	-0.0110327028147026
13312	19	0.0539758382907678
13312	20	0.199501854685792
13312	21	0.218518811590783
13312	22	0.118011988972583
13312	23	0.124807227735367
13312	24	0.0322320390525022
13312	25	0.1542437738172
13312	26	0.15638006895481
13312	27	0.142884696355118
13312	28	0.101187678949174
13312	29	0.218927241272013
13312	30	0.175961596487475
13312	31	0.114811302291912
13312	32	0.144129960172897
13312	33	0.142387581375239
13312	34	0.17405468221687
13312	35	-0.016593926218718
13312	36	-0.220358376561627
13312	37	-0.161249848337413
13312	38	-0.0763157035161939
13312	39	-0.0243396277780619
13312	40	-0.121092038101757
13312	41	-0.0675772115987243
13312	42	-0.131487347190408
13312	43	-0.188101773145647
13312	44	-0.102733680721123
13312	45	-0.00429220294473964
13312	46	-0.123776093180609
13312	47	-0.156954755749886
13312	48	-0.0886912108023807
13312	49	-0.0384271921039456
13312	50	-0.135720592909323
13312	51	0.141180096101088
13312	52	-0.148317299892639
13312	53	-0.136673960707384
13312	54	0.0133764824560814
13312	55	-0.00622627607643977
13312	56	-0.0880757734130597
13312	57	-0.217442888637052
13312	58	-0.109347333315981
13312	59	-0.114931368099739
13312	60	-0.00306756962757504
13312	61	-0.092696940653525
13312	62	-0.116376928783097
13312	63	0.0622903369833452
13312	64	-0.0378243529477089
13312	65	-0.114559605093291
13312	66	-0.0508170945542261
13312	67	-0.249905365344659
13312	68	-0.114876154883383
13312	69	0.0918128309145416
13312	70	-0.0801424824302259
13312	71	0.0544587773894634
13312	72	-0.155128963384399
13312	73	-0.14554411991211
13312	74	-0.0818518917639679
13401	1	-0.0381901949836561
13401	2	-0.0953354914658675
13401	3	-0.0761543397238462
13401	4	-0.1156660436062
13401	5	-0.0349029287857441
13401	6	-0.0711235710726399
13401	7	-0.278238921926054
13401	8	-0.31530117634864
13401	9	-0.119323643686457
13401	10	-0.170970908837603
13401	11	-0.128726348910256
13401	12	-0.227532008119212
13401	13	-0.150667414856485
13401	14	-0.06380215766292
13401	15	-0.184830331981416
13401	16	-0.146153041808823
13401	17	-0.131563267861445
13401	18	-0.0944814783544814
13401	19	-0.298676180104735
13401	20	-0.108811204443704
13401	21	-0.0941811022279637
13401	22	-0.249499965816582
13401	23	-0.14335802672813
13401	24	-0.191220702350343
13401	25	-0.184962901035412
13401	26	-0.162300671441315
13401	27	-0.135548330132274
13401	28	0.0227378738103354
13401	29	-0.190920149266347
13401	30	-0.302917284529002
13401	31	-0.250067929550916
13401	32	-0.202576466813277
13401	33	-0.0829910441481374
13401	34	-0.129209680690103
13401	35	-0.156481509253972
13401	36	-0.269768628145791
13401	37	-0.16023974732731
13401	38	-0.102473241630257
13401	39	-0.0608507012456627
13401	40	-0.0436828530838724
13401	41	-0.189167336449721
13401	42	-0.235784981922819
13401	43	-0.0395871235440381
13401	44	-0.17896807434682
13401	45	-0.126686957948188
13401	46	-0.124317218721735
13401	47	-0.0761324832815191
13401	48	-0.158056210716083
13401	49	-0.299342279364993
13401	50	-0.172540077599791
13401	51	-0.174722078859993
13401	52	-0.334255727869177
13401	53	-0.208690200601026
13401	54	-0.256310877187545
13401	55	-0.00559191829771066
13401	56	-0.11569955683408
13401	57	-0.160588690541161
13401	58	-0.0225540688676134
13401	59	-0.104255743817539
13401	60	-0.105359536038584
13401	61	-0.277826914836169
13401	62	-0.151052550331713
13401	63	-0.245344285203466
13401	64	-0.22342964439774
13401	65	-0.209346920802993
13401	66	-0.149365498637465
13401	67	-0.203192202784493
13401	68	-0.148651470961994
13401	69	-0.00414325395259141
13401	70	0.0134879727788828
13401	71	-0.143372547487644
13401	72	-0.0741818111168016
13401	73	-0.113681749295417
13401	74	-0.187662880063563
13402	1	0.0654040791331809
13402	2	-0.100193018337237
13402	3	-0.0683902763031803
13402	4	0.0653354852985721
13402	5	0.0714268910191578
13402	6	0.0429379625305302
13402	7	-0.103643850622092
13402	8	-0.0946926183330561
13402	9	-0.0637141806516794
13402	10	-0.0424712766220026
13402	11	-0.0480983040983247
13402	12	-0.0754231593421437
13402	13	-0.0111556630859226
13402	14	0.00880533743649892
13402	15	-0.121195081676213
13402	16	-0.0602159618243761
13402	17	0.00298358710055879
13402	18	0.021713127731104
13402	19	0.00893314428881098
13402	20	-0.0239227143623282
13402	21	0.0364489836910948
13402	22	-0.038458731601466
13402	23	-0.105778086574936
13402	24	0.0779004277298014
13402	25	0.00495202715998033
13402	26	0.179346771590616
13402	27	0.115256443747718
13402	28	0.0407054702719023
13402	29	0.0798599002593789
13402	30	-0.0424133236258299
13402	31	0.0252204249701364
13402	32	-0.113974702218393
13402	33	0.0974922746150284
13402	34	-0.034419741422667
13402	35	-0.0544652805267418
13402	36	0.0184119613407248
13402	37	-0.0795739859590867
13402	38	-0.153236229498084
13402	39	-0.0117017722052069
13402	40	0.0363829220074408
13402	41	0.0709286294404237
13402	42	0.0678884978858818
13402	43	0.0905454319347498
13402	44	0.094219879332968
13402	45	0.0991525042343255
13402	46	-0.127643698381007
13402	47	-0.0250945347862412
13402	48	-0.00452986770459773
13402	49	-0.0101949232442564
13402	50	0.0331148420398151
13402	51	0.0381362284265307
13402	52	0.106859963391678
13402	53	-0.0403888612425973
13402	54	-0.0218075295899496
13402	55	0.123626241952479
13402	56	0.135767426163149
13402	57	0.157532741909513
13402	58	0.149098790037932
13402	59	0.0927996115821372
13402	60	0.0548276510611103
13402	61	0.0415306184152655
13402	62	-0.0366039805064418
13402	63	0.0212209815869215
13402	64	-0.0495802571010486
13402	65	-0.0929996789359464
13402	66	-0.0848684366661558
13402	67	0.0387282183158035
13402	68	-0.0365932293049838
13402	69	-0.164189711560027
13402	70	0.119748214464067
13402	71	-0.038665379762385
13402	72	-0.100989369979409
13402	73	0.0107890433814148
13402	74	0.0691959870738188
13403	1	-0.943010196702016
13403	2	0.0365521277454057
13403	3	-0.0043016107055891
13403	4	0.0146738556082084
13403	5	-0.0957908729913193
13403	6	-0.00986909306205064
13403	7	-0.241156997212663
13403	8	-0.0515936263947765
13403	9	-0.0589057831949305
13403	10	-0.123636048902675
13403	11	-0.0759305387218703
13403	12	-0.0264660268045205
13403	13	0.0321876787754931
13403	14	-0.0204168376929559
13403	15	0.0177818751034593
13403	16	-0.149384605853243
13403	17	-0.0840993067412299
13403	18	0.0425068330573026
13403	19	-0.0779473710407572
13403	20	0.0325672943814581
13403	21	-0.191409685290154
13403	22	0.00636169867723169
13403	23	-0.0304494771366137
13403	24	-0.0797170246849248
13403	25	-0.0521384016947408
13403	26	-0.00207549148039021
13403	27	-0.0205090132927097
13403	28	0.00849370969941532
13403	29	-0.0461869621181918
13403	30	-0.215316153399407
13403	31	-0.0606791803307161
13403	32	-0.000723625728014099
13403	33	-0.0632823436397274
13403	34	0.098362387730532
13403	35	0.0144504025717112
13403	36	-0.200589087558562
13403	37	0.0349624703143121
13403	38	0.0167732052294767
13403	39	-0.234119713906864
13403	40	-0.0272640847155543
13403	41	-0.148017970127832
13403	42	-0.061478535742971
13403	43	-0.193019739811071
13403	44	0.0896363504292097
13403	45	-0.182909550326748
13403	46	-0.107748876977475
13403	47	-0.26861780992882
13403	48	-0.0736078777666194
13403	49	-0.112578746918665
13403	50	-0.0945046714872291
13403	51	-0.168779742357785
13403	52	-0.0812400060173033
13403	53	0.00829043653268258
13403	54	0.0616643286246443
13403	55	-0.120350116544429
13403	56	-0.0308253113884902
13403	57	-0.26500315786695
13403	58	-0.0255539334468367
13403	59	-0.139660507250809
13403	60	-0.0285047715353599
13403	61	-0.0635817107269361
13403	62	-0.157563588960009
13403	63	-0.0938436084316194
13403	64	-0.282812999786735
13403	65	-0.0108322638363134
13403	66	0.024712196355047
13403	67	-0.0413410193674721
13403	68	-0.120373183226086
13403	69	-0.12538131165104
13403	70	-0.129205253325964
13403	71	-0.18090061368882
13403	72	-0.151839866257951
13403	73	-0.260354377951586
13403	74	0.150972880317333
13404	1	0.181825578315955
13404	2	-0.105922561245237
13404	3	-0.108377869912619
13404	4	-0.000440924432318468
13404	5	-0.0839420395756925
13404	6	-0.199828878438304
13404	7	-0.0260808936662045
13404	8	-0.183591327360503
13404	9	-0.150902566517729
13404	10	-0.231024444815098
13404	11	-0.173084752465854
13404	12	-0.0754604610537868
13404	13	-0.1216936505935
13404	14	-0.132990532041795
13404	15	-0.0203774440301174
13404	16	-0.228947635374404
13404	17	-0.113210451006552
13404	18	-0.166151466738185
13404	19	-0.0452954491715829
13404	20	-0.0805606809333312
13404	21	-0.0829603032287523
13404	22	-0.0620719849154838
13404	23	-0.0515571121875595
13404	24	-0.168422456838549
13404	25	-0.155818350011117
13404	26	-0.290290508152701
13404	27	-0.12372736873801
13404	28	-0.185652744572941
13404	29	-0.114560906540135
13404	30	-0.0701462732118543
13404	31	-0.0658746405848447
13404	32	-0.193285760239384
13404	33	-0.130625787365815
13404	34	-0.188082317123317
13404	35	-0.131123948754045
13404	36	-0.173272745136678
13404	37	-0.148434912683975
13404	38	-0.254776435280355
13404	39	-0.101934852926306
13404	40	-0.24121749448333
13404	41	-0.20271729808465
13404	42	0.035941897481905
13404	43	-0.156962308115475
13404	44	-0.211405577973771
13404	45	-0.171144011639939
13404	46	-0.129033220501356
13404	47	-0.167268540642127
13404	48	-0.0044534406937089
13404	49	-0.0726305203105113
13404	50	-0.124569235051318
13404	51	-0.134717292618568
13404	52	-0.218902031481669
13404	53	-0.0301887359582338
13404	54	-0.0521461270644821
13404	55	-0.119338095297572
13404	56	-0.0071350681679121
13404	57	0.0173004485071075
13404	58	-0.153424101091034
13404	59	-0.0569614816946427
13404	60	-0.0436509381100976
13404	61	-0.106957165617999
13404	62	0.0542058209976446
13404	63	0.0101573216150328
13404	64	-0.163079364172262
13404	65	0.0546685257130406
13404	66	-0.157175396876831
13404	67	0.0276889252979799
13404	68	-0.142024448871055
13404	69	-0.400120265446844
13404	70	-0.130801001984899
13404	71	-0.22056137483947
13404	72	-0.207189969583595
13404	73	-0.290829969806467
13404	74	0.0297763715218906
13405	1	-1.08490995750594
13405	2	0.0723373952196198
13405	3	-0.0394879025781663
13405	4	0.0142283002315438
13405	5	0.0392888130490476
13405	6	0.0558232642154479
13405	7	0.0569674556971833
13405	8	-0.0277701336347818
13405	9	0.115113532593313
13405	10	-0.00963754490147295
13405	11	-0.065832395258191
13405	12	-0.0789587870981521
13405	13	0.0497545977365661
13405	14	0.00395029629899568
13405	15	0.00155662510581323
13405	16	-0.021025695913039
13405	17	-0.0330814727012836
13405	18	0.055025893094637
13405	19	0.0418651834029617
13405	20	-0.00880431881401478
13405	21	0.0721045595958145
13405	22	-0.00861845220215685
13405	23	0.0687245702253563
13405	24	0.00328073980654153
13405	25	0.0197454925471803
13405	26	0.107289327564089
13405	27	0.00625417470679679
13405	28	0.0337991023596871
13405	29	0.0809806670633009
13405	30	-0.043789158261859
13405	31	0.143513133437295
13405	32	0.159457701211394
13405	33	0.079764278826147
13405	34	0.0310048449282618
13405	35	0.0942683358193577
13405	36	0.0321759598139266
13405	37	0.0476336943873505
13405	38	-0.0667470244006054
13405	39	0.152633043140078
13405	40	0.14643096949743
13405	41	0.0945799019818025
13405	42	-0.134506657026073
13405	43	0.0343804381296735
13405	44	0.0642366934694678
13405	45	0.224900966501139
13405	46	0.154561824417236
13405	47	0.0702454381395654
13405	48	0.0550505276771105
13405	49	0.0236760058256351
13405	50	0.186342263310486
13405	51	-0.00180517130531399
13405	52	0.0852077378062432
13405	53	-0.044042710761147
13405	54	0.0779888631530241
13405	55	0.192606412842764
13405	56	0.0227961402705148
13405	57	0.00320964364583176
13405	58	-0.0279755808469204
13405	59	0.227912853891688
13405	60	0.04077914260386
13405	61	0.0731458872023651
13405	62	0.192554634583288
13405	63	-0.0361589120385233
13405	64	0.0716019864005091
13405	65	-0.0403052920024294
13405	66	-0.0649464411224301
13405	67	0.152957814263772
13405	68	0.110903701880559
13405	69	0.110949562835138
13405	70	0.0697354525868974
13405	71	0.131172876447721
13405	72	0.136653307768839
13405	73	0.0936221714247694
13405	74	0.077829871084738
13406	1	0.749911194743067
13406	2	-0.0900667464691516
13406	3	-0.0961478899956809
13406	4	0.143744299481398
13406	5	0.144398300077167
13406	6	0.046057518324389
13406	7	0.171187697240264
13406	8	0.0743364627473397
13406	9	0.0692849223113328
13406	10	0.0541109458007014
13406	11	0.121054474150938
13406	12	0.0756930835997167
13406	13	0.065239739409634
13406	14	0.128262855596965
13406	15	0.141445784675199
13406	16	0.188586787538959
13406	17	0.0348145268626752
13406	18	0.116139175192679
13406	19	0.0271870021911411
13406	20	-0.0049796865191496
13406	21	-0.0860536859511214
13406	22	0.148836763108932
13406	23	0.0954203188786522
13406	24	0.0848511855609715
13406	25	0.06781530040098
13406	26	-0.0666709313653655
13406	27	0.0852443793985245
13406	28	0.00971731435332401
13406	29	-0.0138097033624973
13406	30	0.147212886161157
13406	31	0.119159279196431
13406	32	0.153131352913029
13406	33	0.11299100284382
13406	34	0.0876823850060688
13406	35	0.221204555918632
13406	36	-0.0417869479901967
13406	37	0.136369199281638
13406	38	0.0879700107695172
13406	39	0.0280413246028886
13406	40	0.095971453961738
13406	41	-0.00448197350348778
13406	42	-0.183471474174532
13406	43	-0.0119112969551693
13406	44	0.135758382770945
13406	45	0.102850654198122
13406	46	-0.0412364106409271
13406	47	0.0221751269826171
13406	48	0.0908364425243988
13406	49	-0.0873104705940548
13406	50	0.0225364642158823
13406	51	0.0693652850116706
13406	52	0.0455822170746742
13406	53	-0.0725839203122405
13406	54	0.148149584709707
13406	55	-0.0246460001188922
13406	56	-0.0516102810398849
13406	57	0.0107403343899719
13406	58	-0.00207677312528176
13406	59	0.0734965862243797
13406	60	0.0150393690266739
13406	61	-0.07740317068194
13406	62	0.0722747857310893
13406	63	0.112631691084495
13406	64	0.167344633135791
13406	65	0.078782056042165
13406	66	-0.0839269622703753
13406	67	0.0629791866457197
13406	68	-0.00865281270612428
13406	69	0.107216150144239
13406	70	0.131305659048301
13406	71	0.0517384378514478
13406	72	0.0424652330072064
13406	73	0.0851845715030208
13406	74	-0.094033684729034
13407	1	0.0831130163680989
13407	2	-0.00656726728818668
13407	3	-0.123001110513208
13407	4	-0.126219831312795
13407	5	-0.120338036101391
13407	6	-0.117958002997824
13407	7	-0.0524305639691107
13407	8	-0.0476867983248042
13407	9	-0.0123309171221848
13407	10	-0.0148997006030385
13407	11	-0.116926335921974
13407	12	-0.0450382587280416
13407	13	-0.154307866848562
13407	14	-0.070243694176213
13407	15	-0.179653529046064
13407	16	-0.0826429596579601
13407	17	-0.24579241355746
13407	18	-0.0789082082307644
13407	19	-0.111025921962707
13407	20	-0.135515104174196
13407	21	-0.197780478790612
13407	22	-0.0843166687421899
13407	23	-0.125611817681794
13407	24	-0.193503392222738
13407	25	-0.0503403728670833
13407	26	0.00717362800343579
13407	27	-0.230981976266641
13407	28	-0.0549034548905141
13407	29	-0.0321541980373325
13407	30	-0.236874001092303
13407	31	-0.0259616854362292
13407	32	-0.148361770576628
13407	33	-0.159266005995072
13407	34	-0.126494805864638
13407	35	-0.181793714988295
13407	36	-0.0948631479347384
13407	37	-0.110935025632301
13407	38	0.0599387854971312
13407	39	-0.0805163748580924
13407	40	-0.00900112163291311
13407	41	0.0445566506096995
13407	42	-0.127566096826889
13407	43	0.0336972475562334
13407	44	0.0775829680233073
13407	45	-0.0205699908671804
13407	46	0.0975637124476521
13407	47	0.115709764243284
13407	48	-0.134479901880148
13407	49	0.0409895882449902
13407	50	0.0619506775649086
13407	51	-0.066251492329279
13407	52	-0.144066355774228
13407	53	-0.099486406453785
13407	54	-0.0496583658756435
13407	55	0.000866160317713138
13407	56	-0.0745366374912919
13407	57	-0.0489330013945946
13407	58	-0.0458283671452762
13407	59	0.0494480386352336
13407	60	0.0834083361115319
13407	61	-0.141675666309958
13407	62	-0.0534585649119634
13407	63	0.0818804173435055
13407	64	-0.158383052035234
13407	65	0.0906508770948449
13407	66	0.0601457956768456
13407	67	0.0145109971807713
13407	68	0.0576203235476953
13407	69	0.0444138991013503
13407	70	-0.0769794253722011
13407	71	0.0379142261732568
13407	72	-0.101267666080645
13407	73	-0.0028033803525318
13407	74	0.013302159019851
13408	1	-0.197292389037305
13408	2	-0.0940864754595694
13408	3	0.0149632752772639
13408	4	0.0998558262846032
13408	5	-0.126550184704843
13408	6	0.0459577522222787
13408	7	-0.0828111117409591
13408	8	0.0140143677241866
13408	9	-0.0940018020539384
13408	10	-0.0546154196665825
13408	11	0.0510592918462578
13408	12	0.0605660077457912
13408	13	-0.0170372350127153
13408	14	-0.0376575963727248
13408	15	-0.143356864488531
13408	16	0.0067541297391287
13408	17	-0.0577760527150133
13408	18	-0.109962171893422
13408	19	-0.0471621417945798
13408	20	-0.151695163832521
13408	21	-0.167006728451646
13408	22	-0.235871400731703
13408	23	0.0299201356762424
13408	24	-0.0547977969954019
13408	25	-0.115417657509589
13408	26	-0.248064553321704
13408	27	-0.0607704604029493
13408	28	-0.0291419073898354
13408	29	-0.113364086855917
13408	30	0.0495288733540491
13408	31	-0.100408038143449
13408	32	-0.0132944289875496
13408	33	-0.222594217149371
13408	34	-0.19224098682821
13408	35	-0.0355675557186643
13408	36	-0.238635135463383
13408	37	-0.118869968457531
13408	38	-0.152956630157121
13408	39	0.0104871632987269
13408	40	-0.0408756610103822
13408	41	-0.210706501603013
13408	42	0.0132212006431445
13408	43	-0.0135575861014559
13408	44	-0.107610257460813
13408	45	-0.105906663684671
13408	46	-0.23921908913691
13408	47	-0.24098951783602
13408	48	-0.128518980253077
13408	49	-0.11255792065139
13408	50	-0.12388607184544
13408	51	0.00435199270829401
13408	52	-0.0717316078306851
13408	53	-0.301216389623249
13408	54	-0.304567332232942
13408	55	-0.230604436929362
13408	56	-0.0720502858406036
13408	57	-0.242362148032569
13408	58	-0.175420371680488
13408	59	-0.128650766545633
13408	60	-0.219123659572787
13408	61	-0.178458986506719
13408	62	-0.144448246103309
13408	63	-0.0339374966679102
13408	64	-0.224293846027351
13408	65	-0.192424618403258
13408	66	-0.201598609312498
13408	67	-0.112898530306495
13408	68	-0.18053207516494
13408	69	-0.28437205175355
13408	70	-0.293151015108919
13408	71	-0.158498522759011
13408	72	-0.15807903357846
13408	73	-0.13296457559337
13408	74	-0.067484891243943
13409	1	-0.819543684472958
13409	2	0.212533312724464
13409	3	0.176332662344976
13409	4	0.0899740124921742
13409	5	-0.0153648880446866
13409	6	0.108814131838436
13409	7	0.174242811234748
13409	8	0.00908797899891312
13409	9	0.0288408392244577
13409	10	0.208292063911294
13409	11	0.0468535021656109
13409	12	0.139181820439816
13409	13	0.154074757328331
13409	14	0.0774366555930328
13409	15	0.160712869190142
13409	16	0.0153679679619074
13409	17	-0.0140579408404733
13409	18	0.118370163142821
13409	19	0.0353468636194521
13409	20	0.0273528755507186
13409	21	0.0800523878812101
13409	22	0.112449220214614
13409	23	0.0331516316451683
13409	24	0.125451517332124
13409	25	0.101656707050815
13409	26	0.143626075240434
13409	27	0.114616013307547
13409	28	0.0456565389169867
13409	29	0.0255744772223068
13409	30	0.100288381096796
13409	31	-0.0159842933845127
13409	32	0.122385759765265
13409	33	0.0966215361445961
13409	34	0.0689858732813349
13409	35	0.20441250046251
13409	36	0.0856440891495751
13409	37	-0.108040571099004
13409	38	-0.0297715518749584
13409	39	-0.0765279464712378
13409	40	0.10024406915668
13409	41	0.211302430873154
13409	42	-0.000908675592313557
13409	43	-0.0740895986965739
13409	44	0.0278449908769716
13409	45	-0.00811020263652296
13409	46	-0.160033605894434
13409	47	0.0768060408368285
13409	48	0.0413513038041273
13409	49	-0.121443075477366
13409	50	-0.00621145610427476
13409	51	-0.00172231476264528
13409	52	-0.0429573668865686
13409	53	0.0317154192993314
13409	54	0.0671518718270079
13409	55	-0.121353101543285
13409	56	0.0661948458812063
13409	57	-0.0529790779771844
13409	58	-0.106129796507886
13409	59	-0.00509528509434176
13409	60	0.133975226711058
13409	61	0.0428227568026287
13409	62	0.0308059990996981
13409	63	0.142754764485126
13409	64	0.020573838600491
13409	65	-0.0623527649979607
13409	66	-0.195374120130765
13409	67	-0.0883010024634174
13409	68	-0.0881166449632502
13409	69	0.0207214646621239
13409	70	0.0740500566163789
13409	71	0.0749079192109718
13409	72	-0.0209299218033863
13409	73	-0.0673786423728373
13409	74	0.140263658677547
13410	1	-0.499948056285067
13410	2	0.0292990631488443
13410	3	-0.0991045222219888
13410	4	-0.0618466473606816
13410	5	-0.128419712899017
13410	6	-0.162858160798848
13410	7	-0.120719590187704
13410	8	-0.175443745367232
13410	9	-0.152336781919615
13410	10	-0.13467623353732
13410	11	-0.0259020778821366
13410	12	0.00653398516877246
13410	13	-0.0729823241789944
13410	14	-0.0684701906840601
13410	15	-0.214075108125193
13410	16	-0.134140662963908
13410	17	-0.0531130731151066
13410	18	-0.0800860902091003
13410	19	-0.0858364763478008
13410	20	-0.173207327480931
13410	21	-0.137909616848226
13410	22	0.00609051978361919
13410	23	-0.146468415649231
13410	24	-0.00857803126343981
13410	25	-0.125188267868928
13410	26	-0.0620548909453476
13410	27	-0.200737483128592
13410	28	-0.140896574653333
13410	29	-0.0860670868087112
13410	30	-0.0272662111786346
13410	31	-0.149801735392487
13410	32	-0.0981164898398816
13410	33	0.00290197192965991
13410	34	-0.172989147811862
13410	35	-0.131506944677398
13410	36	-0.00832054745792732
13410	37	0.00414317513944695
13410	38	-0.0176972261851418
13410	39	-0.139998785652793
13410	40	0.0946550391722667
13410	41	-0.140742785213398
13410	42	-0.151038720633991
13410	43	-0.163253849944425
13410	44	-0.0555613586984975
13410	45	-0.123373088792093
13410	46	-0.0724002733916151
13410	47	-0.0898299874294324
13410	48	-0.164670210286495
13410	49	-0.133711534228752
13410	50	-0.00482818725018319
13410	51	-0.199781327392166
13410	52	0.126175529815654
13410	53	-0.109101931373381
13410	54	-0.117469722255983
13410	55	-0.0459115340949339
13410	56	-0.182924376179038
13410	57	-0.0661464579022635
13410	58	-0.147328069879578
13410	59	-0.0127195929116937
13410	60	-0.0465189279978659
13410	61	-0.0434551230057139
13410	62	-0.0136893607792175
13410	63	-0.017686698876048
13410	64	-0.134304698343144
13410	65	-0.0182880932707548
13410	66	-0.151910822974003
13410	67	-0.154007624946694
13410	68	-0.1769525078955
13410	69	-0.139667761041082
13410	70	-0.229635802018393
13410	71	-0.15847740517966
13410	72	-0.101061446244145
13410	73	-0.123743836331187
13410	74	0.101335806434498
13411	1	-0.586811000551844
13411	2	0.17925529808587
13411	3	0.251452090584817
13411	4	0.212738441000209
13411	5	0.207556881785113
13411	6	0.298733071800036
13411	7	0.33199341548719
13411	8	0.226092057194954
13411	9	0.320949229190369
13411	10	0.301079394684038
13411	11	0.408918639522312
13411	12	0.188414050054121
13411	13	0.323384747364464
13411	14	0.190864957200745
13411	15	0.258369003632453
13411	16	0.318203037522046
13411	17	0.32188106013966
13411	18	0.157997907879285
13411	19	0.288138127925244
13411	20	0.282547821123295
13411	21	0.352452476954603
13411	22	0.3599003070563
13411	23	0.256948856391318
13411	24	0.20430260059787
13411	25	0.234566887586979
13411	26	0.21280066721765
13411	27	0.272217078287241
13411	28	0.282250261843473
13411	29	0.271072613670391
13411	30	0.226868174114941
13411	31	0.244389587305903
13411	32	0.308186193104071
13411	33	0.24160587515663
13411	34	0.194090103779871
13411	35	0.405937963587263
13411	36	-0.00637370223212486
13411	37	-0.00323123859466534
13411	38	0.00500613556426543
13411	39	-0.0819203612208668
13411	40	-0.101182350088621
13411	41	0.0381014966661937
13411	42	-0.0977708720946211
13411	43	-0.0789878264033632
13411	44	-0.134388450774246
13411	45	-0.119035855368061
13411	46	0.0649864960439928
13411	47	0.058973960136683
13411	48	0.0400916819233714
13411	49	0.260223019187897
13411	50	0.0234075244811933
13411	51	-0.0991380730400309
13411	52	0.0591039284542276
13411	53	-0.144971490473345
13411	54	-0.0311912866237876
13411	55	-0.0920642704019627
13411	56	-0.161637697826436
13411	57	-0.136263221103775
13411	58	0.0412382243654648
13411	59	-0.0696628780426494
13411	60	0.130955799689914
13411	61	-0.019300940786934
13411	62	0.0351003846284357
13411	63	0.0493366671588547
13411	64	-0.0599903683871972
13411	65	-0.0302199710099131
13411	66	0.0390341942081278
13411	67	0.0591589988754464
13411	68	-0.0396485014682781
13411	69	-0.0736548484124739
13411	70	0.0199250764824868
13411	71	-0.14458756886274
13411	72	-0.0806830181704186
13411	73	-0.0741308908501281
13411	74	0.152464985230054
13412	1	-0.566945258690176
13412	2	0.251874170501075
13412	3	0.285414145728137
13412	4	0.311218937647713
13412	5	0.333755575600915
13412	6	0.243364249628776
13412	7	0.319009590079744
13412	8	0.394223947933767
13412	9	0.284926776874642
13412	10	0.409642544591385
13412	11	0.388542229329197
13412	12	0.208922756102538
13412	13	0.249694531719058
13412	14	0.336195277480151
13412	15	0.363123741992077
13412	16	0.258848881833877
13412	17	0.405532710593754
13412	18	0.232441070509815
13412	19	0.175412880780442
13412	20	0.369231357094002
13412	21	0.277026115581201
13412	22	0.215276250415947
13412	23	0.37312977888589
13412	24	0.316682074484469
13412	25	0.423959481867556
13412	26	0.171948466691319
13412	27	0.203369903737418
13412	28	0.301114922866994
13412	29	0.275018701526868
13412	30	0.335070358895535
13412	31	0.323063685328272
13412	32	0.239640323947206
13412	33	0.19844150388635
13412	34	0.267182772595554
13412	35	0.179292059140955
13412	36	-0.0278030445696729
13412	37	-0.0796379547536858
13412	38	-0.00199757250792487
13412	39	-0.0500606204004654
13412	40	-0.131795145635849
13412	41	-0.132147969479341
13412	42	0.0197869653515141
13412	43	0.0751499594722844
13412	44	-0.209675330620513
13412	45	-0.0630447180352789
13412	46	-0.108333437244994
13412	47	0.0871403368108403
13412	48	0.120995172683124
13412	49	0.0903640238612624
13412	50	0.0466449660641075
13412	51	0.038888183002598
13412	52	0.0387733771737757
13412	53	-0.0290227378440306
13412	54	-0.0335582377192409
13412	55	-0.0480770082472475
13412	56	-0.041933783268675
13412	57	-0.0286547047140573
13412	58	-0.162179603291911
13412	59	-0.0877898130271717
13412	60	-0.00259105868559573
13412	61	-0.0306257504310707
13412	62	-0.158085182453526
13412	63	-0.0898130278758984
13412	64	-0.0032170654350594
13412	65	0.0918319316477252
13412	66	0.0684053728576544
13412	67	0.100525181195444
13412	68	0.0501663992867094
13412	69	-0.0690629496415198
13412	70	0.022518999936274
13412	71	0.0388885491726114
13412	72	-0.0454751252881067
13412	73	-0.213192062945424
13412	74	0.196698623666315
13501	1	1.04432780464001
13501	2	-0.104402878227521
13501	3	-0.085975845519048
13501	4	0.137815534220508
13501	5	0.193496103311521
13501	6	0.0431422984717642
13501	7	0.236121096956637
13501	8	0.13275486429535
13501	9	0.149682407356217
13501	10	0.0838251944625767
13501	11	0.109814534416529
13501	12	0.129132358733088
13501	13	0.133731062644401
13501	14	0.127906890511042
13501	15	0.159689958653502
13501	16	0.123880200962446
13501	17	0.0661491541071726
13501	18	0.158322831651695
13501	19	0.186628534294634
13501	20	0.133538831704094
13501	21	0.265091056043282
13501	22	0.141442947068875
13501	23	0.159974899461034
13501	24	0.142992282467581
13501	25	0.164226430907028
13501	26	0.181879862885886
13501	27	0.173718777350487
13501	28	0.185415914104404
13501	29	0.0999549576089933
13501	30	0.0554808562526503
13501	31	0.0555681561870429
13501	32	0.165202143592673
13501	33	0.173690158665778
13501	34	0.1577716313925
13501	35	0.250214713878634
13501	36	0.0704800611647798
13501	37	0.162701281215377
13501	38	0.211912907430261
13501	39	0.0929922565662693
13501	40	0.103888202957322
13501	41	0.164173759882537
13501	42	0.255484924429169
13501	43	0.063974562229447
13501	44	0.103740665587253
13501	45	0.126031185054998
13501	46	0.0629014409035662
13501	47	0.291497724624712
13501	48	0.0153243566388639
13501	49	0.190218673843802
13501	50	0.11118659923531
13501	51	0.166711072517636
13501	52	0.136917254744127
13501	53	0.236635719965214
13501	54	0.077399808956983
13501	55	0.0833317078261686
13501	56	0.279983417855782
13501	57	0.161970865150217
13501	58	0.1321748587145
13501	59	0.125974241070921
13501	60	0.212483099992674
13501	61	0.145341386903297
13501	62	0.0554474946300445
13501	63	0.105446822456919
13501	64	0.29731135170212
13501	65	0.113229600098144
13501	66	0.061776069174627
13501	67	0.18346522341961
13501	68	0.0687932390458741
13501	69	0.107680545657466
13501	70	0.0945815986724554
13501	71	0.20331132715075
13501	72	0.106629741692558
13501	73	0.141319519127407
13501	74	-0.0563283059350397
13502	1	0.176706391831164
13502	2	0.134940781258905
13502	3	0.0234762881812145
13502	4	0.0841627470646102
13502	5	0.0395232105470207
13502	6	0.0841806177114321
13502	7	0.0177597304021191
13502	8	0.0122130567160781
13502	9	-0.044821182122611
13502	10	0.115056622172602
13502	11	-0.00580877691982806
13502	12	0.0347887377758838
13502	13	-0.0647541609166069
13502	14	0.0272898690704935
13502	15	-0.0686875612781463
13502	16	-0.0541781525104383
13502	17	0.0551303980809621
13502	18	-0.0570032748835345
13502	19	0.0533048974826613
13502	20	-0.0255629027852464
13502	21	0.0590209935392494
13502	22	-0.0126590185958122
13502	23	-0.133961178630003
13502	24	0.0594538211514006
13502	25	-0.130142498934141
13502	26	0.0105169253022694
13502	27	-0.0397650302615418
13502	28	-0.11114617140543
13502	29	0.0642767758415985
13502	30	-0.0231256235922359
13502	31	0.0158834167457371
13502	32	0.0306959004135479
13502	33	-0.0332167104205894
13502	34	-0.0538660243739244
13502	35	0.0308378614657911
13502	36	0.134387489064785
13502	37	0.126027107434673
13502	38	0.120226287513347
13502	39	0.15677033726692
13502	40	0.146464262396783
13502	41	0.003695208319904
13502	42	0.0757959030531339
13502	43	0.17238616450836
13502	44	0.160145237392456
13502	45	-0.062583991380933
13502	46	0.0414852098965781
13502	47	0.0247179612041464
13502	48	0.0552912015639961
13502	49	0.110519166676021
13502	50	-0.0368827667737435
13502	51	0.0382269185462647
13502	52	0.0426886844568628
13502	53	-0.00288747610410667
13502	54	0.108835232988561
13502	55	0.203517574045975
13502	56	0.109081498632158
13502	57	0.230456965179549
13502	58	0.102493823722554
13502	59	0.0386508000811006
13502	60	0.104530323552495
13502	61	0.141591609731748
13502	62	0.0899011548679312
13502	63	0.166519939020894
13502	64	0.0554560514565452
13502	65	-0.0898273035026165
13502	66	0.00902385132474137
13502	67	0.193217404428495
13502	68	0.167471392497298
13502	69	0.225152812299996
13502	70	0.212335271142528
13502	71	0.0770457067137684
13502	72	0.0319398544462501
13502	73	0.106400549358312
13502	74	0.105381390828384
13503	1	-0.203549785051329
13503	2	-0.102144515337443
13503	3	-0.108321472489866
13503	4	-0.0233106607758202
13503	5	0.0144961733411506
13503	6	-0.100732647137939
13503	7	-0.138952776890982
13503	8	-0.129157058193336
13503	9	-0.122310817431604
13503	10	-0.0517653819454935
13503	11	-0.0822239984293986
13503	12	-0.0878125141162016
13503	13	-0.0920527350191307
13503	14	-0.0611232090137861
13503	15	-0.174737335462169
13503	16	-0.0707957440330489
13503	17	-0.0764737803121207
13503	18	0.054171606188774
13503	19	0.101130138862395
13503	20	-0.163557482995962
13503	21	-0.187080992550612
13503	22	-0.118533218155598
13503	23	-0.0664422525858868
13503	24	-0.202783022714009
13503	25	-0.0789643610490245
13503	26	-0.102582588079478
13503	27	-0.12641104300684
13503	28	-0.032318181543225
13503	29	-0.17426019490059
13503	30	-0.201237140361478
13503	31	0.0115164320810521
13503	32	-0.135504711023472
13503	33	-0.0842672512161542
13503	34	-0.0728795342302888
13503	35	-0.134704312973838
13503	36	0.0192782397070346
13503	37	-0.022385687440611
13503	38	-0.0668731431092411
13503	39	0.0914200094101432
13503	40	0.117235110939681
13503	41	0.0753160062944929
13503	42	0.0322314736712741
13503	43	0.137310512980925
13503	44	-0.0462504813807811
13503	45	-0.00968284404966369
13503	46	0.00536738239144086
13503	47	-0.0594832939615202
13503	48	-0.0036801519921994
13503	49	0.00315025915239175
13503	50	0.0770767651847564
13503	51	0.116062944050192
13503	52	-0.0132431940193527
13503	53	0.0588299595259016
13503	54	-0.0570196843596662
13503	55	-0.0467524802866208
13503	56	0.145189582346084
13503	57	-0.0627153259186102
13503	58	0.155652600221465
13503	59	-0.0731211053954226
13503	60	0.0816336301612424
13503	61	0.0410915138697376
13503	62	0.0488170204181984
13503	63	0.0270734630716163
13503	64	-0.00981593287987437
13503	65	0.0594644072571882
13503	66	0.0499183953542826
13503	67	0.10910774088201
13503	68	0.171633306577746
13503	69	0.11670141090103
13503	70	-0.0587070751023333
13503	71	0.0883478859269218
13503	72	0.0620841494678217
13503	73	-0.0181846162729258
13503	74	-0.196156001263184
13504	1	0.62956600782109
13504	2	0.0129205315474366
13504	3	-0.0941766338626451
13504	4	-0.102792976364203
13504	5	-0.0478191459738078
13504	6	-0.0727740565095303
13504	7	-0.0781310470608929
13504	8	0.0214733651831835
13504	9	-0.0365728346249696
13504	10	0.0774073723562125
13504	11	-0.150639329852361
13504	12	0.0112382184180007
13504	13	-0.0252808632563415
13504	14	0.018355339640209
13504	15	-0.0693574804891455
13504	16	0.0622288352138298
13504	17	-0.0695747745137325
13504	18	0.0361370042057487
13504	19	-0.0394744541068874
13504	20	-0.0822164543538122
13504	21	-0.0730412244861398
13504	22	0.00281574795544515
13504	23	0.00814143389754207
13504	24	-0.07852383072143
13504	25	-0.0637690858610114
13504	26	-0.0625451878023355
13504	27	-0.0740452736777613
13504	28	-0.084971583219513
13504	29	-0.0704850539768884
13504	30	-0.0875559037307312
13504	31	-0.0601038878393041
13504	32	-0.0419292176223323
13504	33	0.112963648408495
13504	34	-0.107088141675362
13504	35	0.0042052940541879
13504	36	0.009425549088661
13504	37	0.00336572986820016
13504	38	0.165510052833909
13504	39	0.00815870942015806
13504	40	0.0102041383529681
13504	41	0.197716520087987
13504	42	0.145763726889662
13504	43	-0.0320532193337826
13504	44	-0.171273471118212
13504	45	0.0520402192487097
13504	46	0.0426424077545065
13504	47	-0.00692265367353428
13504	48	-0.0371461193455858
13504	49	0.0519374507967285
13504	50	0.0905447786527702
13504	51	-0.0800569292888937
13504	52	-0.0476336057107076
13504	53	-0.00199074976942626
13504	54	0.0627452737302363
13504	55	-0.0143753237995625
13504	56	-0.0337011728706642
13504	57	-0.0628286076539339
13504	58	0.0555344959635207
13504	59	0.0702872384517619
13504	60	0.16869735296703
13504	61	-0.0139309182442702
13504	62	0.0217569755779863
13504	63	0.0451418612989869
13504	64	0.050715376418033
13504	65	-0.0371528719260183
13504	66	0.137253001781332
13504	67	-0.0106896755058585
13504	68	0.153732510065822
13504	69	0.040181599276373
13504	70	-0.067091020375166
13504	71	-0.0996064532427141
13504	72	-0.0212001830193884
13504	73	-0.0498026611388696
13504	74	-0.115403557769845
13505	1	0.247914578779003
13505	2	0.15289527278237
13505	3	0.138335789606042
13505	4	0.226943728465166
13505	5	0.131509300337591
13505	6	0.231888656611297
13505	7	0.170214229275487
13505	8	0.13500519946372
13505	9	0.115853654132131
13505	10	0.178406191783495
13505	11	0.14248699142815
13505	12	0.114776641941603
13505	13	0.172759935140277
13505	14	0.111146707731798
13505	15	0.0907976412745768
13505	16	0.133528563407559
13505	17	0.152105757018539
13505	18	0.0088050985417496
13505	19	0.159238996185508
13505	20	0.188360378965797
13505	21	0.0307456684111997
13505	22	0.163368969820752
13505	23	0.136452116707851
13505	24	0.235378648481266
13505	25	0.094116316220088
13505	26	0.018594202143575
13505	27	0.0493328115980276
13505	28	0.159605744293323
13505	29	0.057348183263322
13505	30	-0.00460886477183209
13505	31	-0.0616378087134777
13505	32	0.0217673477347162
13505	33	0.031869010405039
13505	34	0.25639317507504
13505	35	0.162798216108932
13505	36	-0.0902470329880245
13505	37	0.0254735630198724
13505	38	0.0200967743551601
13505	39	-0.0746716319027811
13505	40	-0.0623662007897394
13505	41	-0.0733260388552495
13505	42	0.00760986385573403
13505	43	0.0800963147013363
13505	44	0.0558903797429693
13505	45	-0.0184941711271804
13505	46	0.0465666101793687
13505	47	-0.131550382497686
13505	48	-0.0481373845831143
13505	49	0.0722482214026527
13505	50	-0.0661637015504013
13505	51	-0.0247918480497873
13505	52	-0.129188286959376
13505	53	-0.0874712279023768
13505	54	0.03971516803648
13505	55	-0.010609113863012
13505	56	0.153911531879707
13505	57	-0.0818953607913997
13505	58	0.0696410406600592
13505	59	-0.00305382152858158
13505	60	-0.0444646531331827
13505	61	-0.0706527129761909
13505	62	-0.018376785070096
13505	63	-0.18388001083207
13505	64	-0.0352810001732848
13505	65	-0.0864412863481476
13505	66	0.0542687487625244
13505	67	-0.0863190228028685
13505	68	-0.0397173127264878
13505	69	0.0275787732325696
13505	70	0.0134191270600397
13505	71	0.0436951385894417
13505	72	-0.0802906669810568
13505	73	-0.120781031826084
13505	74	-0.0582616937940017
13506	1	-0.16937575297359
13506	2	-0.0678720129797874
13506	3	-0.0778771332084212
13506	4	-0.0174635950723108
13506	5	-0.164849240235334
13506	6	-0.0959391610517102
13506	7	-0.0901409805704674
13506	8	-0.142704316463856
13506	9	-0.11772880674706
13506	10	-0.0431074611506901
13506	11	-0.252163536106202
13506	12	-0.0654837234229007
13506	13	-0.126802399211904
13506	14	-0.0894280457639383
13506	15	-0.168724886828436
13506	16	-0.133361167189435
13506	17	-0.103273671680547
13506	18	-0.152603149069371
13506	19	-0.047321926669575
13506	20	-0.135425885847305
13506	21	-0.258920954251955
13506	22	-0.0668979960697627
13506	23	-0.169126850969874
13506	24	-0.234121844019519
13506	25	-0.100924150081688
13506	26	-0.119077538465909
13506	27	-0.0269438824523576
13506	28	-0.0176234564337534
13506	29	-0.0892596540997204
13506	30	-0.116132367721754
13506	31	-0.192719177967206
13506	32	-0.0616023731138
13506	33	-0.0256977310675879
13506	34	-0.0904644668108787
13506	35	-0.112484337177619
13506	36	-0.0424912473699948
13506	37	0.0498612627737032
13506	38	0.0532885222800843
13506	39	-0.106968661731599
13506	40	0.0259041776030671
13506	41	0.0105185520930675
13506	42	-0.0670597218356264
13506	43	-0.081665843365343
13506	44	-0.0165989177651653
13506	45	-0.0143889127103236
13506	46	0.0745656496975613
13506	47	0.0259200024162354
13506	48	-0.04912991929627
13506	49	0.0189915607079811
13506	50	0.00758986111138427
13506	51	-0.0934170027993417
13506	52	0.100907493958218
13506	53	0.0242091969359421
13506	54	0.124655267030143
13506	55	0.0231445472439802
13506	56	0.0518140805523473
13506	57	0.14459777627799
13506	58	-0.222210970059038
13506	59	-0.00908466786552964
13506	60	-0.0602772300876069
13506	61	0.0735933969774436
13506	62	0.0495149255492464
13506	63	0.0490580369972022
13506	64	0.0168795624590032
13506	65	-0.0333956101196549
13506	66	-0.0295865256514176
13506	67	0.0446839024762582
13506	68	0.027639360689129
13506	69	0.0864299023739861
13506	70	0.0215687603335581
13506	71	0.136997600513524
13506	72	0.0224532869617633
13506	73	0.0337901367033808
13506	74	0.111806095359732
13507	1	0.00673366655124852
13507	2	-0.172752418188015
13507	3	-0.146665059788571
13507	4	-0.208530410226636
13507	5	-0.225286077190738
13507	6	-0.0903038184142915
13507	7	-0.149480253410104
13507	8	-0.0641466744993551
13507	9	-0.261468667958304
13507	10	-0.127961344575006
13507	11	-0.0746985229740531
13507	12	-0.222362972058185
13507	13	-0.065130400293377
13507	14	-0.213747834962966
13507	15	-0.0754619778436449
13507	16	-0.183232474309975
13507	17	-0.206641573455528
13507	18	-0.145949636005888
13507	19	-0.0994546128370501
13507	20	-0.162909245359103
13507	21	-0.205071647766566
13507	22	-0.161977572150377
13507	23	-0.167791105785
13507	24	-0.238325418023024
13507	25	-0.132277683744611
13507	26	-0.122260796267945
13507	27	-0.229088263095747
13507	28	-0.0581048504152761
13507	29	-0.142150067204398
13507	30	-0.193676935476759
13507	31	-0.186157128580042
13507	32	-0.135634574765191
13507	33	-0.137319089686741
13507	34	-0.115259437971659
13507	35	-0.202527510178612
13507	36	0.114744432484841
13507	37	0.0666315541918792
13507	38	0.0671137923780876
13507	39	-0.0198825550111295
13507	40	-0.022597920241445
13507	41	0.0678354868139763
13507	42	-0.0582175059205667
13507	43	-0.0239906620345351
13507	44	-0.0283209823084221
13507	45	-0.0503556950082285
13507	46	0.111499022963407
13507	47	0.00482933366465232
13507	48	-0.00039255129704685
13507	49	-0.0633062406138407
13507	50	0.0459068023117268
13507	51	0.0170251364767964
13507	52	0.103475586218707
13507	53	0.0513704414884941
13507	54	0.0315600452174749
13507	55	-0.036021379298198
13507	56	0.181433244653398
13507	57	-0.141781963083488
13507	58	-0.0882968909859159
13507	59	-0.0327288333088234
13507	60	0.00249833703747981
13507	61	0.00523066302709196
13507	62	0.133436354953851
13507	63	0.0561575242219092
13507	64	0.0628186318530197
13507	65	0.0811877629753752
13507	66	0.0234092608374183
13507	67	-0.00856343694346151
13507	68	-0.0134413202879244
13507	69	-0.0595574994666066
13507	70	-0.0902741705583168
13507	71	0.080693040576385
13507	72	0.0162376546855398
13507	73	0.108226721626075
13507	74	-0.211586205029498
13508	1	-0.177453815600533
13508	2	-0.00228575419857791
13508	3	-0.123375923106909
13508	4	-0.0709061420036043
13508	5	-0.103197567873966
13508	6	-0.0185461704525594
13508	7	-0.22896729560329
13508	8	0.0255746478751746
13508	9	-0.12205009599429
13508	10	-0.057181444346547
13508	11	0.0388947919756149
13508	12	-0.0279122063696065
13508	13	-0.0260210487191657
13508	14	-0.00802480362149538
13508	15	-0.0492764099133183
13508	16	-0.0214043481944657
13508	17	0.0692952349259954
13508	18	-0.0290293015302723
13508	19	0.0182700069958912
13508	20	-0.0937379158452885
13508	21	-0.10892106234499
13508	22	0.0548252987356079
13508	23	-0.0357432904069697
13508	24	0.0198803005462693
13508	25	-0.0523009310495297
13508	26	0.0565047316823666
13508	27	-0.156884409665324
13508	28	-0.135603489488602
13508	29	-0.0662477281953358
13508	30	-0.0022269015651446
13508	31	-0.00246381898484316
13508	32	-0.172119122669812
13508	33	-0.239994872331131
13508	34	-0.065573343518885
13508	35	-0.0208549535997591
13508	36	-0.0142817983476462
13508	37	-0.051495819499408
13508	38	-0.129669029579446
13508	39	-0.050190833400265
13508	40	0.0512180309640371
13508	41	-0.120336814167487
13508	42	-0.0344377894538255
13508	43	-0.189467943023267
13508	44	-0.0129360313814857
13508	45	-0.100699569962792
13508	46	-0.0622075726426203
13508	47	-0.132093017934388
13508	48	-0.0828216212100017
13508	49	-0.0101286127420934
13508	50	0.0336412091441574
13508	51	-0.0181594430216592
13508	52	-0.101372156283141
13508	53	0.0138183449023899
13508	54	-0.0849528148905492
13508	55	-0.0650586196555807
13508	56	0.094510686045119
13508	57	0.0743169731146551
13508	58	-0.0500176456544423
13508	59	-0.0074433953013795
13508	60	-0.0540641741502128
13508	61	-0.0984022241622
13508	62	-0.0494251599658142
13508	63	0.144944359277403
13508	64	-0.178283549547672
13508	65	0.0180419535609104
13508	66	0.0825575045442406
13508	67	0.0295535300637795
13508	68	-0.0625210748891547
13508	69	0.128853858937077
13508	70	-0.222512859644873
13508	71	-0.100235722625818
13508	72	-0.10997970708722
13508	73	-0.16217851247108
13508	74	0.0418859440012724
13509	1	-0.0632370036788679
13509	2	-0.0542563251305381
13509	3	-0.113078484335603
13509	4	-0.116044127738956
13509	5	-0.160701857426883
13509	6	-0.113034667082879
13509	7	0.0176429249751777
13509	8	-0.124780461241897
13509	9	-0.0813506951362655
13509	10	-0.108942700725059
13509	11	-0.0895880626506838
13509	12	-0.202303603374006
13509	13	-0.0594586300029789
13509	14	0.027460990339307
13509	15	-0.0940448856903231
13509	16	-0.130412018596047
13509	17	-0.0656065993393042
13509	18	-0.0815809296625929
13509	19	-0.0130774987002553
13509	20	-0.144720522084981
13509	21	-0.102036288053057
13509	22	-0.0678439139402585
13509	23	-0.170460369693096
13509	24	-0.0698260562529995
13509	25	-0.171057357006319
13509	26	-0.0311235502302907
13509	27	-0.118304946604596
13509	28	-0.0220202029486956
13509	29	-0.223776744774163
13509	30	-0.119745859881967
13509	31	-0.225021843769916
13509	32	-0.178201245420794
13509	33	-0.111739751938984
13509	34	-0.036831943556173
13509	35	0.0187942463721029
13509	36	0.0852713857956147
13509	37	0.0497979155039658
13509	38	0.0506940737787502
13509	39	0.00984167465419006
13509	40	0.00677777902661347
13509	41	0.0320983874114731
13509	42	0.0819715217817745
13509	43	0.131731952486561
13509	44	0.0171890665780552
13509	45	0.0594925758590534
13509	46	0.0579503236218528
13509	47	0.0765854716020868
13509	48	-0.0896512151495727
13509	49	0.0894483006207878
13509	50	0.112598923839009
13509	51	0.0726873178964738
13509	52	0.166270010763142
13509	53	0.0454833045474672
13509	54	0.0499731523183797
13509	55	-0.00659196601220913
13509	56	0.0726062368047806
13509	57	-0.0327496590882745
13509	58	-0.0331250507778336
13509	59	-0.00630039408886773
13509	60	-0.0286798704147273
13509	61	-0.0391818694386927
13509	62	0.0946602289830949
13509	63	0.113967838956981
13509	64	0.202908974016516
13509	65	0.162822117543037
13509	66	0.152349407965367
13509	67	-0.082487102990136
13509	68	0.14367971827641
13509	69	-0.0348791846885206
13509	70	0.0532685252779572
13509	71	-0.0688013036136894
13509	72	-0.23453858298101
13509	73	-0.0153554163965879
13509	74	-0.207962752729514
13510	1	-0.0441297427239746
13510	2	-0.241365261094522
13510	3	-0.132924971241117
13510	4	-0.2286037186133
13510	5	-0.147750310014558
13510	6	-0.175510080204461
13510	7	-0.191984352421052
13510	8	-0.178324652012094
13510	9	-0.177862480435167
13510	10	-0.0868826711119155
13510	11	-0.142652438851769
13510	12	-0.26779670691829
13510	13	-0.0910554049212919
13510	14	-0.15812579903271
13510	15	-0.243200227345589
13510	16	-0.165347371129499
13510	17	-0.187511478340845
13510	18	-0.144769793002418
13510	19	-0.202215825615383
13510	20	-0.183108030861824
13510	21	-0.124321683026878
13510	22	-0.175853743453771
13510	23	-0.267530950815939
13510	24	-0.29490829737987
13510	25	-0.182794412557577
13510	26	-0.142314546201831
13510	27	-0.203418482503025
13510	28	-0.184355076301635
13510	29	-0.162468407193117
13510	30	-0.252826379686134
13510	31	-0.187623599331616
13510	32	-0.0883663396758934
13510	33	-0.252679940385775
13510	34	-0.146827607168255
13510	35	-0.167376287527389
13510	36	0.020893427190174
13510	37	0.080669343581782
13510	38	-0.0066728463733412
13510	39	-0.0267927302311648
13510	40	0.0308560138462965
13510	41	-0.00412122314273944
13510	42	0.0804534897504325
13510	43	0.0474682124243415
13510	44	-0.0347322377196804
13510	45	0.136652963000429
13510	46	0.0544706600661442
13510	47	0.0378497301572196
13510	48	-0.0558987667108113
13510	49	-0.011661119944705
13510	50	0.0760531582498203
13510	51	-0.0293703416564952
13510	52	0.0537967100053223
13510	53	-0.0644571276650439
13510	54	0.0732855840815105
13510	55	-0.00749811262015498
13510	56	0.0166044435518913
13510	57	0.0675034474785789
13510	58	-0.187303508805599
13510	59	0.0767947653075751
13510	60	0.0720833070663645
13510	61	-0.0834427482280304
13510	62	0.0636816139053309
13510	63	-0.0304776468205787
13510	64	0.0650351679700165
13510	65	0.0578647260066063
13510	66	0.0768760925238183
13510	67	0.0727327775863174
13510	68	0.192530532127442
13510	69	0.0363764242383198
13510	70	-0.109904787466164
13510	71	0.150156986712808
13510	72	0.052884076485725
13510	73	-0.0355669746331699
13510	74	0.282930063203253
13511	1	0.204497832596257
13511	2	-0.0446353831886341
13511	3	-0.164103554442306
13511	4	-0.00675363228308257
13511	5	-0.0368652454115512
13511	6	-0.00701128142560492
13511	7	-0.0759535842568013
13511	8	0.00298565330121647
13511	9	-0.0970564850041811
13511	10	-0.0400112249057258
13511	11	0.0101666159666394
13511	12	0.0659914199597154
13511	13	-0.0116726186820415
13511	14	0.00337419661729399
13511	15	-0.00168275989014433
13511	16	-0.040724043065417
13511	17	-0.0157166231882186
13511	18	-0.0470573538972232
13511	19	0.0443466739962233
13511	20	0.0463381203626483
13511	21	-0.0783892842206271
13511	22	-0.0307017344654312
13511	23	-0.0357857906040948
13511	24	0.0433092332265161
13511	25	0.0135381654410125
13511	26	-0.0682580920530995
13511	27	0.091304858252002
13511	28	0.0169536243453834
13511	29	-0.172501576280617
13511	30	-0.0161215301553668
13511	31	-0.0436234424554627
13511	32	-0.0784429562770654
13511	33	-0.0983517811575823
13511	34	0.0254704669145767
13511	35	-0.0594294746197477
13511	36	0.175351203355476
13511	37	0.150520074378925
13511	38	0.00848773895543076
13511	39	0.0265761927500705
13511	40	0.0801554506314801
13511	41	0.0134887419586747
13511	42	0.0960343266254569
13511	43	0.152239125661616
13511	44	0.117566404345212
13511	45	-0.0681887840020963
13511	46	-0.133580893093729
13511	47	0.0945154466148423
13511	48	-0.0138584951237917
13511	49	0.0657152664966816
13511	50	-0.00624898763114601
13511	51	-0.138132154818102
13511	52	0.0173671570421376
13511	53	-0.0473399704543098
13511	54	0.0798706340125719
13511	55	0.0804430795297719
13511	56	0.0497175740296498
13511	57	-0.0917982232933028
13511	58	0.100031779549546
13511	59	-0.0128556201719476
13511	60	-0.0922465955511598
13511	61	0.140199130276393
13511	62	0.113678267428419
13511	63	-0.128026490722689
13511	64	-0.077204365222741
13511	65	0.0952075346425545
13511	66	0.041669442121723
13511	67	0.147994333298378
13511	68	-0.0540436839936049
13511	69	0.116906219674199
13511	70	0.0594271419012173
13511	71	0.0587216843360565
13511	72	0.0239025782233497
13511	73	0.111277627011951
13511	74	-0.0164111987049651
13512	1	0.385072207411799
13512	2	-0.258292501637428
13512	3	-0.0156244088315454
13512	4	0.0791419379650797
13512	5	0.0110211894862466
13512	6	0.107865163425465
13512	7	0.0263374734639612
13512	8	-0.0305875473002644
13512	9	-0.0311593279438611
13512	10	0.0038894557397029
13512	11	-0.0496971525721577
13512	12	-0.0300980040449801
13512	13	0.0981082463299501
13512	14	0.0914455045613636
13512	15	0.0382991143505507
13512	16	-0.0252215078703131
13512	17	-0.0752611434395405
13512	18	0.0580153397460563
13512	19	0.0573306500221591
13512	20	0.0409102259559688
13512	21	0.0728281226508116
13512	22	0.000845923309562124
13512	23	-0.0560646573508023
13512	24	0.0896391643429695
13512	25	0.0154540592776229
13512	26	0.0950801081328194
13512	27	0.0512145473567074
13512	28	0.0894588168446901
13512	29	0.0350239544898656
13512	30	0.0235696530286305
13512	31	0.0678408174293494
13512	32	0.186875404985102
13512	33	0.148127967657324
13512	34	0.048489884888582
13512	35	-0.0793944812357239
13512	36	0.0982893544896299
13512	37	-0.0788291696653545
13512	38	0.230376951495096
13512	39	0.0611445254569176
13512	40	0.037705935332383
13512	41	0.0447628769541524
13512	42	0.08488618494939
13512	43	0.00745702001513138
13512	44	0.0511628209151809
13512	45	0.182756501138144
13512	46	-0.00548056107581374
13512	47	0.206248296860636
13512	48	0.0365409279201714
13512	49	0.105135846411251
13512	50	0.0991158905472389
13512	51	-0.0300828051298581
13512	52	0.182690251182791
13512	53	0.0482275665451084
13512	54	0.00623563623686607
13512	55	0.0399002402132282
13512	56	0.00651061968780198
13512	57	-0.00896736546174992
13512	58	-0.0122302460655774
13512	59	0.0233767021440201
13512	60	-0.00924950743473829
13512	61	0.0848280128032215
13512	62	0.0320067001787905
13512	63	0.110990817564094
13512	64	0.162654308441866
13512	65	-0.049463016483358
13512	66	-0.0492748558926834
13512	67	0.125083884613332
13512	68	0.0814626678952379
13512	69	0.0189854951458628
13512	70	-0.00417949600210221
13512	71	0.117525046018898
13512	72	0.0915876713530039
13512	73	-0.0365102397498021
13512	74	-0.142863447289272
13601	1	-0.228108604760674
13601	2	0.25297643098698
13601	3	0.324398954764309
13601	4	0.154695646197514
13601	5	0.192196072721774
13601	6	0.0879568798792434
13601	7	0.0931468843671723
13601	8	0.222817146736368
13601	9	0.199833065546237
13601	10	0.0878032047749571
13601	11	0.115750180954379
13601	12	0.21344814861687
13601	13	0.184533146723609
13601	14	0.243629495661104
13601	15	0.28339827408012
13601	16	0.188061839296537
13601	17	0.156205256801663
13601	18	0.187596828312749
13601	19	0.172454076557315
13601	20	0.188378977110844
13601	21	0.258819553716002
13601	22	0.320905069991824
13601	23	0.0693416621779761
13601	24	0.244590002194848
13601	25	0.122075185909772
13601	26	0.165917577610251
13601	27	0.214322667554661
13601	28	0.128573933850305
13601	29	0.19602986473479
13601	30	0.218587473941689
13601	31	0.333335537362274
13601	32	0.0837549651776115
13601	33	0.159966150713252
13601	34	0.201815087907441
13601	35	0.232839416125685
13601	36	0.0794066318625966
13601	37	-0.0376176766605454
13601	38	-0.0815631097412535
13601	39	-0.00114640262953003
13601	40	-0.0578770873169745
13601	41	-0.119423890680039
13601	42	0.121115295356368
13601	43	0.0593687420623041
13601	44	0.0221754263108949
13601	45	0.0859401283490442
13601	46	-0.0857407114301409
13601	47	0.0655931459592907
13601	48	0.181729410512339
13601	49	0.0125540860070288
13601	50	-0.0104713297200547
13601	51	0.148217287746164
13601	52	0.186323129272957
13601	53	-0.0702105872876544
13601	54	-0.0503287161208803
13601	55	0.0424333300124644
13601	56	-0.0321413055809785
13601	57	0.0450760973203685
13601	58	-0.0264096310344257
13601	59	-0.0103261369092422
13601	60	-0.0330218836094502
13601	61	0.00604655082111094
13601	62	0.00512884092809429
13601	63	-0.074803791978745
13601	64	-0.00166625157592648
13601	65	0.125512726026038
13601	66	-0.0147915422720288
13601	67	-0.0235000270071595
13601	68	0.0848766612899681
13601	69	0.0377508284701236
13601	70	-0.0515989568831046
13601	71	0.0272362757768008
13601	72	-0.0772172081403895
13601	73	0.0157975203413372
13601	74	0.184533355880546
13602	1	-0.752134580757783
13602	2	-0.00265359494460427
13602	3	-0.0692466492885018
13602	4	-0.179637714349255
13602	5	-0.200065480460335
13602	6	-0.29548736018927
13602	7	-0.175366972837054
13602	8	-0.130342692686249
13602	9	-0.142316196264005
13602	10	-0.0573837794911469
13602	11	-0.23352591235075
13602	12	-0.137226534244078
13602	13	-0.240344588526291
13602	14	-0.0866381455554617
13602	15	-0.219101980346871
13602	16	-0.19449713863709
13602	17	-0.168168625137504
13602	18	-0.2073559792751
13602	19	-0.0936075358339892
13602	20	-0.105932738369326
13602	21	-0.13675586107987
13602	22	-0.173452242639272
13602	23	-0.0815543921347199
13602	24	-0.23575840860704
13602	25	-0.167432053316944
13602	26	-0.0197844084220691
13602	27	0.0210648789334016
13602	28	-0.0632558683133411
13602	29	-0.142269361535554
13602	30	-0.130098923904157
13602	31	-0.134597155874829
13602	32	-0.144293417649294
13602	33	-0.144635758519662
13602	34	-0.058831263689413
13602	35	-0.113748458323343
13602	36	-0.140327285087238
13602	37	0.0326562226820641
13602	38	0.00541478249264316
13602	39	0.00949280553890475
13602	40	0.0254936270921533
13602	41	-0.138950963848764
13602	42	-0.0816755324301397
13602	43	-0.0747201662073351
13602	44	-0.108591969053634
13602	45	-0.0199176940652777
13602	46	-0.0830405910589675
13602	47	-0.189006705486349
13602	48	-0.041216048438983
13602	49	0.0258201281801078
13602	50	-0.199650397327417
13602	51	0.222749789766866
13602	52	-0.162813341107409
13602	53	-0.10013801046572
13602	54	0.00617639269486858
13602	55	-0.220319574594491
13602	56	-0.0374740798056266
13602	57	0.0689870735703551
13602	58	-0.0576811427506669
13602	59	-0.0903566579469555
13602	60	0.154550545046206
13602	61	-0.109236149658017
13602	62	0.0425850448871898
13602	63	-0.117112292307425
13602	64	-0.0640864821591904
13602	65	0.0454319980826838
13602	66	-0.0588429656582861
13602	67	-0.0730492040959447
13602	68	-0.0613467537180341
13602	69	-0.034652667020147
13602	70	-0.101700639264322
13602	71	-0.0998016272496898
13602	72	0.00669358050922142
13602	73	-0.164988775602438
13602	74	-0.12594335545743
13603	1	0.201236851597198
13603	2	0.02325191556303
13603	3	0.0539993616817718
13603	4	0.00887508267227943
13603	5	-0.0525364949016804
13603	6	0.0934498365564664
13603	7	0.0406826538580702
13603	8	-0.0160120149337715
13603	9	0.0351648429021836
13603	10	0.0100333818243286
13603	11	0.053949921052677
13603	12	0.0638865058031328
13603	13	0.107991205805206
13603	14	0.0428833262734614
13603	15	0.14662970970857
13603	16	-0.0250309809933498
13603	17	0.0312578626346962
13603	18	0.0146471685053911
13603	19	0.0322548692013811
13603	20	0.0307715712657952
13603	21	-0.0176499685685698
13603	22	0.00173248424060546
13603	23	-0.0637549737883418
13603	24	0.00963824112484701
13603	25	0.0925160714767728
13603	26	-0.0124811387909176
13603	27	-0.0687264209904868
13603	28	0.0366045794092784
13603	29	0.0915004653770524
13603	30	-0.0390847257858695
13603	31	-0.108221403851552
13603	32	0.0664918350092449
13603	33	0.104868410313259
13603	34	0.182764267124412
13603	35	0.0260125900720141
13603	36	-0.00250005618104865
13603	37	-0.0510524954100831
13603	38	-0.173062206271602
13603	39	-0.124422054418353
13603	40	-0.0505995978021971
13603	41	-0.000247599239436624
13603	42	-0.125656251151597
13603	43	-0.108893304397114
13603	44	0.191779060082425
13603	45	-0.0257396147482325
13603	46	0.0952326675937343
13603	47	-0.22569944322133
13603	48	-0.00965340722361674
13603	49	0.211795789120515
13603	50	-0.0548468432119336
13603	51	0.0489121657675256
13603	52	0.0975430400111961
13603	53	0.0559257505488375
13603	54	0.0925839278073397
13603	55	0.0761499523387812
13603	56	0.00136539053974616
13603	57	0.112543736662062
13603	58	-0.0265621807503749
13603	59	0.00773880045384345
13603	60	-0.0186934334797471
13603	61	0.087510613477761
13603	62	-0.0675899714196859
13603	63	-0.189254276640568
13603	64	-0.0962285964172764
13603	65	0.16938511369078
13603	66	-0.0620233382162141
13603	67	-0.0369105121126481
13603	68	0.0400845930510698
13603	69	-0.00252760769409122
13603	70	0.0388799376843778
13603	71	-0.086996096664528
13603	72	0.136056182589101
13603	73	-0.203027854387379
13603	74	-0.00467029717145095
13604	1	-0.625250554023772
13604	2	0.0321203917850319
13604	3	-0.0274138805432855
13604	4	-0.0508625081601473
13604	5	-0.0181039118717798
13604	6	0.00798066047160262
13604	7	-0.134823919178295
13604	8	-0.139653469198365
13604	9	0.025628423236661
13604	10	-0.0398899721581145
13604	11	0.0552079797213665
13604	12	-0.0716863098838871
13604	13	-0.144582051236775
13604	14	-0.0428134234625119
13604	15	-0.192516110817586
13604	16	0.0903734893018822
13604	17	-0.0128382266451084
13604	18	-0.183924141845964
13604	19	-0.107063552639389
13604	20	-0.113556426401331
13604	21	-0.114971692690197
13604	22	0.017541464237766
13604	23	-0.10930615520099
13604	24	-0.0325751934048739
13604	25	-0.315720518425657
13604	26	-0.173277193392835
13604	27	-0.0480319962493923
13604	28	-0.0677423728770918
13604	29	-0.217600707366124
13604	30	-0.141523408971821
13604	31	-0.0238634965045676
13604	32	0.020790908163832
13604	33	0.00687874274812117
13604	34	-0.0569850669024774
13604	35	-0.0901622810681033
13604	36	-0.129638816786823
13604	37	-0.0201058220052346
13604	38	-0.10866443964796
13604	39	0.104811947450372
13604	40	0.0782436209016382
13604	41	0.117759311588081
13604	42	-0.0845215205608483
13604	43	-0.190627502433486
13604	44	0.077926285841933
13604	45	-0.0539858035193959
13604	46	-0.0457028815170872
13604	47	-0.0220861672786796
13604	48	-0.00512662218866922
13604	49	0.155901525742941
13604	50	-0.0439279741235552
13604	51	0.037747884944487
13604	52	0.0201428638514756
13604	53	-0.0484295130382932
13604	54	-0.0832505880796575
13604	55	-0.0912853742091357
13604	56	-0.0436022319565055
13604	57	0.0490344882768596
13604	58	0.203021899923648
13604	59	-0.0815281969132045
13604	60	0.0293530060497602
13604	61	0.0836641199186232
13604	62	0.13041981603083
13604	63	-0.123091983727335
13604	64	-0.0186595345517802
13604	65	-0.0461470990128561
13604	66	0.0331029172012194
13604	67	0.0260326811637412
13604	68	0.000855900815579957
13604	69	0.138272260640342
13604	70	0.0350802850103662
13604	71	-0.0560896146631578
13604	72	-0.102984930679199
13604	73	0.148687200195745
13604	74	0.291942052579103
13605	1	-1.42707072992676
13605	2	-0.287752869125963
13605	3	-0.0841504460586791
13605	4	-0.080346287250844
13605	5	-0.0636515440284278
13605	6	-0.155366649102127
13605	7	-0.133132917618319
13605	8	-0.127920574210755
13605	9	-0.118566848841205
13605	10	-0.149610959106568
13605	11	-0.0943205868669494
13605	12	-0.175376072640731
13605	13	-0.178015618213315
13605	14	-0.0503913868842929
13605	15	-0.104961670537776
13605	16	-0.206214861007638
13605	17	-0.202844508894579
13605	18	-0.216766100919578
13605	19	-0.296773369183583
13605	20	-0.196051097077337
13605	21	-0.193232021343604
13605	22	-0.129683316765842
13605	23	-0.134410006431679
13605	24	-0.214225289756229
13605	25	-0.116458947439767
13605	26	-0.121901716047752
13605	27	-0.258182946704324
13605	28	-0.0959180852771269
13605	29	-0.200275551545161
13605	30	-0.1505263489234
13605	31	-0.215124463970987
13605	32	-0.26096400999046
13605	33	-0.232232760121242
13605	34	-0.275408381106715
13605	35	-0.0987015521859931
13605	36	-0.00206077115061731
13605	37	0.00576046094094096
13605	38	0.0371368138022987
13605	39	-0.0234968851827446
13605	40	-0.0999893816898236
13605	41	0.0605755729973581
13605	42	0.00637334118574984
13605	43	-0.169336431957625
13605	44	-0.071020376842867
13605	45	-0.114151473113289
13605	46	-0.116885513351882
13605	47	-0.19371288916313
13605	48	-0.045556946446311
13605	49	-0.0700751572247214
13605	50	-0.135799596439767
13605	51	-0.0417341545890935
13605	52	0.0753257727714995
13605	53	-0.068432652081384
13605	54	0.0138215658546059
13605	55	0.0374468004789179
13605	56	0.0590812365357891
13605	57	-0.0458993768775926
13605	58	0.0578407684931648
13605	59	0.0744256186000243
13605	60	-0.00399765073477454
13605	61	-0.0647439331381534
13605	62	-0.100286026763975
13605	63	-0.0412458084443301
13605	64	-0.105187491376988
13605	65	-0.0129568983334707
13605	66	-0.0235237707956273
13605	67	-0.134665391715409
13605	68	-0.011905221977635
13605	69	0.0208910735038828
13605	70	-0.0843240489759651
13605	71	-0.060382480395738
13605	72	-0.0909659104012377
13605	73	-0.0998213848536551
13605	74	0.0239541009746134
13606	1	-0.482105334523549
13606	2	0.0764360746345183
13606	3	0.0250644894335679
13606	4	-0.0365825425179587
13606	5	-0.0326659820983792
13606	6	0.0382205877138801
13606	7	0.0131194842661486
13606	8	-0.0556948742115253
13606	9	0.0214251250791833
13606	10	-0.022716178892054
13606	11	0.0122363537884311
13606	12	0.0379813961787789
13606	13	-0.00710749478457728
13606	14	0.0681249562346196
13606	15	0.0367007812921472
13606	16	0.0265619135101858
13606	17	-0.0381879400894078
13606	18	-0.126022025520228
13606	19	0.0800902827799561
13606	20	0.0458251450114346
13606	21	-0.000457983249496863
13606	22	-0.0888363249284581
13606	23	-0.0944463413298635
13606	24	0.0913622527606748
13606	25	0.0203613797231625
13606	26	-0.0513343288944625
13606	27	-0.0688481867668287
13606	28	-0.0496257247366998
13606	29	-0.0133139808379497
13606	30	-0.0921397683911067
13606	31	0.00724259406724315
13606	32	0.0352296704164274
13606	33	0.145820062588555
13606	34	0.0512597854407346
13606	35	0.0233327842069286
13606	36	-0.0382526880626202
13606	37	0.0386119645053569
13606	38	-0.00894159880240863
13606	39	-0.101555711776115
13606	40	0.0657636797003249
13606	41	-0.0157707538167529
13606	42	-0.00934470596497761
13606	43	0.0215884470284493
13606	44	0.0948073281685069
13606	45	-0.084312129039283
13606	46	-0.0748277653068996
13606	47	0.00705396645725642
13606	48	-0.135670198478941
13606	49	0.0274059989708419
13606	50	-0.0443043244379666
13606	51	-0.160795601118437
13606	52	-0.0525258166126932
13606	53	0.0874607518524542
13606	54	0.0394762028013176
13606	55	-0.0218220149354664
13606	56	-0.0299710799568231
13606	57	0.172679048545248
13606	58	0.0102264806369874
13606	59	-0.106341919762308
13606	60	0.00127344662038809
13606	61	0.036685309358262
13606	62	-0.269666701073518
13606	63	-0.0924501084034048
13606	64	-0.0311687362963298
13606	65	-0.00226307179309515
13606	66	0.0315326211961704
13606	67	-0.0129107249327305
13606	68	-0.0510294173905095
13606	69	-0.0461308640436542
13606	70	-0.00917550638438769
13606	71	-0.141890880737449
13606	72	-0.0183713956843761
13606	73	0.243439049226659
13606	74	0.101413107211449
13607	1	-0.226611235727226
13607	2	-0.173610279993067
13607	3	-0.134591379744624
13607	4	-0.297600036235238
13607	5	-0.184072359249122
13607	6	-0.168822912655322
13607	7	-0.322547056711493
13607	8	-0.230877244441565
13607	9	-0.311709192386374
13607	10	-0.336925199843748
13607	11	-0.263583767116302
13607	12	-0.254960566640804
13607	13	-0.30736636869198
13607	14	-0.241147482297663
13607	15	-0.339438763788728
13607	16	-0.225214618321125
13607	17	-0.315332245827619
13607	18	-0.131703100342378
13607	19	-0.404616843491233
13607	20	-0.329022997228599
13607	21	-0.205832717025601
13607	22	-0.264752359120223
13607	23	-0.247180611684293
13607	24	-0.27472864740318
13607	25	-0.29526334863872
13607	26	-0.24815919265636
13607	27	-0.168313795786531
13607	28	-0.292954292567089
13607	29	-0.277118833937536
13607	30	-0.305135499611993
13607	31	-0.376846955063172
13607	32	-0.297987121202532
13607	33	-0.408555028081096
13607	34	-0.296040506215164
13607	35	-0.158856329026818
13607	36	-0.0219463085308149
13607	37	-0.0235656192314195
13607	38	-0.123243537397961
13607	39	-0.0986547178596382
13607	40	-0.034264813168889
13607	41	0.0832268404960317
13607	42	-0.0534195937453674
13607	43	-0.10015435960252
13607	44	-0.0183626418804721
13607	45	0.0535534939355244
13607	46	-0.159846528506108
13607	47	0.00958691728475003
13607	48	0.114797318094332
13607	49	-0.132352125426962
13607	50	-0.0523057523261343
13607	51	0.20030714477015
13607	52	0.0180583830975465
13607	53	-0.0526529770245858
13607	54	0.0791122951588221
13607	55	-0.0757971084971274
13607	56	0.0657488634476948
13607	57	0.119591293245954
13607	58	0.133422057754672
13607	59	0.0503714833385089
13607	60	-0.116062871036135
13607	61	-0.0180975151685843
13607	62	-0.0198390913888176
13607	63	-0.0533922608973967
13607	64	0.0174849396222356
13607	65	0.0549127156869744
13607	66	-0.173992947384974
13607	67	0.0267188618575673
13607	68	-0.0441921190099706
13607	69	-0.0208955663883614
13607	70	-0.038660448146274
13607	71	-0.0679130386814322
13607	72	0.0993289052371935
13607	73	0.0447145976126819
13607	74	0.0359527983612438
13608	1	-0.223180952032315
13608	2	-0.15108635389873
13608	3	0.090642067897587
13608	4	-0.013934627760726
13608	5	0.00812177245586909
13608	6	-0.0451578646054855
13608	7	-0.0565535024998454
13608	8	0.0237005849066563
13608	9	0.099464146884273
13608	10	-0.0110794953210629
13608	11	0.0186549119156467
13608	12	0.00582092706368087
13608	13	0.00358914618338702
13608	14	0.0740591543994995
13608	15	0.0654162437598416
13608	16	0.0288205393617602
13608	17	0.0831633008930126
13608	18	0.0800411632373468
13608	19	0.099979152423181
13608	20	0.0123340481727041
13608	21	0.0113937802337176
13608	22	0.115170126321814
13608	23	0.0246015371792367
13608	24	0.0108847982973899
13608	25	-0.00582416943034048
13608	26	-0.011336347777906
13608	27	0.121226534862416
13608	28	-0.00741758244212321
13608	29	0.0413234861974701
13608	30	0.0449994852414548
13608	31	0.106981458376481
13608	32	0.0505195579898583
13608	33	0.0309946329162401
13608	34	0.0198839278454344
13608	35	-0.0988159730900193
13608	36	-0.0964944931087004
13608	37	0.089435083169441
13608	38	-0.0763646271952538
13608	39	-0.158749282050735
13608	40	-0.0583338297956004
13608	41	-0.0223445523249666
13608	42	0.0404956926008566
13608	43	-0.00560014235634299
13608	44	0.00760552345369803
13608	45	-0.0573798306898965
13608	46	0.0266859637882959
13608	47	-0.0814615331608977
13608	48	-0.0378328334051545
13608	49	0.0878199925501093
13608	50	-0.0556490108874002
13608	51	0.0292447822633051
13608	52	0.091263048841526
13608	53	0.0781210455105068
13608	54	-0.045805991010063
13608	55	-0.0304401361139028
13608	56	-0.0754071770114493
13608	57	0.203476717795311
13608	58	-0.0297202878844658
13608	59	-0.0251502669304244
13608	60	-0.0269591924068635
13608	61	-0.012876112671627
13608	62	0.00976884539142731
13608	63	-0.0160855553984689
13608	64	-0.0695932967059889
13608	65	-0.206753768357977
13608	66	-0.0212789023936324
13608	67	-0.128210459641039
13608	68	-0.112752456912496
13608	69	-0.108292366680793
13608	70	0.00932469683196047
13608	71	-0.0496763542600434
13608	72	0.0620391719521081
13608	73	-0.0161655155291811
13608	74	0.0588631055639439
13609	1	-0.0652013951240242
13609	2	-0.164662020884514
13609	3	-0.103963001555638
13609	4	-0.0892945381669676
13609	5	-0.128308882698484
13609	6	-0.0936475504854357
13609	7	-0.110216053754336
13609	8	-0.0572933684178878
13609	9	-0.218641107717339
13609	10	-0.0257982278222784
13609	11	-0.119085893886272
13609	12	-0.157953548650269
13609	13	-0.132242599088556
13609	14	-0.10185383037318
13609	15	-0.171704089145997
13609	16	-0.113950883661666
13609	17	-0.200949160948362
13609	18	-0.0897337008366392
13609	19	-0.2014339587923
13609	20	-0.21498809647786
13609	21	-0.0928549237275504
13609	22	-0.238977536292658
13609	23	-0.123632327815976
13609	24	-0.12107068480443
13609	25	-0.074519866762401
13609	26	0.00150211251002474
13609	27	0.0340984121767676
13609	28	-0.228747241407824
13609	29	-0.196362452459709
13609	30	-0.051259049647733
13609	31	-0.0292482430378769
13609	32	-0.157601908385388
13609	33	-0.163562456009174
13609	34	-0.0985049198993693
13609	35	-0.107074268641036
13609	36	-0.0246082485534345
13609	37	0.0181152310276715
13609	38	-0.12243705528271
13609	39	-0.0595674823607553
13609	40	0.0449915101850209
13609	41	0.0754996106271548
13609	42	-0.0205945434047834
13609	43	0.0476873651502174
13609	44	0.0919086428493614
13609	45	0.0602996294342617
13609	46	0.0417394292019893
13609	47	-0.0723548414908777
13609	48	0.0750305301004985
13609	49	0.166489719735729
13609	50	-0.150737147047735
13609	51	-0.225355940515215
13609	52	-0.0436431291716417
13609	53	0.0232784556839931
13609	54	0.0283539592113797
13609	55	-0.0394582540451651
13609	56	0.0158459982017547
13609	57	-0.0744547162797957
13609	58	-0.0520740225980987
13609	59	-0.140391622981923
13609	60	-0.156633669664259
13609	61	-0.212934729310163
13609	62	-0.108361534966214
13609	63	-0.0246435787142829
13609	64	-0.0707589227926064
13609	65	-0.0327498853769086
13609	66	-0.0533025888040299
13609	67	-0.146876484777323
13609	68	-0.166841629406939
13609	69	0.00250683354855852
13609	70	-0.074337974970959
13609	71	0.0445014589575408
13609	72	-0.196805823575325
13609	73	-0.108428205164799
13609	74	-0.0290685374738828
13610	1	-0.207841399586318
13610	2	0.0562538648807696
13610	3	0.0506381809521699
13610	4	0.0357255421543172
13610	5	-0.0204117385663984
13610	6	-0.00758887132434438
13610	7	0.0322393233094758
13610	8	0.0199918837016995
13610	9	-0.0532395012916353
13610	10	0.0599999649488012
13610	11	0.0638051145920855
13610	12	0.0153122924920766
13610	13	0.070645062669584
13610	14	0.0331701544550214
13610	15	0.0339758528441862
13610	16	0.109265872250873
13610	17	0.0982030032640466
13610	18	-0.0179370698683243
13610	19	0.0601551755227376
13610	20	0.0722279900906386
13610	21	0.00732914588422773
13610	22	0.146519451659145
13610	23	0.130734026490131
13610	24	-0.0148201270177282
13610	25	0.0540086919167635
13610	26	0.0585659233087696
13610	27	0.00854731891482885
13610	28	0.0539173056693798
13610	29	0.0839593904675553
13610	30	0.0283700221951975
13610	31	0.0617479640125538
13610	32	0.0717744860813667
13610	33	-0.0122215367766856
13610	34	0.018097043509826
13610	35	0.0723534422023349
13610	36	0.0809195357332371
13610	37	-0.0230200931585003
13610	38	0.0642075679392775
13610	39	0.22178628021225
13610	40	0.0457293232111269
13610	41	0.102512914847331
13610	42	0.0518325344345598
13610	43	0.0661422408441297
13610	44	0.0391549391336028
13610	45	-0.0242141830362073
13610	46	0.142708975423105
13610	47	0.135848788537629
13610	48	0.0354961143027097
13610	49	0.155459236158705
13610	50	0.132954812346092
13610	51	0.0374110748619145
13610	52	0.132400215727472
13610	53	0.0345747061417754
13610	54	-0.0443473481708594
13610	55	0.096544565459034
13610	56	0.0633352202869659
13610	57	0.149119785068585
13610	58	0.104148012628087
13610	59	0.0759202187033594
13610	60	0.0534534130643323
13610	61	0.12988667514874
13610	62	0.133240313320272
13610	63	0.0143736740676772
13610	64	0.121054761943917
13610	65	0.0600268640075114
13610	66	-0.015945611757779
13610	67	0.0935751570913155
13610	68	0.12323164757597
13610	69	0.141624342041929
13610	70	0.0342826032213566
13610	71	-0.0309158732575696
13610	72	0.038230475684955
13610	73	0.0364896592574979
13610	74	0.0756493706317727
13611	1	0.153429906321669
13611	2	-0.0836705231751047
13611	3	0.0716313886927828
13611	4	-0.0552471606522964
13611	5	-0.0576256306591851
13611	6	-0.0322088892661654
13611	7	-0.0730330078452113
13611	8	-0.12816523535507
13611	9	0.0555878727952503
13611	10	-0.0506228724214353
13611	11	0.107458837519161
13611	12	-0.263402304457813
13611	13	-0.0883155934883035
13611	14	-0.0397453908480614
13611	15	-0.0176940177184122
13611	16	-0.0766985004263034
13611	17	-0.0368348027080145
13611	18	-0.0844717360223655
13611	19	-0.00338064403383953
13611	20	0.0109425870405246
13611	21	0.0043687460380184
13611	22	-0.181327530270877
13611	23	0.047172575766055
13611	24	-0.0946753109213532
13611	25	-0.307424090346466
13611	26	0.0394335383286375
13611	27	0.0598519453405686
13611	28	0.0115477042340331
13611	29	-0.118444813043915
13611	30	-0.0617350655915487
13611	31	0.0170369554261072
13611	32	0.0196778565798965
13611	33	-0.00478721664340753
13611	34	0.0337397450348789
13611	35	-0.0966238742144228
13611	36	0.035666154462902
13611	37	-0.00608614231163784
13611	38	0.0363914169495487
13611	39	0.110067248870195
13611	40	0.107318918757478
13611	41	-0.0971985481166158
13611	42	-0.0124409721095446
13611	43	0.139396112110859
13611	44	0.175403603450647
13611	45	0.0694899535960403
13611	46	0.137751746795509
13611	47	0.18018116880873
13611	48	0.0583530715463141
13611	49	0.0914956931885911
13611	50	0.138810349962526
13611	51	0.155390287622176
13611	52	0.0552441061998792
13611	53	0.195984913430962
13611	54	0.0821293471393076
13611	55	-0.0194712163625397
13611	56	0.172760890215443
13611	57	0.026876586654673
13611	58	0.0948961500863632
13611	59	0.100049167087839
13611	60	0.0103963203692601
13611	61	-0.0178554706239424
13611	62	0.0761714372438504
13611	63	0.0192071694520095
13611	64	0.0103699716706203
13611	65	0.0161593072391639
13611	66	-0.114344345297255
13611	67	0.180446441037965
13611	68	0.0184735733290964
13611	69	-0.0075244881030585
13611	70	0.144445943581687
13611	71	0.144646084799717
13611	72	0.0643818210332796
13611	73	0.0801650136626506
13611	74	0.25906420172204
13612	1	0.0305959727422689
13612	2	-0.228372454097013
13612	3	0.123703703682967
13612	4	-0.126812812099519
13612	5	0.0240329876356498
13612	6	0.0138710557004345
13612	7	0.0237184098513197
13612	8	-0.024755027530567
13612	9	0.0757347601512421
13612	10	0.048904491384711
13612	11	0.0354945331852647
13612	12	0.0625150030002288
13612	13	-0.0478561277562903
13612	14	0.0377408263060346
13612	15	-0.00735770589523099
13612	16	-0.090484490512047
13612	17	-0.0802862124636619
13612	18	0.0405787719529584
13612	19	0.0499418850165583
13612	20	0.0418149334432698
13612	21	0.0510001657058723
13612	22	0.0376681774103815
13612	23	0.0149763098537576
13612	24	0.106818716085549
13612	25	-0.0110471665282148
13612	26	0.00647330958435788
13612	27	0.0708880202095088
13612	28	0.15879861527872
13612	29	-0.0371112884273899
13612	30	0.0448459389640021
13612	31	0.0272230777721845
13612	32	0.00040373533823157
13612	33	-0.0384868397365494
13612	34	-0.00747724892639212
13612	35	-0.0432000001711899
13612	36	0.0186624295446052
13612	37	0.0820521316479841
13612	38	-0.104725610192432
13612	39	0.0352663999184131
13612	40	-0.102783922431833
13612	41	-0.00525568332242443
13612	42	-0.0776602139662899
13612	43	0.0911297016888497
13612	44	0.0515959650658147
13612	45	-0.065758570189999
13612	46	-0.0168462976829744
13612	47	0.066739370667463
13612	48	0.0759236612799583
13612	49	0.0458742257815956
13612	50	0.0115034296903858
13612	51	0.131395633174606
13612	52	-0.0584348326206481
13612	53	-0.01804015505585
13612	54	0.250040743815397
13612	55	0.0546728785310293
13612	56	0.0183550040698819
13612	57	0.0894987669060328
13612	58	-0.00202789850941798
13612	59	0.0301823231957385
13612	60	-0.108026802276903
13612	61	-0.00346877550381919
13612	62	-0.156609021075496
13612	63	0.169011428930183
13612	64	-0.0515851987257534
13612	65	0.0271185371514164
13612	66	0.0277409538463189
13612	67	-0.053831651965254
13612	68	-0.0417798296046925
13612	69	0.102594452785112
13612	70	-0.0674719727561168
13612	71	-0.00464433384401275
13612	72	0.0181508680314764
13612	73	0.041868048799536
13612	74	0.0711562765641744
21101	1	-0.333178366299865
21101	2	0.118956630937966
21101	3	0.0131780309287315
21101	4	0.0246390442640205
21101	5	-0.00184575169344825
21101	6	0.101782905515783
21101	7	0.0836797827562634
21101	8	0.0228833511184874
21101	9	-0.00484287681906181
21101	10	-0.0117721869499263
21101	11	-0.0191068638420475
21101	12	0.0428099483758047
21101	13	-0.0264634699136295
21101	14	0.0785592777555379
21101	15	-0.0367338283559988
21101	16	0.129291071500752
21101	17	0.152771099841637
21101	18	-0.119625419610472
21101	19	0.0198943925879078
21101	20	0.101091093700575
21101	21	0.08062380129914
21101	22	0.0217409706464906
21101	23	0.032536651900358
21101	24	-0.0108163764316984
21101	25	0.060374139642974
21101	26	0.0274905599707509
21101	27	0.151101233589003
21101	28	0.0561629690542773
21101	29	-0.0242467745582289
21101	30	0.0758284141314363
21101	31	0.0961806878756519
21101	32	-0.0390072766940648
21101	33	0.128696770771363
21101	34	0.0514731569650522
21101	35	0.0465306573922106
21101	36	-0.00509421924608233
21101	37	-0.0117159708227987
21101	38	-0.0977457086776354
21101	39	-0.0471490432611077
21101	40	-0.0766726043306534
21101	41	0.0424214821113296
21101	42	0.0362492028022672
21101	43	0.0262892408539628
21101	44	-0.0478032326955287
21101	45	-0.148768189512253
21101	46	0.00684222801378809
21101	47	0.0086797181138607
21101	48	-0.0619835507211306
21101	49	0.0318293852680043
21101	50	-0.0690425854422543
21101	51	0.106391154561265
21101	52	0.01359042893192
21101	53	-0.0294703948281239
21101	54	-0.0267634227573694
21101	55	0.195698186792605
21101	56	0.078259279205426
21101	57	0.169126032095299
21101	58	-0.0700200620949616
21101	59	0.0388461055139473
21101	60	-0.0932848712973708
21101	61	0.0759605233101226
21101	62	0.000184559589946787
21101	63	0.0909172736022725
21101	64	-0.143004637624166
21101	65	-0.0263721505546926
21101	66	-0.021951451047812
21101	67	0.0684853150155504
21101	68	-0.0120260352090753
21101	69	-0.0684193287549846
21101	70	0.0558204560468454
21101	71	-0.0535083747309173
21101	72	-0.108617893173147
21101	73	-0.14798323298394
21101	74	0.178254395845215
21102	1	0.529570506246642
21102	2	0.112095820196409
21102	3	0.0259163335987438
21102	4	-0.0487818802478408
21102	5	0.0186735815715515
21102	6	0.0635417329641541
21102	7	0.0632004869022182
21102	8	-0.0864123748078214
21102	9	0.0048711599769149
21102	10	-0.0542105613669861
21102	11	0.000495772861690114
21102	12	-0.032135600745292
21102	13	0.0942003183301026
21102	14	-0.00659292846595605
21102	15	0.00243589183054382
21102	16	0.0554137205039851
21102	17	-0.022279827745102
21102	18	0.0348129676185565
21102	19	0.0329232067118213
21102	20	0.0254248711822527
21102	21	0.0281568561856247
21102	22	-0.0790271070453059
21102	23	-0.0275040901690318
21102	24	0.0443596600567915
21102	25	-0.0872088819323906
21102	26	0.0302153460108272
21102	27	0.0338569605402625
21102	28	-0.0392195964148954
21102	29	-0.0818945606495518
21102	30	-0.0276458722417487
21102	31	0.0213011204078128
21102	32	0.0637927796786073
21102	33	0.0205614891642298
21102	34	-0.0474330209676097
21102	35	-0.00404331893126653
21102	36	-0.00754377993259681
21102	37	0.0248211711356703
21102	38	-0.0671625370949869
21102	39	0.110936104507978
21102	40	-0.00172286775320174
21102	41	0.19470865984556
21102	42	0.110914035805038
21102	43	0.126533618964999
21102	44	0.201961431647263
21102	45	0.136022899994131
21102	46	-0.0248722742272847
21102	47	0.0461418093651389
21102	48	0.213734446610516
21102	49	0.0707871248797787
21102	50	0.0907786455768758
21102	51	0.214918486620043
21102	52	0.119549439124391
21102	53	0.137408421716721
21102	54	0.155313292346847
21102	55	0.0023442515990908
21102	56	0.0488375412638078
21102	57	0.0148545010815013
21102	58	0.279975883748136
21102	59	0.133160394542443
21102	60	0.121895835512646
21102	61	0.0682649692388679
21102	62	0.129811171385739
21102	63	0.165116451669043
21102	64	0.142453252940143
21102	65	0.0604289220941823
21102	66	0.0474241438366434
21102	67	-0.0129331178604559
21102	68	0.0151656448862028
21102	69	0.00996667869736712
21102	70	-0.141124347778359
21102	71	0.239274708553644
21102	72	-0.0135664346320823
21102	73	0.0310297581026617
21102	74	0.101744236622444
21103	1	0.52641013442684
21103	2	-0.0235735310491307
21103	3	-0.0212149952275844
21103	4	-0.0566622210558521
21103	5	-0.0119528148035428
21103	6	-0.0856187128464398
21103	7	0.0310280047203264
21103	8	0.0420388531980151
21103	9	-0.0361477253679183
21103	10	-0.0545848582534205
21103	11	-0.0492426053567101
21103	12	-0.0208555439975697
21103	13	0.0971815037590673
21103	14	0.0070826605248584
21103	15	0.081820288459781
21103	16	0.129789423215421
21103	17	0.101306344984792
21103	18	0.157374367910336
21103	19	-0.0477011790439832
21103	20	-0.0917551468007218
21103	21	0.111328616153067
21103	22	0.0029318473683233
21103	23	0.00503191197991271
21103	24	0.0470873466060695
21103	25	-0.00250744281152748
21103	26	-0.0396457925787459
21103	27	0.0721516980257633
21103	28	0.0702016830145382
21103	29	0.0720686916638655
21103	30	-0.00913450259180593
21103	31	0.051864946310701
21103	32	0.041535224173451
21103	33	0.0213506170219233
21103	34	0.103695419000928
21103	35	0.00613572269498519
21103	36	0.0581680859591671
21103	37	0.144912994667536
21103	38	0.0531955746792931
21103	39	0.171962023786747
21103	40	0.122136224863347
21103	41	0.25757059381224
21103	42	0.199429688989788
21103	43	0.0836754262631345
21103	44	0.0747420599125164
21103	45	0.1087821496033
21103	46	0.137294033533507
21103	47	0.082265485523763
21103	48	0.087297319301193
21103	49	0.077430893752414
21103	50	0.0790259818536398
21103	51	0.0723289845580055
21103	52	0.14680256962383
21103	53	0.174857405675084
21103	54	0.211456695499486
21103	55	0.153766180895666
21103	56	0.0533964547860961
21103	57	0.336553667035894
21103	58	0.367529659723637
21103	59	0.124948523686825
21103	60	0.0653710775170993
21103	61	0.21042245372832
21103	62	0.280427897107487
21103	63	0.0888924524003869
21103	64	0.260628830391283
21103	65	0.0913341094797815
21103	66	0.167787472239752
21103	67	0.121470191326502
21103	68	0.217202526492841
21103	69	-0.0872085844893746
21103	70	0.240583793445829
21103	71	0.22373681893945
21103	72	0.21186409017637
21103	73	0.0538575715420606
21103	74	0.14974814057453
21104	1	-0.530302614997922
21104	2	-0.117369437645927
21104	3	-0.119344136314741
21104	4	-0.0843366237041927
21104	5	-0.118924178645418
21104	6	-0.0424458207765994
21104	7	-0.0927383660546397
21104	8	-0.0324488860497709
21104	9	-0.0314093384170917
21104	10	-0.0489631085312396
21104	11	-0.102104924503337
21104	12	-0.0197974647847801
21104	13	0.00250119705835772
21104	14	-0.0805497123718908
21104	15	-0.0311493768241249
21104	16	-0.0795155387759721
21104	17	0.0185989307095795
21104	18	-0.05302527631423
21104	19	-0.0701628373801313
21104	20	-0.035347817720158
21104	21	-0.017964069748416
21104	22	-0.0146629429697214
21104	23	-0.039888737265791
21104	24	-0.0167429860946342
21104	25	-0.0979873847268351
21104	26	0.0734800653508501
21104	27	-0.0798999160859282
21104	28	-0.0449635707310847
21104	29	-0.0505321618830052
21104	30	-0.104148385806241
21104	31	-0.011545859464043
21104	32	-0.0571822326664702
21104	33	-0.10170873751715
21104	34	-0.108807787468116
21104	35	0.0274783955779441
21104	36	0.0172948702465519
21104	37	0.149615947035429
21104	38	0.13677500288437
21104	39	0.134666360101164
21104	40	0.142609540740665
21104	41	0.107806773996529
21104	42	0.084637026680447
21104	43	0.146249227754652
21104	44	0.154121564866522
21104	45	0.149629223511901
21104	46	0.118763377879986
21104	47	0.0227136433662025
21104	48	-0.0208396198558916
21104	49	0.10636554949042
21104	50	0.148262743815401
21104	51	-0.033263944870157
21104	52	0.0713950233782867
21104	53	0.0255896408664213
21104	54	0.143996753384229
21104	55	0.238935251345993
21104	56	0.2484722436567
21104	57	-0.00267733324130148
21104	58	0.0172580613818738
21104	59	0.0882293544418715
21104	60	0.0531835428262184
21104	61	0.107090628428168
21104	62	0.134656306132484
21104	63	0.120578520212661
21104	64	0.0488281197068332
21104	65	0.264000157611939
21104	66	0.103894619716606
21104	67	0.0527821986865789
21104	68	0.053021628527965
21104	69	0.168847134863483
21104	70	0.108322741912588
21104	71	-0.01313911551388
21104	72	0.00958886868892961
21104	73	0.177637543147476
21104	74	0.115253273942663
21105	1	-0.33464733209173
21105	2	-0.0568988066656857
21105	3	-0.159431451967205
21105	4	0.0501938372443753
21105	5	-0.00519447837504572
21105	6	-0.0383477056583104
21105	7	-5.39025588821573e-05
21105	8	-0.0422975041317244
21105	9	-0.0818158644794025
21105	10	-0.0352850091444594
21105	11	-0.0628727920340069
21105	12	-0.0170173947080769
21105	13	-0.0357597951860527
21105	14	-0.0461713484097928
21105	15	-0.159697420725458
21105	16	-0.0359823663652463
21105	17	-0.0462935287972499
21105	18	0.0982174932810622
21105	19	-0.106879668351482
21105	20	0.0036398386527452
21105	21	0.032429894301039
21105	22	0.0393913983652894
21105	23	0.028429286517003
21105	24	-0.032968275165878
21105	25	-0.0463652423431782
21105	26	-0.0562217511162046
21105	27	0.0707089550142896
21105	28	-0.0257079376346212
21105	29	0.113862068867647
21105	30	0.00282488416301163
21105	31	-0.162199180763608
21105	32	-0.0774041744444389
21105	33	-0.0247886338515571
21105	34	-0.140275629681504
21105	35	-0.0890159138302309
21105	36	-0.0565569237771228
21105	37	0.0153979859375468
21105	38	0.0329457976944596
21105	39	0.0240407743702349
21105	40	0.00879725748082905
21105	41	0.022645692433521
21105	42	0.0797039065027292
21105	43	-0.068002432228667
21105	44	-0.0889802567190117
21105	45	0.139631314716532
21105	46	0.0982490620208836
21105	47	0.000820894876405021
21105	48	0.00625714026699598
21105	49	-0.0761375845530949
21105	50	-0.0499590335434661
21105	51	0.109629499372282
21105	52	-0.103673787834566
21105	53	0.0283390762220463
21105	54	0.042232204743172
21105	55	-0.0221144670599998
21105	56	0.0669363334798163
21105	57	-0.0192188557845299
21105	58	0.0476695671454905
21105	59	0.0240201417239589
21105	60	-0.135155539950837
21105	61	-0.0467244976222574
21105	62	0.0530031653590157
21105	63	-0.0497987807806552
21105	64	-0.00168359658059103
21105	65	-0.0491115387742269
21105	66	-0.0809248335182602
21105	67	-0.0978043792339847
21105	68	0.119450929239484
21105	69	-0.0412792594339209
21105	70	-0.161699201175921
21105	71	0.0151699260494382
21105	72	-0.00349893230380616
21105	73	0.116301881712388
21105	74	-0.00650832230270026
21106	1	-0.420250966587719
21106	2	0.0736564132016859
21106	3	-0.0500831234426045
21106	4	-0.00980895735977327
21106	5	0.0242583834506611
21106	6	0.052021861857817
21106	7	0.0170649360942718
21106	8	0.0780347516425266
21106	9	0.0605748816043743
21106	10	0.0461078366689236
21106	11	0.122390580524488
21106	12	-0.0534945318249527
21106	13	-0.0693441393604317
21106	14	0.0600009502654117
21106	15	-0.0111094511186636
21106	16	-0.130579716778392
21106	17	0.0277030572538948
21106	18	-0.0803671530126948
21106	19	0.0644484483874379
21106	20	-0.0710497336972935
21106	21	-0.0363702386314841
21106	22	0.00361857702358037
21106	23	0.0201644335736049
21106	24	0.00456816798281068
21106	25	0.0173366262651058
21106	26	0.08683176932972
21106	27	0.0556086513843255
21106	28	-0.118182899492055
21106	29	0.0976382588403055
21106	30	-0.08952545345538
21106	31	0.027376945763983
21106	32	0.097366214836363
21106	33	-0.0774688102892682
21106	34	0.00960390022076041
21106	35	0.0204438212110816
21106	36	-0.0133684839898223
21106	37	0.0580566338304536
21106	38	0.0469687399869301
21106	39	0.00425945208120737
21106	40	0.00894696786386362
21106	41	0.0152657526193352
21106	42	-0.044437563105781
21106	43	-0.0810562838355153
21106	44	-0.0849944970812686
21106	45	0.099441897564752
21106	46	-0.0889981271387441
21106	47	-0.00243010675901445
21106	48	-0.11970163977054
21106	49	-0.0713136122510107
21106	50	0.15030629960247
21106	51	0.0057940159817278
21106	52	-0.0786660829467181
21106	53	-0.0307784395935755
21106	54	0.148905294245331
21106	55	-0.00275529019629062
21106	56	0.118195562231023
21106	57	0.0491728861404255
21106	58	0.024941430444045
21106	59	-0.0278726630685995
21106	60	-0.0698372761467994
21106	61	0.0063658294176534
21106	62	-0.0266448688829755
21106	63	0.0566822465924517
21106	64	-0.116930695575448
21106	65	0.0471027986014008
21106	66	-0.140849706512796
21106	67	-0.0997477416884536
21106	68	0.0916257437955323
21106	69	0.086617229345201
21106	70	-0.00127509041573859
21106	71	0.119597859516823
21106	72	0.071962420062782
21106	73	0.0280350619620933
21106	74	-0.0632775514884258
21107	1	-0.582163256654653
21107	2	0.131008690128553
21107	3	0.0965641068780982
21107	4	-0.0397908897705648
21107	5	-0.0361889946957668
21107	6	-0.0578444790447463
21107	7	0.103034837133158
21107	8	0.219141596795076
21107	9	0.0703755221825375
21107	10	0.0933802466389437
21107	11	0.102587065557131
21107	12	0.0713555893100235
21107	13	-0.0928812805750638
21107	14	-0.0226931736618212
21107	15	-0.0182646270723481
21107	16	-0.128146751640628
21107	17	-0.00463998056485337
21107	18	-0.0575588747718214
21107	19	0.0647430732796508
21107	20	0.0962551158078995
21107	21	0.0437923696713938
21107	22	0.0629983248985866
21107	23	0.00259370306812201
21107	24	-0.0188837681236222
21107	25	-0.049768042564196
21107	26	-0.0245118023041613
21107	27	-0.0508710431091615
21107	28	-0.0299976656399608
21107	29	-0.00801504876039871
21107	30	-0.00529455787783206
21107	31	0.0552821319833399
21107	32	-0.0122578561199873
21107	33	0.000827498173755714
21107	34	-0.0011309168449003
21107	35	0.02679006192065
21107	36	-0.159564044522661
21107	37	-0.0761520896344976
21107	38	-0.00597542148063468
21107	39	-0.0374638187992531
21107	40	-0.0159673702088483
21107	41	0.00753178765190654
21107	42	-0.0529091061658136
21107	43	-0.0304905598477347
21107	44	-0.08138004627736
21107	45	0.0697489442723764
21107	46	-0.0677624001497463
21107	47	-0.129972273420599
21107	48	-0.0800781725762647
21107	49	-0.024918018085323
21107	50	-0.0238830174398217
21107	51	0.0410310191331362
21107	52	-0.103050379912631
21107	53	-0.0492666434275932
21107	54	-0.0337451804295625
21107	55	0.00136107055345036
21107	56	0.0302619779805369
21107	57	0.052889420938186
21107	58	0.150736299911472
21107	59	-0.186293099728672
21107	60	-0.176916171111216
21107	61	-0.0257040464310236
21107	62	-0.10198125620952
21107	63	-0.0591462618873351
21107	64	-0.174602105969804
21107	65	0.026355821885069
21107	66	-0.0354954009460329
21107	67	-0.0802765161428241
21107	68	-0.0474953743419775
21107	69	-0.0550812048905414
21107	70	-0.0325318406339079
21107	71	-0.0999469087078992
21107	72	-0.046137983194626
21107	73	0.142903708797583
21107	74	0.0181225592841798
21108	1	-0.568235849764047
21108	2	-0.0214677266798304
21108	3	-0.127360901721833
21108	4	-0.0648386133324372
21108	5	-0.0609644274782219
21108	6	-0.00618650920991115
21108	7	-0.113280685863785
21108	8	-0.137271044861535
21108	9	-0.0149113279170265
21108	10	-0.157444135498395
21108	11	-0.0978265790210315
21108	12	-0.0666358785892243
21108	13	-0.0768827437746324
21108	14	-0.233739603600242
21108	15	-0.0107736024935008
21108	16	0.0190743804494744
21108	17	-0.0758481376601594
21108	18	-0.068182454571911
21108	19	-0.199722132125466
21108	20	-0.0719607497327814
21108	21	-0.121979419647246
21108	22	0.019890624689765
21108	23	-0.0580298767319718
21108	24	-0.102971715138359
21108	25	0.0119470017436214
21108	26	0.0562691683494805
21108	27	-0.0425580589088099
21108	28	-0.103549727927685
21108	29	-0.151165021870476
21108	30	-0.239217410438677
21108	31	-0.063600046536699
21108	32	0.0357040813112732
21108	33	-0.224459812203818
21108	34	0.0134439074015802
21108	35	-0.162792756628072
21108	36	0.0756561101403364
21108	37	0.0486725960290926
21108	38	-0.104309640480672
21108	39	-0.123338865027037
21108	40	0.0185352438878539
21108	41	-0.0712327098087684
21108	42	0.0359637838524449
21108	43	0.0184090306380469
21108	44	-0.0605017710041196
21108	45	-0.076481008291438
21108	46	0.0112489694760356
21108	47	-0.187545006684886
21108	48	-0.236899564158982
21108	49	0.006887524393413
21108	50	0.00325910414904484
21108	51	0.0137060495868653
21108	52	-0.0459603750149213
21108	53	0.00999744377681822
21108	54	0.0902146010105298
21108	55	-0.0116973592278669
21108	56	-0.0382993653474628
21108	57	-0.0832670818758316
21108	58	0.0167796939101166
21108	59	-0.046229998089963
21108	60	-0.0121727794308981
21108	61	-0.159407632674032
21108	62	-0.0157479207267954
21108	63	0.0728993193276821
21108	64	0.154480706366122
21108	65	0.103419470855521
21108	66	0.131649992088192
21108	67	0.0476945293911299
21108	68	0.00612159828803271
21108	69	0.122803880833523
21108	70	0.0976623978237967
21108	71	-4.37624407538806e-05
21108	72	0.0644922205844125
21108	73	-0.0789463750038024
21108	74	-0.237855747055114
21109	1	-0.102004425524051
21109	2	0.0282981833756715
21109	3	0.0318988571437728
21109	4	-0.0525705967050527
21109	5	0.0887621111600545
21109	6	0.0730743317299272
21109	7	-0.0252393243073215
21109	8	0.123670791089431
21109	9	0.0124282280742847
21109	10	0.0696386472017281
21109	11	0.0393815305404459
21109	12	0.0863993944718473
21109	13	0.022960172678637
21109	14	0.12919723360644
21109	15	0.0554888217110374
21109	16	0.0370605744982839
21109	17	0.0929170584456855
21109	18	-0.0309543485710435
21109	19	0.119070828689189
21109	20	0.0699258686280473
21109	21	0.132574157101608
21109	22	0.0842488175819227
21109	23	0.002931845988698
21109	24	0.0582467443169392
21109	25	0.0290573005679207
21109	26	0.028770591313652
21109	27	0.112013686451334
21109	28	0.0445069069603576
21109	29	-0.0315142978860479
21109	30	0.0967681014646899
21109	31	0.00791555562116031
21109	32	0.0751519017542179
21109	33	0.241475869449943
21109	34	0.041914888985481
21109	35	0.0607593933181718
21109	36	0.165355909152659
21109	37	0.141131104043545
21109	38	0.185120082919589
21109	39	0.0917498383114008
21109	40	0.121873329863611
21109	41	0.176903307881794
21109	42	0.10105233534928
21109	43	0.163305153261284
21109	44	0.157583779596344
21109	45	0.154005055352521
21109	46	0.0963898519853359
21109	47	0.0476080274155137
21109	48	0.145670497358452
21109	49	0.143533685250105
21109	50	0.132889999569414
21109	51	0.0520807742773783
21109	52	0.0753307315393457
21109	53	0.140493622874871
21109	54	0.0601709470044085
21109	55	-0.0342700067124468
21109	56	0.131472253417279
21109	57	0.274601028544105
21109	58	0.0671689742894088
21109	59	0.117797890793064
21109	60	0.115971592029936
21109	61	0.125322629254526
21109	62	0.203664466446504
21109	63	0.0846596822121981
21109	64	0.161461840168563
21109	65	0.0589540721627557
21109	66	0.0385349295187112
21109	67	0.0436339201836589
21109	68	0.206645699291478
21109	69	0.0304492119782864
21109	70	0.168081507895401
21109	71	0.128819302934652
21109	72	0.252569013201466
21109	73	0.116166030671508
21109	74	0.0443007965325748
21110	1	0.200375855569714
21110	2	-0.0535301757195974
21110	3	-0.156861549098579
21110	4	-0.026572805756274
21110	5	-0.0890798089691636
21110	6	-0.134567059424981
21110	7	-0.106477337958204
21110	8	-0.12641131249741
21110	9	-0.0717137481332344
21110	10	-0.12809041405994
21110	11	-0.212157524431781
21110	12	-0.155899779638361
21110	13	-0.0748106116636365
21110	14	0.0206423496823191
21110	15	-0.0369840866871769
21110	16	-0.0106817575947176
21110	17	-0.122442715340853
21110	18	-0.0694342084062782
21110	19	-0.0773154000090628
21110	20	0.00839633044265042
21110	21	-0.0214285476693874
21110	22	-0.020433901110529
21110	23	-0.15366938566838
21110	24	-0.023493056506986
21110	25	-0.0825176011401396
21110	26	-0.107774644664445
21110	27	-0.0846974710646506
21110	28	-0.162279109404587
21110	29	0.0178277632134822
21110	30	-0.155851984067624
21110	31	0.044505225647363
21110	32	-0.163202298283174
21110	33	-0.0348303263242542
21110	34	-0.0115331260183069
21110	35	-0.0797748376810432
21110	36	0.0539130042314895
21110	37	-0.131669766583414
21110	38	-0.0788997137088998
21110	39	-0.21247733548099
21110	40	-0.0146061327028093
21110	41	-0.0788940348720715
21110	42	0.0418205043783146
21110	43	-0.203007278268537
21110	44	0.0129747654221077
21110	45	-0.0366460809507885
21110	46	-0.0268518588028428
21110	47	-0.056713466868807
21110	48	0.0630026076273609
21110	49	0.0745898657486634
21110	50	-0.00256122950397497
21110	51	0.112114249335029
21110	52	0.0234052264888405
21110	53	-0.0569574434412274
21110	54	-0.15582384815292
21110	55	-0.247907398018661
21110	56	-0.0396244389162135
21110	57	-0.0101074033571251
21110	58	-0.026149771932495
21110	59	-0.0200991893270057
21110	60	0.0567907957103344
21110	61	-0.0399548623938628
21110	62	-0.0212085927901811
21110	63	-0.0952275270691274
21110	64	0.0826100714644156
21110	65	0.0176879543263126
21110	66	-0.0454424279531622
21110	67	0.0237094072799948
21110	68	-0.149430845166336
21110	69	-0.00310208870326534
21110	70	0.0671836155580081
21110	71	-0.00640325063632474
21110	72	0.111355247404333
21110	73	-0.0378829618429535
21110	74	0.0324035204102699
21111	1	0.371107382408152
21111	2	-0.0363556481855944
21111	3	-0.147562071512041
21111	4	-0.0749681972703868
21111	5	-0.11163941294128
21111	6	-0.0838037881991625
21111	7	0.0139533941606018
21111	8	-0.0474018261793177
21111	9	-0.0460555515696157
21111	10	-0.0800798029989807
21111	11	-0.131346229645558
21111	12	-0.10843304094869
21111	13	0.0225406928900895
21111	14	0.00306084282286889
21111	15	-0.114265760778139
21111	16	-0.194708559033202
21111	17	-0.0150889689111722
21111	18	-0.0467118127039825
21111	19	0.00376783096280775
21111	20	-0.0686097076506158
21111	21	-0.00179179521640549
21111	22	-0.117563216941285
21111	23	0.0178280022643165
21111	24	-0.0590741489874844
21111	25	-0.0718436433771927
21111	26	-0.0913733778488037
21111	27	-0.0803353926582346
21111	28	-0.142701553944406
21111	29	-0.0842371018913681
21111	30	-0.121980204754017
21111	31	-0.0169505024016487
21111	32	-0.0900607138756584
21111	33	0.0922989155102627
21111	34	-0.0985693545778972
21111	35	0.0126797656251085
21111	36	0.0955146393113893
21111	37	0.119120522032958
21111	38	0.174716042515549
21111	39	0.0998402664018272
21111	40	0.148987326977611
21111	41	0.125676756655245
21111	42	0.187877732174677
21111	43	0.106474946431078
21111	44	0.0510758430884053
21111	45	0.0816866330340957
21111	46	0.183763589359074
21111	47	0.111090470897956
21111	48	-0.0471529754650248
21111	49	0.186419688136105
21111	50	0.0737269404063596
21111	51	0.25448577668238
21111	52	0.167899274107889
21111	53	0.0219584689778358
21111	54	0.0641002529250798
21111	55	0.0432046801521153
21111	56	0.170764336310228
21111	57	0.132408242366488
21111	58	0.197568753023909
21111	59	0.0748982651714627
21111	60	0.0970766704407353
21111	61	0.0902248275623663
21111	62	0.0933319555233254
21111	63	0.00913395535916806
21111	64	0.0782006864072429
21111	65	0.181282449311411
21111	66	0.129257747209472
21111	67	0.0636538135538984
21111	68	0.0308624771804276
21111	69	0.0986237268613479
21111	70	0.0667368677307465
21111	71	0.135351798001444
21111	72	0.0837075269220691
21111	73	0.258009447223088
21111	74	-0.0171182685138476
21112	1	0.0750098538214914
21112	2	-0.062915627771666
21112	3	-0.0633102198723527
21112	4	-0.205579065864832
21112	5	-0.214316918432083
21112	6	-0.197244433529278
21112	7	-0.240792128249808
21112	8	-0.130278081056595
21112	9	-0.215022864547173
21112	10	-0.176283697528753
21112	11	-0.145371692376465
21112	12	-0.156170518865061
21112	13	-0.263646446074347
21112	14	-0.0938249914988276
21112	15	-0.175169702046432
21112	16	-0.288608986449844
21112	17	-0.127204271155797
21112	18	-0.277143799039145
21112	19	-0.235516744152768
21112	20	-0.204727259593518
21112	21	-0.170787750185987
21112	22	-0.0980227386460584
21112	23	-0.221748851360786
21112	24	-0.311065223101245
21112	25	-0.240224967236102
21112	26	-0.220479890907598
21112	27	-0.103541915741729
21112	28	-0.0364829869032661
21112	29	-0.0575579976566516
21112	30	-0.149179681907469
21112	31	-0.126751271308947
21112	32	-0.173084214630116
21112	33	-0.155001641836868
21112	34	-0.0961672027831497
21112	35	-0.115563972519389
21112	36	0.0137744432329541
21112	37	-0.00569429278185396
21112	38	-0.141231669902751
21112	39	0.0148293731556421
21112	40	0.0406376537749935
21112	41	0.0109300246290971
21112	42	-0.0276124639037576
21112	43	0.122869281943061
21112	44	-0.0540661617336298
21112	45	0.144546072098024
21112	46	0.0503158348741763
21112	47	0.0315192777850228
21112	48	0.086350082576466
21112	49	-0.0623989134739631
21112	50	0.0180794392825803
21112	51	0.0145882108561679
21112	52	-0.0666661298396392
21112	53	0.088778471373395
21112	54	0.119973724921913
21112	55	0.021872278476657
21112	56	0.000867004946940142
21112	57	0.166027568220969
21112	58	0.0665886775010662
21112	59	-0.10120547763556
21112	60	-0.0208396478481419
21112	61	0.101909311096513
21112	62	0.105725830293053
21112	63	0.101277397964161
21112	64	0.0591731529794757
21112	65	0.0579162409375371
21112	66	0.0646477010778028
21112	67	0.0296939833200298
21112	68	0.0405527625523092
21112	69	0.000717343135981707
21112	70	0.129234582364077
21112	71	0.00998393907809003
21112	72	-0.0179282876167903
21112	73	0.103597745832943
21112	74	-0.165070221169707
21201	1	0.00934097265934852
21201	2	-0.0503471665303898
21201	3	-0.024884556975632
21201	4	-0.0702097602366827
21201	5	-0.0898819682897916
21201	6	-0.0589062646670584
21201	7	-0.0371887123210897
21201	8	-0.0939415433962836
21201	9	0.0232865183989404
21201	10	-0.0718987692284117
21201	11	-0.0836726163033674
21201	12	-0.0270740178689195
21201	13	-0.0676906147800125
21201	14	0.0098180681915494
21201	15	-0.110529538623226
21201	16	-0.100007451705999
21201	17	0.0426708888711715
21201	18	-0.0547959540689789
21201	19	-0.0086305722503468
21201	20	0.0341079713377042
21201	21	0.0481870924383756
21201	22	-0.0971936285096291
21201	23	-0.0144042763696888
21201	24	-0.0280456310027262
21201	25	-0.0114437225229906
21201	26	-0.0364598619701795
21201	27	-0.134851649674012
21201	28	-0.0338510956433282
21201	29	-0.00416062828536923
21201	30	0.0232176546377687
21201	31	0.054162403768764
21201	32	-0.145459456722193
21201	33	-0.00162144301203426
21201	34	-0.070669951333123
21201	35	0.0240271412178075
21201	36	-0.0154213683294913
21201	37	-0.105264493354923
21201	38	-0.0464651099836502
21201	39	-0.199463564649854
21201	40	0.0261824877544328
21201	41	-0.0548787989003117
21201	42	-0.0882015419418494
21201	43	0.0130386734819083
21201	44	0.0838186001721368
21201	45	-0.0850649322848014
21201	46	-0.0663419084712515
21201	47	-0.0391522404626343
21201	48	0.0587235854384147
21201	49	-0.114697394550305
21201	50	0.128028015675177
21201	51	-0.0592537693152266
21201	52	0.0243508870111171
21201	53	-0.0981632806148056
21201	54	-0.106209472832901
21201	55	0.0370499012778964
21201	56	-0.0708354751599813
21201	57	-0.0968109246853857
21201	58	-0.113516399316858
21201	59	0.119860414029539
21201	60	-0.0468656818172803
21201	61	-0.0180945111449091
21201	62	0.102003596772882
21201	63	0.0441548767995243
21201	64	-0.0547955212632374
21201	65	-0.0767740879801408
21201	66	-0.104128356911495
21201	67	-0.146321809977835
21201	68	-0.113801680648287
21201	69	0.0316646213071365
21201	70	-0.108678780388921
21201	71	-0.00426985505503552
21201	72	0.140159720965293
21201	73	0.0534178178041529
21201	74	-0.368429460252287
21202	1	0.445638246240268
21202	2	0.103175363639004
21202	3	-0.0442522196525168
21202	4	-0.155217120625078
21202	5	-0.0602897215056046
21202	6	-0.125091840766089
21202	7	-0.191025442914473
21202	8	-0.0801285136635954
21202	9	0.00299470667726354
21202	10	-0.160524816392304
21202	11	-0.11121000256589
21202	12	-0.128202986635451
21202	13	-0.101049678719036
21202	14	-0.286573393757912
21202	15	-0.171459305346069
21202	16	-0.174675926690931
21202	17	-0.032792569568258
21202	18	-0.176941497036019
21202	19	-0.130522397093607
21202	20	-0.0495482759713468
21202	21	-0.0724489558326482
21202	22	-0.0896758836178222
21202	23	0.0300040837193762
21202	24	-0.105854572541972
21202	25	-0.222459292102243
21202	26	-0.08554432396474
21202	27	-0.168516713047161
21202	28	-0.0923082639235417
21202	29	-0.0299127615678572
21202	30	-0.215254316429139
21202	31	-0.104182820999867
21202	32	-0.0804763507613018
21202	33	-0.120836157228041
21202	34	-0.21670805313201
21202	35	-0.119133438264136
21202	36	0.0811545202637731
21202	37	0.0393205881705256
21202	38	-0.0447680844685792
21202	39	-0.120867405555842
21202	40	-0.000556323816041981
21202	41	0.0816539391949291
21202	42	-0.0865716725872332
21202	43	-0.0552644715583455
21202	44	-0.0191755731957599
21202	45	-0.064061757708707
21202	46	-0.0787679410548492
21202	47	-0.119207396750113
21202	48	0.170269456270773
21202	49	-0.00835846180393673
21202	50	-0.109201149574204
21202	51	-0.129514002777015
21202	52	-0.0492636089091079
21202	53	-0.0649079813043016
21202	54	-0.0224775507732105
21202	55	-0.0973025995350199
21202	56	-0.143214572595383
21202	57	-0.101994196725293
21202	58	0.0174238565719165
21202	59	-0.0826515788292852
21202	60	-0.0953367041391076
21202	61	0.112002527863552
21202	62	-0.00646055761524877
21202	63	0.200242639858665
21202	64	0.022930847294333
21202	65	0.0326133274606377
21202	66	0.100555380371603
21202	67	-0.0143929461006564
21202	68	0.0142118934639441
21202	69	0.122595028341244
21202	70	-0.0248823526384072
21202	71	-0.0895024057824045
21202	72	0.0630606526594377
21202	73	0.0560568758634332
21202	74	-0.13016893043045
21203	1	0.606973415228499
21203	2	-0.0557630034727339
21203	3	-0.0988704365762487
21203	4	-0.137996496716237
21203	5	0.00657029297008904
21203	6	-0.0325210312070041
21203	7	-0.176766910647252
21203	8	-0.0106755163716343
21203	9	-0.112418085816756
21203	10	-0.05283831887958
21203	11	-0.165872186471354
21203	12	-0.0713360390077398
21203	13	0.0334870135313423
21203	14	-0.156650160909848
21203	15	-0.157670645138943
21203	16	0.0503293119281736
21203	17	-0.194169567326348
21203	18	-0.128142423737046
21203	19	-0.0421293862667724
21203	20	-0.154354334808524
21203	21	-0.0916440847721702
21203	22	0.0593504014207937
21203	23	-0.142925672813128
21203	24	0.0354218971846905
21203	25	-0.111865895541982
21203	26	-0.0326001933028905
21203	27	-0.123843586842412
21203	28	-0.147215807641956
21203	29	-0.0914128134194954
21203	30	-0.0397671248528439
21203	31	-0.0962718379676488
21203	32	0.064957471046533
21203	33	-0.0275900736303711
21203	34	-0.0381772505862514
21203	35	-0.0592087140132875
21203	36	-0.0136641950827183
21203	37	-0.0363944050993368
21203	38	-0.0668048194171433
21203	39	0.11960176507759
21203	40	-0.0024611525764513
21203	41	0.0326820397369048
21203	42	-0.0610577476705743
21203	43	0.107819289651118
21203	44	0.0234802692292604
21203	45	0.00890628998045173
21203	46	-0.0373936967177144
21203	47	0.0953516021152865
21203	48	0.157011645914125
21203	49	0.0440443813429781
21203	50	-0.0144942834382249
21203	51	-0.0871729168295516
21203	52	-0.0156961333549859
21203	53	0.0376990076828392
21203	54	0.0395821104678973
21203	55	-0.188459497508774
21203	56	0.0972317133631222
21203	57	-0.0313460111999504
21203	58	-0.0563745646347726
21203	59	0.00143219835802455
21203	60	-0.0493353582196079
21203	61	0.0771052144427529
21203	62	0.00864515212133199
21203	63	-0.0400192078777266
21203	64	-0.00402638941410771
21203	65	0.0302737274920872
21203	66	-0.0627034781307145
21203	67	0.0663681160828204
21203	68	0.0280055523571363
21203	69	0.112889713080371
21203	70	0.0234420318922801
21203	71	-0.179186973365653
21203	72	0.0257232111993559
21203	73	-0.0810480029080836
21203	74	-0.147880041132936
21204	1	0.217226051971203
21204	2	0.0317333841351228
21204	3	0.0243418846558754
21204	4	-0.0368130891922611
21204	5	-0.0255429625055683
21204	6	0.0696762746162989
21204	7	0.153171381195172
21204	8	0.0484122908638298
21204	9	-0.0329746006293874
21204	10	-0.0805960615412644
21204	11	-0.0302174510198867
21204	12	0.00236404623257158
21204	13	-0.066423860558281
21204	14	0.0675974294121033
21204	15	-0.0501840686667236
21204	16	0.143796164132155
21204	17	0.0261402119959584
21204	18	-0.0725188702117094
21204	19	0.142217966790831
21204	20	0.138112218690097
21204	21	0.0280796977606101
21204	22	-0.00952911346226415
21204	23	0.0377072911455159
21204	24	0.0593790390357398
21204	25	0.0411708209331962
21204	26	-0.0497514669291448
21204	27	0.0970854597046298
21204	28	0.0799192678965071
21204	29	-0.00685248100656821
21204	30	-0.061845822788861
21204	31	0.00547619555535306
21204	32	-0.00980265397259217
21204	33	-0.129442532606959
21204	34	-0.0750989339245649
21204	35	-0.0436068226983224
21204	36	0.0413713721205724
21204	37	-0.0742079580757533
21204	38	0.0346553078760081
21204	39	0.01402333003454
21204	40	0.015135253264063
21204	41	-0.111526738975215
21204	42	-0.0105492341174624
21204	43	-0.0168916786209437
21204	44	0.0882418855353464
21204	45	0.0114827212571527
21204	46	-0.143933009450301
21204	47	-0.0242849644849699
21204	48	-0.12186732263347
21204	49	-0.0985742754790664
21204	50	-0.0735296267640351
21204	51	-0.0656868500470082
21204	52	-0.0421481843659492
21204	53	0.0165162135374928
21204	54	-0.00152041951010062
21204	55	0.0261402879597767
21204	56	-0.068708669122536
21204	57	0.118527386058737
21204	58	-0.160572465684247
21204	59	-0.0319744853968729
21204	60	0.0955379368401807
21204	61	-0.0280426620694456
21204	62	-0.00684822731507495
21204	63	-0.0886008238036737
21204	64	0.00176985051346179
21204	65	-0.0173767241588436
21204	66	-0.157683096189885
21204	67	0.0755925228059056
21204	68	-0.18273857695835
21204	69	0.0445184680725603
21204	70	-0.0578835219912008
21204	71	0.0116252491737825
21204	72	-0.00133309145282112
21204	73	-0.000153610767277712
21204	74	-0.166973083755387
21205	1	0.324673435690951
21205	2	-0.209322153126188
21205	3	-0.0311522835454774
21205	4	-0.169909816961706
21205	5	-0.16115657179742
21205	6	-0.166088973636604
21205	7	-0.152814902186741
21205	8	-0.249913989021849
21205	9	-0.0739024847170526
21205	10	-0.0560037182924447
21205	11	-0.1113800705931
21205	12	-0.129866753957685
21205	13	-0.0929992999250544
21205	14	-0.0560952435396516
21205	15	-0.130587273818385
21205	16	-0.124971901434421
21205	17	-0.117900945989078
21205	18	-0.147081739399731
21205	19	-0.111469543118552
21205	20	-0.175999961617975
21205	21	-0.0950035735755606
21205	22	-0.171325852208255
21205	23	-0.0326934341196434
21205	24	-0.264828311998293
21205	25	-0.304399329364188
21205	26	-0.21755644215061
21205	27	-0.227472734287545
21205	28	-0.204869270962504
21205	29	-0.121941980516688
21205	30	-0.184032269599363
21205	31	-0.14793486799072
21205	32	0.0120670991364094
21205	33	0.0330188970272829
21205	34	-0.202500460071107
21205	35	-0.17687307713468
21205	36	-0.107683253841358
21205	37	-0.00080339737176871
21205	38	-0.0257755551769492
21205	39	-0.0417766552602359
21205	40	-0.0215945641686162
21205	41	-0.0611805295248402
21205	42	-0.0828220420916921
21205	43	-0.065136958928008
21205	44	0.00311747840317622
21205	45	0.105004081407984
21205	46	0.0460159093992019
21205	47	0.0219825367787365
21205	48	0.0710892637632909
21205	49	-0.0281954390392656
21205	50	-0.0183496994865493
21205	51	0.0185786831481707
21205	52	-0.00469959594860825
21205	53	-0.183873513299247
21205	54	0.00642368608504995
21205	55	0.0392293316732122
21205	56	0.0451175309849532
21205	57	0.0679126934050629
21205	58	-0.0944252562700854
21205	59	-0.0298513022754392
21205	60	-0.0918672276470645
21205	61	0.107114815880927
21205	62	-0.0881043383899751
21205	63	-0.0975215507669347
21205	64	-0.0127894054949778
21205	65	-0.0250701879422763
21205	66	-0.0931206011683159
21205	67	0.0363835801953059
21205	68	-0.000173693297782052
21205	69	-0.0693154930610049
21205	70	-0.0650810582313142
21205	71	-0.00376703096123521
21205	72	0.0470075966683012
21205	73	0.181871426051579
21205	74	0.0136767264208828
21206	1	0.388704132921589
21206	2	0.160945401569411
21206	3	0.0844801705539275
21206	4	-0.00588564935557301
21206	5	0.0359360129477793
21206	6	0.0345486641851167
21206	7	-0.117254700381366
21206	8	0.0081287760209392
21206	9	-0.0524532012433951
21206	10	-0.0198553172509079
21206	11	0.0326623799616499
21206	12	0.0604085030296773
21206	13	0.0767269622247113
21206	14	0.00488372040882012
21206	15	0.127041726242915
21206	16	0.111529365845769
21206	17	0.0545169872914855
21206	18	-0.0844391870361392
21206	19	0.0451404357467808
21206	20	-0.0368190163948654
21206	21	-0.0573195114561784
21206	22	-0.00497114168383206
21206	23	0.0219507279962698
21206	24	0.0303457624607475
21206	25	0.01539369486472
21206	26	0.0115321022228514
21206	27	0.0967324505008307
21206	28	0.00445383351415529
21206	29	0.0316819610844874
21206	30	0.0921417968642189
21206	31	0.000834097903315012
21206	32	0.0205502806892923
21206	33	-0.0207604229856173
21206	34	-0.081951731748795
21206	35	0.112642877802912
21206	36	-0.0355166682392536
21206	37	0.175152852706177
21206	38	0.0470794556524439
21206	39	-0.0437774950059904
21206	40	-0.01244299837537
21206	41	0.050968346587716
21206	42	0.0432736806092962
21206	43	-0.063435018782755
21206	44	0.0425614170601634
21206	45	-0.0399626405488789
21206	46	-0.161344082793548
21206	47	0.060961373488098
21206	48	-0.102365181038316
21206	49	-0.00755558411477608
21206	50	0.112681333266423
21206	51	0.0134366214106763
21206	52	-0.0068857909866793
21206	53	0.0953787673879845
21206	54	-0.158840064772214
21206	55	-0.0881023971849331
21206	56	-0.0844103188505656
21206	57	0.0632519264434137
21206	58	0.0585613302496455
21206	59	0.116739012889028
21206	60	0.0039057282303574
21206	61	-0.0192590464971545
21206	62	0.0705559000785954
21206	63	-0.0142610345711773
21206	64	0.135611924029988
21206	65	0.144946914795881
21206	66	0.0870896247025286
21206	67	0.0304610225486073
21206	68	0.0403021934259371
21206	69	0.0285577492973701
21206	70	0.00172942718024416
21206	71	0.0731418528176846
21206	72	0.0332479415578248
21206	73	-0.00146515233305422
21206	74	0.0129788035135689
21207	1	0.830389111377904
21207	2	-0.0424671507524259
21207	3	0.0376405941302203
21207	4	0.053355381625515
21207	5	0.0600614541730842
21207	6	0.0388548386746024
21207	7	0.0999127049063659
21207	8	0.129422688444123
21207	9	0.0104196110785253
21207	10	-0.028711083209835
21207	11	0.0614716763379661
21207	12	0.162621598965686
21207	13	0.0974271421995425
21207	14	0.0361425602886172
21207	15	0.0587911922629303
21207	16	0.120042810662369
21207	17	0.0480482451064574
21207	18	0.15475309905414
21207	19	-0.0338055841037459
21207	20	0.169196304013624
21207	21	-0.000823199095314919
21207	22	0.126505287353197
21207	23	0.0926677165541392
21207	24	0.0254594868737854
21207	25	0.0908206738703896
21207	26	0.0569050272852678
21207	27	-0.00612480363264467
21207	28	0.050681024061987
21207	29	0.0635685605441481
21207	30	0.00130780416980514
21207	31	0.0176539549893633
21207	32	0.037069838090602
21207	33	0.122236547369781
21207	34	-0.0566988855637263
21207	35	-0.0785814019902986
21207	36	0.18217047174187
21207	37	-0.0764779691993311
21207	38	0.146672224049198
21207	39	0.172703313631075
21207	40	0.245446939352711
21207	41	0.0943176619158663
21207	42	0.19930423993921
21207	43	0.179640148469517
21207	44	0.173886725476748
21207	45	0.230232036509079
21207	46	0.0244762413393289
21207	47	-0.0273678574195273
21207	48	0.0653071986852964
21207	49	0.111509371535647
21207	50	0.117936643066763
21207	51	-0.0236009774607098
21207	52	-0.0347982210751567
21207	53	0.105270742630893
21207	54	0.154930718852775
21207	55	-0.075944602013017
21207	56	0.0561497094222005
21207	57	0.0466468706202505
21207	58	0.0734010086997188
21207	59	0.114918963681774
21207	60	-0.0485305860619007
21207	61	-0.0237741665669233
21207	62	0.0346262382037921
21207	63	-0.0521956550957654
21207	64	0.0854577095720259
21207	65	0.0722452819428554
21207	66	-0.0545710574198992
21207	67	0.095881457518459
21207	68	0.0529464570856675
21207	69	0.0379072274421475
21207	70	0.0752809328570549
21207	71	0.159890350221922
21207	72	0.120984858014765
21207	73	0.210493103574748
21207	74	-0.104919746864041
21208	1	-0.224791707773736
21208	2	0.0732243552533234
21208	3	0.0562106459060807
21208	4	-0.0560466718859374
21208	5	-0.109905002080282
21208	6	0.0675646769219824
21208	7	-0.0399441709358754
21208	8	0.0397093331098759
21208	9	-0.0465041061026312
21208	10	-0.0779529069215954
21208	11	-0.0276049110447474
21208	12	0.0735455330964498
21208	13	-0.0335697412359366
21208	14	0.0412533923320737
21208	15	0.0540636726227319
21208	16	0.020648079200086
21208	17	0.0428138143697012
21208	18	-0.0360530356131576
21208	19	0.0532975962940228
21208	20	0.036660434316893
21208	21	-0.0392180640650466
21208	22	-0.0536572788268614
21208	23	-0.00123182743448069
21208	24	0.0358829766750617
21208	25	-0.0360807642551677
21208	26	0.0297550358380931
21208	27	0.0238955979744517
21208	28	-0.102628813350968
21208	29	-0.0348269511022892
21208	30	-0.00188907342472078
21208	31	0.0934705407866758
21208	32	-0.159317533773539
21208	33	-0.0467025273401518
21208	34	0.00691011283835508
21208	35	-0.0779263810671793
21208	36	0.173896734835267
21208	37	0.0531954296487527
21208	38	-0.0241803482488052
21208	39	0.000474313802570236
21208	40	-0.00633567043841055
21208	41	0.0389884179038873
21208	42	0.129973256055642
21208	43	-0.0688091523714007
21208	44	-0.0967119371900012
21208	45	0.0424379319699426
21208	46	-0.0283477718145519
21208	47	0.0282942162787521
21208	48	-0.0702276330182983
21208	49	-0.0493693466773166
21208	50	0.166482829503714
21208	51	-0.0196160925414404
21208	52	-0.0486423143849208
21208	53	0.0577325413707115
21208	54	0.128766688343106
21208	55	0.0269643130954265
21208	56	0.0613079667036942
21208	57	0.138374578497064
21208	58	-0.092322627807242
21208	59	-0.176011401549843
21208	60	0.0385905086377107
21208	61	0.0521181973504738
21208	62	0.0191454982741774
21208	63	-0.0956699096159284
21208	64	0.0417403797542377
21208	65	-0.0180822824926068
21208	66	-0.00509805644396266
21208	67	0.0320931631638004
21208	68	0.0219769163360368
21208	69	-0.119764887221287
21208	70	0.127352825087549
21208	71	0.0233613619687958
21208	72	0.062718347905367
21208	73	0.0593386017976201
21208	74	-0.00394537305457732
21209	1	0.167244993063193
21209	2	-0.0845019183448272
21209	3	-0.152265018625013
21209	4	-0.0599422222071908
21209	5	-0.0551972815187902
21209	6	-0.101010426798595
21209	7	0.0125800152637794
21209	8	-0.164255382225036
21209	9	-0.0572717003403014
21209	10	-0.00589465634647723
21209	11	-0.248738285009495
21209	12	-0.179109384948262
21209	13	-0.0434595029278455
21209	14	-0.0278551738370467
21209	15	-0.222348902207237
21209	16	0.0188515940868683
21209	17	-0.0926454741925511
21209	18	-0.139042489228409
21209	19	-0.0393378520822552
21209	20	-0.0901816533618174
21209	21	0.00168211575860511
21209	22	-0.101592513214619
21209	23	-0.049855882848405
21209	24	0.0524689732790549
21209	25	-0.0839243893533066
21209	26	-0.0409872742356399
21209	27	-0.10347162648501
21209	28	-0.03497117666587
21209	29	-0.000141922700713337
21209	30	-0.0272022020597902
21209	31	-0.13702099155114
21209	32	-0.0968432315264707
21209	33	-0.170208689681516
21209	34	-0.220552385282303
21209	35	-0.169077220073554
21209	36	0.0307523789180593
21209	37	0.0813109350000758
21209	38	0.0442886920882017
21209	39	-0.0131722083582204
21209	40	-0.00714328458989399
21209	41	0.0395013355283638
21209	42	-0.0311862459184269
21209	43	-0.00911573760620854
21209	44	-0.0864505032728928
21209	45	0.00618890893719737
21209	46	0.0907573219785078
21209	47	-0.107887102117715
21209	48	-0.177697393622438
21209	49	-0.0803681755587462
21209	50	-0.0347796797737772
21209	51	-0.0143447273367627
21209	52	0.000666052840301745
21209	53	0.0394213209894616
21209	54	-0.0372490064680164
21209	55	0.0124727194280183
21209	56	0.120936562426799
21209	57	-0.0241455807824593
21209	58	-0.0603278084088501
21209	59	0.0349735964083209
21209	60	0.0709813413986424
21209	61	0.130948216323134
21209	62	-0.00961993420658303
21209	63	-0.00674646571359006
21209	64	0.0461975553179457
21209	65	0.036725636977522
21209	66	0.0559296595945398
21209	67	-0.064576625752359
21209	68	0.156727535246787
21209	69	0.0194463245750285
21209	70	-0.124990769748599
21209	71	0.0637632610030963
21209	72	0.00515858960437043
21209	73	-0.0941265486836755
21209	74	-0.0786622344883625
21210	1	-0.29809226091276
21210	2	-0.0659123711226748
21210	3	-0.254889381493996
21210	4	-0.133814186527854
21210	5	-0.144669382838579
21210	6	-0.0242566146490688
21210	7	-0.199106499257276
21210	8	-0.126067009493816
21210	9	-0.110487563307139
21210	10	-0.0653488722605005
21210	11	-0.0489769698179074
21210	12	-0.0618044172409142
21210	13	-0.168509760758496
21210	14	-0.156473471729299
21210	15	-0.0844597630042188
21210	16	-0.249011474863686
21210	17	-0.0530216952716955
21210	18	-0.0749536504023425
21210	19	-0.22419506134203
21210	20	-0.0870942536647448
21210	21	-0.173492882539541
21210	22	-0.144527059968759
21210	23	-0.171269095818218
21210	24	-0.0220671123751828
21210	25	-0.180900330477726
21210	26	-0.124960131816117
21210	27	-0.149890450249679
21210	28	-0.246530584080837
21210	29	-0.0371441840371816
21210	30	-0.0790416918444237
21210	31	-0.249202186719579
21210	32	-0.133566814521558
21210	33	-0.167695266320187
21210	34	-0.131611182157705
21210	35	-0.0677337670999876
21210	36	-0.00706752031302216
21210	37	-0.0475771689864501
21210	38	-0.112779221465999
21210	39	-0.139921422640811
21210	40	0.014135996774165
21210	41	-0.0525622681367821
21210	42	-0.0886702401299715
21210	43	-0.00699631414700974
21210	44	0.0168638417695774
21210	45	-0.212524269262858
21210	46	-0.279820320960738
21210	47	-0.0560300918012402
21210	48	-0.194212542450401
21210	49	-0.306061353736631
21210	50	-0.146146122567593
21210	51	0.0259418338527269
21210	52	-0.0968811835297103
21210	53	-0.227813967869174
21210	54	-0.114437235044427
21210	55	0.0290978848851466
21210	56	-0.134175657232049
21210	57	-0.140951449133908
21210	58	-0.0237569647487419
21210	59	-0.135467004170891
21210	60	-0.052411752012496
21210	61	-0.152960972145173
21210	62	0.00135541537827066
21210	63	-8.42750236245138e-05
21210	64	-0.0796182490426673
21210	65	0.0121195459032251
21210	66	-0.129181602093432
21210	67	0.0592599406917884
21210	68	-0.0514443009138574
21210	69	-0.0385582732240124
21210	70	0.046215387004537
21210	71	-0.0210623055244383
21210	72	-0.0901097063932781
21210	73	-0.127511277550369
21210	74	0.0607007039404266
21211	1	-0.031611438281729
21211	2	-0.0812889764680413
21211	3	-0.0273164901368297
21211	4	-0.0653689852088668
21211	5	-0.060773817062806
21211	6	-0.0844158475543111
21211	7	-0.145535690510314
21211	8	-0.0493889897090227
21211	9	-0.0931151231821872
21211	10	-0.0472388410213469
21211	11	-0.109763155170214
21211	12	-0.0400801895421949
21211	13	-0.0558253629799452
21211	14	-0.0583196189004198
21211	15	-0.114512262136465
21211	16	-0.11140300558219
21211	17	-0.149447632446289
21211	18	-0.0830476281878347
21211	19	-0.0871278537752147
21211	20	-0.107155647278077
21211	21	-0.0770821310643655
21211	22	-0.0674357722214509
21211	23	-0.0587159458702828
21211	24	-0.091923499046473
21211	25	0.0212115664330739
21211	26	-0.0475672994662375
21211	27	0.0172758982404275
21211	28	-0.0138162487805928
21211	29	-0.00483552384974217
21211	30	0.051216898922668
21211	31	-0.0285311957442218
21211	32	-0.0469540932442243
21211	33	-0.157533864029311
21211	34	-0.128832199165686
21211	35	-0.0104077518275147
21211	36	-0.142778785242015
21211	37	-0.0976745284336999
21211	38	-0.116179687878471
21211	39	-0.0657841265201711
21211	40	0.0174416535961299
21211	41	-0.067469068759678
21211	42	0.0599263828778263
21211	43	-0.0267802586029191
21211	44	-0.0698148195240407
21211	45	0.0690214022388815
21211	46	0.038977069658074
21211	47	-0.0499163283756587
21211	48	-0.0480660207794372
21211	49	-0.17373741309283
21211	50	-0.104974297918311
21211	51	-0.25785661515792
21211	52	-0.015928543820344
21211	53	0.00716480112035356
21211	54	-0.0771680734143985
21211	55	-0.0284125003832969
21211	56	-0.0105116632842552
21211	57	-0.161226682070946
21211	58	-0.0744036929277669
21211	59	-0.0322150282352069
21211	60	0.017646221241634
21211	61	-0.0933464275846276
21211	62	0.038830430875862
21211	63	-0.107498159821525
21211	64	-0.0942315172954622
21211	65	-0.0175964091068082
21211	66	0.0453802328600403
21211	67	0.049609808045382
21211	68	0.0278746705307427
21211	69	-0.0527245234293829
21211	70	0.0542818952664064
21211	71	-0.065714045382478
21211	72	0.0710006393843798
21211	73	-0.0451708081817301
21211	74	-0.00219880736380418
21212	1	-0.370638923334848
21212	2	-0.0943454520153786
21212	3	-0.324401310989337
21212	4	-0.323947848815905
21212	5	-0.179112240220793
21212	6	-0.182370598296274
21212	7	-0.343026980458269
21212	8	-0.220146871768463
21212	9	-0.25608772415427
21212	10	-0.300043262716905
21212	11	-0.15549630498311
21212	12	-0.203161397336082
21212	13	-0.323168044385596
21212	14	-0.371897622255403
21212	15	-0.222363137442926
21212	16	-0.291493547110854
21212	17	-0.238729967170364
21212	18	-0.26927499280567
21212	19	-0.320057227081591
21212	20	-0.263275265326165
21212	21	-0.34813034819198
21212	22	-0.180022335084367
21212	23	-0.237148351565153
21212	24	-0.153645508595275
21212	25	-0.260470441395221
21212	26	-0.227795481323525
21212	27	-0.299266748755144
21212	28	-0.264743170368618
21212	29	-0.257435635682512
21212	30	-0.259408289257465
21212	31	-0.207343187657855
21212	32	-0.265065624923004
21212	33	-0.171565650342707
21212	34	-0.255344092150331
21212	35	-0.263294972783257
21212	36	0.0375412173844794
21212	37	0.00574904424287581
21212	38	-0.0432684536084835
21212	39	-0.0513422117573938
21212	40	0.0468204757409865
21212	41	-0.0587086254045559
21212	42	0.101144620325286
21212	43	-0.00470384032910687
21212	44	-0.0827262979230383
21212	45	-0.00679741970401437
21212	46	-0.0257473248047191
21212	47	-0.195161906340751
21212	48	-0.0971799289053479
21212	49	-0.144472238145553
21212	50	0.019095257725894
21212	51	-0.105985230369029
21212	52	-0.0721808244749838
21212	53	-0.050371081085629
21212	54	-0.0749604007029347
21212	55	-0.215853914643063
21212	56	-0.0469922714042355
21212	57	-0.0755340521570673
21212	58	0.0078520129048627
21212	59	-0.00687091292274999
21212	60	-0.116722427060708
21212	61	-0.0452446604043502
21212	62	-0.0154833435097501
21212	63	-0.0839650423564606
21212	64	-0.0208616845138678
21212	65	0.0537180207411794
21212	66	-0.162387079003047
21212	67	0.0496328122365526
21212	68	-0.0632184376727665
21212	69	-0.0564534499477816
21212	70	0.130305686874905
21212	71	-0.00872918862548744
21212	72	-0.116412004500852
21212	73	-0.0172036511224007
21212	74	-0.0563802985373982
21301	1	-0.0615087924693967
21301	2	0.0929495802039355
21301	3	0.0973266341112122
21301	4	0.0384561158652836
21301	5	0.0744176005766661
21301	6	0.124589777913123
21301	7	0.0311790473472371
21301	8	0.173492246809907
21301	9	0.0448868603641372
21301	10	0.157886675188458
21301	11	0.162694003480972
21301	12	0.103336983850099
21301	13	0.117246369859132
21301	14	0.104237692581385
21301	15	0.156982388791903
21301	16	0.0150610792225478
21301	17	-0.00404826761467802
21301	18	0.0680977885194736
21301	19	0.0471341152467772
21301	20	0.114791534026729
21301	21	0.0673146215559797
21301	22	0.14491451338754
21301	23	-0.0176102000893863
21301	24	0.081047701595196
21301	25	0.118031930841966
21301	26	0.0421461702223525
21301	27	0.0524616253781574
21301	28	0.170845410244539
21301	29	0.230843922057971
21301	30	0.299386725172681
21301	31	0.154035545711899
21301	32	0.118913193416155
21301	33	0.171939683266885
21301	34	0.0591573194720567
21301	35	0.0572699273148984
21301	36	0.00724030302820466
21301	37	0.010898627572125
21301	38	-0.058332138408737
21301	39	0.0416773689911452
21301	40	0.014390473486948
21301	41	-0.046766704505032
21301	42	0.0915355492838188
21301	43	-0.0772435065351615
21301	44	0.0587110446616563
21301	45	-0.0136017969888442
21301	46	0.0441864015517979
21301	47	-0.0512726887218378
21301	48	0.113691594667635
21301	49	-0.0551869350861551
21301	50	-0.116557497480443
21301	51	0.0234347995059423
21301	52	-0.0202311071959258
21301	53	-0.0779950466744026
21301	54	-0.0373182032750421
21301	55	0.0336146872914753
21301	56	-0.0214117456285692
21301	57	0.0113813280914101
21301	58	0.0698050577311662
21301	59	0.0221559217242913
21301	60	-0.131165571870582
21301	61	-0.127956990619452
21301	62	0.117436667889592
21301	63	-0.124288317105567
21301	64	-0.0400099831634577
21301	65	-0.0620301403444614
21301	66	0.053213018042662
21301	67	-0.0904269887503659
21301	68	0.0300933221722488
21301	69	0.00722387354356613
21301	70	0.0256957291072339
21301	71	-0.0401219325772502
21301	72	-0.016580294628568
21301	73	-0.103021423213207
21301	74	-0.166622083404391
21302	1	-0.352721573878256
21302	2	0.0700737632104733
21302	3	-0.0795070623303289
21302	4	0.06750477236492
21302	5	0.0722389513391946
21302	6	0.00512717805836616
21302	7	0.038078103265903
21302	8	-0.0835883632118808
21302	9	-0.0273716726787114
21302	10	-0.0821278491397948
21302	11	-0.0642486254224437
21302	12	-0.024840212954544
21302	13	-0.0265444798140777
21302	14	0.00874023433883053
21302	15	-0.0205775240621264
21302	16	0.0724321758093325
21302	17	0.133932850758598
21302	18	-0.0510017031290317
21302	19	0.116487782639659
21302	20	-0.0667625690959994
21302	21	0.0898273303431978
21302	22	0.0479646223200021
21302	23	0.0216054861851234
21302	24	0.033117418370793
21302	25	0.0835366512486431
21302	26	-0.0729591311574609
21302	27	-0.0179813666334638
21302	28	0.0768003848269672
21302	29	0.0209673788480984
21302	30	0.131630733887285
21302	31	0.00552428935750271
21302	32	0.00235545921135838
21302	33	0.121104534392522
21302	34	-0.0221789187269223
21302	35	-0.0698179448710121
21302	36	0.06267367426954
21302	37	-0.0994904523091833
21302	38	0.040908394394755
21302	39	0.0464828617297997
21302	40	-0.0920335166133981
21302	41	-0.0118581194320697
21302	42	0.022865422967385
21302	43	-0.141369574603992
21302	44	0.10442558869812
21302	45	-0.122750152348033
21302	46	-0.0796616527220024
21302	47	0.059064648916447
21302	48	0.0104338728308377
21302	49	-0.152406834102528
21302	50	0.0370044719999925
21302	51	0.0269678599473337
21302	52	-0.00420806217965719
21302	53	-0.0355688917146608
21302	54	-0.169158709711134
21302	55	-0.0235635727068626
21302	56	-0.109159895837344
21302	57	-0.0149845719312225
21302	58	-0.0333043369991444
21302	59	0.0487460138729006
21302	60	-0.0438673974749122
21302	61	-0.181389684451702
21302	62	-0.0726621826106566
21302	63	-0.0227054162235305
21302	64	-0.141020062069501
21302	65	0.0246602278733263
21302	66	0.0803570844756649
21302	67	-0.0731520454693566
21302	68	-0.00211566117170037
21302	69	0.00390583274484158
21302	70	0.0478880953217455
21302	71	0.0889312122724917
21302	72	-0.0287597388121767
21302	73	-0.125211872244783
21302	74	-0.275447564492644
21303	1	0.681340904792243
21303	2	-0.391327324518929
21303	3	-0.276302295714629
21303	4	-0.0360809636673132
21303	5	-0.0457967130259149
21303	6	-0.0996843914033008
21303	7	-0.155505511911052
21303	8	-0.0978612485086501
21303	9	-0.106071094137633
21303	10	-0.171260387950007
21303	11	-0.112796467184147
21303	12	-0.0938560079653854
21303	13	-0.192940874726219
21303	14	-0.0273838673377469
21303	15	-0.156247276298636
21303	16	-0.207708747309276
21303	17	-0.0523338137113711
21303	18	-0.104105330314582
21303	19	-0.152712560776756
21303	20	-0.216579942797239
21303	21	-0.0921827174375025
21303	22	-0.0760984813620951
21303	23	-0.159131002384619
21303	24	-0.301063341784534
21303	25	-0.256974116602954
21303	26	-0.230061158940927
21303	27	-0.102367870671586
21303	28	-0.0660593544621264
21303	29	-0.193791446433444
21303	30	-0.246525215137922
21303	31	-0.115979666390629
21303	32	-0.0786066873138509
21303	33	-0.169879947798442
21303	34	-0.172228514313034
21303	35	-0.252194631258234
21303	36	-0.050975296869268
21303	37	0.0381201402078375
21303	38	0.00214526850147934
21303	39	-0.0481655155214753
21303	40	0.0391313295958398
21303	41	0.0513435869612522
21303	42	0.114348031634663
21303	43	0.140228287400909
21303	44	0.164824820342538
21303	45	0.00391430990094932
21303	46	0.017080558758515
21303	47	-0.0903500856807185
21303	48	-0.0200729672800435
21303	49	0.070667693047092
21303	50	-0.173817565425438
21303	51	0.0275162657349739
21303	52	0.126554891050802
21303	53	0.136646269230283
21303	54	-0.0055607722150981
21303	55	-0.0427651321646607
21303	56	-0.0486565407451494
21303	57	0.0407593010746794
21303	58	0.0102574954413868
21303	59	0.00570987235047937
21303	60	-0.057516440030426
21303	61	-0.103391887825566
21303	62	0.0123839462660342
21303	63	-0.177949544747747
21303	64	-0.0204311135661186
21303	65	0.0726258158131117
21303	66	0.0167740773239231
21303	67	-0.0413119338397365
21303	68	0.0229996712030101
21303	69	-0.122381648903314
21303	70	0.0885263316101401
21303	71	-0.0110608297456523
21303	72	0.0881636460805169
21303	73	0.0211014789843986
21303	74	-0.0997829075426537
21304	1	0.675661542608214
21304	2	0.111854418705622
21304	3	-0.0173611267667617
21304	4	0.0573454798490225
21304	5	0.0463310790175413
21304	6	0.0865717378829913
21304	7	-0.0314228435302653
21304	8	0.00889807961724642
21304	9	0.122897570359456
21304	10	0.119906507004877
21304	11	0.109803730029952
21304	12	0.163699277608032
21304	13	0.0978690155944761
21304	14	-0.00561143086861904
21304	15	0.0359626995039335
21304	16	-0.000169918680249737
21304	17	0.134042394056706
21304	18	0.182952511301629
21304	19	0.0600063350935258
21304	20	0.0731867993671997
21304	21	0.131337453257018
21304	22	0.0998839376404561
21304	23	0.0891798554967096
21304	24	0.0958167715630935
21304	25	0.074617899254946
21304	26	0.0120065602073538
21304	27	0.119945726668377
21304	28	0.0820827608441803
21304	29	0.0469638902944851
21304	30	0.146047419218391
21304	31	0.00859462375640874
21304	32	0.105609723187634
21304	33	0.083462090776095
21304	34	0.0283912629629199
21304	35	0.0330076478098107
21304	36	0.0396613515880873
21304	37	-0.0847516854082286
21304	38	0.100848058225672
21304	39	0.0535621296561928
21304	40	0.00945989760981547
21304	41	-0.127142196847863
21304	42	0.0500442087995339
21304	43	0.107389258690887
21304	44	-0.0462496351834858
21304	45	0.118052189011969
21304	46	-0.0161350550093502
21304	47	0.0371228202370375
21304	48	0.137794868616233
21304	49	-0.16537557348812
21304	50	0.112277848729128
21304	51	-0.0832655158806261
21304	52	-0.0398920280348776
21304	53	0.0585151244372
21304	54	-0.0267022941490396
21304	55	-0.0390752499540312
21304	56	-0.00668809135513015
21304	57	0.00938093227915715
21304	58	-0.0914534863611181
21304	59	0.0775708085720552
21304	60	0.082505705811748
21304	61	-0.0357665144289783
21304	62	0.0740848775610559
21304	63	0.195302119145175
21304	64	0.0328098130706778
21304	65	0.00736836904660265
21304	66	0.192036643547752
21304	67	0.0679226339498413
21304	68	0.129388507627944
21304	69	0.0100385841098429
21304	70	0.0487498605407524
21304	71	-0.049338982536824
21304	72	0.0378234340760244
21304	73	0.0771480426168125
21304	74	-0.221624622764473
21305	1	-1.19115036644791
21305	2	0.0623601026975322
21305	3	0.116447147813769
21305	4	0.0187957175929157
21305	5	-0.0163522843753654
21305	6	0.079769803139591
21305	7	0.0901291868572329
21305	8	0.0318681020252924
21305	9	0.10215523555047
21305	10	0.135555520504361
21305	11	0.0750965375940353
21305	12	-0.0312471616989569
21305	13	0.168193795613057
21305	14	0.0748904273595059
21305	15	0.213620102356856
21305	16	0.107331174395121
21305	17	0.0504203521919209
21305	18	0.0647724817885944
21305	19	0.0294875341972016
21305	20	0.116506742527285
21305	21	0.116174175123994
21305	22	0.0623527849924841
21305	23	-0.00109833218432698
21305	24	0.024414765769798
21305	25	-0.00146889092923885
21305	26	0.0626546172658848
21305	27	0.0558036541974829
21305	28	0.0832837774042687
21305	29	0.116249838810639
21305	30	0.0771955582575785
21305	31	0.0727518626480261
21305	32	0.0672228291612882
21305	33	0.114527975893878
21305	34	-0.00149847305937811
21305	35	0.0671049041906429
21305	36	-0.0293243899109967
21305	37	0.127663805286495
21305	38	-0.10264238574927
21305	39	0.0138416972531843
21305	40	0.040029096830672
21305	41	0.00511377167918425
21305	42	0.0700669347502085
21305	43	-0.0297943838204233
21305	44	0.016354033611762
21305	45	0.0228511259073585
21305	46	0.0364216709176048
21305	47	-0.0717156487432291
21305	48	-0.0560479179558016
21305	49	-0.055949471513884
21305	50	0.012599319471903
21305	51	0.0305327746461685
21305	52	0.0884292394372608
21305	53	-0.057903810100818
21305	54	-0.141610630814704
21305	55	0.046175902122954
21305	56	0.0402118706075996
21305	57	-0.184057566817984
21305	58	-0.109031414648427
21305	59	0.12650714739268
21305	60	-0.107445794342553
21305	61	-0.100257485063601
21305	62	0.118529794768449
21305	63	0.0707743404046681
21305	64	-0.168714005713184
21305	65	0.0433657732852097
21305	66	0.053496869698499
21305	67	-0.0405808604558899
21305	68	0.0961323521129742
21305	69	-0.0716627458257761
21305	70	0.115650751595993
21305	71	0.0667523678723185
21305	72	-0.0180891677030672
21305	73	-0.155576891190556
21305	74	-0.169141622688635
21306	1	0.108170853268042
21306	2	-0.0062384770852546
21306	3	-0.0564434119188952
21306	4	0.0143470960390282
21306	5	-0.0976075057621664
21306	6	-0.0605184174117852
21306	7	-0.191397546643188
21306	8	-0.0299635604642674
21306	9	-0.0975001529207091
21306	10	-0.127518832043677
21306	11	-0.0475956094402221
21306	12	-0.163598874313827
21306	13	-0.0853254190903669
21306	14	-0.137275403885269
21306	15	-0.10959418335743
21306	16	-0.153811265036794
21306	17	-0.243679480723699
21306	18	-0.128836540767793
21306	19	-0.116700853438552
21306	20	-0.0189360310733875
21306	21	-0.145093577591126
21306	22	-0.188743706235591
21306	23	-0.0810899779654477
21306	24	-0.0942464706545962
21306	25	-0.00268025266692007
21306	26	-0.051913051907043
21306	27	-0.13063118289525
21306	28	-0.144598428109518
21306	29	-0.196093519585354
21306	30	-0.0925099555268858
21306	31	-0.158889741361996
21306	32	-0.0640846060935161
21306	33	-0.144129083421078
21306	34	-0.0430084981220347
21306	35	-0.153060091632248
21306	36	0.0190778577021931
21306	37	-0.11220770274354
21306	38	0.0598501421324116
21306	39	-0.101487958374669
21306	40	-0.244231063826987
21306	41	-0.0907983391301954
21306	42	-0.110742957480497
21306	43	-0.142247914360752
21306	44	-0.138694271854128
21306	45	-0.0138433797372954
21306	46	-0.184052502594952
21306	47	-0.15478633730158
21306	48	-0.00339133038436046
21306	49	-0.172002261420815
21306	50	-0.0677181857013451
21306	51	0.107769121376769
21306	52	-0.230388046955504
21306	53	0.0335150952675107
21306	54	-0.200790799657447
21306	55	-0.132412627757276
21306	56	-0.0955380334967373
21306	57	-0.0755625655132306
21306	58	-0.218899691173576
21306	59	-0.0715259874662522
21306	60	-0.0652428531870726
21306	61	-0.0607526895441879
21306	62	-0.0295303649247174
21306	63	0.00720521840634092
21306	64	-0.00385668643620107
21306	65	-0.056433744870013
21306	66	0.0486680480355872
21306	67	-0.14483715698686
21306	68	-0.0594914166270399
21306	69	0.0381264526964529
21306	70	-0.0897211191378773
21306	71	0.0250504223479382
21306	72	-0.0225340465287047
21306	73	-0.134342382029317
21306	74	-0.0190751858574885
21307	1	-0.152278783977952
21307	2	-0.0268826341802431
21307	3	-0.168990601471123
21307	4	-0.028168218171011
21307	5	-0.0438604331626351
21307	6	-0.0549585780497566
21307	7	-0.0926682605992539
21307	8	-0.0614880445681578
21307	9	-0.128834875545039
21307	10	-0.0474304582307639
21307	11	-0.174310557313142
21307	12	-0.256452720710222
21307	13	-0.179077336053957
21307	14	-0.124985194946987
21307	15	-0.0612396905680797
21307	16	-0.154082004791249
21307	17	-0.192288517612532
21307	18	-0.235897703013862
21307	19	-0.209332547045427
21307	20	-0.129060751949154
21307	21	-0.122924592413732
21307	22	-0.24646186744112
21307	23	-0.162840054643993
21307	24	-0.231405179473924
21307	25	-0.152777713245548
21307	26	-0.115464802041053
21307	27	-0.224387686239005
21307	28	-0.167899245918427
21307	29	-0.172116067376869
21307	30	-0.0199013944749993
21307	31	-0.179369218743979
21307	32	-0.206682045173487
21307	33	-0.258192788241651
21307	34	-0.0465106293555735
21307	35	-0.2470251319494
21307	36	-0.0696957166756675
21307	37	-0.0289952636556379
21307	38	-0.0310660502568325
21307	39	-0.0897965548854742
21307	40	-0.110160461587654
21307	41	-0.236674915405167
21307	42	-0.0387889344919898
21307	43	-0.0327303753956016
21307	44	-0.015860510741156
21307	45	-0.126864247943963
21307	46	-0.0688361948911975
21307	47	-0.0506211436291863
21307	48	-0.219199002074156
21307	49	-0.17077556536983
21307	50	0.0421519673750765
21307	51	-0.117998941045052
21307	52	-0.197951541742924
21307	53	-0.263792275276053
21307	54	-0.256218245422318
21307	55	-0.173416317336489
21307	56	-0.107514518821084
21307	57	-0.119246265009238
21307	58	-0.31019115614469
21307	59	-0.163938963709597
21307	60	-0.166969703626414
21307	61	-0.279701047495706
21307	62	-0.02178418857239
21307	63	-0.238163885514261
21307	64	-0.145293158789698
21307	65	-0.233181724516825
21307	66	0.00285693401221465
21307	67	0.0619619668560887
21307	68	-0.173098641160202
21307	69	-0.143603014464986
21307	70	-0.0110883407570128
21307	71	-0.173979120189792
21307	72	-0.124233463766778
21307	73	-0.267920031476116
21307	74	-0.20874690917487
21308	1	0.602643067322731
21308	2	-0.320986240348162
21308	3	-0.0742659011027484
21308	4	-0.225269403309902
21308	5	-0.215684121883474
21308	6	-0.19884748029245
21308	7	-0.227193741039791
21308	8	-0.217169004241306
21308	9	-0.326705848724465
21308	10	-0.266169228985753
21308	11	-0.299116170619705
21308	12	-0.18843190661525
21308	13	-0.185510238681246
21308	14	-0.163584892691084
21308	15	-0.143357362254392
21308	16	-0.0879839873453605
21308	17	-0.103842457999292
21308	18	-0.210839733106184
21308	19	-0.157789608846628
21308	20	-0.247986310402993
21308	21	-0.08993963127282
21308	22	-0.136952216337662
21308	23	-0.132051879927054
21308	24	-0.0992092967141645
21308	25	-0.138566756636337
21308	26	-0.104179192117904
21308	27	-0.115232350619024
21308	28	-0.145085679758189
21308	29	-0.139629034349916
21308	30	-0.150709224649411
21308	31	-0.227077669282359
21308	32	-0.307781838000096
21308	33	-0.207448695299938
21308	34	-0.183208859360327
21308	35	-0.0717247700881671
21308	36	-0.109615133755604
21308	37	-0.00936326954499833
21308	38	0.0176494120856887
21308	39	-0.0390973911905377
21308	40	-0.190950617489484
21308	41	-0.112104644803289
21308	42	-0.0745166148833505
21308	43	0.0612370668882605
21308	44	-0.00540420401944885
21308	45	-0.0067326872237885
21308	46	-0.107725290470611
21308	47	-0.110025320800794
21308	48	-0.183692964292007
21308	49	-0.16988234565472
21308	50	-0.0746741104610606
21308	51	-0.28621570751686
21308	52	-0.0582795545373074
21308	53	-0.175721153572646
21308	54	9.08479604788681e-06
21308	55	-0.214633485365546
21308	56	-0.0527763071339464
21308	57	-0.0921362462360449
21308	58	-0.0657595540324039
21308	59	-0.0667544037574288
21308	60	-0.0952618591002832
21308	61	-0.0138927602761569
21308	62	0.17894703294953
21308	63	0.00766232361583263
21308	64	-0.0729269265627721
21308	65	0.143228145527168
21308	66	-0.0126409476655738
21308	67	-0.123938166178327
21308	68	-0.15326143476053
21308	69	-0.0931242919933197
21308	70	-0.0181745488685294
21308	71	0.00582441615598128
21308	72	-0.0134026416578337
21308	73	-0.26872535694018
21308	74	-0.0690196255122544
21309	1	0.0400919984662238
21309	2	-0.0671753705500535
21309	3	-0.0381856945516077
21309	4	-0.0168929381210319
21309	5	-0.0651497728675778
21309	6	-0.102090974698569
21309	7	-0.0192606913994382
21309	8	-0.0364659164336203
21309	9	-0.0518839280853882
21309	10	-0.0186894711115642
21309	11	-0.139206387776049
21309	12	0.0646721607002334
21309	13	0.0365065635668316
21309	14	-0.0829349260027143
21309	15	-0.148799424418776
21309	16	-0.0579591446643803
21309	17	-0.0721320657207443
21309	18	-0.0351397292393685
21309	19	-0.0868418532773063
21309	20	0.0482374626290962
21309	21	-0.0589227295018802
21309	22	-0.0489293172050296
21309	23	-0.140555062439937
21309	24	0.0412970147467533
21309	25	-0.0579278832604757
21309	26	-0.0799475941801191
21309	27	-0.0563563377203593
21309	28	-0.11549727968643
21309	29	0.00273207896224648
21309	30	-0.0847794497549117
21309	31	-0.0730527302480297
21309	32	-0.135394931151588
21309	33	-0.0519264760288891
21309	34	-0.226942817638061
21309	35	-0.0877656999739926
21309	36	-0.197313643516893
21309	37	-0.166502373589935
21309	38	-0.0115465837470765
21309	39	-0.0194189928574318
21309	40	0.0282802562705413
21309	41	-0.0632121322336445
21309	42	-0.125253580956638
21309	43	-0.150663100706971
21309	44	-0.197510015497457
21309	45	-0.010771279423814
21309	46	0.0177029832984701
21309	47	-0.101569461761976
21309	48	-0.0988028071148506
21309	49	-0.092772231055811
21309	50	0.0350400717194859
21309	51	0.011295860816638
21309	52	-0.213413040632076
21309	53	-0.217306021029088
21309	54	-0.107726613098833
21309	55	-0.153726427833497
21309	56	-0.21943228628686
21309	57	-0.19555677687395
21309	58	-0.0624556829918888
21309	59	-0.0647020536515797
21309	60	-0.2704683052836
21309	61	-0.119686313927723
21309	62	-0.204993587833194
21309	63	-0.224757737526033
21309	64	-0.190600564398615
21309	65	-0.21515876984504
21309	66	-0.162790514588231
21309	67	-0.0996646388270577
21309	68	-0.133822968684186
21309	69	-0.158092150584416
21309	70	-0.0683448269894598
21309	71	-0.0806193032567393
21309	72	-0.131405627994411
21309	73	-0.0165601071406627
21309	74	0.157649868760373
21310	1	0.356896765731321
21310	2	-0.078733871199681
21310	3	-0.0713166878238916
21310	4	-0.235074678596234
21310	5	-0.0157011670677463
21310	6	-0.0946449174366819
21310	7	-0.0772829970241062
21310	8	-0.103997569327483
21310	9	-0.160733982527844
21310	10	-0.148476856243249
21310	11	-0.138477200835929
21310	12	-0.201416306968312
21310	13	-0.224122536054963
21310	14	-0.160097566908725
21310	15	-0.153384951668933
21310	16	-0.0834389352055922
21310	17	-0.121164791683221
21310	18	-0.0931222550535082
21310	19	-0.122958633650676
21310	20	-0.12264937071388
21310	21	-0.0608643787662473
21310	22	-0.259391144367342
21310	23	-0.183549147412243
21310	24	-0.0979517188744907
21310	25	-0.193146691943916
21310	26	-0.276204741395667
21310	27	-0.374492906741288
21310	28	-0.132783086776051
21310	29	-0.149144607570214
21310	30	-0.232697552001518
21310	31	-0.0719704563946095
21310	32	-0.236393897534036
21310	33	-0.110402797507618
21310	34	-0.1068778154551
21310	35	-0.104865100844023
21310	36	-0.194771917789325
21310	37	-0.0330857803503335
21310	38	-0.118909466685182
21310	39	0.0324590799055997
21310	40	-0.046976993853967
21310	41	-0.199579599574562
21310	42	-0.0300405147701213
21310	43	-0.103107391912324
21310	44	-0.273094686480356
21310	45	-0.0741264493276574
21310	46	-0.121532098237495
21310	47	-0.00333758547699858
21310	48	0.0373879244741104
21310	49	-0.239449113661898
21310	50	-0.145229373682696
21310	51	-0.0157019837708674
21310	52	-0.0982333846891876
21310	53	-0.254385191427808
21310	54	-0.16124243534739
21310	55	-0.111182920954533
21310	56	-0.0490753499744372
21310	57	-0.00383762291716039
21310	58	-0.185128225778882
21310	59	-0.141986884260731
21310	60	0.0330872001831892
21310	61	-0.123434286645505
21310	62	-0.174931961113572
21310	63	-0.0914392341670407
21310	64	-0.0872362501191972
21310	65	-0.0714012192560958
21310	66	-0.0900922209191251
21310	67	-0.140194609808255
21310	68	-0.347903640355661
21310	69	-0.238142446850091
21310	70	-0.10774327415502
21310	71	-0.158005371078055
21310	72	-0.195961620250671
21310	73	-0.174604160217825
21310	74	-0.133290678971775
21311	1	-0.345456214401132
21311	2	0.0277946056215121
21311	3	-0.0422358931219016
21311	4	-0.116807791179017
21311	5	-0.0270932200478811
21311	6	-0.0771740565095342
21311	7	0.043291175161329
21311	8	-0.038971079261259
21311	9	-0.0707061679583063
21311	10	-0.0676000350511927
21311	11	0.041953262740229
21311	12	-0.0796951149153315
21311	13	-0.135917900293379
21311	14	-0.095200215915348
21311	15	-0.034616739748401
21311	16	-0.0935044981195006
21311	17	-0.173411811550771
21311	18	-0.0711222550535098
21311	19	-0.112318898551337
21311	20	-0.0999646025019558
21311	21	0.0580402569953407
21311	22	-0.0270805483408552
21311	23	-0.048169677213572
21311	24	-0.072168275165879
21311	25	-0.130776493268421
21311	26	-0.0711822248393759
21311	27	-0.099882310714797
21311	28	-0.00058639803432925
21311	29	-0.0119220910139219
21311	30	-0.217111459286286
21311	31	-0.143644628580041
21311	32	-0.121395884289001
21311	33	-0.11996968492484
21311	34	-0.0113844379716568
21311	35	0.000353442202339238
21311	36	-0.0406562939135853
21311	37	0.0991411399690634
21311	38	-0.190840867502963
21311	39	-0.0530674645717255
21311	40	-0.033683222482864
21311	41	-0.0651896481485821
21311	42	-0.0959526890633029
21311	43	-0.126903554020593
21311	44	-0.256701934689374
21311	45	-0.213254649712063
21311	46	-0.130193050207318
21311	47	-0.165097424314325
21311	48	-0.0643706809754079
21311	49	-0.0390816668774434
21311	50	-0.158251379376843
21311	51	-0.118459119433247
21311	52	-0.146734872233573
21311	53	-0.1129678964029
21311	54	-0.032296511740519
21311	55	-0.374026495261056
21311	56	-0.305172431954418
21311	57	-0.104894466887856
21311	58	-0.177910905584817
21311	59	-0.0948428883289552
21311	60	-0.273695809478845
21311	61	-0.0114447798599997
21311	62	-0.16173024163227
21311	63	-0.0378512943160416
21311	64	-0.0127210949447019
21311	65	-0.107588847936881
21311	66	-0.184688352651271
21311	67	-0.428777038079481
21311	68	-0.188287946054793
21311	69	-0.161381622079212
21311	70	-0.0699350269433126
21311	71	-0.225204390428381
21311	72	-0.215778155591138
21311	73	-0.0255994464720786
21311	74	-0.167228144010451
21312	1	-0.623630362021963
21312	2	0.19673608182983
21312	3	0.0907004875450141
21312	4	0.196667218187788
21312	5	0.134397525549723
21312	6	0.30983740845862
21312	7	0.148190088612054
21312	8	0.0830274220500939
21312	9	0.234436282397631
21312	10	0.246448072854385
21312	11	0.188907178064326
21312	12	0.177545199809288
21312	13	0.263729308399014
21312	14	0.0839013202405212
21312	15	0.196669884455417
21312	16	0.178820567448128
21312	17	0.118869642177216
21312	18	0.128871000847582
21312	19	0.188887395940988
21312	20	0.153734310948771
21312	21	0.219114666886682
21312	22	0.156871643491293
21312	23	0.233440963475829
21312	24	0.197267768296093
21312	25	0.182806271812133
21312	26	0.135719386250919
21312	27	0.130731102548594
21312	28	0.210074973265783
21312	29	0.123541977925754
21312	30	0.213029417446577
21312	31	-0.0359926240839741
21312	32	0.103903179030596
21312	33	0.223380783415365
21312	34	0.140354790203688
21312	35	0.188430624667681
21312	36	0.0573462661600814
21312	37	0.0216094614843598
21312	38	0.0562632552572992
21312	39	-0.0416563838320201
21312	40	-0.0230301170876146
21312	41	-0.00610177956015434
21312	42	0.00612574127592325
21312	43	-0.061411540738689
21312	44	-0.0872290488342387
21312	45	-0.000237270391508559
21312	46	-0.00971384712177326
21312	47	0.0865272045599497
21312	48	-0.104488331298668
21312	49	0.0173520772779057
21312	50	0.0287935396307688
21312	51	-0.058508097313009
21312	52	-0.00299096362605411
21312	53	-0.0371854223414374
21312	54	0.0183530403444152
21312	55	-0.0903089352464548
21312	56	0.0438171837005754
21312	57	0.119449695302599
21312	58	0.028054425803596
21312	59	-0.0509351075914708
21312	60	0.0155206439294773
21312	61	0.0394426944541166
21312	62	0.00456866970962011
21312	63	-0.0422243494114127
21312	64	-0.0659778653334655
21312	65	-0.0590113118996385
21312	66	-0.153378176925891
21312	67	-0.0358670197794382
21312	68	-0.0458346129708502
21312	69	-0.0577228551294482
21312	70	-0.089924854482426
21312	71	0.124364562141388
21312	72	-0.000260914211828833
21312	73	-0.173476436983528
21312	74	0.209673154204715
21401	1	-0.238157159580716
21401	2	0.130283830574253
21401	3	0.186450685328001
21401	4	0.16556801222363
21401	5	0.10842814101072
21401	6	0.164636151429974
21401	7	0.104280211078148
21401	8	0.0335695634608584
21401	9	0.0996401458413203
21401	10	0.137561401621774
21401	11	0.151631901681633
21401	12	0.0305324843285248
21401	13	0.136963763222688
21401	14	0.156788441929642
21401	15	0.0588879861495144
21401	16	0.167175275037401
21401	17	0.0726131411902529
21401	18	0.072284172167663
21401	19	0.16961607309328
21401	20	0.101884924908248
21401	21	0.103884491399874
21401	22	0.0327765405060276
21401	23	0.186028432427264
21401	24	0.11542491954112
21401	25	0.140316890474487
21401	26	0.132213616370457
21401	27	0.0242674057313295
21401	28	0.204599235235996
21401	29	0.158092275715752
21401	30	0.165281735420713
21401	31	0.185147809983285
21401	32	0.146526989056937
21401	33	0.221539577835088
21401	34	0.0571826697788111
21401	35	0.137022629347896
21401	36	0.00530502785944265
21401	37	-0.0348353970763355
21401	38	-0.0651084291954263
21401	39	0.00691706712893847
21401	40	-0.00290258440616498
21401	41	-0.167608860250006
21401	42	-0.0840496706883087
21401	43	0.0803530423183716
21401	44	0.0256089037564351
21401	45	0.0519973578693609
21401	46	0.0062669976753682
21401	47	0.104204735910955
21401	48	-0.0990278422765982
21401	49	-0.110069251897137
21401	50	0.0038829306889312
21401	51	0.0627714990893651
21401	52	0.11879464376765
21401	53	0.0574808491436514
21401	54	0.0759084408870265
21401	55	-0.0866748495770224
21401	56	0.0664023467980712
21401	57	-0.124619000793935
21401	58	0.0235411846389439
21401	59	0.0864164536455192
21401	60	-0.0912112135654013
21401	61	0.0925876453748344
21401	62	0.107375370228716
21401	63	-0.0129331958539751
21401	64	0.0968711350108649
21401	65	0.0156370101267242
21401	66	-0.0579304329999388
21401	67	-0.108959925588117
21401	68	-0.00630672715256253
21401	69	0.0366195326435275
21401	70	0.071357139421778
21401	71	0.00219931933181527
21401	72	0.0841573190288827
21401	73	0.0323385597940344
21401	74	-0.0139164556987623
21402	1	0.643760295917819
21402	2	-0.271166745222768
21402	3	-0.264880546029971
21402	4	0.0238556234551304
21402	5	0.0369810763873915
21402	6	0.139289733359135
21402	7	0.0307328261932227
21402	8	0.0210626918456782
21402	9	0.156228916469466
21402	10	0.0305628167311696
21402	11	0.0200770901323537
21402	12	0.128899256566847
21402	13	0.0343800359167545
21402	14	0.00658965275257373
21402	15	0.0271618718838695
21402	16	0.129364545032473
21402	17	0.10233753178882
21402	18	0.0661647993554979
21402	19	0.202084853793878
21402	20	0.0846823018132383
21402	21	0.0180650224737633
21402	22	0.138470671171341
21402	23	0.0121522740059419
21402	24	0.134949173239377
21402	25	0.181656527369476
21402	26	0.0958023905452379
21402	27	0.082538702418411
21402	28	0.0190503749487902
21402	29	0.0573371960404856
21402	30	0.0789898540345391
21402	31	0.0795118442154532
21402	32	0.256732445917379
21402	33	0.102876093686795
21402	34	0.0354148115592992
21402	35	-0.0327685090171741
21402	36	-0.0123934591907684
21402	37	0.0567581063042084
21402	38	0.00735038287266576
21402	39	-0.0998742691542915
21402	40	-0.0218690663540357
21402	41	0.00919203125963008
21402	42	0.0754989558354993
21402	43	-0.0258527735204055
21402	44	-0.131086296202447
21402	45	0.00683401956762708
21402	46	-0.0743137568370855
21402	47	-0.0832374747171158
21402	48	-0.0297283612087256
21402	49	-0.110413687509151
21402	50	0.0811949949041164
21402	51	-0.0562163191682288
21402	52	0.0205659407745529
21402	53	-0.0694812529650335
21402	54	-0.0874622047150524
21402	55	-0.128887000225397
21402	56	-0.0919527635387425
21402	57	-0.00155377000957202
21402	58	0.0344386415670073
21402	59	-0.188465028235207
21402	60	0.0120975686096614
21402	61	-0.0866351265079572
21402	62	-0.0297072246456764
21402	63	-0.206009041837561
21402	64	-0.180556956562079
21402	65	-0.220243758385912
21402	66	-0.033919254495629
21402	67	-0.0149967393783967
21402	68	-0.0283495771686617
21402	69	-0.176592754426594
21402	70	-0.0776525967298483
21402	71	-0.173559725491437
21402	72	-0.139025873094425
21402	73	-0.0705422487515861
21402	74	-0.286437989909714
21403	1	0.0983845095807681
21403	2	-0.0351019252985481
21403	3	-0.0848838569228079
21403	4	-0.00244942013829075
21403	5	-0.234140580530536
21403	6	-0.215488988636231
21403	7	-0.0521682516863322
21403	8	-0.126560822851005
21403	9	-0.28660300053749
21403	10	-0.165475148173364
21403	11	-0.142149301362331
21403	12	-0.0866803336181974
21403	13	-0.172136904818267
21403	14	-0.0832937302441508
21403	15	-0.24455942451462
21403	16	-0.139204045630812
21403	17	-0.225209096618642
21403	18	-0.185128288236015
21403	19	-0.144642880451791
21403	20	-0.190666261627143
21403	21	-0.123037872718086
21403	22	-0.198111015912495
21403	23	-0.269998334830461
21403	24	-0.205291050429828
21403	25	-0.140543009105528
21403	26	-0.14703320523153
21403	27	-0.148337212675585
21403	28	-0.143466639361627
21403	29	-0.0499504469716925
21403	30	-0.0920858182606423
21403	31	-0.0621115969058366
21403	32	-0.216333440850086
21403	33	-0.235090650234035
21403	34	-0.209221542044055
21403	35	-0.233649574388913
21403	36	-0.142399140519252
21403	37	-0.152345562989709
21403	38	-0.0896308910230701
21403	39	-0.00359656534909192
21403	40	-0.0212487520575451
21403	41	-0.109632455559279
21403	42	0.144721458117708
21403	43	-0.0605466941471491
21403	44	-0.191420949316012
21403	45	-0.0198957807885023
21403	46	-0.032351370866742
21403	47	-0.159580985778113
21403	48	-0.0554482453307301
21403	49	-0.290195209395236
21403	50	-0.0926295392924388
21403	51	-0.219705241443947
21403	52	-0.149781383060642
21403	53	-0.264135597721804
21403	54	-0.112639003460323
21403	55	-0.0601236170534492
21403	56	-0.0691065737512773
21403	57	-0.0309860358979748
21403	58	-0.122588521576205
21403	59	-0.0917708771509353
21403	60	-0.107888855156737
21403	61	-0.117391285138496
21403	62	-0.144829834044479
21403	63	0.018935119549937
21403	64	-0.0701826721681869
21403	65	-0.0688201422564134
21403	66	-0.168129818486342
21403	67	-0.230815317522634
21403	68	-0.221436685293718
21403	69	-0.0922062797040581
21403	70	-0.232089912955452
21403	71	-0.0378896475580817
21403	72	-0.228256579066397
21403	73	-0.0301254231698209
21403	74	-0.445945934156811
21404	1	0.0319099091305084
21404	2	0.109692597285019
21404	3	0.13591613416116
21404	4	0.0429833418259093
21404	5	0.0282545632033511
21404	6	0.146585549401799
21404	7	0.136565597290918
21404	8	0.205225207210887
21404	9	0.193068443636996
21404	10	0.0450435420613502
21404	11	0.168827078579568
21404	12	0.0893258778849741
21404	13	0.0380307166069613
21404	14	0.0658009208788926
21404	15	0.136214635772625
21404	16	0.00754271673461204
21404	17	0.0806219891313091
21404	18	0.0169573205433053
21404	19	0.103167118879512
21404	20	0.158782801817864
21404	21	0.150156816298107
21404	22	0.138762725626563
21404	23	0.108201220853879
21404	24	0.0395970905029372
21404	25	0.216917481722106
21404	26	0.0033431256721812
21404	27	0.0906607737869081
21404	28	0.10317684561857
21404	29	0.00616112232446397
21404	30	0.191386456590941
21404	31	0.195779092526436
21404	32	0.0971487159383599
21404	33	0.119709890671977
21404	34	0.160253303597116
21404	35	0.159549349743074
21404	36	-0.0246122349677336
21404	37	-0.0183817206941939
21404	38	0.14039078299998
21404	39	-0.0358434449912224
21404	40	0.0322899029099446
21404	41	-0.0336850272740108
21404	42	-0.0402806684404737
21404	43	-0.0246220675379121
21404	44	-0.025752299933508
21404	45	-0.146981827814294
21404	46	-0.121349828557115
21404	47	-0.0603000199389001
21404	48	0.0103454225870081
21404	49	-0.107713337623217
21404	50	-0.011720964245697
21404	51	0.0385944528325837
21404	52	0.0496562906399944
21404	53	-0.0773237438075256
21404	54	0.0389449247408535
21404	55	-0.0177917844655511
21404	56	-0.112095821700095
21404	57	-0.217471921979552
21404	58	0.00280270513742664
21404	59	-0.00265282982742576
21404	60	0.0417967438528564
21404	61	-0.0578771667824043
21404	62	0.0330389100410997
21404	63	0.049004510452022
21404	64	0.0177802907947751
21404	65	-0.0638127723340531
21404	66	0.0831504165826047
21404	67	-0.0327038044353145
21404	68	-0.0387602224912484
21404	69	-0.000778223729980709
21404	70	0.00957457620054214
21404	71	-0.13631150617411
21404	72	-0.177929123240929
21404	73	-0.0471616523945215
21404	74	0.0798883466754461
21405	1	-0.199934140440018
21405	2	-0.121430861400984
21405	3	-0.0744423742503812
21405	4	-0.203539929951415
21405	5	-0.120109003501941
21405	6	-0.107570091583874
21405	7	-0.0507315469126368
21405	8	-0.0588193446062846
21405	9	-0.145609561019683
21405	10	-0.104998128836939
21405	11	-0.00846991682514897
21405	12	-0.0848934374467873
21405	13	-0.190133378753153
21405	14	-0.0113748251414236
21405	15	-0.0951703043690699
21405	16	-0.160563133270088
21405	17	-0.0893529476544686
21405	18	-0.129530947390528
21405	19	-0.160152219176574
21405	20	-0.153841537309432
21405	21	-0.134743120816324
21405	22	-0.118364269271083
21405	23	-0.11709091244041
21405	24	-0.268004493236788
21405	25	-0.172983584385463
21405	26	-0.151301630100527
21405	27	-0.127933244759788
21405	28	-0.0813571185833197
21405	29	-0.172116067376869
21405	30	-0.0820439793015311
21405	31	-0.114939176807262
21405	32	-0.195626002474285
21405	33	-0.16707574668618
21405	34	-0.110178185588893
21405	35	-0.106727762525075
21405	36	-0.0351489169353698
21405	37	-0.109893359655885
21405	38	0.0330433278101765
21405	39	-0.00635350123828005
21405	40	-0.17101612904451
21405	41	-0.080734164374654
21405	42	0.0108378151192028
21405	43	0.0258401903686405
21405	44	-0.0980445992824244
21405	45	-0.0136333370137081
21405	46	-0.0321427524415157
21405	47	-0.130287905923652
21405	48	-0.0856922301162513
21405	49	-0.138356534431722
21405	50	-0.12568553583349
21405	51	-0.0313243725025742
21405	52	-0.241095023455614
21405	53	-0.177532500835881
21405	54	-0.157475101578086
21405	55	-0.117999345178553
21405	56	-0.131200031376068
21405	57	-0.0733241794070736
21405	58	-0.188552495505974
21405	59	-0.167753191374622
21405	60	-0.0671253305918853
21405	61	0.00460865246020603
21405	62	-0.0732963530768913
21405	63	-0.0520609016056639
21405	64	-0.107671468536765
21405	65	-0.00716197602972102
21405	66	-0.17485728664866
21405	67	-0.0962606209699146
21405	68	-0.0681715783019996
21405	69	-0.0566359881354686
21405	70	-0.0334797008179422
21405	71	0.0543340504461938
21405	72	-0.161625742751774
21405	73	-0.175171871160479
21405	74	-0.066494192537931
21406	1	-1.12602615003157
21406	2	0.0556049804795187
21406	3	0.0754168141859353
21406	4	0.0138575628535484
21406	5	0.0922529367109242
21406	6	-0.0228270667329298
21406	7	-0.0279421455505258
21406	8	-0.113849534391889
21406	9	0.0954895154949327
21406	10	0.000200646508822899
21406	11	-0.044158058728911
21406	12	-0.0320307453583482
21406	13	-0.0738362645493424
21406	14	-0.0490972246241697
21406	15	-0.118427417521971
21406	16	-0.195886777559103
21406	17	-0.00131457565527171
21406	18	-0.0535539097297644
21406	19	-0.19384695610529
21406	20	-0.047767101555344
21406	21	-0.199507490070168
21406	22	-0.0908641151715983
21406	23	0.0160458472089999
21406	24	-0.0573908423752698
21406	25	-0.00706441451037421
21406	26	-0.0462766587659189
21406	27	-0.0752625454743594
21406	28	-0.0426943874322845
21406	29	-0.00786665746602466
21406	30	-0.0715249390288051
21406	31	-0.0595685967739072
21406	32	0.00243781506730301
21406	33	-0.0530353418729632
21406	34	-0.0522447181685521
21406	35	-0.0582448160331808
21406	36	-0.126839959714999
21406	37	-0.250890295856415
21406	38	-0.154434183806082
21406	39	-0.087698094403251
21406	40	-0.19944294033813
21406	41	-0.220424532951043
21406	42	-0.296336031762273
21406	43	-0.209935408560597
21406	44	-0.103799204970038
21406	45	-0.195040266876191
21406	46	-0.157874242244155
21406	47	-0.0875972133260561
21406	48	-0.312607287908953
21406	49	-0.179224294947325
21406	50	-0.140902048444083
21406	51	-0.197252115055512
21406	52	-0.144829980733718
21406	53	-0.0832427363194412
21406	54	-0.0846492090976056
21406	55	-0.200674402040356
21406	56	-0.239241765406256
21406	57	-0.258474378545685
21406	58	0.0207701770821345
21406	59	-0.126811308417778
21406	60	-0.00598745653249466
21406	61	-0.18128738563901
21406	62	0.0364437840866287
21406	63	-0.0928973261700037
21406	64	-0.108199477729698
21406	65	-0.238704312140584
21406	66	-0.106039947316305
21406	67	-0.117357843863225
21406	68	-0.144918505129375
21406	69	-0.196985654070538
21406	70	-0.26202557877815
21406	71	-0.233629774877151
21406	72	-0.269601653310332
21406	73	-0.16910849798532
21406	74	-0.404802845117977
21407	1	-0.71166634690308
21407	2	0.155427964935619
21407	3	0.0349507007985963
21407	4	0.110841156599626
21407	5	0.112931409726087
21407	6	0.109868188229363
21407	7	0.155844877421657
21407	8	0.154246379819021
21407	9	0.0439130058530779
21407	10	0.198277439617549
21407	11	0.114081088149426
21407	12	0.0389960776022065
21407	13	0.108406963307559
21407	14	0.0173905868905777
21407	15	0.0727316624339807
21407	16	0.0554348627534509
21407	17	0.107082654544321
21407	18	0.0939393193814126
21407	19	0.0924957546053307
21407	20	0.164896504279028
21407	21	0.0295080668160708
21407	22	0.188148446203186
21407	23	0.123577477891651
21407	24	-0.000232499639764683
21407	25	0.110553826295103
21407	26	0.160854252167638
21407	27	0.114015117188551
21407	28	0.00437572199685121
21407	29	0.120046108518423
21407	30	0.0917131704876795
21407	31	0.0925536566888567
21407	32	0.0996036480570623
21407	33	0.0945874467976893
21407	34	0.0737628730182109
21407	35	0.113795375171939
21407	36	0.013561976589493
21407	37	-0.0983964624071021
21407	38	-0.0407211698447369
21407	39	-0.0977358896358638
21407	40	-0.164576118124295
21407	41	-0.029681560241535
21407	42	-0.187427987746432
21407	43	-0.0626133726572462
21407	44	-0.10029167827912
21407	45	-0.118291451559372
21407	46	-0.111568429049868
21407	47	-0.118237483733864
21407	48	0.0573803344826516
21407	49	-0.181476479539064
21407	50	-0.0479296411949761
21407	51	-0.11786652826661
21407	52	-0.169261999241229
21407	53	-0.157739031244134
21407	54	-0.0869205737559113
21407	55	-0.0426235437051261
21407	56	-0.173216249455592
21407	57	-0.0395280648887777
21407	58	-0.118016945735803
21407	59	-0.0715853146204566
21407	60	-0.223710653573981
21407	61	0.000213375985076425
21407	62	-0.120138299051355
21407	63	-0.137268275702276
21407	64	-0.22341552253738
21407	65	-0.15501820165035
21407	66	-0.0373305578782777
21407	67	-0.14069743245264
21407	68	0.0264871660052819
21407	69	-0.0333584390325896
21407	70	0.0013679885569573
21407	71	0.00302441615598781
21407	72	-0.124685187070988
21407	73	-0.0416164287711922
21407	74	-0.204838643913945
21408	1	-0.446129648183842
21408	2	-0.0703408424355878
21408	3	-0.055577050933163
21408	4	-0.0738330092599035
21408	5	-0.119307970246137
21408	6	-0.0171753253437927
21408	7	-0.0035218303898219
21408	8	-0.0326538706966275
21408	9	0.0692770199877728
21408	10	-0.0062411135603142
21408	11	-0.00548527810037314
21408	12	-0.124426597865373
21408	13	-0.0820006917287444
21408	14	-0.11001544192645
21408	15	0.0943095092603201
21408	16	-0.0536976781353573
21408	17	0.0828330734611242
21408	18	-0.0165956888362189
21408	19	-0.138415329954981
21408	20	0.00559098829899796
21408	21	-0.0875074035914949
21408	22	-0.033916710117218
21408	23	-0.102398701797235
21408	24	0.0546605908135049
21408	25	-0.233967928637178
21408	26	-0.100470408820343
21408	27	0.0091397352804421
21408	28	-0.0340607834427331
21408	29	0.0467126433239073
21408	30	-0.0850147106740735
21408	31	-0.16887793547933
21408	32	-0.0863595639083528
21408	33	0.0235081897777789
21408	34	-0.159086261920905
21408	35	-0.103388032817492
21408	36	-0.146051302133685
21408	37	-0.0818425603080399
21408	38	-0.184744965631999
21408	39	-0.123607371405193
21408	40	-0.210943732204058
21408	41	-0.104737783590075
21408	42	-0.202834059391265
21408	43	-0.0380389144673074
21408	44	-0.0734290608481842
21408	45	-0.0995082256698296
21408	46	0.0421808942092667
21408	47	-0.0999122609753869
21408	48	-0.0732007160714048
21408	49	-0.211769214188223
21408	50	-0.162300199187889
21408	51	-0.139611585492368
21408	52	-0.166461870591831
21408	53	0.134363601105626
21408	54	-0.242723809750458
21408	55	-0.127642901090859
21408	56	-0.137610710037563
21408	57	-0.231119564659451
21408	58	-0.114592633019932
21408	59	-0.102600059706489
21408	60	-0.0674215108553256
21408	61	-0.109393633073047
21408	62	-0.00458709506327892
21408	63	-0.0197505809399274
21408	64	-0.080568293670531
21408	65	-0.0455251065827369
21408	66	-0.0444849730424011
21408	67	-0.028762234730543
21408	68	-0.0730520258840315
21408	69	-0.0730285353378761
21408	70	-0.231600765037882
21408	71	-0.118257216497078
21408	72	-0.0911374053264282
21408	73	-0.0125042146093364
21408	74	-0.152996620138637
21409	1	-0.550883612743018
21409	2	0.061451771038012
21409	3	-0.0293932559327992
21409	4	0.0133041709212591
21409	5	0.0215256508561872
21409	6	0.0187498282121439
21409	7	-0.0811042452887349
21409	8	0.0488291576120119
21409	9	-0.00416199109292847
21409	10	0.0382510506179727
21409	11	-0.0667952568018109
21409	12	-0.0272747438138694
21409	13	0.0871254475155467
21409	14	-0.111602110901529
21409	15	0.0963457553167331
21409	16	-0.0956406212936045
21409	17	-0.0279817286451234
21409	18	-0.116217399151417
21409	19	0.0628793643779986
21409	20	0.089461690431321
21409	21	0.00391202959699655
21409	22	-0.131447386082662
21409	23	-0.0835618603955695
21409	24	-0.0967266644276208
21409	25	-0.00636796583059862
21409	26	0.00943475107850844
21409	27	-0.0590491484566087
21409	28	-0.0369597103122601
21409	29	0.0186010830879297
21409	30	-0.0318678746040888
21409	31	0.0966010879616093
21409	32	0.135036172560582
21409	33	0.00390587764918848
21409	34	-0.0391207190612732
21409	35	0.0175449147645139
21409	36	0.024211280553196
21409	37	-0.0249636625128886
21409	38	0.0572121395760803
21409	39	-0.0447403720447284
21409	40	0.0770809083148691
21409	41	-0.039874784448287
21409	42	-0.134766453560637
21409	43	-0.0363362107718928
21409	44	-0.0634595956019908
21409	45	-0.0347577519369793
21409	46	0.0903428301815907
21409	47	0.0709037245369828
21409	48	-0.0908876053176755
21409	49	-0.0974359700109986
21409	50	0.0489823041603188
21409	51	-0.103702532108336
21409	52	-0.0747588180678846
21409	53	0.0633725213421172
21409	54	-0.122691739760711
21409	55	0.0822294026304249
21409	56	0.100967801447965
21409	57	-0.0374453114219691
21409	58	0.0751207295524097
21409	59	0.171215586233984
21409	60	0.0276274476403344
21409	61	-0.0412305125886263
21409	62	0.0927044429869071
21409	63	-0.00229903078894012
21409	64	-0.00838150179184538
21409	65	-0.0743753776623919
21409	66	-0.0413297312254528
21409	67	-0.0914500646290364
21409	68	-0.0395019263485281
21409	69	0.0125176383752361
21409	70	-0.0607683204213956
21409	71	-0.0311273471192521
21409	72	0.0688441130344088
21409	73	-0.152438825552494
21409	74	0.234535852352444
21410	1	0.253360045761472
21410	2	0.0890271259467141
21410	3	0.105507196308992
21410	4	0.103530420203096
21410	5	0.10070840596838
21410	6	0.204299114222174
21410	7	0.126448898738559
21410	8	0.0515817662671978
21410	9	0.0982239133425082
21410	10	0.216585330802459
21410	11	0.198376026967871
21410	12	0.197660982645644
21410	13	0.133129254178165
21410	14	0.0956453125399364
21410	15	0.0639035854548453
21410	16	-0.0109418964934846
21410	17	0.141518269750044
21410	18	0.133300509174134
21410	19	0.0513656542941945
21410	20	0.249066291806983
21410	21	0.17453781797095
21410	22	0.145381240277032
21410	23	0.114591298396185
21410	24	0.157275627273144
21410	25	0.183376352260034
21410	26	0.0674096450793229
21410	27	0.0722510226185378
21410	28	0.0716770165998213
21410	29	0.0983315675226635
21410	30	0.145750329331598
21410	31	0.115659436460611
21410	32	0.130591107580919
21410	33	0.0836140549125588
21410	34	0.200111496987688
21410	35	0.263979458462501
21410	36	-0.0820072905131752
21410	37	0.0325458387970912
21410	38	-0.106014951636496
21410	39	-0.068960294027022
21410	40	-0.130647175946365
21410	41	-0.0154051146897842
21410	42	0.017066328665905
21410	43	0.00592365500807546
21410	44	-0.103028689075337
21410	45	-0.109063245133541
21410	46	-0.114485873596273
21410	47	-0.133031594400578
21410	48	-0.137663815387626
21410	49	-0.0554633960999169
21410	50	-0.15182038808215
21410	51	-0.0920162809307854
21410	52	-0.130419650003539
21410	53	-0.0487407561899573
21410	54	-0.116599458829469
21410	55	-0.237993913473275
21410	56	-0.0778276681073962
21410	57	-0.0515930726575391
21410	58	-0.0803137894210622
21410	59	-0.109212431497951
21410	60	-0.0729079061361873
21410	61	0.197076854809943
21410	62	-0.106959327512811
21410	63	-0.1367306913221
21410	64	-0.0471873170771175
21410	65	-0.197284214532367
21410	66	-0.149282467354936
21410	67	-0.0305492451448259
21410	68	-0.130128639577471
21410	69	-0.151880365326065
21410	70	-0.20311828755014
21410	71	-0.237683480768368
21410	72	-0.0294030311368232
21410	73	0.0155149580674276
21410	74	0.0444391851209645
21411	1	-0.371785416507247
21411	2	0.090599303879916
21411	3	0.0942757310174258
21411	4	0.11884421368125
21411	5	0.123971502511861
21411	6	0.159785684276208
21411	7	0.219806039478861
21411	8	0.0794631046188528
21411	9	0.15783380774036
21411	10	0.116553225378127
21411	11	0.140867803039946
21411	12	0.0985367198355789
21411	13	0.100185137373693
21411	14	0.26058026201094
21411	15	0.26230671104139
21411	16	0.252123529422015
21411	17	0.216519010644454
21411	18	0.194646072204492
21411	19	0.21706125535713
21411	20	0.293799026497638
21411	21	0.148695421029359
21411	22	0.171480974542909
21411	23	0.214114162397607
21411	24	0.3204136608406
21411	25	0.228086366188847
21411	26	0.235379298044386
21411	27	0.191226316259687
21411	28	0.0610155460725963
21411	29	0.140639107852017
21411	30	0.13657262333826
21411	31	0.252371248293187
21411	32	0.00366008978956955
21411	33	0.221254454402825
21411	34	0.14875812986957
21411	35	0.20633886140039
21411	36	-0.185019294868589
21411	37	0.0233921472017613
21411	38	0.0295879074160936
21411	39	0.0166463719748364
21411	40	-0.0611073518880687
21411	41	-0.0154994461760154
21411	42	0.012796481321196
21411	43	0.0766783465525123
21411	44	0.0919319450920497
21411	45	-0.0787717761948059
21411	46	0.172106030160535
21411	47	-0.00415846656409258
21411	48	0.155831238256894
21411	49	0.0857390813300398
21411	50	-0.0106314031770793
21411	51	-0.00592149405699161
21411	52	0.0336434315494643
21411	53	-0.049335760081533
21411	54	0.0464866347733377
21411	55	-0.0162418112735097
21411	56	0.0183586520754133
21411	57	-0.0776715624374944
21411	58	-0.0273867000764838
21411	59	0.00992673380484632
21411	60	-0.10600515953616
21411	61	0.0431434429912301
21411	62	-0.0452788991355035
21411	63	-0.127667833067271
21411	64	0.033330172505238
21411	65	0.0637121437241461
21411	66	0.145315868248645
21411	67	-0.157462013423711
21411	68	-0.0144688583068344
21411	69	0.00713102549602951
21411	70	0.0117819693479078
21411	71	0.0681972975119152
21411	72	-0.00773693427557731
21411	73	0.0583285320898668
21411	74	0.311510894728592
21412	1	-0.536696776023597
21412	2	0.249787117321979
21412	3	0.33899780422599
21412	4	0.267259603516774
21412	5	0.16213174095056
21412	6	0.302670561275178
21412	7	0.321407867829031
21412	8	0.210242649287885
21412	9	0.223089151854488
21412	10	0.354570947788119
21412	11	0.0861498306029489
21412	12	0.234940766519927
21412	13	0.286090836056076
21412	14	0.161832545395107
21412	15	0.195345818753935
21412	16	0.234589729649613
21412	17	0.196570715750326
21412	18	0.307813782387989
21412	19	0.211993737954124
21412	20	0.157685319494924
21412	21	0.278814671971936
21412	22	0.262463289412658
21412	23	0.17756074400328
21412	24	0.249403019685914
21412	25	0.142661260241717
21412	26	0.208576901525682
21412	27	0.24671800129768
21412	28	0.198622338315126
21412	29	0.186846083713064
21412	30	0.236857339465665
21412	31	0.261105449423077
21412	32	0.269703647692275
21412	33	0.21594856780527
21412	34	0.243433034727246
21412	35	0.151667014745236
21412	36	-0.0955029321546519
21412	37	-0.0285109725615555
21412	38	-0.100388424658156
21412	39	-0.0592021906894047
21412	40	-0.00777200513184084
21412	41	-0.0868418201434267
21412	42	-0.126106007662727
21412	43	0.03142322279556
21412	44	-0.0863373923342721
21412	45	-0.0216207656312832
21412	46	-0.161231602528325
21412	47	0.0623088174900275
21412	48	0.014150168749218
21412	49	-0.0672353516401003
21412	50	-0.060310125770755
21412	51	-0.17535657550458
21412	52	-0.102530833418996
21412	53	-0.0970880117976023
21412	54	-0.0707430859109621
21412	55	-0.199574451051518
21412	56	-0.0398038650336332
21412	57	-0.0908909272167406
21412	58	-0.0656657851662388
21412	59	-0.230406765319898
21412	60	0.0386903763684501
21412	61	0.0974085886831304
21412	62	-0.0982735776320425
21412	63	-0.0397166059000469
21412	64	-0.0593838498457941
21412	65	-0.0997955289275012
21412	66	-0.00188290878709552
21412	67	-0.0446649910389425
21412	68	0.0301484233018172
21412	69	-0.0385026330633522
21412	70	-0.189476945631348
21412	71	-0.0876944705239353
21412	72	-0.0868864993022243
21412	73	-0.0634933124805741
21412	74	0.164603213038298
21501	1	0.712583295439195
21501	2	0.0369760389672216
21501	3	-0.0872643372362738
21501	4	0.0348615738414075
21501	5	0.0696700922432463
21501	6	-0.00874509252884081
21501	7	0.0164194336091512
21501	8	0.119721085610628
21501	9	-0.0171285964766881
21501	10	-0.0313071275131307
21501	11	0.0324248557591673
21501	12	-0.122548141279978
21501	13	0.0213582972558228
21501	14	0.0323653243742967
21501	15	-0.00517448204324467
21501	16	0.0175884094185648
21501	17	0.0235664283304047
21501	18	0.0804759625476805
21501	19	0.0589106595622937
21501	20	-0.0140556533745908
21501	21	0.0140585265831561
21501	22	0.00396839335985533
21501	23	0.0523812325524915
21501	24	0.0411126754468185
21501	25	-0.0884954683891053
21501	26	0.0615540544031035
21501	27	0.0492593157241146
21501	28	0.0999685221290605
21501	29	0.00605755993297663
21501	30	-0.000749780860736848
21501	31	0.0334776885384116
21501	32	0.0133944610507655
21501	33	0.0205846411056143
21501	34	0.0404625727969972
21501	35	0.0127804752509846
21501	36	-0.0143621367479625
21501	37	-0.110560381050433
21501	38	0.020915799420699
21501	39	-0.0284084727182758
21501	40	-0.0474697751641386
21501	41	-0.0358765356034425
21501	42	-0.0206372936017658
21501	43	0.00761401002296935
21501	44	-0.127016400098178
21501	45	0.0996461019369619
21501	46	-0.066341232443861
21501	47	-0.0273861188993862
21501	48	-0.157676023994867
21501	49	-0.0213165645378623
21501	50	-0.0422515758742747
21501	51	0.0395199044657559
21501	52	-0.185222578862906
21501	53	0.00417256411735423
21501	54	-0.0475353938823204
21501	55	-0.0404622803213002
21501	56	0.0498527023656337
21501	57	0.0690629015019226
21501	58	0.090998825855003
21501	59	-0.00916792613393369
21501	60	-0.00850825097087693
21501	61	-0.153345395318205
21501	62	0.00659971904141798
21501	63	0.0487070916556789
21501	64	-0.00782097043866514
21501	65	0.0580140542023599
21501	66	-0.101636143541981
21501	67	0.0409747620946064
21501	68	0.0944614152743881
21501	69	-0.0531849002576408
21501	70	0.0129089796248323
21501	71	0.0472147904875371
21501	72	-0.0989981901091213
21501	73	0.147193751414115
21501	74	-0.277569729508286
21502	1	0.00398165456935118
21502	2	-0.253610145998358
21502	3	-0.312831141502034
21502	4	-0.189746020120701
21502	5	-0.273988252445289
21502	6	-0.298555194018533
21502	7	-0.292093130094251
21502	8	-0.241322411154705
21502	9	-0.248819054927345
21502	10	-0.271871885303177
21502	11	-0.365663727900518
21502	12	-0.361519160991648
21502	13	-0.24963251512419
21502	14	-0.26915125983183
21502	15	-0.303641937732564
21502	16	-0.324488227421156
21502	17	-0.424747160722838
21502	18	-0.297225926759772
21502	19	-0.268785709206483
21502	20	-0.249471873920243
21502	21	-0.216188972666288
21502	22	-0.271745487145751
21502	23	-0.224078388516666
21502	24	-0.395819247088127
21502	25	-0.355712130417452
21502	26	-0.316558466740027
21502	27	-0.310938322233874
21502	28	-0.17313413021575
21502	29	-0.255463055736747
21502	30	-0.246970350574983
21502	31	-0.15931115125823
21502	32	-0.097465574713766
21502	33	-0.321183219842041
21502	34	-0.422506108238039
21502	35	-0.241102281339778
21502	36	0.030661444147313
21502	37	0.0909008219479759
21502	38	0.0872483231307299
21502	39	0.0742581187471458
21502	40	-0.0457466149584036
21502	41	0.103059765126332
21502	42	0.233320613990614
21502	43	0.0283695649578206
21502	44	-0.00957634870368196
21502	45	0.0184358174516746
21502	46	0.0434642226348387
21502	47	0.0762756560831406
21502	48	-0.108634456946504
21502	49	0.00234561406202971
21502	50	0.0259491626285779
21502	51	-0.11440311220651
21502	52	-0.068767392558776
21502	53	0.0483600168762379
21502	54	0.103432104228034
21502	55	-0.0774878257343943
21502	56	-0.0491916121638027
21502	57	-0.0237064247868588
21502	58	-0.0275601000626864
21502	59	-0.0208304095474716
21502	60	0.215209290933331
21502	61	0.0875205240794159
21502	62	0.164175311360694
21502	63	0.0424346242274751
21502	64	0.0903586824207849
21502	65	0.0715392435372735
21502	66	0.163124051900255
21502	67	-0.0116546717409989
21502	68	0.00792620107959863
21502	69	0.039457936523597
21502	70	0.0610035785382266
21502	71	-0.048659636376847
21502	72	0.148482297914164
21502	73	0.0831628602970724
21502	74	-0.401071844169941
21503	1	0.734649558941705
21503	2	0.152069445250877
21503	3	0.117911220206679
21503	4	0.108051510317775
21503	5	0.0901381413206153
21503	6	0.0366557367905358
21503	7	-0.0164362660361093
21503	8	0.0209847297194941
21503	9	-0.0341043147865321
21503	10	0.061290057607394
21503	11	0.0584464915356691
21503	12	0.153300465982745
21503	13	0.154104052664572
21503	14	0.0701697056812307
21503	15	0.101625598099062
21503	16	0.0941485311035919
21503	17	0.0501736481783865
21503	18	0.0768706173627436
21503	19	-0.000925313376711756
21503	20	-0.0233653152603353
21503	21	0.0649121030395321
21503	22	-0.0325183245347205
21503	23	0.102703879450722
21503	24	0.0778656521327648
21503	25	-0.0297937420210914
21503	26	0.184979428760052
21503	27	0.0780124861490634
21503	28	0.0956804587012385
21503	29	0.0284508241678267
21503	30	0.0803240360807891
21503	31	0.031963639417107
21503	32	0.154354935383132
21503	33	0.0809061525662571
21503	34	0.137157258393273
21503	35	0.0217262148324124
21503	36	0.14418517351492
21503	37	0.177409405550272
21503	38	0.0986480383257202
21503	39	0.03074457172238
21503	40	0.122169987520678
21503	41	0.0984025644064346
21503	42	0.110580173557317
21503	43	0.202130681934527
21503	44	0.0301967841890374
21503	45	-0.028975951232546
21503	46	0.020029804813106
21503	47	-0.0650962451872346
21503	48	0.142967616482984
21503	49	0.0836527878057538
21503	50	0.0353940099414487
21503	51	0.0996637076056857
21503	52	0.134711078655542
21503	53	0.0372698701257121
21503	54	-0.0933119693084947
21503	55	0.156613150222405
21503	56	0.0844063553681167
21503	57	0.0438488327374316
21503	58	0.0584339599853578
21503	59	0.0392382754215603
21503	60	0.136747595168913
21503	61	0.131561631644267
21503	62	0.0839655705790037
21503	63	0.0830512940188086
21503	64	0.0481422304072296
21503	65	0.0557114673460291
21503	66	0.0484183347020135
21503	67	-0.0158857971703483
21503	68	0.0939094802943146
21503	69	0.0728203600332265
21503	70	0.14277454832586
21503	71	0.187723939441646
21503	72	-0.0119198638269111
21503	73	0.100143057420766
21503	74	-0.0669707892636282
21504	1	0.664843785598869
21504	2	-0.0249936984720556
21504	3	-0.121856945753482
21504	4	-0.0312773818222922
21504	5	-0.0963961440244887
21504	6	-0.0810489103106988
21504	7	-0.171932216651541
21504	8	-0.106655289787575
21504	9	-0.09155821474193
21504	10	-0.10347956721494
21504	11	-0.129947322055088
21504	12	-0.101057103219425
21504	13	-0.0368500640360665
21504	14	-0.133077408897805
21504	15	-0.146394517526183
21504	16	-0.0286337378855848
21504	17	-0.0873720454688964
21504	18	-0.00832693341607893
21504	19	-0.0691966763291134
21504	20	-0.0647798071803223
21504	21	-0.114088982770745
21504	22	-0.0962729460016689
21504	23	-0.152048624581987
21504	24	-0.0764624272126611
21504	25	-0.0087788324497069
21504	26	-0.0736757920908389
21504	27	-0.0341086265042705
21504	28	-0.0899618366308204
21504	29	-0.123516243060706
21504	30	0.0629411722926605
21504	31	-0.00875398530519078
21504	32	-0.124663135750993
21504	33	-0.0927088662113889
21504	34	-0.0811768356324762
21504	35	-0.0483921718327522
21504	36	-0.032723509251511
21504	37	0.0107297460385993
21504	38	0.162228796030547
21504	39	0.0409717001872352
21504	40	-0.00599711995532459
21504	41	0.0634022761276825
21504	42	0.0352984115326436
21504	43	0.0226480624362182
21504	44	0.0954070612046181
21504	45	0.0921341466171128
21504	46	-0.0555296792734978
21504	47	0.104773022430457
21504	48	0.145929849801455
21504	49	0.117055497517718
21504	50	0.00202730123751138
21504	51	0.177707542681304
21504	52	0.0232744140854919
21504	53	-0.0787072967980222
21504	54	0.179471671230644
21504	55	-0.0180419711720461
21504	56	-0.0718165193811942
21504	57	-0.00584150906038161
21504	58	-0.0689195155436977
21504	59	0.0600016128446299
21504	60	0.0349622829630789
21504	61	0.0673968144539785
21504	62	0.00427663689952595
21504	63	0.0872553828537548
21504	64	0.0312106688436131
21504	65	-0.0714164393409007
21504	66	0.0720526442214648
21504	67	0.0663311011793724
21504	68	0.235807928961322
21504	69	0.179933623698126
21504	70	0.0477700623806143
21504	71	0.115790466702947
21504	72	0.0609829242817383
21504	73	0.0348840451517631
21504	74	-0.415600196924338
21505	1	0.364030397416371
21505	2	0.18849049193415
21505	3	-0.0189557136155472
21505	4	-0.0428882698626367
21505	5	0.0960723745669299
21505	6	-0.002190660847603
21505	7	-0.000546072407857423
21505	8	0.145637746467983
21505	9	0.0704603241882893
21505	10	-0.0536948742434191
21505	11	0.11155685286738
21505	12	0.163260158083922
21505	13	0.0128952635061736
21505	14	0.0619471288864517
21505	15	0.172333148060119
21505	16	0.0939291593225349
21505	17	0.208369489870321
21505	18	0.196705718020539
21505	19	0.0385642727276476
21505	20	0.168423729584802
21505	21	-0.00115585370024718
21505	22	0.0919121218162147
21505	23	0.0490422898769296
21505	24	0.0298589499650106
21505	25	0.101403910620881
21505	26	0.0810161296856791
21505	27	0.0487531417908116
21505	28	-0.0257699432848852
21505	29	0.137676113922502
21505	30	0.194899011917904
21505	31	0.0506662165957223
21505	32	0.0871258808568456
21505	33	0.103871152771497
21505	34	0.077931941983465
21505	35	0.104986202112585
21505	36	0.0324194012161527
21505	37	0.0501567710479307
21505	38	0.13006727520721
21505	39	0.115486444494813
21505	40	0.0402554796287404
21505	41	-0.0153651210887631
21505	42	0.0682931323773062
21505	43	-0.0404632688651816
21505	44	0.00772223862875876
21505	45	0.0526778066478499
21505	46	0.0397372368948652
21505	47	0.141265731677549
21505	48	-0.00663690637426839
21505	49	0.15769550214852
21505	50	0.0731884886136314
21505	51	-0.119508057516697
21505	52	0.0090053174374205
21505	53	0.000550565463591113
21505	54	-0.0265932443144266
21505	55	0.03899821260962
21505	56	-0.0610813967944566
21505	57	-0.00825169015657679
21505	58	0.0409666049630815
21505	59	0.129077408747385
21505	60	0.102443077722349
21505	61	0.0782773690802543
21505	62	-0.0126057255651872
21505	63	0.0473085821192356
21505	64	0.00986663526933285
21505	65	0.113480768752083
21505	66	0.0304448589246036
21505	67	0.0367327404908053
21505	68	-0.0435709922940291
21505	69	-0.0461331083135832
21505	70	0.0799229209074284
21505	71	0.0523833076109526
21505	72	0.0163558306412099
21505	73	-0.0537102385572226
21505	74	7.78467423003804e-05
21506	1	-0.0486540174036953
21506	2	0.0229521303377318
21506	3	0.00818988498135553
21506	4	0.129261487473492
21506	5	0.0922993833940815
21506	6	0.0366400775073146
21506	7	0.0880897104963694
21506	8	0.122063706531492
21506	9	0.151152052473769
21506	10	0.0897949118546961
21506	11	0.0956991433700409
21506	12	0.0658433691564397
21506	13	0.116656834236096
21506	14	-0.0204371254722844
21506	15	0.11371573919704
21506	16	0.121114469291705
21506	17	0.0461490818948533
21506	18	0.0608506486447737
21506	19	0.0928954551652552
21506	20	-0.0132866090929511
21506	21	0.14125241371449
21506	22	-0.0778049716290212
21506	23	0.148996635492402
21506	24	0.0320262323405274
21506	25	0.00905785312484397
21506	26	0.0955770574747987
21506	27	0.068925012609995
21506	28	0.0159148103142641
21506	29	0.110453009681791
21506	30	0.126189163196322
21506	31	0.0217881066817682
21506	32	0.160843881364606
21506	33	0.0746248225815691
21506	34	-0.0464602343832325
21506	35	0.0361725560800394
21506	36	-0.105784544059063
21506	37	-0.178300083427736
21506	38	-0.122235207175123
21506	39	-0.107203784704609
21506	40	0.0121878055846949
21506	41	-0.153049983452853
21506	42	-0.147530115331207
21506	43	-0.132610611462503
21506	44	-0.0501392799097786
21506	45	-0.0447566006899649
21506	46	-0.0661043320541665
21506	47	-0.164954876083492
21506	48	0.0178748160709432
21506	49	-0.0552065294633692
21506	50	-0.00273162518264058
21506	51	0.159403403339141
21506	52	-0.0792393360742025
21506	53	-0.0320264565537158
21506	54	-0.0793064335662663
21506	55	-0.00088358849485104
21506	56	-0.0266036055828778
21506	57	0.0449726115293672
21506	58	0.118917443121589
21506	59	0.105196039541703
21506	60	0.025368163201307
21506	61	0.0414596583053921
21506	62	0.0503073366939688
21506	63	0.0584880200758278
21506	64	-0.0901026948411001
21506	65	0.0382749929940616
21506	66	0.0197420620584197
21506	67	0.187325395326319
21506	68	0.0168503775430437
21506	69	-0.0298632425468313
21506	70	0.0635518010712559
21506	71	0.0192330790561712
21506	72	-0.141712450741494
21506	73	-0.100711372710975
21506	74	-0.338969513133435
21507	1	0.767654703892433
21507	2	-0.0631861608282378
21507	3	0.150396355612731
21507	4	0.119991630368347
21507	5	0.259364914442358
21507	6	0.161737874076152
21507	7	0.293823640815702
21507	8	0.109617496299116
21507	9	0.242118416278863
21507	10	0.242509003271294
21507	11	0.148995923622373
21507	12	0.336820286386185
21507	13	0.217899019446321
21507	14	0.216624802161299
21507	15	0.172417244344146
21507	16	0.264651105640439
21507	17	0.304935549259064
21507	18	0.24708020337021
21507	19	0.276052178816705
21507	20	0.107032360621687
21507	21	0.165005694450144
21507	22	0.19779204746537
21507	23	0.198302918592653
21507	24	0.24721972194186
21507	25	0.19972733898031
21507	26	0.209991166339222
21507	27	0.271636416689397
21507	28	0.136395814547015
21507	29	0.252181452008493
21507	30	0.213562438038373
21507	31	0.34321177055228
21507	32	0.212170565457924
21507	33	0.154966540671694
21507	34	0.290165815101368
21507	35	0.206966601999881
21507	36	0.0565036503003995
21507	37	-0.0749250620126247
21507	38	0.0453875931871011
21507	39	0.0559412025027655
21507	40	0.0447504527407361
21507	41	0.0730526778310931
21507	42	0.197004396398441
21507	43	0.105892043997677
21507	44	0.159066967228298
21507	45	0.0459212597458247
21507	46	0.100110643632107
21507	47	0.0271910639791315
21507	48	-0.0732884476906364
21507	49	-0.0835383754606553
21507	50	0.0699302708896425
21507	51	0.0238409875179855
21507	52	0.000212697828423813
21507	53	0.199466240401811
21507	54	0.0874448119504194
21507	55	-0.0401795579823556
21507	56	-0.0369875428821373
21507	57	-0.00216062037792852
21507	58	0.0382775773793327
21507	59	0.111778454646867
21507	60	0.0939450177034189
21507	61	0.118214605772408
21507	62	0.0903708366747793
21507	63	-0.0170194874119218
21507	64	0.0519995388100867
21507	65	0.0864705110504076
21507	66	-0.00270170633766043
21507	67	0.0844222685628324
21507	68	0.0520480101020695
21507	69	0.166969611082926
21507	70	0.0871362371822286
21507	71	0.125008694984309
21507	72	0.146866348136889
21507	73	0.142480946071139
21507	74	-0.0239262263456794
21508	1	0.508696920912399
21508	2	-0.00625805297768167
21508	3	-0.164143630562315
21508	4	0.00575121138790635
21508	5	-0.023866084000943
21508	6	-0.0614905948300333
21508	7	-0.184834384061261
21508	8	-0.046979146734671
21508	9	-0.0156084048486633
21508	10	-0.0121342484725346
21508	11	-0.0870309690162756
21508	12	-0.0907713158687571
21508	13	-0.0684565141547608
21508	14	-0.0473725664837374
21508	15	0.0487833335922616
21508	16	-0.0651822392269423
21508	17	-0.117161866556266
21508	18	-0.124475390367039
21508	19	-0.189544127740923
21508	20	-0.107049604335472
21508	21	0.0110328495879344
21508	22	0.0538498513657828
21508	23	0.00595588200901886
21508	24	0.000951783506657478
21508	25	-0.0898636953219594
21508	26	0.00333673372314536
21508	27	0.0100031311627262
21508	28	0.0100999239312003
21508	29	-0.107547760247513
21508	30	-0.00896404454481114
21508	31	-0.110206564773662
21508	32	-0.0509207834455836
21508	33	0.0222815802016783
21508	34	-0.0183752703882334
21508	35	-0.110913884530333
21508	36	-0.152091047183184
21508	37	0.0810995717897853
21508	38	0.191012338811845
21508	39	-0.0858462281735513
21508	40	-0.0566580153343992
21508	41	-0.108329977351488
21508	42	0.0303319035177338
21508	43	-0.0893537105086892
21508	44	0.0878921543491629
21508	45	0.0527389727990126
21508	46	0.0251724383278003
21508	47	0.0355293708757785
21508	48	0.0376867894495945
21508	49	0.0812167606577319
21508	50	-0.0796384242094774
21508	51	0.0442385395538238
21508	52	-0.00633634301428998
21508	53	-0.0529037628150988
21508	54	0.00307366785985863
21508	55	0.0520023569252928
21508	56	-0.0248555956592682
21508	57	0.00383473238557031
21508	58	-0.0442813051879725
21508	59	0.105708267375277
21508	60	-0.0133128441483095
21508	61	-0.0722941849566467
21508	62	-0.0696140540972863
21508	63	0.185464592212114
21508	64	0.105805400335377
21508	65	-0.0986393076687975
21508	66	0.0112661082495151
21508	67	-0.099755609177457
21508	68	0.0314643400894354
21508	69	0.0541613065422979
21508	70	0.0288999093300504
21508	71	0.0193654495906372
21508	72	0.170559267078467
21508	73	0.0681357245907463
21508	74	-0.128328533378998
21509	1	0.56116516187998
21509	2	0.0694982659436185
21509	3	0.14480715226609
21509	4	-0.0160704558935123
21509	5	0.052016003963832
21509	6	0.142570013768655
21509	7	0.271587514839219
21509	8	0.25136274211502
21509	9	0.113153861324271
21509	10	0.173338178711617
21509	11	0.132421783970102
21509	12	0.323629628862122
21509	13	0.155895862517752
21509	14	0.118422038843072
21509	15	0.136507711203279
21509	16	0.103639279332917
21509	17	0.141806929298426
21509	18	0.171153001169039
21509	19	0.277852697349104
21509	20	0.115711532197899
21509	21	0.130372907068548
21509	22	0.242288119301904
21509	23	0.160807775202244
21509	24	0.227280626737489
21509	25	0.245675629718399
21509	26	0.303624217327538
21509	27	0.0899425794755402
21509	28	0.255103792302421
21509	29	0.251511583949473
21509	30	0.181237003378428
21509	31	0.237193438769886
21509	32	0.195020513954042
21509	33	0.0268338289843868
21509	34	0.26452185778237
21509	35	0.187536458307754
21509	36	0.184195169079928
21509	37	0.00730236522037586
21509	38	0.124282407989824
21509	39	0.163869367913293
21509	40	0.032239792216707
21509	41	0.0121932397183286
21509	42	0.100891719054239
21509	43	-0.011592303582681
21509	44	0.0575873174156314
21509	45	0.0139358213011178
21509	46	0.178323602566934
21509	47	0.106218972356324
21509	48	0.116686108790113
21509	49	0.0729509742513414
21509	50	0.103238249635346
21509	51	0.0226512665870047
21509	52	0.215446654263964
21509	53	0.0586461558580282
21509	54	0.0624027471117188
21509	55	0.0877348625579373
21509	56	0.106952942036166
21509	57	0.0871240029288742
21509	58	0.0893076165960451
21509	59	0.216223847517057
21509	60	0.208912466998775
21509	61	0.0844399234534379
21509	62	0.0402035261378089
21509	63	0.181903953228577
21509	64	-0.032871951114295
21509	65	0.0105105403529606
21509	66	0.223319809651287
21509	67	0.237857365867278
21509	68	0.195296543789745
21509	69	0.0860126290284029
21509	70	0.165880971566502
21509	71	-0.0661274454461207
21509	72	-0.00165057844986194
21509	73	0.0837756786807091
21509	74	0.125730479747524
21510	1	0.206518305010857
21510	2	0.112362114102474
21510	3	0.0520673107981864
21510	4	0.0371603957791464
21510	5	0.0215217818367783
21510	6	0.103264390531557
21510	7	0.194894039842822
21510	8	0.154816331217447
21510	9	0.178767032192468
21510	10	0.212020319264674
21510	11	0.0514293275724995
21510	12	0.128330817990815
21510	13	0.0892614438453307
21510	14	0.141518216048468
21510	15	0.0353598904815229
21510	16	0.107881555404809
21510	17	0.0531959532438009
21510	18	0.141894706876386
21510	19	0.0236725074041857
21510	20	-0.0370287562901197
21510	21	0.150441764722437
21510	22	0.0889657388811642
21510	23	-0.0469726926677723
21510	24	0.0392141598133904
21510	25	0.0176135557327086
21510	26	-0.00507035148844892
21510	27	0.0422535354970393
21510	28	0.0177183136128676
21510	29	0.0508910262118576
21510	30	-0.0473783269832282
21510	31	0.161247342773144
21510	32	-0.0430399099203598
21510	33	-0.0851680264250234
21510	34	0.00516437469325126
21510	35	0.0877963370383696
21510	36	0.0185881331338322
21510	37	0.011118852040461
21510	38	-0.0140429266178899
21510	39	-0.000235024785425253
21510	40	-0.154756994340268
21510	41	-0.16144165713493
21510	42	-0.0284564927648248
21510	43	-0.0266199176343633
21510	44	0.108054147338393
21510	45	0.0174924044149591
21510	46	0.0101636233250204
21510	47	-0.0618397998389639
21510	48	0.113123563970859
21510	49	0.0525104118873827
21510	50	0.0521927915786335
21510	51	0.0694988777375514
21510	52	0.0616213901053371
21510	53	0.0762219568575304
21510	54	0.0531362613308133
21510	55	-0.0277209846186324
21510	56	0.0147907373763587
21510	57	0.0919739960870558
21510	58	-0.124542167949677
21510	59	0.0757197503073641
21510	60	-0.00099067768691441
21510	61	-0.000546824098861975
21510	62	-0.00390076548787732
21510	63	0.0360632536080843
21510	64	0.115167137861853
21510	65	-0.0475893620847287
21510	66	0.00210876623847156
21510	67	-0.0812908677499991
21510	68	-0.0128641752321315
21510	69	0.0155273153139746
21510	70	0.108733178025304
21510	71	-0.110080973529939
21510	72	-0.049147478271621
21510	73	-0.054541538673412
21510	74	0.0926864953408071
21511	1	0.422502635825797
21511	2	0.214982502747077
21511	3	-0.0291545012913446
21511	4	0.0634814675199245
21511	5	0.0903004259430418
21511	6	0.0665754139897103
21511	7	-0.0111887038099283
21511	8	0.0568927634013718
21511	9	0.101818491648352
21511	10	0.0610892236477483
21511	11	0.0728609783226801
21511	12	0.164682494766971
21511	13	0.116471812263356
21511	14	0.0996076509530326
21511	15	0.0693560287841208
21511	16	0.0797275744977455
21511	17	0.108426009931833
21511	18	0.108088032389759
21511	19	0.0957785295878466
21511	20	0.0949606622484183
21511	21	0.106791240353886
21511	22	0.224386320040388
21511	23	0.135638492226676
21511	24	0.0895733284649864
21511	25	0.059262235929765
21511	26	0.140402646567587
21511	27	0.0622913655333122
21511	28	0.12620452480985
21511	29	0.0872434157939423
21511	30	0.102743306220525
21511	31	0.128293041616629
21511	32	0.20576115050676
21511	33	0.144653007964727
21511	34	0.255934775341501
21511	35	0.00221728486496886
21511	36	0.0888518055308865
21511	37	-0.076602686802552
21511	38	-0.016412110177022
21511	39	0.0847544904418172
21511	40	0.00361582050180687
21511	41	-0.0426088602500059
21511	42	-0.0510742105656092
21511	43	0.0734512018275737
21511	44	-0.0775352680227073
21511	45	0.0646507321024927
21511	46	0.0557301878594174
21511	47	0.00801844181366107
21511	48	-0.030231821181907
21511	49	-0.0470022614208148
21511	50	0.0733861087771857
21511	51	-0.0935345596048265
21511	52	-0.213133445728509
21511	53	0.0641899418932752
21511	54	-0.147649598878985
21511	55	-0.0645184965720063
21511	56	-0.126224646461829
21511	57	-0.248941928766016
21511	58	0.134971505713253
21511	59	0.0520350255805653
21511	60	0.0376362255077467
21511	61	-0.0772657463798225
21511	62	-0.117714104906639
21511	63	-0.023723877923608
21511	64	0.053813440438077
21511	65	0.129074935223443
21511	66	-0.0659935615412763
21511	67	-0.0494745156079546
21511	68	0.198200931061344
21511	69	0.128194725589395
21511	70	0.100712102728075
21511	71	0.0421161151474507
21511	72	-0.0189753517859756
21511	73	0.0707455839836939
21511	74	-0.337730005921557
21512	1	-0.233787273647092
21512	2	0.184481140630488
21512	3	0.0788800853341129
21512	4	0.082751275248274
21512	5	0.0610870312986194
21512	6	0.110834561084722
21512	7	-0.00739895051192008
21512	8	0.0104759584407148
21512	9	0.234887368846003
21512	10	0.0689586723096696
21512	11	0.0592961711782891
21512	12	0.0481382782624067
21512	13	0.0623858699041122
21512	14	0.00994520598770521
21512	15	-0.0232846033031606
21512	16	-0.0045874424642065
21512	17	0.0246808275874741
21512	18	0.122497134533567
21512	19	0.220497618504318
21512	20	0.109814930711686
21512	21	0.114670059508803
21512	22	0.087255537835091
21512	23	-0.0343161763159046
21512	24	0.100065836144715
21512	25	0.114891729352763
21512	26	0.132123340690249
21512	27	0.013154673127211
21512	28	0.1710574080698
21512	29	0.179425844354121
21512	30	0.222454070336696
21512	31	0.0567316730357561
21512	32	0.127454385010822
21512	33	0.0805459344647517
21512	34	-0.0961672027831497
21512	35	0.111366009527295
21512	36	0.0788114896093361
21512	37	0.0880671081667046
21512	38	0.146286839872559
21512	39	0.0401829366897744
21512	40	-0.0175605671405137
21512	41	-0.079459243993341
21512	42	0.00496152154595109
21512	43	0.146666414805686
21512	44	0.0545105181867029
21512	45	-0.0489320922216194
21512	46	-0.00916680911674206
21512	47	0.0431260891502845
21512	48	0.201330816608703
21512	49	0.0559822970785007
21512	50	0.197394296197025
21512	51	0.0736125677069808
21512	52	0.117047692599371
21512	53	0.022196188814597
21512	54	-0.0307771415140579
21512	55	0.132393431924484
21512	56	0.100708402188467
21512	57	-0.0162217112698784
21512	58	0.0227262246345816
21512	59	0.0554765369910939
21512	60	0.0147957449109342
21512	61	0.162769826423151
21512	62	-0.11218481861723
21512	63	0.122402182983137
21512	64	0.0996139247460732
21512	65	0.0406541672178946
21512	66	0.0857039345110593
21512	67	0.0524929627456814
21512	68	0.0234665019669436
21512	69	0.00763895893256006
21512	70	0.190858732594457
21512	71	0.105588079376076
21512	72	0.0319585121004309
21512	73	-0.0163634943230804
21512	74	0.11754795116736
21601	1	1.72754687252007
21601	2	0.0480831515191547
21601	3	0.0345413611429208
21601	4	0.0905156856690752
21601	5	0.121372417645052
21601	6	0.098883132767476
21601	7	0.169322694251498
21601	8	0.15988026111242
21601	9	0.0614585761521766
21601	10	0.093606788669355
21601	11	0.024715244868581
21601	12	0.118977184028616
21601	13	0.195423773142856
21601	14	0.185204333231688
21601	15	0.170172862201227
21601	16	-0.0183425159911508
21601	17	0.136028318424863
21601	18	0.131085705953801
21601	19	0.213302872366619
21601	20	0.136686575402187
21601	21	0.130869176572915
21601	22	0.116356982122184
21601	23	0.0214170002844014
21601	24	0.150216127758576
21601	25	0.203088332076824
21601	26	0.113236621626911
21601	27	0.0928981929407655
21601	28	0.0906928870997135
21601	29	0.255426731081933
21601	30	0.182607468414773
21601	31	0.107449441281858
21601	32	0.320599891503036
21601	33	0.028314311825774
21601	34	0.0419933037017799
21601	35	0.072101614420049
21601	36	-0.0746059747236956
21601	37	-0.145085740150272
21601	38	-0.0525610042680782
21601	39	-0.0257859519217547
21601	40	0.0552080872115255
21601	41	-0.112033404163469
21601	42	0.126030144455378
21601	43	0.10255194448176
21601	44	0.0441752582930803
21601	45	-0.154293508291438
21601	46	0.132329013335685
21601	47	-0.106969348790152
21601	48	-0.0157646957379285
21601	49	-0.00471335279956975
21601	50	-0.0250029572544577
21601	51	0.117138067130725
21601	52	0.0945206919057782
21601	53	0.0209526094688286
21601	54	-0.125086414290486
21601	55	0.00976915253983179
21601	56	0.0323929405664458
21601	57	0.0211637222116465
21601	58	0.0648743787947481
21601	59	0.00834464075433772
21601	60	0.107343066413833
21601	61	0.0294509622524188
21601	62	-0.0554389319627475
21601	63	0.169661061255219
21601	64	-0.0222477097143212
21601	65	-0.0531030042115788
21601	66	-0.0206343752729978
21601	67	-0.0839252645649537
21601	68	-0.0603615352527882
21601	69	-0.192963129728987
21601	70	-0.0737475041041762
21601	71	-0.00324535128587655
21601	72	-0.0457558701842373
21601	73	-0.0391411658619063
21601	74	0.20607101297292
21602	1	0.190869621465129
21602	2	-0.273111777357212
21602	3	-0.0372504827875559
21602	4	0.112027467179647
21602	5	0.11067516900987
21602	6	0.1043991957701
21602	7	0.225139807380174
21602	8	-0.00227199111536436
21602	9	0.0323430721632789
21602	10	0.149908779538471
21602	11	0.167393992223516
21602	12	0.10880154161962
21602	13	0.14670945532972
21602	14	0.0890003919873905
21602	15	0.0584349319841166
21602	16	0.101539878780194
21602	17	0.0585401641331202
21602	18	0.116224249505763
21602	19	0.17115708929061
21602	20	0.155076126981328
21602	21	0.111069436326645
21602	22	0.169179026127232
21602	23	0.133595672330507
21602	24	0.0696153114602609
21602	25	0.28279007208112
21602	26	-0.0173025895810142
21602	27	0.0687049233277577
21602	28	0.0558215047012354
21602	29	0.101398881630452
21602	30	0.139608905455354
21602	31	0.194565705766465
21602	32	0.0971335989936719
21602	33	0.030147032400393
21602	34	0.141342005797341
21602	35	0.218508457399906
21602	36	-0.059657995780384
21602	37	0.0401278096440194
21602	38	0.0970862987941601
21602	39	-0.0036127206630141
21602	40	0.0719030844755792
21602	41	0.156759630056179
21602	42	-0.176008803571698
21602	43	0.16003603543691
21602	44	0.00253308007124531
21602	45	0.00276508537939435
21602	46	-0.0474348019471336
21602	47	0.0143081437113182
21602	48	-0.0983348234662742
21602	49	0.0297893882173952
21602	50	0.0995152431488364
21602	51	0.110675967643459
21602	52	0.0134839230618127
21602	53	-0.0769965911757922
21602	54	-0.143754793652505
21602	55	0.0485646000905291
21602	56	-0.0568582913045077
21602	57	-0.0676617090621647
21602	58	-0.130043300814094
21602	59	-0.265859566757499
21602	60	-0.0508849003148768
21602	61	-0.00423200853862227
21602	62	0.0175258921578489
21602	63	0.0701807509403594
21602	64	0.0437396479598107
21602	65	0.0645838988578191
21602	66	0.0973650348661934
21602	67	-0.0786667315151206
21602	68	-0.0553667861264344
21602	69	-0.0203614693941105
21602	70	-0.0900604953446447
21602	71	-0.00592470733447215
21602	72	-0.0338164708670234
21602	73	0.0414781445741568
21602	74	0.0495530458142213
21603	1	0.638086919686106
21603	2	-0.12802962701177
21603	3	0.110053606070341
21603	4	-0.0864284696927484
21603	5	-0.0612470164937591
21603	6	-0.0433879498859469
21603	7	-0.0195760300083023
21603	8	0.0390806170230675
21603	9	-0.00522119219093753
21603	10	0.138158284819561
21603	11	-0.0453326823324645
21603	12	-0.0227574735583005
21603	13	0.135937350110503
21603	14	-0.0465378572723765
21603	15	0.17055935072009
21603	16	-0.0758702493311318
21603	17	-0.0540108422454395
21603	18	-0.0608120773475278
21603	19	-0.0405101748033516
21603	20	0.083302602667672
21603	21	0.0262754750890366
21603	22	0.0736276907544635
21603	23	0.150471356712117
21603	24	-0.0531621362321104
21603	25	0.00334693161041599
21603	26	0.0700785182947143
21603	27	-0.018755977919966
21603	28	0.0718937312063872
21603	29	0.209456907370566
21603	30	0.114626828274297
21603	31	0.0180406702891034
21603	32	0.0362506423668947
21603	33	-0.00410151044987828
21603	34	0.0404604731753508
21603	35	0.0999140237855372
21603	36	0.0153682845035661
21603	37	-0.20101641013926
21603	38	-0.0758306223273806
21603	39	0.0375381037549829
21603	40	0.0359389523822529
21603	41	0.0836624403282471
21603	42	0.0348425796647547
21603	43	-0.154355005391899
21603	44	0.114478478386815
21603	45	-0.0741044884115141
21603	46	-0.00682207019210068
21603	47	-0.256628923373157
21603	48	-0.0913251558589678
21603	49	0.0395539892408223
21603	50	-0.136512263464731
21603	51	0.0316972668408511
21603	52	-0.287978243360257
21603	53	-0.0284285843020058
21603	54	-0.0313110112672419
21603	55	-0.0161851892522975
21603	56	0.0327724953507129
21603	57	0.0206100618261189
21603	58	0.0110933982163814
21603	59	0.0114016660335849
21603	60	0.172679121291182
21603	61	-0.123016685967336
21603	62	-0.0525900229466956
21603	63	-0.0991176563876977
21603	64	-0.0834787038415215
21603	65	-0.0258825949889712
21603	66	-0.122054744582663
21603	67	-0.0419163486319007
21603	68	0.0164802645242901
21603	69	0.178569004162725
21603	70	0.0165755477829208
21603	71	-0.0405656253377913
21603	72	0.192044254556855
21603	73	0.161781127156672
21603	74	0.174738542724448
21604	1	0.237768647912009
21604	2	-0.00576699941389336
21604	3	-0.162955956064469
21604	4	0.0139421694818793
21604	5	-0.00988692579138828
21604	6	-0.0033720108761699
21604	7	-0.0793864015499253
21604	8	-0.0165273341786474
21604	9	-0.0332342560778969
21604	10	-0.0382140397718871
21604	11	-0.018644691626406
21604	12	0.0149308488926962
21604	13	0.0309000383376201
21604	14	0.0457895559178567
21604	15	0.00372787079447789
21604	16	0.00674758685295984
21604	17	0.000225324562528328
21604	18	-0.00893657448702356
21604	19	-0.0134389614938968
21604	20	0.00916332826122357
21604	21	-0.0418272489055269
21604	22	0.0471252738464045
21604	23	-0.110507049361487
21604	24	-0.103778660689088
21604	25	0.0176669371013674
21604	26	-0.0663957574908309
21604	27	-0.0362593366786044
21604	28	-0.153539348467056
21604	29	-0.0316841681185664
21604	30	-0.105062678798483
21604	31	-0.147414258792473
21604	32	-0.192041989717801
21604	33	0.0462156809288246
21604	34	-0.0496000162564769
21604	35	0.0159333005815654
21604	36	-0.110459195957603
21604	37	-0.00208996759162261
21604	38	-0.0642569472944459
21604	39	-0.0197108986999979
21604	40	-0.0479018288983326
21604	41	-0.0620373892086832
21604	42	0.022340420734281
21604	43	-0.103322736714624
21604	44	-0.0670476829205882
21604	45	-0.0207459156539542
21604	46	0.0688345634168357
21604	47	-0.000751591428688414
21604	48	0.0138265703603366
21604	49	0.0789784488198677
21604	50	0.0638444617738827
21604	51	0.0469626285342315
21604	52	-0.0467641874305755
21604	53	0.0268909997822178
21604	54	0.0637059853235584
21604	55	0.0889208716158478
21604	56	0.0744804076817474
21604	57	-0.172728589160066
21604	58	0.154437748823426
21604	59	-0.0546569643820973
21604	60	-0.0335913187567414
21604	61	-0.0185918475329174
21604	62	-0.143885339028188
21604	63	0.0698490296235406
21604	64	-0.159238096281193
21604	65	-0.00472996212280918
21604	66	0.00394550622650058
21604	67	0.110735260569321
21604	68	0.0752683571314279
21604	69	0.0306428638843741
21604	70	0.0861788208946734
21604	71	0.0254189011519301
21604	72	0.0410859115325124
21604	73	-0.202818506047052
21604	74	0.0165057131687831
21605	1	0.26093753559887
21605	2	-0.0969897693784887
21605	3	-0.137029643121902
21605	4	-0.180889041179014
21605	5	-0.16579947004788
21605	6	-0.186211556509534
21605	7	-0.099424449838672
21605	8	-0.206408579261257
21605	9	-0.173968667958306
21605	10	-0.142656285051196
21605	11	-0.17804673725977
21605	12	-0.16365761491533
21605	13	-0.20848977529338
21605	14	-0.115012715915348
21605	15	-0.215491739748401
21605	16	-0.118370123119497
21605	17	-0.230674311550771
21605	18	-0.167341005053508
21605	19	-0.159387648551338
21605	20	-0.188411477501958
21605	21	-0.260465993004658
21605	22	-0.233089923340849
21605	23	-0.26500092721357
21605	24	-0.127108900165879
21605	25	-0.312113993268419
21605	26	-0.162941599839378
21605	27	-0.175535435714799
21605	28	-0.01080202303433
21605	29	-0.172209591013925
21605	30	-0.0241270842862846
21605	31	-0.218188378580045
21605	32	-0.295158384289003
21605	33	-0.199354059924836
21605	34	-0.213696937971662
21605	35	-0.189990307797665
21605	36	-0.0857453287906864
21605	37	-0.040383287997166
21605	38	0.00104246463144619
21605	39	-0.0453732724959224
21605	40	-0.03864159380921
21605	41	-0.100133982313388
21605	42	-0.056747467187364
21605	43	-0.0506577843858622
21605	44	0.00191050550201055
21605	45	-0.173594245930992
21605	46	-0.0928308351412142
21605	47	-0.0775322004371191
21605	48	-0.0240387323826923
21605	49	-0.0605563345559119
21605	50	-0.1953308090064
21605	51	-0.159611048503393
21605	52	-0.115912718978137
21605	53	0.0273184887106552
21605	54	-0.255657112631425
21605	55	-0.183331810853204
21605	56	-0.200274766807638
21605	57	-0.0768978371094917
21605	58	-0.156146926160432
21605	59	0.0188865519743544
21605	60	-0.101076545224451
21605	61	-0.167462178169338
21605	62	-0.160434941539769
21605	63	-0.0939198182229362
21605	64	-0.0780281958114202
21605	65	-0.138448711525413
21605	66	-0.0421295758067899
21605	67	-0.0862967916881985
21605	68	-0.0262515684864866
21605	69	0.0681873522987146
21605	70	-0.293877336345595
21605	71	-0.0341594807844317
21605	72	-0.0234189810233758
21605	73	0.000991474649907786
21605	74	0.0933101783019694
21606	1	0.0477339921788236
21606	2	-0.153479763161965
21606	3	-0.244254561828864
21606	4	-0.26152515919738
21606	5	-0.107646854324852
21606	6	-0.15229203661665
21606	7	-0.0591834996665241
21606	8	-0.111547972910842
21606	9	-0.283854140414313
21606	10	-0.149342039641859
21606	11	-0.0443818558519666
21606	12	-0.0324088104011793
21606	13	-0.115753248418855
21606	14	-0.196220873910754
21606	15	-0.184798836152382
21606	16	-0.329979785036102
21606	17	-0.381340197166686
21606	18	-0.0973303652294817
21606	19	-0.223276205360825
21606	20	-0.283172559655746
21606	21	-0.148506950349727
21606	22	-0.119823318042457
21606	23	-0.0822045662724804
21606	24	-0.135875696742005
21606	25	-0.223709010483418
21606	26	-0.288518720631266
21606	27	-0.18170205057708
21606	28	-0.2672997874758
21606	29	-0.231370599047587
21606	30	-0.164442752323772
21606	31	-0.0987252712732314
21606	32	-0.26775426225381
21606	33	-0.132297764496371
21606	34	-0.171004942944883
21606	35	-0.212703941118242
21606	36	-0.093779907089754
21606	37	-0.291910614531169
21606	38	-0.180428215369822
21606	39	-0.081906736360402
21606	40	-0.0857287127638102
21606	41	-0.0751345583692711
21606	42	-0.0741969782249114
21606	43	-0.0915603985585847
21606	44	0.0912147319772956
21606	45	0.0161629061822453
21606	46	-0.02279023008537
21606	47	-0.0531658948427847
21606	48	-0.251270452316874
21606	49	-0.233311214641674
21606	50	-0.0798754901491989
21606	51	-0.149782163132436
21606	52	0.00917531577455577
21606	53	-0.082685964626954
21606	54	-0.0740161177336702
21606	55	-0.198248543415858
21606	56	-0.0207580159782452
21606	57	-0.136639516215588
21606	58	-0.0607332085431622
21606	59	-0.121159800834576
21606	60	-0.168533732839258
21606	61	-0.16318203954313
21606	62	-0.0466718086750788
21606	63	0.0666374371722256
21606	64	-0.0368747564092899
21606	65	-0.101690155126427
21606	66	-0.170153687129975
21606	67	0.0806238227114093
21606	68	-0.215443676000525
21606	69	-0.0998678306201981
21606	70	-0.0777684899451145
21606	71	0.0289864714919545
21606	72	-0.0890934702483577
21606	73	-0.0495800408682214
21606	74	-0.0953718841588653
21607	1	-0.627084258681574
21607	2	-0.119647460799154
21607	3	-0.0940262990259626
21607	4	-0.0914085291863955
21607	5	-0.0493470945866257
21607	6	-0.110375532524294
21607	7	-0.0933257990084186
21607	8	-0.0949636991874598
21607	9	0.0268096992003706
21607	10	-0.0747970830216786
21607	11	-0.189116847960875
21607	12	-0.0251947459116408
21607	13	0.00329095579518679
21607	14	-0.174174385657047
21607	15	-0.0418639722207317
21607	16	-0.0613259003335216
21607	17	-0.0811874573072231
21607	18	-0.0746720705516637
21607	19	0.000140142039072089
21607	20	-0.134645045306385
21607	21	-0.0424453518607493
21607	22	0.0449327357919884
21607	23	-0.0988368358851588
21607	24	-0.064333588819018
21607	25	-0.158187563379123
21607	26	-0.0959659886770154
21607	27	-0.0424476243679379
21607	28	-0.160745807628423
21607	29	-0.190953825331263
21607	30	-0.166875296924658
21607	31	-0.203390754041294
21607	32	-0.0612158104882639
21607	33	0.0225454442264521
21607	34	-0.0588825929532106
21607	35	-0.250930690638988
21607	36	-0.0448362378815972
21607	37	0.00520796285724145
21607	38	-0.119736756147773
21607	39	-0.227054748914242
21607	40	-0.104237401510275
21607	41	-0.118600603411593
21607	42	-0.0135257765972554
21607	43	-0.12930895777388
21607	44	0.0385361605487233
21607	45	-0.0562554443816623
21607	46	-0.0163199528297326
21607	47	-0.0936352322487934
21607	48	-0.0526890378431872
21607	49	-0.00955357836348014
21607	50	-0.00476094597626542
21607	51	0.0235055483337305
21607	52	0.0447163167144069
21607	53	-0.040478746699371
21607	54	-0.198547845646651
21607	55	-0.123694958012571
21607	56	-0.26452675293509
21607	57	-0.0206469154704507
21607	58	0.0352323678899396
21607	59	0.0709890290850765
21607	60	-0.0617774118836536
21607	61	-0.155700417685424
21607	62	-0.0262863895898704
21607	63	0.0357674337337599
21607	64	-0.0377194019598193
21607	65	0.0525484969545502
21607	66	0.0278705961960384
21607	67	-0.00902462857285968
21607	68	-0.0400953845601393
21607	69	-0.0600415223508648
21607	70	-0.103403037139387
21607	71	-0.10174603319664
21607	72	-0.0988522022274694
21607	73	0.0395919820633353
21607	74	-0.164304287885457
21608	1	0.0210843587512066
21608	2	0.0372962647467006
21608	3	0.0361568670590913
21608	4	0.00358376236547997
21608	5	-0.0923607916919238
21608	6	0.0974823537468765
21608	7	-0.0770551295143918
21608	8	0.0812068996226003
21608	9	0.0942416450130352
21608	10	0.0822624083877201
21608	11	0.154984936948374
21608	12	0.0106047342551037
21608	13	-0.100492862585988
21608	14	0.0539611717166295
21608	15	-0.0247253370334732
21608	16	0.0308562861942221
21608	17	0.0749417329439552
21608	18	0.0343287253386464
21608	19	0.00392423870356851
21608	20	0.0766791380711922
21608	21	0.0417434244161541
21608	22	0.0198377020362202
21608	23	-0.0222607782693771
21608	24	-0.0638883354977011
21608	25	-0.00630469839662595
21608	26	-0.0124178206161503
21608	27	-0.100825900458389
21608	28	0.00698584932615631
21608	29	0.0058564911881902
21608	30	0.109271647802707
21608	31	0.0227300320534454
21608	32	0.028387524459113
21608	33	0.036779636342132
21608	34	0.151261112556242
21608	35	0.00466113451003025
21608	36	0.0528794264230115
21608	37	0.00351169110767557
21608	38	0.00621073628872182
21608	39	0.00805575461731678
21608	40	-0.100358025279135
21608	41	-0.140082097711208
21608	42	-0.00164278949774399
21608	43	0.00440146904114158
21608	44	0.00639741322009968
21608	45	0.0891594166388856
21608	46	-0.00841684894569283
21608	47	-0.115728550733039
21608	48	-0.0573624635409686
21608	49	0.176393253412819
21608	50	0.0686318606758221
21608	51	-0.0369982629981251
21608	52	0.0132689338674155
21608	53	0.130638562703169
21608	54	0.0880557601420122
21608	55	0.119332982814811
21608	56	0.215740107257616
21608	57	0.0255922938660689
21608	58	0.0781145897119586
21608	59	0.0568238325847972
21608	60	0.158980946311615
21608	61	0.106678039863326
21608	62	-0.00719594849485361
21608	63	0.0470898899482535
21608	64	-0.0501637117142764
21608	65	0.0813583437188399
21608	66	0.0743058307812348
21608	67	0.118108207305617
21608	68	0.0218732300787323
21608	69	0.0914809416716054
21608	70	0.0257965677485998
21608	71	0.0169027714701784
21608	72	0.0132407674693411
21608	73	0.13317625178999
21608	74	-0.0194116296245923
21609	1	0.0311436351097782
21609	2	-0.0372341377945915
21609	3	0.147617530504885
21609	4	-0.0342368355732958
21609	5	0.0554130252493366
21609	6	0.0500927606462227
21609	7	0.118538127757262
21609	8	0.0133795603173681
21609	9	-0.0918098549409976
21609	10	-0.00596692745149596
21609	11	-0.0197322150626249
21609	12	-0.00408157089727013
21609	13	-0.0194134608652377
21609	14	-0.123716393492472
21609	15	-0.0644406675136437
21609	16	-0.0443550624535831
21609	17	0.0820337866433647
21609	18	0.0799401979186527
21609	19	0.00857169588056905
21609	20	0.0435706871895434
21609	21	-0.0130872072635029
21609	22	0.00907024172686732
21609	23	-0.0393278412466742
21609	24	-0.119499501651958
21609	25	-0.0417709251721092
21609	26	-0.109123233116279
21609	27	-0.112662446154978
21609	28	0.0294987787903551
21609	29	-0.145061594399927
21609	30	-0.0696426857723651
21609	31	-0.0442682553671006
21609	32	-0.00697060212196021
21609	33	-0.137472769951174
21609	34	-0.0163716463990511
21609	35	-0.0422364750286661
21609	36	0.0197814079928449
21609	37	-0.0619299469517074
21609	38	-0.0278377277811401
21609	39	-0.0890321867705453
21609	40	-0.0658719776215619
21609	41	-0.047705883827625
21609	42	-0.10012022752948
21609	43	-0.0990522716822184
21609	44	-0.0044193537151358
21609	45	0.0433441573781934
21609	46	-0.0933635952307981
21609	47	0.0995651913129763
21609	48	0.00411801998507855
21609	49	-0.202731989373781
21609	50	-0.0532981903501195
21609	51	-0.103995322097227
21609	52	-0.228068056162655
21609	53	-0.181797862182449
21609	54	-0.283754159017214
21609	55	-0.131759170966447
21609	56	-0.134701955512661
21609	57	-0.203600136928145
21609	58	-0.129772517133048
21609	59	-0.151815245354186
21609	60	-0.116788223699182
21609	61	-0.145485474405604
21609	62	-0.187104319529901
21609	63	-0.109363020110905
21609	64	-0.0473015153481597
21609	65	0.00510471666844836
21609	66	-0.0136858692335835
21609	67	0.0538978542995281
21609	68	0.00678989358490867
21609	69	-0.114767094695985
21609	70	-0.11650672179087
21609	71	-0.00688948241157306
21609	72	-0.291988727081019
21609	73	-0.0556768839063153
21609	74	-0.260701232601647
21610	1	0.190936018608578
21610	2	-0.0120345205920813
21610	3	-0.0305083352428888
21610	4	0.0812719698366671
21610	5	0.14228900549357
21610	6	0.175463434155141
21610	7	0.107601257312183
21610	8	-0.0799464340036025
21610	9	0.00962333166827989
21610	10	0.0697311075925668
21610	11	0.0171735764071457
21610	12	0.0903320695506906
21610	13	0.0533056994078933
21610	14	0.0149431746746487
21610	15	-0.0413202498305552
21610	16	0.0151912449723568
21610	17	-0.0172839549413553
21610	18	-0.128969902551638
21610	19	0.0193073897234939
21610	20	-0.0216566114638681
21610	21	0.0636979119617322
21610	22	0.0535620207405501
21610	23	-0.0456283777363495
21610	24	0.042087736783337
21610	25	-0.0123415418121127
21610	26	0.00095548987309968
21610	27	0.0284994667310556
21610	28	0.00523227261540882
21610	29	0.164330037440145
21610	30	0.0321984734993777
21610	31	-0.0453629258167894
21610	32	0.163218902865594
21610	33	0.0152315099967453
21610	34	-0.0550349234085488
21610	35	-0.0843978647431456
21610	36	-0.0510989568473192
21610	37	-0.0773394785286285
21610	38	0.0433555842559272
21610	39	0.0118235309400632
21610	40	-0.0085924893815843
21610	41	-0.0822669717585356
21610	42	-0.0670072817247416
21610	43	0.0500924456588834
21610	44	-0.111415101229682
21610	45	-0.0722122241248044
21610	46	0.0074010251269101
21610	47	-0.15905133125294
21610	48	-0.044812257187985
21610	49	-0.123018438390723
21610	50	0.0611964038045585
21610	51	-0.233973330889356
21610	52	-0.249374142653579
21610	53	-0.0234033505867899
21610	54	-0.170693796416636
21610	55	-0.0316176646907493
21610	56	-0.220273529468244
21610	57	-0.190957234543362
21610	58	-0.158297294964711
21610	59	-0.147460115733011
21610	60	-0.00618210757447457
21610	61	-0.137870853775638
21610	62	-0.0989594175469719
21610	63	-0.17695526535524
21610	64	-0.152700183354263
21610	65	-0.138851118371036
21610	66	-0.129152996248827
21610	67	-0.115150342240838
21610	68	-0.125398669869035
21610	69	-0.0653075977388866
21610	70	-0.141844928045103
21610	71	-0.0763220000954519
21610	72	-0.0521347337955405
21610	73	0.0534178178041529
21610	74	-0.119626705900536
21611	1	-0.531813723558642
21611	2	0.11776383639074
21611	3	-0.0277948674808783
21611	4	0.0113299377587133
21611	5	0.0234547653001052
21611	6	-0.0701000638355396
21611	7	0.150977622047776
21611	8	0.106955660665477
21611	9	0.148885040832901
21611	10	-0.0201831852343446
21611	11	0.167740808527775
21611	12	0.0617144088941899
21611	13	0.037462319486842
21611	14	0.00140784269271421
21611	15	0.0517129305812674
21611	16	-0.00901658603158495
21611	17	0.0951098001708459
21611	18	0.184533422602172
21611	19	0.0429675483351133
21611	20	0.0217233095859584
21611	21	0.0352900738451538
21611	22	-0.0102204750807786
21611	23	0.158055963812075
21611	24	0.0677643255667206
21611	25	0.11255977046784
21611	26	0.0529452476881005
21611	27	0.0533865537540663
21611	28	0.0454150671671414
21611	29	0.0366903631985309
21611	30	0.0769618007869752
21611	31	0.0336974959620804
21611	32	0.0629059472128333
21611	33	0.0916815971264455
21611	34	0.202036807449588
21611	35	-0.00687732702843391
21611	36	0.00598551911312484
21611	37	-0.0216794228933779
21611	38	-0.212760206968134
21611	39	0.0119647328757395
21611	40	-0.102367485083526
21611	41	-0.0466074234356242
21611	42	-0.0213911649752632
21611	43	-0.0752937132661842
21611	44	0.0311250146102395
21611	45	0.0100876632945557
21611	46	-0.0726555668741398
21611	47	-0.0108109841284971
21611	48	0.015191601254557
21611	49	0.0133591722630868
21611	50	-0.0160548056253873
21611	51	0.0153406047247131
21611	52	-0.0249578687492544
21611	53	0.0327002946540134
21611	54	-0.135881876667639
21611	55	-0.0349826315931026
21611	56	-0.135216275334322
21611	57	-0.0649689149344752
21611	58	-0.121961186811397
21611	59	-0.0329275643302225
21611	60	-0.00398696513835972
21611	61	-0.0416141760887214
21611	62	-0.0437225140523054
21611	63	-0.0167156008175695
21611	64	0.036515561989269
21611	65	-0.0790224912022168
21611	66	-0.068578775728291
21611	67	-0.0425314757527673
21611	68	0.0545616770893673
21611	69	0.0765521126498214
21611	70	-0.0371933449577639
21611	71	-0.0786334606857224
21611	72	-0.0212951576730234
21611	73	0.0497323141186499
21611	74	0.030232204853597
21612	1	0.670801729524104
21612	2	0.136527315901883
21612	3	0.0641342003360421
21612	4	0.130990339662105
21612	5	0.0624058453726803
21612	6	0.0260109902194401
21612	7	0.0844650069370303
21612	8	-0.0284850979528457
21612	9	0.0488788787706653
21612	10	0.126261647191797
21612	11	-0.0303831858579002
21612	12	0.0227646981687784
21612	13	-0.0647478068354346
21612	14	-0.00486376731721805
21612	15	0.0157757836160783
21612	16	0.0334749411328374
21612	17	0.040584450131476
21612	18	0.00687774494649318
21612	19	0.00355773696268358
21612	20	0.181224182544774
21612	21	0.0700290420420657
21612	22	0.0191362740890568
21612	23	0.16805836016961
21612	24	0.0128261173574842
21612	25	-0.00650359607215734
21612	26	0.127894410674642
21612	27	0.0904130163880055
21612	28	0.0555407047694132
21612	29	0.158365759453368
21612	30	0.230907232302499
21612	31	0.075884343382576
21612	32	0.0644882278605294
21612	33	0.13729386647703
21612	34	0.145400608757313
21612	35	0.183661853417291
21612	36	0.0981488844988263
21612	37	-0.0125331985569304
21612	38	0.141085512289273
21612	39	0.179749890963677
21612	40	0.107141387537595
21612	41	0.0442755150487599
21612	42	0.124160514386759
21612	43	0.12791377408427
21612	44	0.0202649980358274
21612	45	-0.00514620741090965
21612	46	0.0412202855990387
21612	47	0.15453223966292
21612	48	0.0714706386397665
21612	49	-0.105302555217939
21612	50	-0.0760659677547508
21612	51	0.0483434609166338
21612	52	0.0554944034838414
21612	53	0.165292724231477
21612	54	0.139763660460581
21612	55	0.155898238382889
21612	56	-0.10342864729035
21612	57	-0.0271825084228112
21612	58	-0.020177602186827
21612	59	0.139392259801959
21612	60	0.0733076775893267
21612	61	0.179831748683974
21612	62	-0.0325163833171942
21612	63	0.0606550016030596
21612	64	0.14122292302946
21612	65	0.189975236355338
21612	66	0.1171675559482
21612	67	0.170049058265427
21612	68	0.178659906705938
21612	69	0.209604825924522
21612	70	0.151286602514176
21612	71	0.137643651381943
21612	72	0.0732172472811783
21612	73	0.0692379676792569
21612	74	0.0758855465550852
22101	1	0.271031237484934
22101	2	0.198157038262003
22101	3	0.12839628547702
22101	4	0.13704963761236
22101	5	0.117398542846654
22101	6	0.266325250649821
22101	7	0.0553613830135191
22101	8	0.169184424972769
22101	9	0.247330167684495
22101	10	0.185273252092763
22101	11	0.248358189607053
22101	12	-0.168638609911483
22101	13	0.200669012716631
22101	14	0.132253209796744
22101	15	0.128496424223883
22101	16	0.116385879093741
22101	17	0.120878565662473
22101	18	0.118963965115853
22101	19	0.128952541017561
22101	20	0.147510686181647
22101	21	0.160549571852918
22101	22	-0.000339670742697251
22101	23	0.0798478747494826
22101	24	0.165646043540818
22101	25	0.217876624514489
22101	26	0.182111385630215
22101	27	0.215245633857947
22101	28	0.118781731295925
22101	29	0.150299310063829
22101	30	0.225895469120182
22101	31	0.153497172805636
22101	32	0.00792451601892452
22101	33	0.184765034089793
22101	34	0.0227433526365033
22101	35	0.20631033211766
22101	36	-0.0725939603248804
22101	37	-0.0353123754007143
22101	38	0.0467468730343015
22101	39	-0.00762718546157259
22101	40	-0.155196443698756
22101	41	0.0147821519960232
22101	42	0.101086357791715
22101	43	0.000368021111370354
22101	44	0.11932145712349
22101	45	0.0362675297202557
22101	46	0.116317195596892
22101	47	0.0460612311318798
22101	48	0.0625156405193863
22101	49	0.0838194366946539
22101	50	0.091035216298323
22101	51	0.0679971421250798
22101	52	0.165954938043384
22101	53	0.0306793475217475
22101	54	0.116517030746436
22101	55	0.0771980111465638
22101	56	-0.00209882416211116
22101	57	0.0782015302512775
22101	58	0.205043613863801
22101	59	0.18476930898229
22101	60	0.0231651653804761
22101	61	0.109877830809118
22101	62	0.157164664597062
22101	63	0.139476719428892
22101	64	0.0168122389207142
22101	65	0.0326925125843545
22101	66	0.0591623636146466
22101	67	0.0776030293142895
22101	68	-0.00559818303302251
22101	69	0.0472172902650954
22101	70	-0.126153464220629
22101	71	0.0958441400218604
22101	72	0.182649677584493
22101	73	0.0784815391295552
22101	74	0.204343957515249
22102	1	0.395296669433151
22102	2	-0.112355516230643
22102	3	-0.144581303357484
22102	4	-0.154407141300869
22102	5	-0.115833106319204
22102	6	-0.228086810368183
22102	7	-0.254316623376447
22102	8	-0.21867376000862
22102	9	-0.239922414912002
22102	10	-0.217522374612528
22102	11	-0.234829840427928
22102	12	-0.162095114915331
22102	13	-0.133983213047237
22102	14	-0.120238396256532
22102	15	-0.248998543160262
22102	16	-0.183655269849801
22102	17	-0.104426596278635
22102	18	-0.250717705906474
22102	19	-0.230238963539151
22102	20	-0.188658672363857
22102	21	-0.325264048447387
22102	22	-0.347087372061402
22102	23	-0.232441651218444
22102	24	-0.271798494499755
22102	25	-0.233142374665661
22102	26	-0.162149243523373
22102	27	-0.268596526799286
22102	28	-0.225310362291026
22102	29	-0.181210149502959
22102	30	-0.346637048238357
22102	31	-0.215864937272165
22102	32	-0.2094569728349
22102	33	-0.232449294997949
22102	34	-0.149720749913172
22102	35	-0.122861829934138
22102	36	-0.0771221766090093
22102	37	-0.0732730655845089
22102	38	-0.0828958977829544
22102	39	0.00767885125534207
22102	40	0.0501647730804251
22102	41	-0.0264791305752681
22102	42	-0.187445650909901
22102	43	-0.150213831899492
22102	44	0.0295335545311914
22102	45	-0.086583129265513
22102	46	-0.182820158567957
22102	47	-0.0987381637067983
22102	48	0.0278774280728413
22102	49	-0.102751124467545
22102	50	-0.113669411169099
22102	51	-0.209334013256814
22102	52	-0.0462798303697198
22102	53	-0.0267809449811409
22102	54	-0.175405169379047
22102	55	-0.0983998278744238
22102	56	-0.107505971716051
22102	57	0.0400288759776757
22102	58	-0.0942900713894872
22102	59	-0.191560476958998
22102	60	-0.116530530794002
22102	61	-0.0440699474300885
22102	62	-0.125272819005943
22102	63	0.0528707717645176
22102	64	0.0057578776917353
22102	65	0.00899978668571322
22102	66	-0.199167038106275
22102	67	-0.089720697633112
22102	68	0.0244122570831209
22102	69	-0.0883560738559268
22102	70	-0.179224084091913
22102	71	-0.0492381359707892
22102	72	-0.201218044510028
22102	73	-0.0777557209362172
22102	74	-0.184690265222571
22103	1	0.0661344645864155
22103	2	0.116283476654054
22103	3	0.108757758947203
22103	4	-0.0305045368600112
22103	5	0.0320802632787576
22103	6	-0.0236016981326728
22103	7	0.0232153214047983
22103	8	0.0737384426350829
22103	9	0.031134410587299
22103	10	0.0985817246916696
22103	11	0.0145607356209041
22103	12	0.132601550412112
22103	13	0.0296146027198816
22103	14	-0.0292371785509431
22103	15	0.0334523643094471
22103	16	0.0132868236964896
22103	17	0.0467067902973639
22103	18	0.0689910434599526
22103	19	0.0377042432726924
22103	20	0.0179118137294623
22103	21	0.0150654076582555
22103	22	0.0505090056969166
22103	23	-0.00763821879653648
22103	24	-0.0215178934864895
22103	25	-0.11365138278228
22103	26	0.0870871202791434
22103	27	0.0453660621257015
22103	28	-0.050923400846699
22103	29	-0.112540170563946
22103	30	0.0299459935060042
22103	31	0.00413327419215648
22103	32	-0.0471414849318279
22103	33	0.103443091290508
22103	34	0.00659547363942892
22103	35	-0.112616425214298
22103	36	-0.0705801319304413
22103	37	0.100514857544944
22103	38	0.169634343169143
22103	39	0.121692118253684
22103	40	0.0262585688076769
22103	41	0.0108891749558993
22103	42	-0.193707235145588
22103	43	0.0615947721391379
22103	44	0.0176444705393877
22103	45	-0.0323384214321294
22103	46	0.11194986386888
22103	47	0.258111168065717
22103	48	0.273609551768097
22103	49	0.0658221310367111
22103	50	0.143120301892075
22103	51	-0.0337250332284711
22103	52	0.0132132640275202
22103	53	0.135316380677715
22103	54	0.207789821160333
22103	55	0.188696065649189
22103	56	0.143235981764114
22103	57	0.15216279557098
22103	58	0.143498578074627
22103	59	0.0403502475759723
22103	60	0.104053728044413
22103	61	0.0415067834288436
22103	62	0.0228411663173489
22103	63	0.0668068856175381
22103	64	0.153901521314914
22103	65	0.201438092070731
22103	66	0.0854799034678706
22103	67	0.0123530130612863
22103	68	0.0748181214197956
22103	69	-0.0206190921300333
22103	70	0.157026231964586
22103	71	-0.0694628926493053
22103	72	0.219564372794139
22103	73	0.0634759313490818
22103	74	0.193150505876396
22104	1	-0.464606678797416
22104	2	-0.100544094068891
22104	3	-0.0638074101497672
22104	4	0.0173767289448215
22104	5	-0.023038730883794
22104	6	0.0243002468960398
22104	7	-0.0413422613711845
22104	8	0.0825861962805376
22104	9	0.00340652554015008
22104	10	0.00182659033580279
22104	11	-0.0788207310678146
22104	12	-0.0560579632125453
22104	13	-0.0685408105100933
22104	14	0.00456448996700942
22104	15	-0.0907529626586197
22104	16	0.0561400839238431
22104	17	0.00761419464118518
22104	18	-0.0830603355488648
22104	19	0.0899665503650766
22104	20	-0.0257361195298174
22104	21	-0.0370550990418153
22104	22	-0.0300749755854355
22104	23	-0.127861318080441
22104	24	0.0119233657009943
22104	25	-0.151795688314863
22104	26	-0.0517029678734318
22104	27	-0.0145652828510237
22104	28	0.027427224256698
22104	29	0.100898961617659
22104	30	0.0641021630047405
22104	31	-0.00555051093298431
22104	32	-0.0467692589020032
22104	33	-0.05151519576075
22104	34	0.0016620016568254
22104	35	-0.101346248200137
22104	36	0.0852728839572947
22104	37	0.0837814659883449
22104	38	0.161522857213576
22104	39	0.0403296166113236
22104	40	0.0894467497429048
22104	41	0.0220329078399359
22104	42	-0.0894629589303051
22104	43	0.0577245997106886
22104	44	0.0181239751779216
22104	45	0.0060665509891038
22104	46	0.101069933558165
22104	47	-0.000833235142465583
22104	48	-0.0989575087048848
22104	49	-0.139244524972902
22104	50	0.0654899968381812
22104	51	-0.0753921296150821
22104	52	0.0499444896704517
22104	53	0.0222261227297267
22104	54	0.103158707803217
22104	55	-0.00291012766081167
22104	56	0.148890371593787
22104	57	0.190910721018476
22104	58	-0.0676164289097301
22104	59	0.00795000776302146
22104	60	0.137413219096409
22104	61	0.0812730833793012
22104	62	0.0339793505857244
22104	63	-0.0293835442362536
22104	64	0.0627517386596068
22104	65	0.0380825120689252
22104	66	-0.0528067483544632
22104	67	-0.0957681477982106
22104	68	-0.0778292376170171
22104	69	0.0466061823121606
22104	70	0.00694822212678048
22104	71	-0.0399334026090514
22104	72	0.12506623791694
22104	73	-0.0260336406198789
22104	74	0.150366417354995
22105	1	-0.740255625299511
22105	2	-0.0615326403284158
22105	3	-0.132670061015865
22105	4	-0.192644610030268
22105	5	-0.100700289267319
22105	6	-0.12131602999996
22105	7	-0.0811812843379371
22105	8	-0.0685380895705379
22105	9	-0.0803774492543283
22105	10	-0.125449225036469
22105	11	-0.0530099184085131
22105	12	-0.160990549377779
22105	13	-0.200359137406778
22105	14	-0.15904115847794
22105	15	-0.146967255212324
22105	16	-0.225301847162207
22105	17	-0.0797929602989242
22105	18	-0.111899869191944
22105	19	-0.0409586629106897
22105	20	-0.24021732709695
22105	21	-0.0911326443301377
22105	22	0.0203486121893377
22105	23	-0.121261282515484
22105	24	-0.150788599171769
22105	25	-0.095727303283148
22105	26	-0.0873289111427624
22105	27	-0.034646375515976
22105	28	-0.16963912262932
22105	29	-0.130555964357072
22105	30	-0.0133029173127923
22105	31	-0.0965147316728263
22105	32	-0.176990582374422
22105	33	-0.093830656942508
22105	34	-0.0479499755268904
22105	35	-0.202374098298399
22105	36	-0.0839812222386485
22105	37	0.128617219633497
22105	38	0.0325389670201872
22105	39	0.100811757079867
22105	40	0.0423632988863147
22105	41	0.140098627736258
22105	42	-0.0444946175932373
22105	43	0.0845991187780584
22105	44	0.0170027447736771
22105	45	0.0553146456910909
22105	46	0.132920951463369
22105	47	0.0941585370823219
22105	48	0.00748369357134493
22105	49	0.172105765780017
22105	50	0.176680420995382
22105	51	0.0288275883735878
22105	52	-0.0362171917555614
22105	53	0.14719240858998
22105	54	0.0645448899602599
22105	55	0.107620365554737
22105	56	0.070705651233304
22105	57	0.105168630080527
22105	58	0.12429061540243
22105	59	0.0859925864761664
22105	60	-0.0382475459840208
22105	61	0.111898589485087
22105	62	0.0722411887464176
22105	63	-0.0426316740284918
22105	64	0.224490020532066
22105	65	0.114407528660081
22105	66	0.0295734847055229
22105	67	-0.0932709451576699
22105	68	0.0814188460008154
22105	69	0.0448013465805062
22105	70	0.0805297601584272
22105	71	0.0383814937815572
22105	72	0.131400829333131
22105	73	0.0416769271158941
22105	74	-0.0262484844006536
22106	1	0.323960326952253
22106	2	-0.0994715597920219
22106	3	0.0364137309382464
22106	4	-0.0318935054647298
22106	5	-0.0367052501230667
22106	6	-0.127435710644868
22106	7	-0.110946418823637
22106	8	-0.0423695755018585
22106	9	0.0942291703875568
22106	10	0.0311277844976772
22106	11	-0.0269189177108942
22106	12	-0.0233733104040539
22106	13	0.0684339794058744
22106	14	0.0882885058891674
22106	15	0.0035637113794138
22106	16	-0.0350142725555926
22106	17	0.0713581132612617
22106	18	-0.0825959392640314
22106	19	-0.0114376955438189
22106	20	-0.0738232491184974
22106	21	-0.00261237458360597
22106	22	-0.0206985934536306
22106	23	0.000488969402972828
22106	24	0.0192873639318663
22106	25	-0.145537395524059
22106	26	-0.0425145556664432
22106	27	-0.0449168971809613
22106	28	-0.0194104581847014
22106	29	-0.0611311135703119
22106	30	-0.000404692368988435
22106	31	0.0129147699162004
22106	32	0.103208626989193
22106	33	-0.028339609736868
22106	34	0.00999902067496095
22106	35	0.0311504346835392
22106	36	-0.189669836623757
22106	37	0.0709047114310906
22106	38	-0.0899216016395172
22106	39	0.0850841774902449
22106	40	0.124710974792407
22106	41	0.0796960766263055
22106	42	0.135979353520263
22106	43	0.0546989843333989
22106	44	0.0640053294495289
22106	45	0.13519671147715
22106	46	0.041655414543122
22106	47	0.0734060304253177
22106	48	-0.0907244749614549
22106	49	-0.0266089513804673
22106	50	-0.0845670295498095
22106	51	0.0983457990946803
22106	52	0.0390661322720689
22106	53	-0.0148120329982291
22106	54	0.0536644545408151
22106	55	0.0639512847976249
22106	56	0.105818917715986
22106	57	0.0664113529224934
22106	58	0.0211275211664486
22106	59	0.192854766643777
22106	60	0.13690891801626
22106	61	-0.00689254337639511
22106	62	0.119463329440087
22106	63	-0.0429572741657864
22106	64	0.122311457953757
22106	65	0.00114432939646747
22106	66	0.0410786368936868
22106	67	0.0380561753050515
22106	68	-0.00844900077947841
22106	69	-0.000437106366540263
22106	70	0.0983325616924802
22106	71	-0.0919705548304748
22106	72	0.0487073588943758
22106	73	0.0134511233828363
22106	74	0.118994893278867
22107	1	0.0735547811412154
22107	2	-0.016200045195724
22107	3	-0.105218954043153
22107	4	-0.136775696082434
22107	5	-0.118653992707614
22107	6	-0.139668558738357
22107	7	-0.0335016925949887
22107	8	-0.193892327403908
22107	9	-0.0893266731589009
22107	10	-0.129138222272594
22107	11	-0.185030392534657
22107	12	-0.00384845815455748
22107	13	-0.152600218272575
22107	14	-0.129339889020841
22107	15	-0.015347794726118
22107	16	-0.0583258948505545
22107	17	-0.196849553006935
22107	18	-0.0764060589168096
22107	19	-0.0452264765602521
22107	20	0.0236770022528745
22107	21	-0.0262105602409193
22107	22	-0.114312643437437
22107	23	-0.0729399595315456
22107	24	-0.00027882494299547
22107	25	-0.15555985136649
22107	26	-0.115421749356464
22107	27	-0.0786900373121213
22107	28	-0.175804228643543
22107	29	-0.122648391162514
22107	30	-0.168846971916302
22107	31	-0.138690096633532
22107	32	-0.146901976413815
22107	33	-0.125956609144744
22107	34	-0.147693501864673
22107	35	0.0110904407164512
22107	36	-0.0468998501496714
22107	37	-0.00948073731044019
22107	38	-0.033930513923508
22107	39	0.035329629297479
22107	40	-0.077045320588546
22107	41	0.0292276001909428
22107	42	-0.0823633381269815
22107	43	0.0800462648149676
22107	44	0.00924530751686348
22107	45	-0.0587301563414186
22107	46	-0.0512833560326982
22107	47	-0.021344093260744
22107	48	-0.113639158502927
22107	49	0.00183630217340891
22107	50	0.0438439881096144
22107	51	0.0502052551604777
22107	52	0.0265136482395079
22107	53	-0.0590499186565694
22107	54	0.0814189529887841
22107	55	-0.173622880531852
22107	56	-0.0182858532163763
22107	57	0.0622526023580221
22107	58	0.0507213748670026
22107	59	-0.0175258441138695
22107	60	-0.0291101605234374
22107	61	0.124702583848631
22107	62	-0.0467426187738482
22107	63	0.131473864195577
22107	64	-0.0733905075215944
22107	65	-0.129345414948986
22107	66	-0.14626977068778
22107	67	-0.000799983607798538
22107	68	-0.0874801478478773
22107	69	-0.010429548958399
22107	70	-0.0733629889564114
22107	71	-0.0905929217803418
22107	72	-0.0132024569019507
22107	73	-0.0397255113986574
22107	74	-0.0210960765645112
22108	1	-0.385921520523581
22108	2	-0.0938959324118862
22108	3	-0.129688212231365
22108	4	-0.208887939602022
22108	5	-0.101410845279791
22108	6	-0.154981848717327
22108	7	-0.168079511295076
22108	8	-0.0170156061629285
22108	9	-0.0469191549712917
22108	10	-0.222504673270123
22108	11	-0.196599612955502
22108	12	-0.063950402484906
22108	13	-0.146510850200613
22108	14	-0.138832868976571
22108	15	-0.185221563496086
22108	16	-0.175464423907997
22108	17	-0.188782498007171
22108	18	-0.02725954633366
22108	19	-0.0606906981802808
22108	20	0.0200250078876536
22108	21	-0.0798899841920431
22108	22	-0.167896132756439
22108	23	-0.185938137324889
22108	24	-0.104025789080538
22108	25	-0.103310073973432
22108	26	-0.0720868630583027
22108	27	-0.0676685815867799
22108	28	-0.218858754249538
22108	29	-0.156854187488875
22108	30	-0.194428713460681
22108	31	-0.151327003348129
22108	32	-0.161731320281582
22108	33	-0.0851748797300331
22108	34	-0.215926181941974
22108	35	-0.118908153344975
22108	36	0.00233282112957056
22108	37	0.0200632829757197
22108	38	-0.143415270615762
22108	39	-0.047247275685713
22108	40	-0.155886410396128
22108	41	0.0371666556451444
22108	42	0.0406807624777059
22108	43	0.0554227578788868
22108	44	0.0925404895530519
22108	45	0.0605165993640639
22108	46	0.199546417641905
22108	47	0.129895184702676
22108	48	-0.033929069741113
22108	49	-0.0595505867996877
22108	50	0.0468754394169295
22108	51	-0.112735252607614
22108	52	0.0750168691565207
22108	53	0.0848418492201404
22108	54	-0.00136390436107803
22108	55	-0.0995784460797964
22108	56	0.0889803435140024
22108	57	0.0873893714482961
22108	58	-0.0628806059995171
22108	59	-0.0198365862129251
22108	60	-0.00294392996541859
22108	61	0.0509127349473104
22108	62	-0.204140526495777
22108	63	-0.107338993539727
22108	64	-0.0247731501002235
22108	65	0.113877220760102
22108	66	-0.0569860796614563
22108	67	0.0952124660072755
22108	68	0.137756853922802
22108	69	-0.205286111095454
22108	70	-0.0536330275670593
22108	71	0.0697109627255514
22108	72	0.0596749738339568
22108	73	0.0737497680116235
22108	74	0.311025340235076
22109	1	-0.022293106194887
22109	2	0.106021475628772
22109	3	0.179752196928931
22109	4	0.078398018552285
22109	5	0.0620719215643213
22109	6	0.0646769238826224
22109	7	0.0518762151032277
22109	8	0.0206236919805676
22109	9	0.0492441588390804
22109	10	-0.00551201762200293
22109	11	0.0933403360880902
22109	12	0.0917175212502457
22109	13	0.0246537772665363
22109	14	0.130744591637303
22109	15	0.121760892786092
22109	16	-0.0310536629706277
22109	17	0.0660316161906991
22109	18	-0.00307141990463577
22109	19	-0.053083749676972
22109	20	0.0846535529083567
22109	21	0.0894642221369537
22109	22	0.0189159658203693
22109	23	0.106209698240313
22109	24	0.155121775669272
22109	25	0.0243500136306309
22109	26	0.0225383270851012
22109	27	0.116005561471113
22109	28	0.046662403708595
22109	29	0.0616354979475844
22109	30	-0.0248689030045099
22109	31	0.0919440424439202
22109	32	-0.0695399656252391
22109	33	0.0829781727367447
22109	34	-0.000392426352199493
22109	35	-0.11411714603296
22109	36	0.0305084892498897
22109	37	0.0979957441185135
22109	38	-0.0295972006168839
22109	39	0.0117905192376924
22109	40	0.0383395204995409
22109	41	0.0210437103247827
22109	42	0.0723549769471248
22109	43	0.0838905539204831
22109	44	0.0446510788407579
22109	45	0.0501299841342728
22109	46	0.0319390711138894
22109	47	-0.0256650299903853
22109	48	0.0228401911333123
22109	49	-0.176376539826173
22109	50	0.109499798134934
22109	51	-0.0234286691287409
22109	52	-0.00583996328448677
22109	53	-0.0355596223201573
22109	54	0.148290652813522
22109	55	-0.0667543163985584
22109	56	0.1162266307552
22109	57	0.104001254290672
22109	58	-0.0737373776931847
22109	59	-0.0236005358402807
22109	60	0.0478672815808778
22109	61	0.0814471995752797
22109	62	0.0821155564007512
22109	63	0.00589120275063948
22109	64	0.0274433167179637
22109	65	0.105986985970311
22109	66	-0.0703533896524959
22109	67	0.152579069537119
22109	68	0.0590975398157028
22109	69	-0.0424112675630752
22109	70	0.0395385112002486
22109	71	-0.00174637370988506
22109	72	0.0945630988990516
22109	73	0.0832380792420579
22109	74	0.0373777135602325
22110	1	-0.311786649183741
22110	2	0.0967772143171644
22110	3	0.00634671557374844
22110	4	0.0345661218644615
22110	5	-0.0789222055551271
22110	6	-0.0845131869443136
22110	7	0.0671346534221939
22110	8	-0.0115942676670571
22110	9	0.00241267262140354
22110	10	-0.0837681509932224
22110	11	-0.0135539836365766
22110	12	-0.0501385931762002
22110	13	-0.0471729727571457
22110	14	0.0134519579976953
22110	15	-0.0102834064150699
22110	16	0.126359269996442
22110	17	0.084837463811553
22110	18	0.144196585526203
22110	19	0.0710811014486623
22110	20	-0.00666895032804149
22110	21	-0.159095974888722
22110	22	-0.0197124323988191
22110	23	-0.0213754743150218
22110	24	-0.0612291447310938
22110	25	-0.0729156237032029
22110	26	0.0575916882041057
22110	27	0.0153669646475194
22110	28	0.0428947613859663
22110	29	0.0495068944933266
22110	30	0.0321059320180623
22110	31	9.74004054654642e-05
22110	32	0.0839403475950533
22110	33	0.0788332136258916
22110	34	0.0138619388399377
22110	35	-0.0300378621454911
22110	36	0.0844219851954762
22110	37	0.0463544336854795
22110	38	-0.0333016761998408
22110	39	0.14061053833489
22110	40	0.120648456545716
22110	41	0.0110588164559076
22110	42	-0.0114430504019225
22110	43	0.0739229592279287
22110	44	0.0796952598473553
22110	45	0.178561248513368
22110	46	0.132672172979625
22110	47	0.253673216124724
22110	48	0.0883511549578699
22110	49	0.138952102381964
22110	50	0.100519981601174
22110	51	0.276242812624865
22110	52	0.108725527032405
22110	53	0.194575179212563
22110	54	0.111594892062044
22110	55	0.138181551141933
22110	56	0.11581260997913
22110	57	0.0710180538486895
22110	58	0.0645305558179459
22110	59	0.00401403605405193
22110	60	0.141666509623711
22110	61	0.145433817017931
22110	62	0.0745610680372479
22110	63	0.120080656911334
22110	64	0.0131180460509626
22110	65	0.243479912900789
22110	66	0.172168054043283
22110	67	0.0796004965951411
22110	68	0.227822620232523
22110	69	0.117210912714071
22110	70	0.182168889175244
22110	71	0.210684229240094
22110	72	0.279468201105601
22110	73	0.149274844611625
22110	74	0.0144312995558948
22111	1	0.135200147246699
22111	2	-0.0463265755669688
22111	3	-0.099042892757339
22111	4	0.0473940316427104
22111	5	-0.0883970479735083
22111	6	0.0128730452039179
22111	7	-0.0133350005586905
22111	8	-0.130601411014815
22111	9	0.000684426281580386
22111	10	-0.106383556742777
22111	11	-0.135830186038476
22111	12	-0.110509260011938
22111	13	-0.0425074737530906
22111	14	-0.201859348252206
22111	15	-0.158536535592368
22111	16	-0.1158183151082
22111	17	-0.130282974511033
22111	18	-0.0123712525015591
22111	19	-0.111027903290669
22111	20	-0.0336748467600714
22111	21	-0.0667948870075747
22111	22	-0.0727259001454428
22111	23	-0.0857039098056234
22111	24	-0.165851979139632
22111	25	0.0798843889772982
22111	26	-0.0299723086891746
22111	27	0.114145542001204
22111	28	0.0861195443645073
22111	29	-0.052702550364998
22111	30	0.0331116540932257
22111	31	0.00569201013669129
22111	32	-0.0901780935489356
22111	33	-0.142575299215757
22111	34	-0.0686122906876605
22111	35	-0.071988519153841
22111	36	0.0941324650210689
22111	37	0.17132318583473
22111	38	0.0526847214957584
22111	39	0.049515348698705
22111	40	-0.0916444650970973
22111	41	0.0857403903893896
22111	42	0.030262757586847
22111	43	-0.00128850686974857
22111	44	-0.042136420867628
22111	45	0.229909185944152
22111	46	0.232697121105105
22111	47	-0.0457812222237308
22111	48	-0.016802446364494
22111	49	-0.103456303927388
22111	50	0.195998765803182
22111	51	0.131412033296137
22111	52	-0.0342584639873493
22111	53	0.0486973184635389
22111	54	0.0119588899423206
22111	55	0.0991182667783335
22111	56	0.0787593566411147
22111	57	0.0339678761045406
22111	58	0.0787170059110522
22111	59	-0.0601010820537979
22111	60	-0.161936226115643
22111	61	-0.0179234210558619
22111	62	0.0980685307238147
22111	63	-0.0227077647180067
22111	64	0.0203862935874142
22111	65	0.0899092469662506
22111	66	0.106813153417903
22111	67	-0.115486494475142
22111	68	0.075717558216752
22111	69	0.1348074161358
22111	70	0.0721213926799464
22111	71	-0.0404406440849812
22111	72	-0.00785149636080007
22111	73	0.0196505273240888
22111	74	0.0997017203570181
22112	1	-0.100696141805848
22112	2	-0.0714445958303962
22112	3	-0.161784350472175
22112	4	-0.197825577022936
22112	5	-0.111439499539713
22112	6	-0.220850281554902
22112	7	-0.140010458232503
22112	8	-0.198488320640571
22112	9	-0.10491524236847
22112	10	-0.265281341766261
22112	11	-0.117429677368662
22112	12	-0.132875514189379
22112	13	-0.19847035038412
22112	14	-0.286601304844567
22112	15	-0.185585886753849
22112	16	-0.179725187774672
22112	17	-0.128771521169647
22112	18	-0.0508355036923476
22112	19	-0.0892183540867251
22112	20	-0.146081480904861
22112	21	-0.334372810155294
22112	22	-0.130123016580413
22112	23	-0.178613960335163
22112	24	-0.192496405837382
22112	25	-0.202356166589652
22112	26	-0.175117615039014
22112	27	-0.233042383310078
22112	28	-0.227953367181335
22112	29	-0.175961292465828
22112	30	-0.197812003750897
22112	31	-0.0948373690519091
22112	32	-0.301626737283556
22112	33	-0.155705438100881
22112	34	-0.241569555938995
22112	35	-0.245995015147933
22112	36	-0.0066807843126071
22112	37	-0.0602397473273086
22112	38	-0.0683843491562683
22112	39	-0.0826059646158299
22112	40	-0.123952273104848
22112	41	-0.00928510687804618
22112	42	-0.0315904187220468
22112	43	-0.129850897037628
22112	44	-0.115638236482816
22112	45	0.00144888136777865
22112	46	-0.0273475217520343
22112	47	-0.100058584616356
22112	48	0.0414851504114111
22112	49	-0.0832704550334284
22112	50	-0.0404064094306662
22112	51	0.0406364278905897
22112	52	0.0469127658766695
22112	53	-0.0195213215732437
22112	54	0.111565536583527
22112	55	0.0390254625280804
22112	56	0.00786875883633797
22112	57	-0.00127007033936621
22112	58	-0.0507607296503281
22112	59	-0.000305327405285993
22112	60	-0.0223303207100969
22112	61	-0.00283090897163163
22112	62	-0.159888336724656
22112	63	0.00330078153064761
22112	64	-0.204529261249199
22112	65	-0.0924909000053802
22112	66	-0.0244270028670073
22112	67	-0.0625255810762937
22112	68	0.106513836662749
22112	69	-0.15138832999348
22112	70	-0.0185153114399057
22112	71	0.069155237557645
22112	72	0.076459446133839
22112	73	-0.0408562108257016
22112	74	0.0639891133085015
22201	1	0.015791503888483
22201	2	0.254188281510839
22201	3	0.0690578186998714
22201	4	0.130541687800502
22201	5	0.0981139664415203
22201	6	0.0552640318842847
22201	7	0.143221609943936
22201	8	0.165088568600758
22201	9	0.156119703403533
22201	10	0.0763168891313413
22201	11	0.324935655841202
22201	12	0.0515232824975342
22201	13	0.128318104018518
22201	14	0.161700251206469
22201	15	0.0472115031549407
22201	16	0.101497011043271
22201	17	0.199773384281066
22201	18	0.0572550356399901
22201	19	0.176893174750859
22201	20	0.22170869968992
22201	21	0.163319883297888
22201	22	0.144151503401872
22201	23	0.151489539459085
22201	24	0.152263489117267
22201	25	0.153099467924534
22201	26	0.129717092444132
22201	27	0.137498357628715
22201	28	0.23335769107814
22201	29	0.155133316819352
22201	30	0.174811645277138
22201	31	0.108867911843959
22201	32	0.172438970184587
22201	33	0.0773629776694875
22201	34	0.268796661561218
22201	35	0.209856137135858
22201	36	-0.0593894636262178
22201	37	0.0456531216391198
22201	38	-0.0477052571526571
22201	39	-0.0745326935938522
22201	40	0.0313851581664082
22201	41	0.00821297094673668
22201	42	0.0597252679843336
22201	43	0.0464104755508714
22201	44	0.0171023867478652
22201	45	-0.120347301847616
22201	46	-0.0544171988581326
22201	47	-0.130203802253561
22201	48	-0.0486333779359569
22201	49	-0.0594090914631664
22201	50	0.0681713848507997
22201	51	0.0673576649641063
22201	52	-0.0666180300815498
22201	53	0.0857370660565664
22201	54	-0.0269686243694167
22201	55	0.106881747830933
22201	56	0.00651423854930755
22201	57	0.0561094147165377
22201	58	-0.102190317960293
22201	59	0.041728318687781
22201	60	0.00154715425116336
22201	61	0.0324577223116691
22201	62	0.0711693831357181
22201	63	-0.02633197311782
22201	64	0.00581309245288253
22201	65	0.0434650109925983
22201	66	-0.0735651064622189
22201	67	0.0842580628321343
22201	68	0.0910144868705842
22201	69	-0.0233475718772027
22201	70	-0.00592627102007981
22201	71	-0.0241388461511463
22201	72	0.0376535008004311
22201	73	0.189311172360462
22201	74	0.298742462528878
22202	1	0.153792928872658
22202	2	0.179703318709372
22202	3	0.0810518939725178
22202	4	0.167700265693021
22202	5	0.0548767398500409
22202	6	0.16088616952036
22202	7	0.145615054125962
22202	8	0.224484261606406
22202	9	0.225256063175493
22202	10	0.191100949272538
22202	11	0.0847312430537599
22202	12	0.204838898938114
22202	13	0.149617936381794
22202	14	0.175829313796648
22202	15	0.188528721425492
22202	16	0.0846920749756492
22202	17	0.0447079113803284
22202	18	0.131996228358815
22202	19	0.0909407441756045
22202	20	0.0869959516358492
22202	21	0.301050537709884
22202	22	0.188302171309168
22202	23	0.1603770234791
22202	24	0.195066723011301
22202	25	0.128006882597418
22202	26	0.196057585587162
22202	27	0.16737193645983
22202	28	0.151741126573768
22202	29	0.277592746754941
22202	30	0.115503196200407
22202	31	0.0804277009861281
22202	32	0.190536452568452
22202	33	0.185532611830538
22202	34	0.142835029764399
22202	35	0.238620303303321
22202	36	-0.000472559113035231
22202	37	0.121706002639122
22202	38	0.0331535938039167
22202	39	0.0365124038272882
22202	40	0.0767306262428846
22202	41	0.0350270008780385
22202	42	0.112980552024446
22202	43	0.0824104497215856
22202	44	0.0515975358191838
22202	45	-0.0925516244328222
22202	46	-0.0845449112360868
22202	47	0.0863305207002583
22202	48	0.157345375860075
22202	49	-0.0428837638197308
22202	50	0.0952862721799477
22202	51	0.0150680804490193
22202	52	0.053313631945592
22202	53	0.0069135611852289
22202	54	0.0931242603664373
22202	55	-0.000659989404312
22202	56	0.0321217339249245
22202	57	0.104469767657001
22202	58	0.032952262531623
22202	59	0.108022247646154
22202	60	0.0431038467053781
22202	61	-0.0380236079399552
22202	62	0.0765418159084064
22202	63	0.172037271669844
22202	64	0.112842019189841
22202	65	0.00518152574303343
22202	66	-0.0933129434195905
22202	67	0.0480937832291986
22202	68	-0.00231372384875783
22202	69	0.103195806393146
22202	70	0.0517083638155214
22202	71	-0.0349687001926853
22202	72	0.165414725601742
22202	73	0.0405041777718722
22202	74	0.14552241315284
22203	1	0.348866479595941
22203	2	0.0102010477884207
22203	3	0.0708686456775105
22203	4	-0.0713413197295267
22203	5	-0.0841479784666213
22203	6	0.0719257970775828
22203	7	-0.0856599229353066
22203	8	-0.0418290587634544
22203	9	-0.0387495061720671
22203	10	-0.0393265357832604
22203	11	-0.0637714810372216
22203	12	0.133292879228151
22203	13	-0.00772053572529785
22203	14	-0.132676057789432
22203	15	-0.147899316615167
22203	16	-0.0647355376509822
22203	17	-0.0796425582564808
22203	18	0.0236420202027148
22203	19	-0.005822266047673
22203	20	0.00150948241751792
22203	21	-0.159524603912423
22203	22	0.0138840197411412
22203	23	-0.0683283887801878
22203	24	-0.0245495343166837
22203	25	-0.0456860101059036
22203	26	-0.15428207842649
22203	27	0.00465707435108698
22203	28	0.0237714350549822
22203	29	-0.0932907586566785
22203	30	0.0190847339787226
22203	31	-0.0256176886093229
22203	32	-0.0465607451967642
22203	33	-0.103107605861879
22203	34	-0.0908954189379827
22203	35	-0.0631956061139149
22203	36	0.0352122876876493
22203	37	0.0663475138624179
22203	38	0.0263572021522336
22203	39	-0.0381623050385897
22203	40	-0.0481770378351314
22203	41	0.0563100775461223
22203	42	-0.0636190949996447
22203	43	0.105888077367162
22203	44	0.208882238509581
22203	45	0.138793347811585
22203	46	0.0919133965010417
22203	47	0.0383303199295213
22203	48	-0.105656563039155
22203	49	0.169313802855527
22203	50	0.0647372676428901
22203	51	0.0929744333121363
22203	52	0.104207464299577
22203	53	0.175443246483738
22203	54	0.108810014824471
22203	55	0.0651436196895077
22203	56	0.0113628422069993
22203	57	-0.0561994561276435
22203	58	0.00443208811362439
22203	59	0.138486749954041
22203	60	-0.0278073650787931
22203	61	0.0320151974321021
22203	62	0.110960468561792
22203	63	-0.015656547239594
22203	64	0.0462836723165339
22203	65	0.137196649126231
22203	66	0.00980381181707202
22203	67	0.087073984120245
22203	68	0.095581236103051
22203	69	0.12215915117644
22203	70	0.141004791443535
22203	71	0.0522994539774686
22203	72	0.109216603684942
22203	73	0.0862347766300786
22203	74	0.318226401444093
22204	1	0.226345600480901
22204	2	-0.111372000549089
22204	3	-0.00352663722353697
22204	4	-3.43546213699142e-06
22204	5	-0.0954685376522377
22204	6	-0.0985272325530886
22204	7	-0.0873788792851329
22204	8	-0.0464012063030026
22204	9	-0.149198363965567
22204	10	0.0116696564188601
22204	11	0.0698661484026601
22204	12	-0.0559245160042607
22204	13	-0.154913181600094
22204	14	-0.121084063465254
22204	15	-0.0019198250478567
22204	16	-0.0668395253427292
22204	17	-0.218426693583439
22204	18	-0.123067808592531
22204	19	0.00769634645774175
22204	20	0.0187098076613808
22204	21	-0.0933564762170036
22204	22	0.0237789797898174
22204	23	0.0304604498281762
22204	24	-0.111915643586933
22204	25	-0.0419205949018178
22204	26	-0.0713063627704074
22204	27	-0.164076866068697
22204	28	-0.161528684785686
22204	29	-0.0442008568941432
22204	30	-0.10089730320643
22204	31	-0.120608693915798
22204	32	-0.0243127626919062
22204	33	0.0323163404835114
22204	34	0.0230402444239886
22204	35	0.00954037505169936
22204	36	0.0737682544393081
22204	37	0.119259359424298
22204	38	0.143758188109423
22204	39	-0.0116968324322642
22204	40	0.101622353550347
22204	41	0.0983006597574558
22204	42	0.0389418775213528
22204	43	0.138014105167123
22204	44	0.061763026378479
22204	45	0.0504873581195824
22204	46	0.0781400570392137
22204	47	0.178417954109761
22204	48	0.179356314692768
22204	49	-0.0755553458522797
22204	50	0.227014543916432
22204	51	0.0048786770010949
22204	52	0.0972514007152085
22204	53	0.020052451425812
22204	54	0.113159995384493
22204	55	0.124495063801255
22204	56	0.031377423688518
22204	57	-0.0132602835808271
22204	58	0.045656546758309
22204	59	0.208630991374768
22204	60	0.0322207646912887
22204	61	-0.0576428322666658
22204	62	0.151056794532977
22204	63	0.114997119192672
22204	64	0.124326670942445
22204	65	0.0753391543618989
22204	66	0.0156411971426635
22204	67	0.0637308795889524
22204	68	0.0569759673424812
22204	69	0.0587429963358161
22204	70	0.0854214716171455
22204	71	0.200496085949602
22204	72	0.179569071439261
22204	73	0.0353650794674394
22204	74	0.0785447431061357
22205	1	-0.142401887308232
22205	2	0.130124241792476
22205	3	-0.00882268224235361
22205	4	0.0113925620530573
22205	5	0.0275098177479514
22205	6	0.0189991684992989
22205	7	-0.0307375072830425
22205	8	0.01732916800119
22205	9	-0.0816652636841937
22205	10	0.0170363478523754
22205	11	-0.0605617496228916
22205	12	0.00339411150643087
22205	13	-0.0846492319782968
22205	14	0.0450251461475304
22205	15	0.0182606887221013
22205	16	-0.0273213826126124
22205	17	0.00260401324612047
22205	18	0.0250338735229647
22205	19	0.0258938884497226
22205	20	-0.0965461637877212
22205	21	-0.0686667723229206
22205	22	0.0795360535665992
22205	23	0.1358575923025
22205	24	-0.0207817686310818
22205	25	0.0825218465408355
22205	26	0.0752605868879286
22205	27	0.104247961273899
22205	28	0.0227780668190789
22205	29	0.0271617662803223
22205	30	0.0647514866692092
22205	31	0.131550284878102
22205	32	0.024869322351762
22205	33	0.108711911684139
22205	34	-0.0491774439766033
22205	35	-0.0197730148799664
22205	36	-0.00858018827481999
22205	37	-0.0696310743910473
22205	38	-0.00171594982161594
22205	39	0.0196806240008058
22205	40	0.108690392111711
22205	41	0.0826930401801462
22205	42	-0.202553302308083
22205	43	0.16297239215266
22205	44	-0.0642450381376491
22205	45	-0.0544324601970629
22205	46	0.0488019035353204
22205	47	-0.0186876261646205
22205	48	-0.0218003716934447
22205	49	0.0068021690719462
22205	50	0.0647937348328398
22205	51	0.074381705669218
22205	52	-0.18471181704075
22205	53	-0.0894784468120307
22205	54	0.0319277324469809
22205	55	-0.0454303316890758
22205	56	-0.0807083306864342
22205	57	0.0580888890181512
22205	58	0.0823900606038492
22205	59	-0.0542741500197934
22205	60	0.00670519571343675
22205	61	0.0126912859511492
22205	62	-0.073099961109925
22205	63	0.0612748698226468
22205	64	-0.0290141020610974
22205	65	0.0122055430230574
22205	66	0.0728951732363825
22205	67	0.0610399769542767
22205	68	0.0692301598564811
22205	69	0.0998534370147794
22205	70	-0.0125348837487138
22205	71	-0.0596301292985615
22205	72	-0.0254320107665578
22205	73	0.0879276217257186
22205	74	-0.145140637761152
22206	1	0.392174916289029
22206	2	-0.00720510069273317
22206	3	-0.0540966860734464
22206	4	-0.132732607625417
22206	5	-0.0562397692402428
22206	6	0.0396488509794537
22206	7	0.0182615128999473
22206	8	-0.0984630029029603
22206	9	0.0240145368875133
22206	10	-0.131086672349284
22206	11	0.0801764639149738
22206	12	-0.0306707389975642
22206	13	0.00343834052894465
22206	14	0.020112559415054
22206	15	-0.0114214387205038
22206	16	-0.0983438520108351
22206	17	-0.0318100494362312
22206	18	0.0628983029494279
22206	19	-0.148705976378061
22206	20	-0.0786171722523221
22206	21	-0.102484853136822
22206	22	-0.0717331180912169
22206	23	-0.168505653718711
22206	24	-0.112263429350897
22206	25	-0.0192381672772299
22206	26	-0.070243017790915
22206	27	-0.04999567341671
22206	28	0.00407556966023748
22206	29	-0.130223999971342
22206	30	-0.0234932507693983
22206	31	-0.00332627322027435
22206	32	-0.104425546550381
22206	33	-0.136111241459346
22206	34	-0.181269900526722
22206	35	0.00875579168838669
22206	36	0.0158711588825682
22206	37	0.0126303145479909
22206	38	-0.109730064024795
22206	39	-0.0667272285426321
22206	40	0.000978517869320683
22206	41	-0.0334689260506451
22206	42	0.00417292040703643
22206	43	-0.0152417216206686
22206	44	-0.026908865629288
22206	45	-0.0418181731932208
22206	46	-0.0451178173001097
22206	47	-0.0579181336661989
22206	48	-0.0228132822364415
22206	49	-0.119199466371938
22206	50	-0.096213201756008
22206	51	0.00622539508866993
22206	52	0.0926467488553655
22206	53	-0.0653549101720259
22206	54	-0.133840623044691
22206	55	-0.0554196057460672
22206	56	0.0298412229101075
22206	57	0.119073742094201
22206	58	0.0730295886651291
22206	59	-0.0958677448368377
22206	60	-0.0796728373156412
22206	61	-0.137487939430763
22206	62	-0.0311778666964315
22206	63	-0.0441514375359091
22206	64	0.0133492806727133
22206	65	0.0497670055990298
22206	66	-0.133160540903383
22206	67	0.0310866481742309
22206	68	-0.0434939123239886
22206	69	0.0780922106955018
22206	70	-0.000747955335825168
22206	71	0.0399913976444637
22206	72	0.0699759370595032
22206	73	0.115586590735255
22206	74	0.0961906072606524
22207	1	0.174259137105324
22207	2	0.0151868581322709
22207	3	-0.00594665352362611
22207	4	-0.0818832574630903
22207	5	0.0481498215590079
22207	6	-0.0100480880733755
22207	7	0.0468458380020706
22207	8	-0.0841905914563839
22207	9	0.0348571032038194
22207	10	0.0305021170291511
22207	11	0.00409099588227235
22207	12	0.00469111177046244
22207	13	-0.0435087180839062
22207	14	0.0138901714591171
22207	15	-0.15233266514295
22207	16	0.0198567644343015
22207	17	0.0369032530116442
22207	18	-0.0497219681094592
22207	19	0.0542590067571282
22207	20	-0.0559313169926341
22207	21	0.00201271036693385
22207	22	-0.00815773628919914
22207	23	-0.0097989455062546
22207	24	-0.0444460370023165
22207	25	-0.0113630068982644
22207	26	-0.106741478784855
22207	27	-0.0189732719773517
22207	28	-0.0925984496842531
22207	29	-0.079932420999576
22207	30	-0.0114471838200032
22207	31	-0.233312347374877
22207	32	0.0303280755388329
22207	33	-0.111603544322257
22207	34	0.0856686466768366
22207	35	-0.00364368835720086
22207	36	0.00658519892209597
22207	37	0.0891962181670536
22207	38	-0.0153407295850201
22207	39	-0.0222251566854936
22207	40	-0.0726996154392623
22207	41	-0.0890028864915493
22207	42	0.00420376623793572
22207	43	-0.0711946940122843
22207	44	-0.157918479701543
22207	45	-0.0135958757520598
22207	46	0.0550125755715669
22207	47	-0.0682634085289138
22207	48	0.000922179982396187
22207	49	-0.00143108234239975
22207	50	-0.115040293981316
22207	51	0.0804887785890003
22207	52	-0.0849119708720281
22207	53	-0.13980815129193
22207	54	0.148338361836991
22207	55	-0.112735033327716
22207	56	0.00870602265437981
22207	57	0.0496670793699749
22207	58	0.0144655635467501
22207	59	-0.00204591897832529
22207	60	-0.0697960628266543
22207	61	-0.00808234972105026
22207	62	-0.0840312537177752
22207	63	-0.0507856113168188
22207	64	0.00707377838136125
22207	65	-0.0688546255998261
22207	66	-0.0436036527677643
22207	67	-0.0641921958235017
22207	68	0.0643690056000281
22207	69	0.0596432283822779
22207	70	-0.0272246192292371
22207	71	-0.0089822136782729
22207	72	-0.0561594970960755
22207	73	-0.0468993907604798
22207	74	0.0348481444809323
22208	1	0.677932224505064
22208	2	-0.0542653459188145
22208	3	0.0683017323540405
22208	4	0.103160640804369
22208	5	0.0696055684602541
22208	6	0.071355400049832
22208	7	0.252827762215674
22208	8	-0.0493781405281339
22208	9	0.139332322868974
22208	10	-0.038293562223231
22208	11	-0.0823734939229723
22208	12	0.0938758092798935
22208	13	-0.0201510605564437
22208	14	0.0617336712428411
22208	15	0.0632801103727445
22208	16	0.134174145009609
22208	17	0.0213251908722185
22208	18	0.0299307044480486
22208	19	0.0710551409086833
22208	20	0.204374061395583
22208	21	0.144296954814656
22208	22	0.162798440928789
22208	23	0.0933889243786794
22208	24	0.0873155600712252
22208	25	0.0697996230347968
22208	26	0.147084441827289
22208	27	0.144507858894066
22208	28	0.00392422848003804
22208	29	0.210065309470671
22208	30	0.103596744244349
22208	31	0.0775181266985996
22208	32	-0.025189861443728
22208	33	0.10672273459749
22208	34	0.0934795287988521
22208	35	0.178483591042763
22208	36	0.00734902823937489
22208	37	0.00802843768964578
22208	38	0.136369025547843
22208	39	0.109435491465035
22208	40	-0.0375534502528225
22208	41	0.0426757401566888
22208	42	0.0291350626930864
22208	43	0.171607742844664
22208	44	0.190541790386867
22208	45	0.0443316143982884
22208	46	0.13615236095967
22208	47	0.171180131283187
22208	48	0.110153919603228
22208	49	0.0592438110975024
22208	50	0.104438990484603
22208	51	0.109741384402781
22208	52	-0.0893777211972733
22208	53	0.0159969495835881
22208	54	0.057633982162308
22208	55	-0.00234758078190822
22208	56	0.0479583494808367
22208	57	0.0168101925244741
22208	58	0.0661777995494646
22208	59	0.0413542517843837
22208	60	-0.0677406247247063
22208	61	0.0872347943397713
22208	62	0.0698361032981794
22208	63	-0.0187117013114815
22208	64	0.0398261461739651
22208	65	0.0956093038244106
22208	66	0.0927220347889985
22208	67	-0.00500664851228549
22208	68	-0.098393633958004
22208	69	-0.108268666493849
22208	70	-0.00631252314057917
22208	71	-0.027677183559625
22208	72	0.0914630311224016
22208	73	0.0367191613742079
22208	74	-0.382159970175152
22209	1	0.209086374174429
22209	2	-0.0816243387024222
22209	3	-0.0986998121385341
22209	4	-0.0821052604487207
22209	5	0.018584003379452
22209	6	-0.117727057232599
22209	7	-0.0926550287432306
22209	8	-0.181416487793435
22209	9	-0.0409618440248281
22209	10	-0.0886551326650817
22209	11	-0.115284625907634
22209	12	-0.0691811597454119
22209	13	-0.0405970036917864
22209	14	-0.052355675062131
22209	15	-0.15585462839627
22209	16	-0.0520517143161712
22209	17	-0.0967275020786076
22209	18	-0.141929196485179
22209	19	-0.133203063410335
22209	20	-0.0111888975128025
22209	21	-0.0728829534168085
22209	22	-0.0907112063307309
22209	23	-0.149853263619931
22209	24	-0.0387528015577772
22209	25	0.0298068762182027
22209	26	-0.0586277779847109
22209	27	-0.0779658971211603
22209	28	-0.169099485525287
22209	29	-0.217088251534527
22209	30	-0.0720485525617747
22209	31	-0.154257499151264
22209	32	0.0317656486104951
22209	33	-0.0276075735727019
22209	34	-0.0207524784633435
22209	35	-0.0468294934448039
22209	36	-0.0498813091232364
22209	37	0.0134585617301184
22209	38	0.00251223649959087
22209	39	-0.271401804398252
22209	40	-0.0662183206589759
22209	41	-0.0179082648303321
22209	42	0.0193326124693343
22209	43	-0.0453871366464753
22209	44	-0.115817956788824
22209	45	-0.0893180733297214
22209	46	-0.137660597258481
22209	47	-0.0645673969146046
22209	48	-0.113627295088513
22209	49	0.0286787427708504
22209	50	-0.112307436511998
22209	51	-0.1050804193479
22209	52	0.0153210052312787
22209	53	-0.0376352340858546
22209	54	-0.0490390330846679
22209	55	0.0155756550220119
22209	56	-0.127167414316844
22209	57	-0.0215563331436073
22209	58	0.0298002683027434
22209	59	-0.0888951401137632
22209	60	-0.228227724576897
22209	61	-0.107413374943093
22209	62	-0.155084949661862
22209	63	-0.0700071860914022
22209	64	-0.0765759702281485
22209	65	0.0962682243834863
22209	66	0.00513826193631672
22209	67	-0.068774156479698
22209	68	-0.0526135301918416
22209	69	-0.135152848178457
22209	70	-0.0704327425562639
22209	71	0.000173858535163163
22209	72	-3.68730191127042e-05
22209	73	-0.076093008178205
22209	74	-0.34023457594467
22210	1	-0.148357673435925
22210	2	0.105064190357762
22210	3	0.05801191832591
22210	4	-0.0167473347630036
22210	5	-0.0176358313460483
22210	6	0.0548840055929745
22210	7	0.0741248451949943
22210	8	-0.055717057562795
22210	9	0.0595102181247498
22210	10	0.113389415004924
22210	11	0.0938574902000155
22210	12	0.06143649750517
22210	13	0.0513147222281347
22210	14	0.00609944738431523
22210	15	0.0779788457360695
22210	16	-0.00494288195788073
22210	17	0.100934017106169
22210	18	0.205231654411513
22210	19	0.0474091972212065
22210	20	0.0325310203936695
22210	21	-0.0570554407225785
22210	22	0.0461490812887746
22210	23	0.051523401723955
22210	24	0.0659842126754953
22210	25	0.0425384337798391
22210	26	0.1373575432115
22210	27	0.0605600387053258
22210	28	0.0986198870386232
22210	29	0.077315170490003
22210	30	0.133424268360557
22210	31	0.105114967379556
22210	32	0.0880820057222209
22210	33	0.0737904347908369
22210	34	0.0459533846994944
22210	35	0.110052656568215
22210	36	-0.0702201140802714
22210	37	0.0281588833307396
22210	38	-0.114751012976612
22210	39	-0.0327709221926256
22210	40	-0.012642781639947
22210	41	0.0781090291712019
22210	42	0.0477382621607276
22210	43	0.053012145478732
22210	44	0.0757311830993928
22210	45	-0.0192713428192732
22210	46	-0.0896652598019898
22210	47	0.0871698138392247
22210	48	0.128906926201573
22210	49	0.0445643143142078
22210	50	0.0642915826446426
22210	51	0.00612208396722735
22210	52	0.114919687446296
22210	53	0.0720304478706097
22210	54	-0.0105521617280644
22210	55	0.182977885529475
22210	56	0.051669807417646
22210	57	-0.0130926378972944
22210	58	0.00267083650319933
22210	59	-0.0265264287701967
22210	60	-0.0995201890854318
22210	61	0.129947771285309
22210	62	0.0827068139357579
22210	63	0.029900758860208
22210	64	0.00235290412057054
22210	65	-0.0829119955235242
22210	66	0.13268372601641
22210	67	0.188300575950514
22210	68	-0.0863460275209889
22210	69	-0.0554747255983585
22210	70	0.0537068868015353
22210	71	-0.00174982217799169
22210	72	-0.0287707730168663
22210	73	0.102649226196341
22210	74	0.053125730303158
22211	1	0.267354925591441
22211	2	-0.0328345811590331
22211	3	-0.202748926913213
22211	4	-0.197592937855585
22211	5	-0.143475098993296
22211	6	-0.220776284508048
22211	7	-0.0912671612664511
22211	8	-0.187000043241952
22211	9	-0.206137137137659
22211	10	-0.195436351426984
22211	11	-0.228622303542721
22211	12	-0.139629463225766
22211	13	-0.225578204786508
22211	14	-0.129164567939114
22211	15	-0.234658329054014
22211	16	-0.289132719434022
22211	17	-0.106771484777653
22211	18	-0.123014568458636
22211	19	-0.0480332691417544
22211	20	-0.122484914421747
22211	21	-0.0787747448613274
22211	22	-0.0777248855112944
22211	23	-0.192698604060951
22211	24	-0.143439868184814
22211	25	-0.110404120450006
22211	26	-0.072497189562732
22211	27	-0.20027651791866
22211	28	-0.193013282549735
22211	29	-0.154729666208873
22211	30	-0.0508797474407601
22211	31	-0.329314736266639
22211	32	-0.112116121942179
22211	33	-0.129805258634455
22211	34	-0.202389265301775
22211	35	-0.224872699646902
22211	36	0.0986811163686525
22211	37	-0.102395089141353
22211	38	-0.0324739461078849
22211	39	0.0637664451402955
22211	40	-0.129969821296946
22211	41	-0.113799921387987
22211	42	-0.0447373411687764
22211	43	0.103555258913509
22211	44	-0.0539199417708076
22211	45	-0.211212259788923
22211	46	0.0133707382378461
22211	47	-0.0942423002033124
22211	48	0.0219439392865439
22211	49	-0.0461588486549545
22211	50	-0.130310588583733
22211	51	0.0271472427024833
22211	52	0.0171903236078279
22211	53	-0.123030454491449
22211	54	-0.114379011103019
22211	55	0.0446060360959635
22211	56	-0.0813604803228998
22211	57	-0.118449906366884
22211	58	0.0295059557663748
22211	59	-0.16270370253735
22211	60	-0.108393332595469
22211	61	-0.201886105644462
22211	62	-0.178408098312197
22211	63	-0.118623763989937
22211	64	-0.0236356484091118
22211	65	-0.0439691834870999
22211	66	-0.0569506960098636
22211	67	-0.0743829352365282
22211	68	-0.101294643435367
22211	69	0.0695187127468628
22211	70	-0.304399093163497
22211	71	-0.00673820426790428
22211	72	-0.171851195485985
22211	73	-0.191492859387374
22211	74	0.143344437327002
22212	1	0.350672165985198
22212	2	-0.0511183215701685
22212	3	-0.106333367118932
22212	4	-0.0673106143588065
22212	5	-0.142799609349513
22212	6	-0.0913773254545518
22212	7	-0.0197572646603703
22212	8	0.0130170336659319
22212	9	-0.0629522303654397
22212	10	-0.21791979730974
22212	11	-0.130795622846691
22212	12	-0.0989450406211247
22212	13	-0.0459880340229475
22212	14	-0.0375865457816147
22212	15	-0.167650915082731
22212	16	-0.0189499661729897
22212	17	-0.138900073066374
22212	18	-0.213850338263015
22212	19	0.0301821415675363
22212	20	-0.220750932368226
22212	21	-0.0982759391413595
22212	22	-0.142172970331934
22212	23	-0.0825982061883082
22212	24	-0.09426099433378
22212	25	-0.0400323625106225
22212	26	-0.202345969267313
22212	27	-0.060487957074379
22212	28	-0.140885952269095
22212	29	-0.153851957284353
22212	30	-0.106068368647357
22212	31	-0.150948640467114
22212	32	-0.0458618575430876
22212	33	-0.0148867725919999
22212	34	-0.0459104409434303
22212	35	-0.0706331848407515
22212	36	0.163864998751421
22212	37	-0.0435300854417093
22212	38	-0.0562235463355023
22212	39	-0.13568586131499
22212	40	-0.0792091669056063
22212	41	-0.171271156070198
22212	42	-0.099265665479507
22212	43	-0.151504201843188
22212	44	-0.0118665203874428
22212	45	0.0201109824686654
22212	46	-0.0127807415779913
22212	47	-0.0852537507357098
22212	48	-0.188274596518539
22212	49	-0.13968511462275
22212	50	-0.0111624531507104
22212	51	-0.0582094317736122
22212	52	-0.174351136090266
22212	53	-0.192914876812452
22212	54	-0.155210058207231
22212	55	-0.0866947780237126
22212	56	0.0293703239813681
22212	57	-0.057318542379619
22212	58	-0.0542481638472907
22212	59	-0.11750182980203
22212	60	-0.00504445114671626
22212	61	-0.212185214938792
22212	62	-0.097277139330771
22212	63	-0.0830693307480388
22212	64	-0.103973808796205
22212	65	-0.183856631751283
22212	66	-0.127520328199175
22212	67	0.0873891022817048
22212	68	-0.143239875970174
22212	69	-0.0473082005395895
22212	70	-0.128323568818985
22212	71	0.0267804391005342
22212	72	0.0101893189211566
22212	73	-0.132437445353744
22212	74	0.0812428920870474
22301	1	-0.660555590089711
22301	2	-0.00764366099619096
22301	3	0.08350865333421
22301	4	-0.0509166417115168
22301	5	-0.0731675498312079
22301	6	0.0567632185547353
22301	7	-0.0171354131603749
22301	8	0.011905894664558
22301	9	-0.00621538573281555
22301	10	-0.0556041481617342
22301	11	0.0319422454798541
22301	12	0.0481509372330322
22301	13	0.0786075495780878
22301	14	-0.0380301828635652
22301	15	0.00312398739077935
22301	16	-0.0221327757544643
22301	17	-0.0407763359723603
22301	18	-0.118278332908815
22301	19	0.0629925961236566
22301	20	-0.0637395565967083
22301	21	0.00308954087341817
22301	22	-0.0245382053368104
22301	23	-0.0111738637725125
22301	24	0.0112843873387121
22301	25	0.0558745533713108
22301	26	0.034953214014827
22301	27	0.00599444286581274
22301	28	0.00500243780849274
22301	29	-0.109516215141724
22301	30	0.0442480706439383
22301	31	0.00823726638873978
22301	32	-0.0290071953429845
22301	33	-0.00744643850544691
22301	34	0.00244736518662592
22301	35	0.0313214921472493
22301	36	-0.041720464154082
22301	37	-0.0730091768506682
22301	38	-0.000156391623896468
22301	39	-0.0401752464932628
22301	40	-0.0139803452570817
22301	41	0.0233572654468617
22301	42	0.104780089077032
22301	43	-0.0190207512868454
22301	44	-0.0583854363728733
22301	45	0.01086732888146
22301	46	-0.0466142632409969
22301	47	-0.011902420983823
22301	48	0.0217059845050471
22301	49	-0.0499888416057601
22301	50	0.0728851895646088
22301	51	-0.097029374832772
22301	52	-0.0143491359183017
22301	53	0.0326622989562964
22301	54	0.0120628561921166
22301	55	-0.00179089235354724
22301	56	-0.00933902759599903
22301	57	0.152553411967936
22301	58	-0.0921085688901258
22301	59	0.0817513986670875
22301	60	-0.0543778356106728
22301	61	0.0103505617008395
22301	62	0.00948795217673393
22301	63	0.0456827470890531
22301	64	0.0551414829446699
22301	65	-0.117587591023863
22301	66	0.0723005017527854
22301	67	-0.0849043428167562
22301	68	-0.10690978875639
22301	69	0.0239772163324758
22301	70	0.0383680315419497
22301	71	0.0301722422429407
22301	72	-0.069057787351781
22301	73	-0.089439325052993
22301	74	-0.0725020753770949
22302	1	0.744681593205133
22302	2	0.212348818895187
22302	3	0.26781690329868
22302	4	0.221094669671096
22302	5	0.216331985022961
22302	6	0.269067852513587
22302	7	0.0722492661382077
22302	8	0.195887981141425
22302	9	0.127193011758322
22302	10	0.251700188662454
22302	11	0.214272427542618
22302	12	0.160052536091378
22302	13	0.137219758170453
22302	14	0.139220365740137
22302	15	0.160652462339591
22302	16	0.207008850128076
22302	17	0.205908695533495
22302	18	0.141777073805549
22302	19	0.179824576467311
22302	20	0.262357246864191
22302	21	0.118291114564315
22302	22	0.0362062525540026
22302	23	0.144472530094411
22302	24	0.0885828061167473
22302	25	0.23219412567267
22302	26	0.219045664795225
22302	27	0.275644012924275
22302	28	0.210638657894087
22302	29	0.14578887095476
22302	30	0.132846780833027
22302	31	0.22615760855642
22302	32	0.230136405047311
22302	33	0.0618301659327329
22302	34	0.161760975898588
22302	35	0.130213248317176
22302	36	0.0573978215873225
22302	37	-0.00607193628638214
22302	38	0.00809301465385204
22302	39	-0.0926835111521598
22302	40	0.126498236678849
22302	41	0.16490972073715
22302	42	0.0581748117315755
22302	43	0.0823281410153882
22302	44	0.00158104617668897
22302	45	0.285423905049313
22302	46	0.0494399908360776
22302	47	0.0985370413354687
22302	48	0.0958346135595889
22302	49	0.0543238144006395
22302	50	0.0403663225160855
22302	51	0.0650677872643897
22302	52	0.118655132006602
22302	53	0.0978202143137494
22302	54	0.146299148966534
22302	55	0.099802369962255
22302	56	-0.0359696038725517
22302	57	-0.00785290205807598
22302	58	0.0198675356544697
22302	59	0.0929887140476779
22302	60	0.111405854186842
22302	61	0.0827599986743692
22302	62	0.0445459279918268
22302	63	0.0734817422923939
22302	64	0.17065572527941
22302	65	0.0632384794573824
22302	66	0.103155560754168
22302	67	-0.00132512296005416
22302	68	0.0559294151176886
22302	69	0.0686450877777247
22302	70	0.10578030687914
22302	71	0.11453101669013
22302	72	0.209828900669187
22302	73	0.0171141874411163
22302	74	0.426239043199068
22303	1	0.0251038744548495
22303	2	-0.0906803295876699
22303	3	-0.0340726943066478
22303	4	-0.126789575703267
22303	5	-0.013355641373316
22303	6	-0.0470391435143469
22303	7	-0.0712883139167957
22303	8	-0.0446704498647392
22303	9	-0.0890065011682282
22303	10	0.0986041856078188
22303	11	-0.00936846995136165
22303	12	-0.0886038153966311
22303	13	-0.0788377077720881
22303	14	-0.0670484202840953
22303	15	-0.0799273654425932
22303	16	0.0242120513066411
22303	17	-0.132346724545954
22303	18	0.0855152865977331
22303	19	0.0151110903416694
22303	20	0.00719185806820377
22303	21	-0.110252819642945
22303	22	-0.067375402098719
22303	23	0.117881859254403
22303	24	-0.0461115554324465
22303	25	0.00454361039688678
22303	26	0.0390997448014971
22303	27	-0.0101567275974332
22303	28	-0.0740255687118534
22303	29	-0.00178717801873773
22303	30	-0.0169878013818021
22303	31	-0.0658168610865246
22303	32	-0.115763599949865
22303	33	0.0283270940459133
22303	34	-0.01539480450257
22303	35	-0.00854622458773946
22303	36	0.251437764705216
22303	37	0.201489072057463
22303	38	0.000910360888383366
22303	39	0.0682377561760177
22303	40	0.0653228455521599
22303	41	0.222541775986222
22303	42	0.0808328506819862
22303	43	0.0898867243209196
22303	44	0.168588030010575
22303	45	0.135508003572568
22303	46	0.129485559438081
22303	47	0.0918777180543415
22303	48	0.164414234710357
22303	49	0.0928189818679783
22303	50	0.277251975089165
22303	51	0.182917272877781
22303	52	0.12754740123615
22303	53	0.158199845353977
22303	54	0.113295895374456
22303	55	0.18285195861953
22303	56	0.0358969576628567
22303	57	0.237768862973574
22303	58	-0.0324804745866842
22303	59	-0.0742539420335646
22303	60	0.194066531308565
22303	61	0.0559715808091141
22303	62	0.14187823363028
22303	63	-0.0170264480262574
22303	64	-0.00116410217033547
22303	65	0.127790315104896
22303	66	0.243204524136324
22303	67	0.0369804402971567
22303	68	-0.00319852817866462
22303	69	0.0641498697484977
22303	70	0.184427723292515
22303	71	0.164341802476201
22303	72	0.10698790689564
22303	73	0.0954468033113969
22303	74	0.245925931960528
22304	1	0.314666149099242
22304	2	-0.0602006075422885
22304	3	-0.109082863952121
22304	4	-0.181257753781857
22304	5	-0.195625456397917
22304	6	-0.171225814175948
22304	7	-0.151256618406364
22304	8	-0.164010720248548
22304	9	-0.101566601765334
22304	10	-0.0716455099951006
22304	11	-0.113574037184975
22304	12	-0.157233484399249
22304	13	-0.163993292963532
22304	14	-0.22526304314048
22304	15	-0.151526238626488
22304	16	-0.274058873586966
22304	17	-0.239274489187267
22304	18	-0.21391507479921
22304	19	-0.305115607601444
22304	20	-0.101957721424917
22304	21	-0.219555255345725
22304	22	-0.282433427922001
22304	23	-0.25574454632352
22304	24	-0.293252493565276
22304	25	-0.211984271877249
22304	26	-0.218909075998688
22304	27	-0.276228159630278
22304	28	-0.102808088385864
22304	29	-0.187305187498588
22304	30	-0.16000001575599
22304	31	-0.142303117734869
22304	32	-0.213173296405678
22304	33	-0.244670358073677
22304	34	-0.0899812966104037
22304	35	-0.162029504693699
22304	36	-0.0207694718847335
22304	37	-0.0500707273648686
22304	38	0.043700145210444
22304	39	0.0425668950963214
22304	40	-0.0482744259765724
22304	41	-0.0675987682958734
22304	42	-0.00830691459911037
22304	43	-0.214966579256817
22304	44	-0.101970998703656
22304	45	-0.136525723984228
22304	46	-0.0814998370983844
22304	47	-0.111303541943812
22304	48	0.0240185174975167
22304	49	0.0173215888887555
22304	50	-0.0226820403309844
22304	51	-0.0852429302105051
22304	52	0.0250940693623889
22304	53	-0.0792429937118513
22304	54	0.0464693681381902
22304	55	-0.133127513055491
22304	56	-0.117291957876326
22304	57	-0.109000366725155
22304	58	0.00312675517641026
22304	59	-0.144309984314077
22304	60	-0.0535125379224368
22304	61	-0.057677844478242
22304	62	-0.00587204809919939
22304	63	-0.0318308775771854
22304	64	0.047956772821685
22304	65	-0.101433744870015
22304	66	0.0257399454288603
22304	67	-0.0311675806504326
22304	68	0.016196862929938
22304	69	-0.168897457520814
22304	70	-0.0455617057591482
22304	71	-0.0576703533132132
22304	72	-0.0383357551624925
22304	73	-0.107859130786231
22304	74	-0.232562827896665
22305	1	0.980384454546037
22305	2	-0.00912854147085085
22305	3	0.125697516228154
22305	4	0.0348817565214787
22305	5	0.0445682014648519
22305	6	0.0210343813467944
22305	7	0.0388308178827259
22305	8	0.0606815243115264
22305	9	0.141690183238957
22305	10	-0.000292699437359545
22305	11	0.172238325454032
22305	12	0.252766154563957
22305	13	0.0466824797902419
22305	14	0.145536386137103
22305	15	0.021063990012145
22305	16	0.194174863340024
22305	17	-0.0464863839566974
22305	18	0.123715449241438
22305	19	0.0540058448922238
22305	20	0.0124480162741705
22305	21	0.0566006522822988
22305	22	0.0831861183258127
22305	23	-0.00638282810676571
22305	24	0.0481795773616795
22305	25	0.118530842345415
22305	26	0.12617984281551
22305	27	-0.0116524361423913
22305	28	0.0799855517946355
22305	29	0.111896381049931
22305	30	0.138705340409651
22305	31	0.135153090918244
22305	32	0.134216734487126
22305	33	0.0622718962230167
22305	34	0.0818911226516761
22305	35	0.232440861434569
22305	36	0.140362655797738
22305	37	0.0561295093819822
22305	38	0.146862702312909
22305	39	0.110256736215284
22305	40	0.0479698464123857
22305	41	0.130036160512134
22305	42	0.168570941812611
22305	43	0.0718022954267639
22305	44	0.0446380988114612
22305	45	0.0521386080086899
22305	46	0.096798851138054
22305	47	0.248030441405767
22305	48	0.089839393788651
22305	49	0.0663612764193999
22305	50	0.133652637266728
22305	51	0.0865979042718976
22305	52	0.114098217543017
22305	53	0.0392132298571113
22305	54	0.21947981538213
22305	55	0.111539416248633
22305	56	0.125345436228969
22305	57	0.0490354189180309
22305	58	0.079795300490737
22305	59	-0.0218528040772483
22305	60	0.0400886088318373
22305	61	-0.101067536154474
22305	62	0.151023679428185
22305	63	0.103649061079338
22305	64	0.16215960675413
22305	65	-0.0231239025384369
22305	66	0.20561211433624
22305	67	0.128881120968707
22305	68	0.0789351869077208
22305	69	0.0480765604609203
22305	70	0.0749394379860249
22305	71	0.0955190128670225
22305	72	0.173283778490713
22305	73	0.0389159262530825
22305	74	0.245017678702659
22306	1	0.814363576052884
22306	2	0.0864901430681542
22306	3	0.135970393257608
22306	4	-0.0247090717378065
22306	5	0.0707028218613175
22306	6	0.179950041278595
22306	7	0.11111484609652
22306	8	0.170676573047629
22306	9	0.0882506034813559
22306	10	0.129379087960061
22306	11	0.128200837439493
22306	12	0.150477644106786
22306	13	0.176044536648803
22306	14	0.0862999781087126
22306	15	0.114018106972587
22306	16	0.066516766917367
22306	17	0.186647792640152
22306	18	0.161243286273617
22306	19	0.166356615612422
22306	20	0.15235949528617
22306	21	0.0878232604877738
22306	22	0.145661865318445
22306	23	0.138799822204362
22306	24	0.200054619673082
22306	25	0.0770734097195458
22306	26	0.109831822502493
22306	27	0.153644115362034
22306	28	0.175595829361868
22306	29	-0.0293575586119061
22306	30	0.114094594264358
22306	31	0.164180594547624
22306	32	0.078940010161908
22306	33	0.189878665870665
22306	34	0.0734956551598884
22306	35	0.175469468589611
22306	36	-0.00736707264869807
22306	37	-0.0454737335065474
22306	38	0.148009115028792
22306	39	0.0745935230062074
22306	40	-0.0354260466165428
22306	41	0.167835937112294
22306	42	0.0701787566033616
22306	43	-0.00727603859650827
22306	44	0.0197362055785533
22306	45	0.0813714242082497
22306	46	0.0266319896742857
22306	47	0.128994332206076
22306	48	0.151176417757988
22306	49	0.172030405236185
22306	50	0.142481865544262
22306	51	0.175447163601213
22306	52	0.126111072820279
22306	53	0.132704605848339
22306	54	0.0586797720771983
22306	55	0.116362273931713
22306	56	0.0867629151483911
22306	57	-0.06257626558547
22306	58	0.0445251038275316
22306	59	-0.142342605753093
22306	60	-0.0183589790551864
22306	61	0.0657113284431858
22306	62	0.135014716952433
22306	63	0.0675914787098222
22306	64	0.125125336445535
22306	65	-0.00236392799127572
22306	66	-0.0671489279140332
22306	67	-0.0495442496274805
22306	68	-0.110592091953933
22306	69	0.0316567724291517
22306	70	0.00316420564551123
22306	71	0.0819103350103987
22306	72	0.171835848527721
22306	73	0.043443836884812
22306	74	0.0754280475346292
22307	1	-0.204150876322839
22307	2	-0.211581906834006
22307	3	-0.139359182959783
22307	4	-0.148529103950864
22307	5	-0.14022457631518
22307	6	-0.120306678099091
22307	7	-0.0921523993740649
22307	8	-0.137518331139475
22307	9	-0.117003835020384
22307	10	-0.163871130345775
22307	11	-0.207149149280333
22307	12	-0.123937740459027
22307	13	-0.0967109410209375
22307	14	-0.0443097453736314
22307	15	-0.0816456049125023
22307	16	-0.112603114173275
22307	17	-0.137371004907827
22307	18	-0.181101693566752
22307	19	-0.121514786253982
22307	20	-0.0442989639096254
22307	21	-0.103505175982122
22307	22	-0.245006843319103
22307	23	-0.0950297800210009
22307	24	-0.192122090903325
22307	25	-0.129270601611637
22307	26	-0.146312157619128
22307	27	-0.21847653768198
22307	28	-0.131095215748836
22307	29	-0.258526440559201
22307	30	-0.0647642864907141
22307	31	-0.12508741228902
22307	32	-0.0759505699355003
22307	33	-0.188669408135588
22307	34	-0.00408036521562849
22307	35	-0.150181156453257
22307	36	-0.100375956215423
22307	37	0.0537236538632584
22307	38	-0.106945683883445
22307	39	0.0892884534733014
22307	40	0.162057478778557
22307	41	0.0737590345677575
22307	42	0.137395382403724
22307	43	-0.00241603832894555
22307	44	0.119665621225472
22307	45	0.0481856300100532
22307	46	0.0811138094255455
22307	47	0.0648202232857571
22307	48	0.310890079716273
22307	49	0.0553840283858165
22307	50	-0.00224090294224766
22307	51	-0.0295287147694552
22307	52	-0.0999872335076901
22307	53	-0.0157384689933764
22307	54	0.164263752698176
22307	55	0.0781992261413151
22307	56	0.202727034376302
22307	57	0.0857767710749684
22307	58	-0.0445566674320119
22307	59	0.0767380037652643
22307	60	0.0867266542223817
22307	61	0.0400693936888246
22307	62	0.0248853485398826
22307	63	0.0804568439371351
22307	64	0.0311172287059236
22307	65	0.0816634621825685
22307	66	0.121055900153216
22307	67	0.0823850537661812
22307	68	0.045274648830322
22307	69	-0.0774847272940633
22307	70	-0.0259823015312151
22307	71	0.198885640645777
22307	72	0.0538409530250732
22307	73	0.108924425733669
22307	74	0.0143282311974744
22308	1	0.596970711795137
22308	2	0.165096795402533
22308	3	-0.0393239709807851
22308	4	-0.0566994375699323
22308	5	-0.0486734309156809
22308	6	-0.119140642073198
22308	7	-0.13889341526852
22308	8	-0.0445688083772353
22308	9	-0.0950237673094776
22308	10	-0.2178508055297
22308	11	-0.206594993545252
22308	12	-0.0554446688488284
22308	13	0.057341467103214
22308	14	-0.0890736952340774
22308	15	-0.0691439092536754
22308	16	-0.220455674113012
22308	17	-0.118233871566986
22308	18	-0.0529762696520493
22308	19	-0.0256545027686883
22308	20	-0.114289987741209
22308	21	-0.165906863848129
22308	22	-0.172288334228931
22308	23	-0.0699931970838037
22308	24	0.0217762503815706
22308	25	-0.0511764932684216
22308	26	-0.00376713968122289
22308	27	-0.134764386951616
22308	28	-0.07493643858583
22308	29	-0.194326632781966
22308	30	-0.0508324649634915
22308	31	-0.0934399246059954
22308	32	0.108857481485529
22308	33	-0.0958035859791764
22308	34	-0.172094900258763
22308	35	-0.0824154142453537
22308	36	0.0379633095608014
22308	37	0.0658228630676732
22308	38	-0.0173229083824324
22308	39	0.0734972718984395
22308	40	-0.137477695299729
22308	41	0.0304353805126709
22308	42	0.0266430622008542
22308	43	0.0608875442293737
22308	44	-0.052085702086373
22308	45	0.00292283409667249
22308	46	-0.174446874101491
22308	47	-0.0419198027076035
22308	48	-0.0808237607604454
22308	49	0.0354463750131444
22308	50	0.152421074805332
22308	51	0.0759669519461141
22308	52	0.07869574647939
22308	53	-0.154383081741194
22308	54	-0.023489488716713
22308	55	-0.00599272573180798
22308	56	0.019004760231411
22308	57	0.143198053206554
22308	58	0.114873868220762
22308	59	0.107718385289374
22308	60	0.0274606231397101
22308	61	-0.0317145234092422
22308	62	-0.0369773935012105
22308	63	0.00736358931036563
22308	64	0.043943319165308
22308	65	-0.0903858073003363
22308	66	-0.210536202641364
22308	67	-0.00319644246513917
22308	68	-0.0964288721551441
22308	69	-0.0336247266413778
22308	70	0.048766936313136
22308	71	0.123978778572095
22308	72	-0.0391393182380142
22308	73	-0.118251122623313
22308	74	0.00486424373357153
22309	1	1.03021450017962
22309	2	0.0816662289176691
22309	3	0.0458206124543032
22309	4	0.0881749432282533
22309	5	-0.0796131704815863
22309	6	-0.174504746307136
22309	7	-0.115528816577623
22309	8	-0.0105010255644373
22309	9	0.0344350133717271
22309	10	0.118517106625795
22309	11	0.00105280838252497
22309	12	-0.123061657666263
22309	13	-0.0986747776168002
22309	14	-0.162776424093785
22309	15	-0.0890834890255618
22309	16	0.0563015324463834
22309	17	-0.118470547610251
22309	18	-0.138351499167513
22309	19	0.0730740795568821
22309	20	-0.0649618763557385
22309	21	-0.0846576364371288
22309	22	-0.10888327448707
22309	23	0.102284350047896
22309	24	0.0713274703938112
22309	25	-0.00883861635805516
22309	26	-0.0375500067476793
22309	27	-0.0335936696573853
22309	28	-0.000166406295377897
22309	29	0.0417509366605913
22309	30	-0.0485802738257277
22309	31	-0.107118895411929
22309	32	-0.0142381808606658
22309	33	-0.0215551454783238
22309	34	-0.0629631244648436
22309	35	-0.0923347031921296
22309	36	-0.0261855844022563
22309	37	-0.138664091439573
22309	38	-0.0885520410042133
22309	39	-0.0845438996434069
22309	40	-0.252423933275935
22309	41	-0.168133832457357
22309	42	-0.0626647734181702
22309	43	-0.0896504574963402
22309	44	-0.171193471967314
22309	45	-0.269242012774953
22309	46	-0.0402863943216261
22309	47	-0.162994793552393
22309	48	-0.110393832772182
22309	49	-0.0667065363251282
22309	50	0.00578683405315417
22309	51	-0.154115771969543
22309	52	0.00328970231947778
22309	53	-0.0360116595861228
22309	54	-0.219531636497152
22309	55	-0.0368220884748496
22309	56	-0.0173511546024869
22309	57	-0.00124697046048539
22309	58	-0.0632440290622185
22309	59	-0.220923359005461
22309	60	-0.118310844947992
22309	61	0.0756699834993242
22309	62	-0.139121151382675
22309	63	-0.02098394060895
22309	64	-0.182113146502168
22309	65	-0.20069563342394
22309	66	-0.119810541021977
22309	67	-0.155988385139736
22309	68	-0.220614316068513
22309	69	-0.14277340195774
22309	70	-0.039154136745978
22309	71	-0.0465718581877894
22309	72	-0.134265353148102
22309	73	-0.179060423148663
22309	74	0.121152211266455
22310	1	-0.467408689648657
22310	2	0.0685787640373512
22310	3	0.155078958363244
22310	4	0.0360555751576186
22310	5	-0.02248727945382
22310	6	0.0590081217082883
22310	7	-0.129374171373328
22310	8	-0.0250502871820544
22310	9	0.0208859112496143
22310	10	-0.0359406291105984
22310	11	-0.0723041630023431
22310	12	-0.12229313471731
22310	13	0.0673850700036525
22310	14	0.0144829524014867
22310	15	-0.00277515558998687
22310	16	0.0268162939597048
22310	17	0.024180267657151
22310	18	-0.0299539382218228
22310	19	-0.197978304491926
22310	20	0.103100744032695
22310	21	0.0699254055101903
22310	22	-0.00209440972699326
22310	23	-0.0724746277086155
22310	24	0.123665388200457
22310	25	0.0535759819791011
22310	26	0.0126950028833974
22310	27	0.153076105126786
22310	28	-0.0568161010046211
22310	29	-0.0406904078456094
22310	30	0.172730124872132
22310	31	-0.0702505691740996
22310	32	0.00823579887931203
22310	33	-0.0289835463109753
22310	34	0.0389917996521021
22310	35	-0.0174485379956835
22310	36	-0.0786279115996535
22310	37	-0.171691077347774
22310	38	-0.0717451936402185
22310	39	-0.0239653003229137
22310	40	-0.0455348550355268
22310	41	-0.0384433344853505
22310	42	0.00481379972593743
22310	43	-0.209834306126666
22310	44	-0.0842451594581703
22310	45	-0.187012826377064
22310	46	-0.191332504321089
22310	47	-0.0481217099071429
22310	48	0.00562912280380345
22310	49	-0.0746404709771511
22310	50	0.106868086379365
22310	51	-0.0177707115033101
22310	52	-0.161129956248772
22310	53	-0.0136530339863725
22310	54	0.101208988111111
22310	55	-0.0343711230014065
22310	56	-0.043349773228023
22310	57	-0.044829242078805
22310	58	0.0874234960123275
22310	59	-0.129669887090699
22310	60	-0.179482960058969
22310	61	-0.0389526616151272
22310	62	0.0215699605190594
22310	63	-0.0518786578252843
22310	64	0.0430110231452474
22310	65	-0.25685884608459
22310	66	-0.216195990691077
22310	67	-0.165803746476598
22310	68	-0.160356904703512
22310	69	-0.132940887500531
22310	70	-0.127643726266619
22310	71	-0.0766245634358498
22310	72	-0.0705829208961077
22310	73	-0.203880657141383
22310	74	0.0631505094669649
22311	1	-0.122859054157722
22311	2	0.0734043419298267
22311	3	0.185306500387224
22311	4	0.130262391376764
22311	5	0.0563623580454262
22311	6	0.0619723937947256
22311	7	0.140805171104532
22311	8	-0.00903598798336702
22311	9	0.0609863269706992
22311	10	0.0683366789447462
22311	11	0.00978287734469063
22311	12	0.0660996112509977
22311	13	-0.0591941680418557
22311	14	0.161461041691147
22311	15	-0.0299757661175732
22311	16	-0.000414842947087379
22311	17	0.159047417658158
22311	18	0.0016039112750903
22311	19	0.057338707939536
22311	20	0.0542601439483477
22311	21	-0.0253731304285978
22311	22	-0.0183689864747265
22311	23	0.0194643998655408
22311	24	0.0297092096211387
22311	25	-0.0392089476294757
22311	26	0.0256510408807031
22311	27	0.0455099813744511
22311	28	0.0733170502415348
22311	29	0.0346077264302949
22311	30	-0.0685069968116423
22311	31	0.0223399555984543
22311	32	0.00645482565014532
22311	33	0.0885349803895679
22311	34	0.100631789208869
22311	35	0.0309132799305303
22311	36	0.0266436051127883
22311	37	-0.192344478195949
22311	38	-0.0745189526774155
22311	39	0.094807074990392
22311	40	0.0984544331443473
22311	41	0.0709452637284471
22311	42	0.0437162158994369
22311	43	-0.0543981021428408
22311	44	0.0366231580176688
22311	45	-0.0514589971449055
22311	46	-0.0390904142118629
22311	47	-0.0660903192865376
22311	48	0.151650302472987
22311	49	-0.293904443164543
22311	50	0.00364728101891387
22311	51	-0.0821254946631313
22311	52	-0.141474438294253
22311	53	-0.0384623702264477
22311	54	-0.0678715261350007
22311	55	0.0502187872986326
22311	56	-0.139771620931818
22311	57	-0.0581954370117757
22311	58	-0.0716543267347376
22311	59	0.0847277951721779
22311	60	0.0834978173458367
22311	61	-0.0759338692321734
22311	62	0.0013571043708609
22311	63	-0.15067435209491
22311	64	-0.0597588344519053
22311	65	0.144618384818479
22311	66	0.0465259156743514
22311	67	-0.161476264055899
22311	68	-0.149654631573583
22311	69	-0.0554890096461733
22311	70	-0.137654697008614
22311	71	-0.0289900898882038
22311	72	-0.00533901845708584
22311	73	-0.106824226122335
22311	74	-0.0149076890121691
22312	1	0.139559025190383
22312	2	-0.0196039803957717
22312	3	-0.11360871323188
22312	4	-0.0609699278640115
22312	5	-0.017274209835783
22312	6	-0.0286028074914668
22312	7	-0.169357371578656
22312	8	-0.184817112254187
22312	9	-0.195648508885249
22312	10	-0.178641040550019
22312	11	-0.154637467817508
22312	12	-0.122032271238979
22312	13	-0.0770547423986372
22312	14	-0.200012470432235
22312	15	-0.0742333933226362
22312	16	-0.0268389835868987
22312	17	-0.000351010293897502
22312	18	-0.108440401165055
22312	19	-0.0351836275379824
22312	20	-0.255329252934004
22312	21	-0.115730992022726
22312	22	-0.156929095080834
22312	23	-0.0947528665301434
22312	24	-0.0946336325892858
22312	25	-0.0437138067012555
22312	26	-0.175120323818163
22312	27	-0.0460391056873064
22312	28	-0.142331566926707
22312	29	-0.0607271185080336
22312	30	-0.0510611843452011
22312	31	-0.0835390512037648
22312	32	-0.136702718538807
22312	33	-0.17732962208116
22312	34	-0.247390722339297
22312	35	-0.146601781678257
22312	36	-0.0727726756145799
22312	37	0.038323314260964
22312	38	-0.0313877323277225
22312	39	-0.0196644243633628
22312	40	-0.0606178484258848
22312	41	-0.146365393538169
22312	42	-0.0772523198461315
22312	43	0.0212786456885539
22312	44	-0.0368940115201042
22312	45	-0.110661417297145
22312	46	-0.0619613672902517
22312	47	0.0334629754553362
22312	48	-0.0191408817386431
22312	49	0.0933317863087098
22312	50	0.0508844700848954
22312	51	-0.0708532478163093
22312	52	0.024461899157906
22312	53	-0.132437635518059
22312	54	-0.118604191475193
22312	55	0.109109266025811
22312	56	-0.0690792787716603
22312	57	-0.0727603835180162
22312	58	-0.0693176123416848
22312	59	-0.0981540709547915
22312	60	0.0134927369952109
22312	61	0.0563877460718558
22312	62	-0.0908821730377625
22312	63	0.0188450135592788
22312	64	-0.0409286189181515
22312	65	0.0514824710956177
22312	66	-0.0171498811059578
22312	67	-0.0602328075903387
22312	68	-0.00760631022756542
22312	69	-0.059005762336227
22312	70	-0.0105712463638667
22312	71	0.0801193918448035
22312	72	0.0447841686825257
22312	73	0.0321924348719875
22312	74	-0.0723073347089738
22401	1	-0.323111449605985
22401	2	0.10505226874746
22401	3	0.111131633433484
22401	4	0.000449871946933911
22401	5	-0.014624631277016
22401	6	-0.0271139654624903
22401	7	0.0106920856317387
22401	8	0.0290167811332793
22401	9	-0.085551084498519
22401	10	0.0481335006088983
22401	11	-0.062872230431239
22401	12	-0.0126262226543332
22401	13	-0.0624392963480034
22401	14	0.0491730769526342
22401	15	-0.0495727336786018
22401	16	0.0367103728971898
22401	17	0.00857786978458819
22401	18	-0.0551859879821848
22401	19	-0.0223559243479983
22401	20	-0.00728417761576594
22401	21	0.0436299383306959
22401	22	0.13123872328282
22401	23	0.0767420071566889
22401	24	-0.0545919473965313
22401	25	-0.0265179196720666
22401	26	-0.0279282035950672
22401	27	0.0792060049149441
22401	28	-0.014475320644344
22401	29	-0.0292823338060302
22401	30	0.0146123646894338
22401	31	0.059989969295529
22401	32	0.00446936609036186
22401	33	-0.0415836454711211
22401	34	-0.0571932391856222
22401	35	-0.0332459508173883
22401	36	-0.0970380057836309
22401	37	-0.155540209576927
22401	38	0.0393402506990839
22401	39	-0.224353079486434
22401	40	-0.0159210791172413
22401	41	-0.117089892891066
22401	42	-0.059004650978892
22401	43	-0.101491725942374
22401	44	-0.0225978884465974
22401	45	-0.022381018432398
22401	46	-0.263763706723132
22401	47	-0.0367408286096378
22401	48	-0.114842977605889
22401	49	-0.0957126175800127
22401	50	-0.151096437885229
22401	51	-0.10651253851794
22401	52	-0.0929890148752719
22401	53	-0.0653899831237652
22401	54	0.0104845733638328
22401	55	0.0499183294945666
22401	56	0.0966765560572327
22401	57	0.0788007242930959
22401	58	0.114430283906209
22401	59	0.129966262375959
22401	60	-0.0184661614967538
22401	61	0.0193696109365789
22401	62	-0.172038622843736
22401	63	-0.00950734486979599
22401	64	-0.057820296912972
22401	65	-0.02014971205584
22401	66	-0.0405429101045485
22401	67	-0.0661704116698374
22401	68	-0.0834335863358717
22401	69	-0.0400704703676169
22401	70	0.0651969087499751
22401	71	-0.0593895916261147
22401	72	0.0624958683247243
22401	73	-0.169086412314293
22401	74	-0.0485556054763165
22402	1	-0.743788289872828
22402	2	-0.00696765852943315
22402	3	-0.0806057044426574
22402	4	-0.0342115647639218
22402	5	0.0305596101407986
22402	6	-0.0590004716038735
22402	7	-0.0815692021971657
22402	8	0.00589684526703849
22402	9	-0.0531137151281129
22402	10	-0.0854717331644039
22402	11	0.0917645834949496
22402	12	0.00809356432995401
22402	13	-0.120808466331113
22402	14	-0.0711624800662918
22402	15	-0.00654126805029165
22402	16	0.0173860679182383
22402	17	0.0335768676945136
22402	18	-0.113876972034639
22402	19	-0.0967490872305774
22402	20	-0.0439495081623349
22402	21	-0.0611823845140975
22402	22	-0.085367340793681
22402	23	-0.161460243251305
22402	24	-0.0299494072413466
22402	25	-0.0296670593061563
22402	26	-0.0973180738959769
22402	27	-0.0586294805261218
22402	28	-0.119786398034329
22402	29	0.0519118712502262
22402	30	-0.091035987588171
22402	31	-0.0274484021649499
22402	32	-0.0267090918361745
22402	33	-0.0224451566229504
22402	34	-0.141120287028265
22402	35	-0.00821259553351439
22402	36	-0.0449798521054703
22402	37	0.0565655073718716
22402	38	-0.00109060194597532
22402	39	-0.0127557423663518
22402	40	-0.0887588511759461
22402	41	0.0143948367645592
22402	42	0.0762149087055448
22402	43	0.112238319335113
22402	44	-0.041072931358606
22402	45	0.00262494259654034
22402	46	0.0109563470668235
22402	47	-0.130126826337786
22402	48	-0.247798063289203
22402	49	0.00353814402473773
22402	50	-0.179176808846357
22402	51	-0.0120584770255903
22402	52	-0.0067484327842422
22402	53	-0.0155378394735806
22402	54	-0.0625935367976069
22402	55	-0.0286851754147293
22402	56	-0.00492087275523545
22402	57	-0.0318487533052121
22402	58	-0.189006574265058
22402	59	-0.065008488026038
22402	60	0.0775427469110781
22402	61	0.0459369120880098
22402	62	0.0761988329698084
22402	63	-0.0346500770576199
22402	64	-0.0150542656840855
22402	65	0.0452363854627933
22402	66	0.00412626837754715
22402	67	-0.0684905972846863
22402	68	-0.0782883973301267
22402	69	0.0586519454279752
22402	70	-0.129234560691643
22402	71	-0.00704217271994168
22402	72	0.00530685358251048
22402	73	0.041407704024131
22402	74	-0.0415378122847514
22403	1	-0.954789697715718
22403	2	-0.0645989451846383
22403	3	0.0425896036909954
22403	4	-0.0525909182881286
22403	5	0.0148596858388856
22403	6	-0.0719604082155669
22403	7	-0.030479503503841
22403	8	-0.00117505376444882
22403	9	-0.0907273153148864
22403	10	0.0649081014317474
22403	11	0.00463042809456482
22403	12	0.00119697357360593
22403	13	-0.154008938913549
22403	14	-0.158137598742492
22403	15	0.0934192557521598
22403	16	-0.118292349638061
22403	17	-0.0523073496085118
22403	18	0.172157085028978
22403	19	0.072496549517659
22403	20	0.00543592243242585
22403	21	0.0299888134257884
22403	22	0.125555822112844
22403	23	-0.0051669025604042
22403	24	-0.0185325796278235
22403	25	-0.110606564509517
22403	26	-0.0291435296762685
22403	27	0.0610961669754886
22403	28	0.10526047110703
22403	29	-0.091950287489361
22403	30	0.1018154248532
22403	31	-0.0405259184188154
22403	32	0.0248424359209736
22403	33	-0.0194285525663815
22403	34	-0.0691812133747334
22403	35	-0.0326971764703288
22403	36	-0.0867257978470803
22403	37	-0.126929519621349
22403	38	-0.132182758687485
22403	39	0.0890640841959893
22403	40	0.0840188854136628
22403	41	-0.0652200112525776
22403	42	-0.155540745395541
22403	43	-0.0504324185998613
22403	44	-0.052888052156959
22403	45	-0.00250694269265495
22403	46	0.0435906933509358
22403	47	-0.131038523084584
22403	48	-0.021110090474771
22403	49	-0.140892795972718
22403	50	0.112564977528145
22403	51	0.0347873296661163
22403	52	-0.0845180286910931
22403	53	-0.135633873921776
22403	54	0.0206944180882829
22403	55	-0.0296564127734769
22403	56	-0.135924059136578
22403	57	0.0168703108162873
22403	58	-0.0921151422268451
22403	59	-0.0390197595512376
22403	60	0.0917737638807878
22403	61	-0.230715799688014
22403	62	0.112156780135258
22403	63	-0.0129074172973773
22403	64	0.0250028203586865
22403	65	-0.169046476965505
22403	66	0.0184301787659393
22403	67	-0.010880664362702
22403	68	0.175353767969945
22403	69	-0.0845580004963722
22403	70	-0.131708274502031
22403	71	-0.0740210840371418
22403	72	0.0439977827562288
22403	73	-0.0167612742408281
22403	74	-0.222232192453951
22404	1	-1.0809863707107
22404	2	0.115320949502564
22404	3	-0.000862503872951947
22404	4	0.159022022011985
22404	5	0.145236021278844
22404	6	0.200092889735224
22404	7	0.171914278478141
22404	8	0.16916388070824
22404	9	0.174634434405398
22404	10	0.167971752977778
22404	11	0.0761659962514756
22404	12	0.071797374600493
22404	13	0.112573445493886
22404	14	0.0866045877445885
22404	15	0.153018792085376
22404	16	0.0350144496502267
22404	17	0.0719127786131679
22404	18	0.051178164313626
22404	19	0.037331578002231
22404	20	0.102353659030641
22404	21	0.161101332100181
22404	22	-0.0276284705673078
22404	23	0.0842053132553602
22404	24	0.119338244086883
22404	25	0.169753739289717
22404	26	0.0865939093581076
22404	27	0.12940568013537
22404	28	0.118414135705663
22404	29	-0.017331469588072
22404	30	0.0315663905040324
22404	31	0.0749197633376113
22404	32	0.0960247790735593
22404	33	0.0296455647892344
22404	34	0.060618611971158
22404	35	0.0560629351493418
22404	36	-0.0563279067522657
22404	37	-0.141759232866896
22404	38	0.0464147067770284
22404	39	-0.0779922007773735
22404	40	-0.0463478961465569
22404	41	-0.0500952658504445
22404	42	-0.0703157995866945
22404	43	-0.0975057834290496
22404	44	-0.0806034937668159
22404	45	-0.0916572945811893
22404	46	-0.0775343533459036
22404	47	-0.127067129858247
22404	48	-0.0239390887244539
22404	49	0.0279613225779727
22404	50	0.00869729359016702
22404	51	0.0343345349534161
22404	52	-0.0592082278256001
22404	53	-0.00515377533825045
22404	54	-0.0550597751223165
22404	55	-0.0838184174070733
22404	56	-0.102728168077121
22404	57	-0.134098912010799
22404	58	0.0238908635795596
22404	59	-0.138712557366688
22404	60	-0.171031824700712
22404	61	0.0113632635944185
22404	62	0.0565270123096937
22404	63	-0.0628689841822663
22404	64	-0.020402344895281
22404	65	0.0252865890596183
22404	66	-0.064226450111768
22404	67	0.0265056108262058
22404	68	-0.0581536064465524
22404	69	-0.083166433986662
22404	70	-0.0215397033906086
22404	71	-0.0505726139338947
22404	72	-0.0786912965472411
22404	73	-0.0474332460256335
22404	74	-0.140536485153845
22405	1	-0.758248114712657
22405	2	-0.0334103788021665
22405	3	-0.0996196937449554
22405	4	-0.0686981338581454
22405	5	-0.0475630019793449
22405	6	-0.128584025356886
22405	7	-0.111095740726526
22405	8	0.00371116372939184
22405	9	-0.0368532084567477
22405	10	0.0161370365998934
22405	11	-0.0994641827426364
22405	12	-0.183123152298506
22405	13	-0.0257758442186073
22405	14	0.0593106875114486
22405	15	-0.121732004545912
22405	16	-0.00155621151513685
22405	17	-0.0254903162236673
22405	18	-0.020692348511453
22405	19	-0.0887319826634823
22405	20	-0.0420779981405843
22405	21	-0.0301578738457806
22405	22	-0.0951627913315036
22405	23	-0.0502593968397349
22405	24	-0.192625596038155
22405	25	-0.0032792970067419
22405	26	-0.0659217887023047
22405	27	-0.233044927537229
22405	28	-0.151795743828721
22405	29	-0.0907308137553571
22405	30	-0.0952609919965681
22405	31	-0.103383569390012
22405	32	-0.152396507341962
22405	33	-0.0199647005011627
22405	34	0.0784224156108948
22405	35	-0.0595312930001555
22405	36	-0.0615640717292862
22405	37	-0.0484835162366863
22405	38	-0.00645493829092914
22405	39	-0.0749534179322637
22405	40	-0.00352543935449035
22405	41	-0.0665665960477
22405	42	-0.0348745129388988
22405	43	-0.123483379565286
22405	44	0.0517238444971042
22405	45	-0.115410860656105
22405	46	-0.0603638978745948
22405	47	-0.218350745278599
22405	48	-0.103895830091346
22405	49	-0.214228827151587
22405	50	-0.135476513642459
22405	51	-0.169690402670312
22405	52	-0.215235725230997
22405	53	0.0221235146064132
22405	54	-0.0738956757534552
22405	55	-0.0430364981017703
22405	56	-0.0445560786189034
22405	57	0.0200047934447625
22405	58	0.0281179030765486
22405	59	0.00249635549428717
22405	60	-0.0573264361423185
22405	61	-0.0261109241610598
22405	62	-0.0734500695920275
22405	63	-0.190465127921883
22405	64	0.0215636440404978
22405	65	0.116716854033271
22405	66	-0.124946476408169
22405	67	0.0248855546075504
22405	68	-0.108262037419401
22405	69	0.0253851124178794
22405	70	-0.068614372938903
22405	71	-0.11290854294586
22405	72	-0.0764927054838793
22405	73	-0.279122208158633
22405	74	-0.160617175044514
22406	1	-0.321397152974196
22406	2	0.0797836174490563
22406	3	0.174835758919304
22406	4	0.0495803049674919
22406	5	0.046500522798361
22406	6	0.0423384959513626
22406	7	0.0740644677977258
22406	8	0.041962152329738
22406	9	0.0230392727131985
22406	10	0.102605840568799
22406	11	0.135421404670794
22406	12	0.18109450736624
22406	13	0.0998263194700755
22406	14	0.136008483054511
22406	15	0.135293981350415
22406	16	-0.0255302898020631
22406	17	0.0533614810856307
22406	18	-0.0047971882850959
22406	19	0.0919986901552647
22406	20	0.0925808381695461
22406	21	-0.0607661527719259
22406	22	0.100227959862124
22406	23	0.14347061275209
22406	24	0.14196495642512
22406	25	0.0894186994061315
22406	26	0.0973578743594032
22406	27	0.051679993749147
22406	28	0.0631971960137463
22406	29	0.118113162706031
22406	30	0.126579498363469
22406	31	0.134107679699241
22406	32	0.10828316950726
22406	33	-0.143555491868753
22406	34	0.113654860006214
22406	35	0.156401515456821
22406	36	-0.0644789132353552
22406	37	-0.0393499987779862
22406	38	-0.146203794148967
22406	39	-0.0475212924490904
22406	40	0.0792925064317274
22406	41	0.118090253324063
22406	42	-0.104088741068395
22406	43	-0.0875898146549616
22406	44	-0.266583255638807
22406	45	-0.0346389030282808
22406	46	-0.132352681710756
22406	47	-0.0979474834650702
22406	48	0.0152676185035574
22406	49	-0.141807006050342
22406	50	-0.192741927842697
22406	51	-0.110696827524613
22406	52	-0.0309586430427089
22406	53	-0.127853688117959
22406	54	-0.164601190390627
22406	55	0.00404608719029653
22406	56	-0.130740879198754
22406	57	-0.0436442392053138
22406	58	0.0398094308965113
22406	59	-0.0508793588028666
22406	60	-0.0596471110852974
22406	61	-0.0972260936094855
22406	62	0.055181223076012
22406	63	0.0237731401797632
22406	64	-0.0362374444414257
22406	65	-0.0316513050875784
22406	66	-0.206106015184062
22406	67	-0.0835456328816164
22406	68	-0.00682653429570479
22406	69	-0.0155199447067176
22406	70	0.0129129849652898
22406	71	-0.243346162873749
22406	72	0.0214626737549537
22406	73	-0.0656498008434738
22406	74	-0.151487669285778
22407	1	0.140566926094738
22407	2	0.134515266778536
22407	3	0.0453244374566104
22407	4	0.0476814650193305
22407	5	0.129429094001708
22407	6	0.0859862740689792
22407	7	0.0685539850786796
22407	8	0.127359499251135
22407	9	0.12397812956236
22407	10	0.0366115351967409
22407	11	0.183936733814612
22407	12	0.0213759594648337
22407	13	-0.0554583961611428
22407	14	0.0874278832582078
22407	15	0.142953508185478
22407	16	0.0809616175829788
22407	17	0.106941907457497
22407	18	0.0692744391613687
22407	19	0.058064572523044
22407	20	0.0414535793162258
22407	21	0.0634815793093892
22407	22	0.113213666535181
22407	23	-0.0238787681226569
22407	24	-0.0102410024386046
22407	25	0.0360135893762035
22407	26	-0.0216483405418515
22407	27	0.13850446614471
22407	28	0.0219491391557582
22407	29	0.0799985701431041
22407	30	0.209037301044297
22407	31	-0.0276214880841721
22407	32	-0.00454629751214242
22407	33	-0.0316919989744235
22407	34	0.0157064711192518
22407	35	0.193758400880021
22407	36	-0.163470989264027
22407	37	-0.034576670345686
22407	38	-0.0213808832088347
22407	39	-0.117773487997191
22407	40	0.0232475939419388
22407	41	-0.203633507983611
22407	42	-0.0230166448310456
22407	43	-0.163790777643776
22407	44	-0.0202152596510032
22407	45	-0.00536823263106356
22407	46	-0.010952935453723
22407	47	-0.135328661802582
22407	48	-0.0430601268560409
22407	49	-0.0821331210618652
22407	50	-0.138615376774666
22407	51	-0.100923927114415
22407	52	-0.265915835513674
22407	53	-0.171449134545817
22407	54	-0.0988110823547785
22407	55	-0.110900154083353
22407	56	-0.0136665361009989
22407	57	-0.0170201925009792
22407	58	-0.103702830032269
22407	59	-0.104610776311816
22407	60	-0.0789310367267291
22407	61	-0.00741003128156592
22407	62	-0.0235699693420059
22407	63	-0.124011695024421
22407	64	-0.0863162299684106
22407	65	-0.100356821793092
22407	66	-0.0804506895734463
22407	67	-0.119969695210095
22407	68	-0.0907870514798077
22407	69	-0.00382901658252166
22407	70	0.0651594788079919
22407	71	-0.0345167352299427
22407	72	-0.11319429876999
22407	73	-0.140507415840709
22407	74	-0.149573053139498
22408	1	-0.670480533229924
22408	2	-0.178601165016961
22408	3	-0.135705108250004
22408	4	-0.163642764745507
22408	5	-0.145707778811605
22408	6	-0.10689768400038
22408	7	-0.156705896819155
22408	8	-0.0689206522584129
22408	9	-0.239003361939595
22408	10	-0.166543345339932
22408	11	-0.206757595332157
22408	12	-0.177751885960468
22408	13	-0.253688376096548
22408	14	-0.0809497075786254
22408	15	-0.0671730634572256
22408	16	-0.170921496899489
22408	17	-0.229869233266911
22408	18	-0.101458977298321
22408	19	-0.183016092532625
22408	20	-0.235748905063971
22408	21	-0.110636603517065
22408	22	-0.319958791529139
22408	23	-0.160440193683677
22408	24	-0.205599426040216
22408	25	-0.199814150852802
22408	26	-0.154799792956496
22408	27	-0.070252705184096
22408	28	-0.214784364687439
22408	29	-0.194626605044014
22408	30	-0.269203366565669
22408	31	-0.203329378478372
22408	32	-0.0716865715602495
22408	33	-0.241488025713778
22408	34	-0.311623559565803
22408	35	-0.209911706231985
22408	36	-0.185950699003264
22408	37	-0.0239591329644995
22408	38	-0.131989367751501
22408	39	0.00348954457165718
22408	40	-0.0453270496655378
22408	41	-0.00750436967656753
22408	42	-0.0354348456584503
22408	43	0.0441784656414441
22408	44	-0.0191344793136992
22408	45	-0.0926641810427427
22408	46	-0.173258688211149
22408	47	0.0320018679737402
22408	48	-0.000715080533979062
22408	49	-0.0456378737844716
22408	50	-0.0116127579470415
22408	51	-0.150856665884824
22408	52	-0.181768223813975
22408	53	-0.163105763118224
22408	54	-0.063259500094496
22408	55	-0.0884050900788509
22408	56	-0.156669626273903
22408	57	-0.101338554515067
22408	58	-0.140499723353244
22408	59	-0.211170453136795
22408	60	0.0143695634738066
22408	61	0.0279844867208539
22408	62	-0.0933555986294152
22408	63	-0.129965227404576
22408	64	-0.163222795624975
22408	65	0.00895872635197037
22408	66	-0.0226625805956218
22408	67	-0.144437812900691
22408	68	-0.187336232714948
22408	69	-0.155129605940196
22408	70	-0.196962365404403
22408	71	-0.12148198115041
22408	72	-0.198501930320042
22408	73	-0.0838104430654099
22408	74	-0.128729028562184
22409	1	-0.198909295748706
22409	2	0.243691401020033
22409	3	0.207122857905212
22409	4	0.181406177596664
22409	5	0.14862444634489
22409	6	0.192772369127276
22409	7	0.153474905646128
22409	8	0.0650568582900988
22409	9	0.141655048146873
22409	10	0.177986817865815
22409	11	0.0369902389111445
22409	12	0.0363436689794909
22409	13	0.189498040544748
22409	14	0.150934541685309
22409	15	0.102418593037136
22409	16	0.0847295199577403
22409	17	0.066625657635754
22409	18	0.22610535382077
22409	19	0.074388414513578
22409	20	0.108895874079799
22409	21	0.0840113334127608
22409	22	0.149469328405246
22409	23	0.140530733632772
22409	24	0.135067879312345
22409	25	0.199028929903314
22409	26	0.159957627255942
22409	27	0.0628700311093624
22409	28	0.126474900240119
22409	29	0.183792617285171
22409	30	0.12453028270221
22409	31	0.0970764889220135
22409	32	0.138224165012559
22409	33	0.0671488031606202
22409	34	-0.00911985292646733
22409	35	0.202862891668239
22409	36	-0.174646203727988
22409	37	-0.0568590182394217
22409	38	-0.237101298952375
22409	39	-0.0826894679914645
22409	40	0.00685939205433073
22409	41	-0.137033540996818
22409	42	-0.0306857730943193
22409	43	-0.110650831593205
22409	44	-0.0102515741791152
22409	45	0.0258414367562878
22409	46	-0.101529440775884
22409	47	-0.0341760601922019
22409	48	0.0194144738478528
22409	49	-0.0502432809894273
22409	50	-0.0408968347831404
22409	51	-0.142608572242253
22409	52	-0.113936555065713
22409	53	0.0331457014371992
22409	54	-0.284220829604678
22409	55	0.0019964609968568
22409	56	0.0145142446184252
22409	57	-0.0931535290022651
22409	58	-0.0579394072134818
22409	59	0.0242441226813312
22409	60	0.0457266086568353
22409	61	0.177833549116038
22409	62	0.038822952941338
22409	63	-0.0697863579844622
22409	64	-0.183831448936047
22409	65	-0.000360160691258216
22409	66	0.0651771466649222
22409	67	0.0426314393119256
22409	68	-0.0356170525055006
22409	69	-0.025034190972562
22409	70	-0.0579401701063986
22409	71	0.185049352971483
22409	72	-0.0351224941170614
22409	73	0.0332343315656232
22409	74	-0.246263723505521
22410	1	0.0977802102736476
22410	2	0.100548948886303
22410	3	0.130324073306969
22410	4	-0.0153837038940807
22410	5	0.0280354413033592
22410	6	0.185442477271415
22410	7	-0.0961186443938544
22410	8	0.194557246378686
22410	9	0.142863450170104
22410	10	-0.0329878655169935
22410	11	0.0396620331976365
22410	12	-0.0418685097957336
22410	13	0.0700950245912253
22410	14	0.0620612192504097
22410	15	0.148903193109341
22410	16	0.105290801922465
22410	17	0.089221172083306
22410	18	0.0694879002129625
22410	19	0.00245961592621313
22410	20	0.193521255660023
22410	21	0.221209875123748
22410	22	0.103468675326795
22410	23	0.17951458631979
22410	24	0.174543264909659
22410	25	0.139549482392511
22410	26	0.22611647427938
22410	27	0.208179124450957
22410	28	0.108413350182204
22410	29	-0.0303210838800609
22410	30	0.0737496401681881
22410	31	0.0374810113696
22410	32	-0.0166445624258031
22410	33	0.238963088889683
22410	34	0.0505307949280507
22410	35	0.1120806767806
22410	36	0.0754026302372353
22410	37	-0.177536062241657
22410	38	-0.0711613618986462
22410	39	-0.0964774549775669
22410	40	-0.132655000164505
22410	41	0.00546786209500993
22410	42	0.0212365865628783
22410	43	-0.0993484226632404
22410	44	-0.183952749945291
22410	45	-0.0232915480393601
22410	46	0.0444658909801348
22410	47	0.0423531329645357
22410	48	-0.111586707367913
22410	49	-0.116464472620393
22410	50	-0.159488189617285
22410	51	0.0392454299526719
22410	52	-0.0650933437228858
22410	53	0.0267510825586115
22410	54	-0.0671274753771343
22410	55	0.0392293316732122
22410	56	-0.23377533621543
22410	57	-0.0243687564883288
22410	58	-0.0511030532689176
22410	59	0.0693254509888845
22410	60	0.0861267042901446
22410	61	0.0620722634029747
22410	62	0.0196975868085829
22410	63	-0.0133653980530397
22410	64	0.0093186752564165
22410	65	0.11531839188212
22410	66	-0.0630719322723436
22410	67	-0.0787332872445035
22410	68	0.1021408714929
22410	69	0.0191702806339791
22410	70	0.00739597958389027
22410	71	-0.002851737358462
22410	72	-0.0614083707865731
22410	73	-0.243873167716629
22410	74	0.00472920437639601
22411	1	-0.945321784125525
22411	2	-0.0137458304130433
22411	3	0.0429441973758351
22411	4	-0.0957237928244297
22411	5	-0.0852992258068284
22411	6	-0.0300714649834148
22411	7	-0.0282411983475157
22411	8	-0.0891619472168372
22411	9	-0.0692027537254774
22411	10	-0.0467997059685104
22411	11	0.0369265247723192
22411	12	-0.0911366616039402
22411	13	-0.0434861438145617
22411	14	-0.026595526487128
22411	15	-0.0299700922782264
22411	16	-0.0192945433683676
22411	17	-0.121342375104859
22411	18	-0.0221638017421171
22411	19	-0.0107473642033327
22411	20	-0.0198175025430913
22411	21	-0.104801207422597
22411	22	-0.0236286355477588
22411	23	-0.150225950352194
22411	24	0.0326425845626304
22411	25	-0.0822336713844223
22411	26	-0.0506394029553761
22411	27	-0.0742250503281241
22411	28	-0.0685317703091144
22411	29	-0.12591369940553
22411	30	0.0919605275504054
22411	31	0.0846387116091805
22411	32	-0.253869434268431
22411	33	-0.0107316758750642
22411	34	-0.102372508724436
22411	35	-0.185075599344351
22411	36	-0.0604825712883326
22411	37	-0.133727765585199
22411	38	-0.100030586959114
22411	39	-0.150344143949944
22411	40	-0.0210870570298312
22411	41	-0.0445231503647463
22411	42	-0.147659227379023
22411	43	-0.178330570382812
22411	44	-0.302587569277939
22411	45	-0.100290741830307
22411	46	-0.037249892742274
22411	47	-0.0518687713078307
22411	48	-0.0235004321724617
22411	49	0.00112412048808608
22411	50	-0.108973864207378
22411	51	-0.238353316072995
22411	52	0.0112298168733389
22411	53	-0.081053498774196
22411	54	-0.162253677828616
22411	55	-0.0689340341756406
22411	56	-0.315567023864766
22411	57	-0.20401360475239
22411	58	-0.0372421710325739
22411	59	-0.0735529423995231
22411	60	-0.0386682012967796
22411	61	-0.103429591720193
22411	62	0.0106523960640601
22411	63	-0.159537389113829
22411	64	0.0568318405990169
22411	65	-0.0789519600998787
22411	66	-0.100405838283812
22411	67	-0.057449529512887
22411	68	0.0834546528664362
22411	69	-0.0212845124702667
22411	70	0.00878650207438625
22411	71	-0.161517355995912
22411	72	0.0677342767564966
22411	73	-0.237558241127708
22411	74	-0.138233703861694
22412	1	-0.954664166687415
22412	2	0.257769953534037
22412	3	0.248154564134559
22412	4	0.197700359914425
22412	5	0.25599942408731
22412	6	0.325893935538183
22412	7	0.314230340171264
22412	8	0.256492141414682
22412	9	0.226376138204721
22412	10	0.211113285028325
22412	11	0.274040737889337
22412	12	0.294962539160217
22412	13	0.259630409845791
22412	14	0.261288849691013
22412	15	0.0561347513052723
22412	16	0.262394507844718
22412	17	0.234282820655991
22412	18	0.248229633614486
22412	19	0.293098994092801
22412	20	0.158740765291284
22412	21	0.184245425981423
22412	22	0.247533368160141
22412	23	0.146652589188022
22412	24	0.233632122448434
22412	25	0.238485534564582
22412	26	0.115010220488657
22412	27	-0.0100882749295081
22412	28	0.188364695405035
22412	29	0.242318863260429
22412	30	0.281898481071565
22412	31	0.0992150135670755
22412	32	0.208938906963482
22412	33	0.158139261397231
22412	34	0.211883951690368
22412	35	0.235116861685441
22412	36	-0.127979336592226
22412	37	-0.0317987104525344
22412	38	-0.0857391114335826
22412	39	0.054824648374165
22412	40	-0.00243168239320823
22412	41	-0.0507623330368574
22412	42	-0.0360580107972126
22412	43	-0.017108275344917
22412	44	-0.0695533403118631
22412	45	0.0298347811822453
22412	46	-0.0414037466516319
22412	47	-0.0649113140194899
22412	48	-0.00751888354177055
22412	49	0.107196127225798
22412	50	-0.084439056916267
22412	51	0.091820419481067
22412	52	0.0881014972229295
22412	53	-0.077550433550087
22412	54	-0.0589048450153058
22412	55	-0.0108104512146312
22412	56	-0.0482975709351905
22412	57	-0.0333649281296857
22412	58	0.00993172577165069
22412	59	0.108270026738381
22412	60	0.0383675670411563
22412	61	0.0681698913481341
22412	62	0.0319625161466632
22412	63	0.0330285376798969
22412	64	0.0870322995748083
22412	65	0.0622626472334531
22412	66	-0.124436527026496
22412	67	0.0779650483135015
22412	68	-0.166140756226682
22412	69	-0.100676034067462
22412	70	-0.215639360923504
22412	71	0.126875345824537
22412	72	-0.0939360207807027
22412	73	-0.146979884361116
22412	74	0.0490417491659159
22501	1	-0.43367469935945
22501	2	-0.0475106499058526
22501	3	0.105208543268095
22501	4	0.0689815527861875
22501	5	-0.0427196064197553
22501	6	0.0726010794092815
22501	7	-0.0366482231714045
22501	8	0.0121902110613235
22501	9	0.0929028208057403
22501	10	0.140438529646161
22501	11	0.0772631576296874
22501	12	-0.0510041399243946
22501	13	0.058530233088284
22501	14	-0.00334012167830622
22501	15	0.0765626730823286
22501	16	0.046891152478544
22501	17	0.0633446944296594
22501	18	-0.0508968110520556
22501	19	0.133667183362405
22501	20	0.106989511307397
22501	21	0.0628766469917181
22501	22	0.0120250696366782
22501	23	-0.0338576801131723
22501	24	-0.0469226064453281
22501	25	0.0722377872680013
22501	26	0.0983953032505127
22501	27	0.0532525932359107
22501	28	0.093841728098333
22501	29	0.0344895073912994
22501	30	-0.0568700674776608
22501	31	0.0984993366247409
22501	32	0.131621585808858
22501	33	0.0982493799537423
22501	34	-0.061361966061547
22501	35	0.0204904483639865
22501	36	0.0296767019264905
22501	37	0.141267033184995
22501	38	-0.00117100475271315
22501	39	0.0118394479037747
22501	40	-0.0986308436792385
22501	41	-0.0160666442041801
22501	42	-0.00755504867247225
22501	43	0.122200340333265
22501	44	-0.0358916216138709
22501	45	0.0742178382724887
22501	46	0.00745910808221595
22501	47	0.0761324189233292
22501	48	-0.0152847536520468
22501	49	0.188531413120756
22501	50	0.131523134390399
22501	51	-0.0317839184270952
22501	52	-0.0679202470707452
22501	53	0.0737252716337551
22501	54	0.130080354688438
22501	55	-0.0384653926253478
22501	56	0.0510774323018879
22501	57	-0.0756600506096703
22501	58	0.0275463202266693
22501	59	-0.0982588846337151
22501	60	0.0878159690947697
22501	61	0.135184287991436
22501	62	-0.229214254246358
22501	63	0.112465200166383
22501	64	-0.0125922646515235
22501	65	-0.00793600230250746
22501	66	-0.132781426556619
22501	67	-0.0772706470596773
22501	68	0.0784255928359201
22501	69	0.0626290372189615
22501	70	-0.0435211461346725
22501	71	-0.00755864986415844
22501	72	0.129462404911379
22501	73	-0.0200996476710671
22501	74	-0.162609202552268
22502	1	0.479577590513241
22502	2	-0.00585721865250122
22502	3	-0.117173793345284
22502	4	-0.0222243213353828
22502	5	0.0079504136081141
22502	6	-0.0970257318632193
22502	7	-0.034479189693478
22502	8	-0.0108564106089872
22502	9	0.0273611440297827
22502	10	-0.0326210328173886
22502	11	-0.12756274619499
22502	12	-0.0515217716539738
22502	13	-0.122377468424425
22502	14	-0.0429038644633692
22502	15	-0.0784082512897299
22502	16	-0.0310076999065458
22502	17	-0.0481084608433946
22502	18	-0.15343498774152
22502	19	-0.151573403391247
22502	20	0.00494440717786659
22502	21	-0.157881410912331
22502	22	-0.0801298409692919
22502	23	-0.0487180018598821
22502	24	-0.0806227800057897
22502	25	0.0426433131351516
22502	26	-0.108562120595145
22502	27	-0.0151776197244757
22502	28	-0.00117135708124039
22502	29	-0.108735791684062
22502	30	0.0425772972289806
22502	31	0.0508530631548822
22502	32	-0.0181118932242228
22502	33	-0.0719035642993688
22502	34	-0.0599145943380037
22502	35	-0.0928959993464318
22502	36	-0.0798419175483858
22502	37	0.0298982857868708
22502	38	-0.09148447075804
22502	39	-0.0377487501042637
22502	40	-0.0622781869270597
22502	41	-0.131317647821177
22502	42	-0.0471494040111153
22502	43	-0.10511087263297
22502	44	-0.221727808726989
22502	45	-0.0246521555841284
22502	46	-0.0946831269520843
22502	47	-0.126780144890112
22502	48	-0.0799893028943046
22502	49	-0.047866987786314
22502	50	-0.352805517837574
22502	51	-0.133672468651177
22502	52	-0.00585435456811467
22502	53	-0.106584658962042
22502	54	-0.18821626129008
22502	55	-0.110639627648489
22502	56	0.00851932990331505
22502	57	-0.148111539839917
22502	58	-0.0617708157708421
22502	59	-0.183538476128774
22502	60	-0.135200103230694
22502	61	-0.0633466010090658
22502	62	-0.0924843865082039
22502	63	-0.115533409222756
22502	64	-0.164094007746186
22502	65	-0.133047992691161
22502	66	-0.108368320974414
22502	67	0.00701078931081867
22502	68	-0.149114944576347
22502	69	-0.109132949147302
22502	70	-0.034446443152639
22502	71	-0.0832699667251759
22502	72	-0.0549796202767254
22502	73	-0.200384072865802
22502	74	0.0564540618074645
22503	1	0.74836346359529
22503	2	-0.13966013498672
22503	3	0.0390506900623535
22503	4	0.00833138592295057
22503	5	-0.00554259392981393
22503	6	-0.022523609282338
22503	7	0.129314788757036
22503	8	-0.00971526530776856
22503	9	0.125782561916473
22503	10	-0.0853846504358131
22503	11	0.0201643539745788
22503	12	-0.0395548644681014
22503	13	-0.0594198680930162
22503	14	0.0680233976803635
22503	15	0.0600952459403246
22503	16	-0.0454336573323815
22503	17	0.0828515158195344
22503	18	-0.033551593157263
22503	19	0.0973333375846224
22503	20	0.0547158983924945
22503	21	-0.0556205659026929
22503	22	-0.0103141798256488
22503	23	0.00665465194564518
22503	24	-0.0428072733769724
22503	25	-0.0291729154508928
22503	26	0.0625286875040985
22503	27	0.0710286016286759
22503	28	-0.0346343407892462
22503	29	0.10931154047087
22503	30	0.104008397601014
22503	31	0.0644326522786329
22503	32	-0.0882738807111849
22503	33	-0.000924246642185267
22503	34	0.0879214654272644
22503	35	-0.0204730336473915
22503	36	0.0193146150070973
22503	37	0.104039575245849
22503	38	-0.060523557273811
22503	39	0.0186723102575712
22503	40	0.109731443314139
22503	41	0.0635590428787651
22503	42	0.0381924727263794
22503	43	0.0525646562648632
22503	44	0.0654878818132403
22503	45	0.102127890916115
22503	46	-0.0210891671524465
22503	47	0.139522169092693
22503	48	0.0143965580276415
22503	49	0.107249274558107
22503	50	0.0946387563418725
22503	51	0.0846746088405794
22503	52	0.0435010246549368
22503	53	0.169376306689024
22503	54	0.174759602404549
22503	55	0.0508781925304689
22503	56	0.111911360031378
22503	57	-0.0714303722883685
22503	58	0.076415048593681
22503	59	0.0574420006625118
22503	60	0.157032116704229
22503	61	-0.0258490912142548
22503	62	0.196657488782321
22503	63	0.0582405797539352
22503	64	-0.00577396521561724
22503	65	0.075637325975741
22503	66	0.102229580117651
22503	67	0.0995751421566879
22503	68	0.103688987179133
22503	69	-0.0275728014670591
22503	70	-0.0206395834127164
22503	71	0.0100155926265728
22503	72	0.176421432260625
22503	73	0.13955643166554
22503	74	-0.0342903180208793
22504	1	-0.190243691380875
22504	2	-0.00490226362342483
22504	3	0.0565088582593134
22504	4	0.00209754952080132
22504	5	-0.0657606233627988
22504	6	-0.0209692682959073
22504	7	0.134846239618049
22504	8	0.0749478894311864
22504	9	0.156300093551828
22504	10	0.0397605542674029
22504	11	0.119927480051466
22504	12	-0.0156862751363249
22504	13	0.0852695766863647
22504	14	0.0709765796647659
22504	15	0.133501123971669
22504	16	0.142063089357478
22504	17	0.222062221598399
22504	18	0.134317892276144
22504	19	0.139727510288445
22504	20	0.027314955509091
22504	21	0.145143756074532
22504	22	0.0588767260606247
22504	23	0.118319457224736
22504	24	0.0464055738212323
22504	25	-0.110292515367867
22504	26	0.109883705179044
22504	27	0.0660815935209271
22504	28	0.105259642481329
22504	29	0.0747431023562442
22504	30	0.105838816956812
22504	31	0.0561166973868055
22504	32	0.21943358164102
22504	33	0.0923190811893448
22504	34	0.109470073998878
22504	35	0.124416057303627
22504	36	-0.0387221208132189
22504	37	0.0552402866574013
22504	38	-0.0786588276817497
22504	39	0.037611121368947
22504	40	0.0253009303005598
22504	41	0.0162894253987531
22504	42	0.0894353645734256
22504	43	0.103674669518647
22504	44	0.0329553861828984
22504	45	0.0416104821168233
22504	46	0.0163284907090215
22504	47	0.119882440437593
22504	48	0.00548115399153914
22504	49	0.0628475178349603
22504	50	-0.0149250998163595
22504	51	-0.127943099463771
22504	52	0.00333931399818965
22504	53	-0.0525009488014874
22504	54	-0.0544113263379131
22504	55	-0.07123893940485
22504	56	0.079082053922221
22504	57	-0.0746172467146948
22504	58	-0.0391004892052464
22504	59	0.147136960377807
22504	60	-0.133182642967256
22504	61	-0.0902362843594204
22504	62	-0.0173429799387605
22504	63	-0.0272800942962093
22504	64	0.155291520454043
22504	65	0.0310648830510658
22504	66	0.0654087452838041
22504	67	0.0444490805050961
22504	68	-0.061355638213513
22504	69	0.0166779865074744
22504	70	-0.0400222612747001
22504	71	0.0171188900394057
22504	72	-0.0477287969742974
22504	73	0.0335831070603518
22504	74	-0.21280935916365
22505	1	-0.0516749238322127
22505	2	-0.00773620766600303
22505	3	0.0105961801885215
22505	4	-0.0462828579984134
22505	5	-0.0634587030566607
22505	6	-0.177130681175434
22505	7	-0.111372742364445
22505	8	-0.0655789448588138
22505	9	-0.0375312156864425
22505	10	-0.0121153462386729
22505	11	-0.125583965209366
22505	12	-0.157322300864166
22505	13	-0.0267241622254133
22505	14	-0.113863064330772
22505	15	-0.104680122719003
22505	16	-0.0472213366074712
22505	17	-0.0950386920395019
22505	18	-0.051312403965305
22505	19	-0.0311812124115889
22505	20	-0.0340453966982182
22505	21	-0.0897689831726609
22505	22	-0.168436638451581
22505	23	0.0420780509269392
22505	24	-0.242017530606887
22505	25	-0.163242167189765
22505	26	-0.0270278147591938
22505	27	-0.246859324842326
22505	28	-0.161252606510843
22505	29	-0.046349887882954
22505	30	-0.128395919003736
22505	31	-0.138420039042053
22505	32	-0.175736014109546
22505	33	-0.0604345951959289
22505	34	-0.181070577719652
22505	35	-0.16464159407105
22505	36	-0.229161358614995
22505	37	-0.0165807624552627
22505	38	0.0163248208117324
22505	39	-0.0238496132134003
22505	40	-0.0691498771005001
22505	41	-0.174824366551945
22505	42	-0.131852698100083
22505	43	-0.140178472150801
22505	44	-0.0743276474939378
22505	45	-0.0680656853807378
22505	46	-0.142562659128913
22505	47	-0.177721809500639
22505	48	-0.141290985948288
22505	49	-0.206396969890505
22505	50	-0.238049454962571
22505	51	-0.0589293491744201
22505	52	-0.192494712413627
22505	53	-0.102493620587047
22505	54	-0.16463868534801
22505	55	-0.164623571355698
22505	56	-0.095196689703684
22505	57	-0.0175991789188004
22505	58	-0.204910504916867
22505	59	-0.0330995069982194
22505	60	-0.03948614636559
22505	61	-0.0980165376170632
22505	62	-0.101344658491776
22505	63	-0.132959866780794
22505	64	0.026524344260622
22505	65	0.0138749378635623
22505	66	-0.0233539676326515
22505	67	-0.121508062597499
22505	68	-0.17007018223552
22505	69	-0.0249458472903967
22505	70	-0.197062210104974
22505	71	-0.0178076593157144
22505	72	-0.111843230412688
22505	73	-0.181475799217125
22505	74	-0.279858788083061
22506	1	-0.000221495754569645
22506	2	0.117115973771565
22506	3	0.194706806399982
22506	4	0.164039873403553
22506	5	-0.00418818143074162
22506	6	0.0256775801215809
22506	7	0.216522215985158
22506	8	-0.00884456215938201
22506	9	0.102506483751881
22506	10	0.0276829366295672
22506	11	0.0188638916479178
22506	12	0.0175665253936046
22506	13	0.0896570905120626
22506	14	-0.0356481747237325
22506	15	0.240522649733023
22506	16	0.101955450390982
22506	17	0.0784966842197363
22506	18	0.0887460788927967
22506	19	0.0716971367557662
22506	20	0.0672301014333101
22506	21	-0.0335641563919324
22506	22	0.203205733380372
22506	23	0.063959340807763
22506	24	0.0551155791923392
22506	25	0.0244027638113877
22506	26	0.154562681376142
22506	27	0.0122718636139965
22506	28	-0.0276937169015596
22506	29	0.097042086992694
22506	30	0.0295770291285748
22506	31	0.10974382305659
22506	32	0.0952143400581846
22506	33	0.0624070712355191
22506	34	-0.00756244459174127
22506	35	-0.0415450498903454
22506	36	-0.026383716443469
22506	37	0.141914077920688
22506	38	0.0992501730586497
22506	39	-0.0218056395938504
22506	40	0.0170939537837853
22506	41	-0.00723305898999627
22506	42	0.0812110655080076
22506	43	0.0543407494538286
22506	44	0.0135521759234791
22506	45	-0.160258676761678
22506	46	-0.0711481448049938
22506	47	-0.0352577464782939
22506	48	0.0922101259541535
22506	49	0.101352190732158
22506	50	0.0375171792433235
22506	51	0.0606055413068205
22506	52	-0.00515368539366534
22506	53	-0.0941614945341627
22506	54	0.0737912512538443
22506	55	-0.112527891979433
22506	56	0.0353110101511831
22506	57	-0.137309902928642
22506	58	-0.0549161187735265
22506	59	-0.170868361811955
22506	60	0.038663107687924
22506	61	0.018593349261721
22506	62	0.0954756107658881
22506	63	0.145717230381543
22506	64	0.0777569341047553
22506	65	0.0457100201145337
22506	66	0.0812393484595901
22506	67	0.000463392249884009
22506	68	0.000693621287652491
22506	69	0.0361721705951936
22506	70	0.143201881691319
22506	71	0.00783880464519626
22506	72	-0.0100254787068224
22506	73	-0.144826363494339
22506	74	-0.268894810677118
22507	1	0.251090980812034
22507	2	8.81654148088273e-06
22507	3	0.0382619378429432
22507	4	-0.0776676266315199
22507	5	-0.0187368999282107
22507	6	-0.0964314985439358
22507	7	-0.0304637986606622
22507	8	-0.0892164046165362
22507	9	0.0199741611366875
22507	10	-0.12138372989039
22507	11	-0.151345166579141
22507	12	0.0402235088692606
22507	13	-0.0559155068752801
22507	14	-0.0779182413454151
22507	15	0.04106912412594
22507	16	-0.0365869214553243
22507	17	0.0112864681799749
22507	18	-0.0964879992569507
22507	19	-0.117381875365098
22507	20	-0.125143959270844
22507	21	-0.0277078357496094
22507	22	-0.193428192319907
22507	23	-0.0313615994274841
22507	24	-0.035960047791157
22507	25	-0.135320098354434
22507	26	-0.181885889760842
22507	27	-0.101209461051376
22507	28	-0.141701132514505
22507	29	-0.178703841200907
22507	30	0.00454747863443572
22507	31	-0.126596311452147
22507	32	-0.220652727968883
22507	33	0.0253371213578859
22507	34	-0.181604333259614
22507	35	0.00924947810360521
22507	36	0.000562258359011025
22507	37	-0.0514085784961367
22507	38	0.0629700107695186
22507	39	-0.0214507388891789
22507	40	-0.0641872761969964
22507	41	-0.0319740369955497
22507	42	-0.160693696396756
22507	43	-0.127990662034534
22507	44	-0.00851145849889434
22507	45	-0.15968902834156
22507	46	-0.0183951407996545
22507	47	-0.162602650795165
22507	48	-0.215385779697826
22507	49	-0.0978215042758208
22507	50	-0.112545078563834
22507	51	-0.176868672278772
22507	52	-0.0572785714205679
22507	53	-0.059334766321598
22507	54	0.000571331870311553
22507	55	0.086052024164843
22507	56	-0.0683247147582549
22507	57	0.029696229990428
22507	58	-0.0261558706281164
22507	59	-0.0585107599425214
22507	60	0.0919885773224536
22507	61	-0.1043743970788
22507	62	0.0580469566718804
22507	63	0.0844600873607817
22507	64	-0.141921905039737
22507	65	-0.026020052033644
22507	66	0.0560549781543216
22507	67	-0.0808764417300338
22507	68	0.0679806980607012
22507	69	-0.0519261912192803
22507	70	-0.145737122613916
22507	71	-0.0396769284463971
22507	72	-0.0229025033246231
22507	73	-0.0970595587006216
22507	74	-0.309759946678774
22508	1	0.227530213637646
22508	2	0.0165993781793041
22508	3	0.0895916982278351
22508	4	0.0525637226166573
22508	5	-0.0648014974528017
22508	6	0.00322146921753586
22508	7	0.0618092959666967
22508	8	0.035187011715621
22508	9	0.0522489401699602
22508	10	0.042155073077069
22508	11	-0.217494910264989
22508	12	-0.1087766958251
22508	13	-0.02310835517779
22508	14	-0.0267005887714262
22508	15	0.133433968678141
22508	16	0.0399693273838579
22508	17	0.101508993818356
22508	18	-0.039058123808168
22508	19	-0.0237548418772136
22508	20	-0.0198948038442381
22508	21	0.035889921424868
22508	22	0.131284552330293
22508	23	0.0583427761794226
22508	24	0.086345669651422
22508	25	-0.0597521830521686
22508	26	0.118001667778074
22508	27	0.00905191747312273
22508	28	0.0268206116599288
22508	29	-0.0794161998878948
22508	30	0.0362770567465276
22508	31	-0.0792115189603564
22508	32	0.156683757769166
22508	33	0.0387130891243785
22508	34	0.0868169043102185
22508	35	0.00493360625900863
22508	36	-0.0294916786062274
22508	37	-0.0178246946014156
22508	38	-0.0570993058123079
22508	39	-0.320246218870402
22508	40	-0.0586303968872741
22508	41	-0.0689993447683932
22508	42	-0.0707980322933537
22508	43	-0.00225340649522821
22508	44	-0.0831308674157256
22508	45	-0.0621227301986309
22508	46	0.0634466107719902
22508	47	-0.092594124167519
22508	48	-0.074680092870743
22508	49	-0.0137556617205803
22508	50	-0.178887438678608
22508	51	-0.101885015362036
22508	52	0.0196703051009308
22508	53	0.113348420839969
22508	54	0.0126604407239199
22508	55	-0.112699827087063
22508	56	-0.0247710386214166
22508	57	-0.0409972952010875
22508	58	0.0544157959767944
22508	59	-0.0830383206400214
22508	60	-0.0353668217269458
22508	61	-0.0422644404917563
22508	62	0.105687399848513
22508	63	0.125653824746166
22508	64	-0.0177823194345024
22508	65	-0.0435949170311858
22508	66	0.0620669450253288
22508	67	0.0195702690949275
22508	68	-0.023738803125454
22508	69	-0.170355540393885
22508	70	-0.127259927723877
22508	71	-0.119225468725062
22508	72	-0.0343145334098836
22508	73	-0.00323648792308262
22508	74	-0.290485098464778
22509	1	-0.799291041733973
22509	2	0.0628212037111489
22509	3	0.0184230341374665
22509	4	-0.0134931695772522
22509	5	-0.134927753479182
22509	6	-0.1145742034603
22509	7	-0.0496193318188318
22509	8	-0.11643911746846
22509	9	-0.0702661973484595
22509	10	-0.0531741717154119
22509	11	-0.000897582226706106
22509	12	-0.122051029683881
22509	13	0.0594161188102262
22509	14	-0.0532325450850735
22509	15	-0.0730620005860203
22509	16	-0.0446900969438957
22509	17	-0.116979188479498
22509	18	-0.0189121154502772
22509	19	0.0239282726463159
22509	20	-0.0135828243976235
22509	21	-0.021309926693128
22509	22	-0.136015449149077
22509	23	-0.0352106764788118
22509	24	-0.0667669526089369
22509	25	-0.03831830076291
22509	26	-0.0890164643691307
22509	27	-0.0713321270263307
22509	28	-0.083709983633149
22509	29	-0.176228924224795
22509	30	-0.221171709102599
22509	31	0.0142986484221623
22509	32	-0.053092577896642
22509	33	-0.0384960625883224
22509	34	-0.195772388008393
22509	35	0.00320575667699075
22509	36	-0.0764998209229688
22509	37	-0.141072004075795
22509	38	-0.143387506059199
22509	39	-0.104872329514954
22509	40	0.000978517869320683
22509	41	-0.138554939513625
22509	42	-0.0392077826595312
22509	43	-0.103125042488287
22509	44	-0.206415223146116
22509	45	-0.0769715015402639
22509	46	-0.112363727187088
22509	47	-0.206643538354378
22509	48	-0.251395399707448
22509	49	-0.164466956083871
22509	50	-0.183381177812869
22509	51	-0.109375053845113
22509	52	-0.122841466632849
22509	53	-0.25261969037593
22509	54	-0.159062905752009
22509	55	-0.0993542934653462
22509	56	-0.26765329793173
22509	57	-0.235607905845875
22509	58	-0.134741841670412
22509	59	-0.015313230037286
22509	60	-0.017655466458173
22509	61	-0.0516558554727453
22509	62	-0.0964441832755796
22509	63	-0.0991034494600882
22509	64	-0.163163093199373
22509	65	-0.0372874034066015
22509	66	-0.124905381428711
22509	67	-0.0888836319068247
22509	68	-0.0600578616413046
22509	69	0.0711700292554269
22509	70	-0.0253887737880447
22509	71	-0.070613628557922
22509	72	-0.0522329816292952
22509	73	0.0143553178041529
22509	74	-0.0341225918444934
22510	1	0.130408847652273
22510	2	-0.0687406331900711
22510	3	-0.0952937344156233
22510	4	-0.124828550863107
22510	5	-0.123608150472851
22510	6	-0.227309596186103
22510	7	-0.114148764665678
22510	8	-0.0207108310476443
22510	9	-0.051406732080153
22510	10	-0.103997778563794
22510	11	-0.128253581938218
22510	12	-0.198386953952564
22510	13	0.040134149349349
22510	14	-0.0490768612707413
22510	15	-0.0511101583268143
22510	16	-0.0235114180141949
22510	17	-0.148014594551896
22510	18	-0.125653281755277
22510	19	-0.0710117906160193
22510	20	-0.0664834441717588
22510	21	-0.0772348088188792
22510	22	-0.167534704038481
22510	23	-0.0271216140319197
22510	24	-0.0651232206340993
22510	25	-0.119059155923559
22510	26	-0.106645030405375
22510	27	-0.0913756540769626
22510	28	-0.217417086262984
22510	29	-0.0534378488176088
22510	30	-0.108158469440475
22510	31	-0.0504535040971561
22510	32	-0.122601149426274
22510	33	-0.13234035058862
22510	34	-0.126347958092005
22510	35	-0.311283263326054
22510	36	-0.0460657874166017
22510	37	0.127690145700321
22510	38	-0.036334594169432
22510	39	0.0103787159283968
22510	40	-0.0534712565580193
22510	41	-0.0483149813456905
22510	42	-0.0487237754272201
22510	43	-0.0718103338664662
22510	44	0.0773851995894077
22510	45	-0.0457114050960215
22510	46	-0.0937203338128541
22510	47	-0.00156744775689077
22510	48	0.0752129640941703
22510	49	0.0856664502356281
22510	50	-0.0884237071737388
22510	51	-0.154884252856363
22510	52	-0.0869831389800453
22510	53	-0.0562088311128548
22510	54	-0.0723398794120484
22510	55	-0.0973564376038212
22510	56	-0.0409230987175562
22510	57	-0.113153666395476
22510	58	0.0328270931702477
22510	59	-0.135992602968933
22510	60	-0.116298515375171
22510	61	-0.0371277276810886
22510	62	0.0184911487133945
22510	63	-0.0377601928157958
22510	64	0.0377476096591067
22510	65	-0.15521088417276
22510	66	-0.250342366375257
22510	67	-0.041257187565904
22510	68	0.122746951317012
22510	69	-0.125893575702918
22510	70	-0.0585916638758093
22510	71	-0.0419525009625303
22510	72	-0.0143111891065004
22510	73	-0.0878227521874635
22510	74	-0.19634037872995
22511	1	-0.300679813221191
22511	2	-0.113890350130703
22511	3	-0.265604034714823
22511	4	-0.0816933369017292
22511	5	-0.170595284944635
22511	6	-0.178555767423987
22511	7	-0.227545992980268
22511	8	-0.28968199371554
22511	9	-0.121926816925857
22511	10	-0.188436613222287
22511	11	-0.107913993896936
22511	12	-0.226991870077576
22511	13	-0.196698431266832
22511	14	-0.233527649543667
22511	15	-0.1860946158546
22511	16	-0.175308037942507
22511	17	-0.32605133957437
22511	18	-0.326898066262949
22511	19	-0.297502969347796
22511	20	-0.150467847339712
22511	21	-0.284730834450087
22511	22	-0.352285858075362
22511	23	-0.171096520871387
22511	24	-0.241301608499214
22511	25	-0.335468528666652
22511	26	-0.224965705665333
22511	27	-0.257394995080581
22511	28	-0.277898492429607
22511	29	-0.295545689833979
22511	30	-0.146090810318732
22511	31	-0.341508345394203
22511	32	-0.283492639451246
22511	33	-0.294573224747843
22511	34	-0.224726620862512
22511	35	-0.327764551897957
22511	36	-0.107469403910123
22511	37	-0.0727881487939186
22511	38	-0.0703130649937691
22511	39	-0.131637445761896
22511	40	-0.140488319041573
22511	41	-0.201269677151345
22511	42	-0.091423687601683
22511	43	-0.0929380172299119
22511	44	-0.243974205075098
22511	45	-0.107632237287412
22511	46	-0.0883476473959632
22511	47	-0.135251476024465
22511	48	0.00173395896280937
22511	49	-0.120238602268884
22511	50	-0.367712520162392
22511	51	-0.31990671535717
22511	52	-0.247862415183214
22511	53	-0.124480606552623
22511	54	-0.194823899795608
22511	55	-0.0566797222539037
22511	56	-0.129599450147118
22511	57	-0.109068438670405
22511	58	-0.244073325673277
22511	59	-0.233903107722178
22511	60	-0.0422070355207538
22511	61	-0.12434103724906
22511	62	-0.100004313670986
22511	63	-0.142660008039975
22511	64	-0.0858808416019841
22511	65	-0.331064444091162
22511	66	-0.100353508994203
22511	67	-0.0759800178081207
22511	68	-0.348865113522436
22511	69	-0.251110481908412
22511	70	-0.169435102888265
22511	71	-0.0822061765782394
22511	72	-0.0712209960125207
22511	73	-0.00962476177418381
22511	74	-0.0564939564977394
22512	1	-0.418512670190996
22512	2	-0.042010203849447
22512	3	0.0179292567116143
22512	4	0.0420666446330458
22512	5	-0.0147974005880194
22512	6	0.0546880226617574
22512	7	-0.0946139672730055
22512	8	-0.0158789593944491
22512	9	-0.0265358386945209
22512	10	-0.0266408045665472
22512	11	-0.0408658271598767
22512	12	-0.0505523846156635
22512	13	-0.0511673268564579
22512	14	-0.0586060612723571
22512	15	-0.0252020153680874
22512	16	-0.0979820415897166
22512	17	-0.000259610292907553
22512	18	-0.0666701647834387
22512	19	-0.137030256301983
22512	20	9.04474425524882e-05
22512	21	-0.00812282106607398
22512	22	-0.0326111439753305
22512	23	-0.0124924297107967
22512	24	0.164405013772338
22512	25	0.0137513646672076
22512	26	0.0164888073470877
22512	27	-0.0353146451580102
22512	28	-0.00850263924779426
22512	29	-0.0521132859824789
22512	30	-0.0128931832966401
22512	31	-0.0383843992052704
22512	32	-0.014285858391851
22512	33	-0.0334699438963497
22512	34	0.0342330241075146
22512	35	-0.0173727879123504
22512	36	-0.103168581155124
22512	37	-0.0515934650918624
22512	38	0.10665484361914
22512	39	0.129028461368804
22512	40	-0.198795467103153
22512	41	-0.18533402839617
22512	42	-0.106147850970551
22512	43	-0.0978683359031791
22512	44	-0.0111789851032214
22512	45	-0.0879981759283623
22512	46	-0.0800187030913904
22512	47	-0.17779172958695
22512	48	-0.103007837098666
22512	49	-0.229175997843328
22512	50	-0.045340094260979
22512	51	-0.0422259143085739
22512	52	0.0553600694911509
22512	53	0.00843361701005563
22512	54	-0.195097012237831
22512	55	-0.115883767783437
22512	56	-0.1187489727659
22512	57	-0.0843162222575842
22512	58	0.03076541206363
22512	59	-0.151186340312783
22512	60	-0.0254520199886343
22512	61	0.0728501118825662
22512	62	-0.0277929809269679
22512	63	0.0675752774936953
22512	64	0.0139397232287166
22512	65	-0.107557425111345
22512	66	-0.00890457209934681
22512	67	-0.148684147536542
22512	68	-0.0710102142101618
22512	69	-0.205920647947593
22512	70	-0.0756877448765465
22512	71	0.108681559013128
22512	72	-0.123439232378431
22512	73	-0.0377537993575601
22512	74	-0.175491263005277
22601	1	-0.985448696180956
22601	2	0.250285744862015
22601	3	0.104254939252474
22601	4	0.213193896584698
22601	5	0.188087600819017
22601	6	0.194418118404158
22601	7	0.15361169683375
22601	8	0.229322745057878
22601	9	0.192030924485117
22601	10	0.1378250512549
22601	11	0.182597681612499
22601	12	0.258886856699554
22601	13	0.258610369748816
22601	14	0.192818963217761
22601	15	0.00317075545681433
22601	16	0.112305551746246
22601	17	0.197350597348347
22601	18	0.243087948245304
22601	19	0.134477725921236
22601	20	0.13690812477077
22601	21	0.174098101260782
22601	22	0.24966099366145
22601	23	0.144686632721225
22601	24	0.137917800783491
22601	25	0.205248516321141
22601	26	0.173551645509683
22601	27	0.202765023385702
22601	28	0.178334046921563
22601	29	0.101196742894786
22601	30	0.256435913172481
22601	31	0.145135425121531
22601	32	0.317748572941532
22601	33	0.220025405217086
22601	34	0.192979198391974
22601	35	0.20140215720042
22601	36	0.00523524466645142
22601	37	-0.0367381422191855
22601	38	-0.0186198778052358
22601	39	0.121789130283176
22601	40	0.105340968162452
22601	41	0.181491010956108
22601	42	0.049779167952714
22601	43	-0.0314740036831793
22601	44	0.0156690393114047
22601	45	0.0517765287550631
22601	46	0.0670861352058907
22601	47	-0.160524056250551
22601	48	0.0452670173433205
22601	49	0.0214574443389068
22601	50	0.0778061944856105
22601	51	-0.0292757928934151
22601	52	0.0245581677469602
22601	53	0.079942691661401
22601	54	0.248050578123618
22601	55	0.0433536874808595
22601	56	-0.0440743993262842
22601	57	-0.00292355708112524
22601	58	-0.0193576296950084
22601	59	-0.00143476692471722
22601	60	0.123221107710954
22601	61	0.0926148829897997
22601	62	0.0135754817497542
22601	63	-0.00295723831649752
22601	64	-0.0723460561269889
22601	65	0.0135330649698915
22601	66	0.0240905730741048
22601	67	0.114366272599284
22601	68	0.000442136888452183
22601	69	0.0994672982495075
22601	70	0.189279494954256
22601	71	-0.0139706981072152
22601	72	0.0475453556315344
22601	73	0.0341136175495933
22601	74	0.238694237701402
22602	1	-0.711707903452819
22602	2	0.145073563700468
22602	3	0.116730977044966
22602	4	0.0160511424799168
22602	5	-0.0152102733649322
22602	6	0.0831355894001149
22602	7	0.183903954974106
22602	8	0.139515693225512
22602	9	-0.0351605432126831
22602	10	0.159059794008634
22602	11	0.139901980688947
22602	12	0.132369679549463
22602	13	0.184592966617487
22602	14	0.0937155350004062
22602	15	0.118053996922335
22602	16	0.157487280472282
22602	17	0.0655208705819135
22602	18	0.0194133574821009
22602	19	0.154322859690424
22602	20	0.302594290456938
22602	21	0.166914005469089
22602	22	0.184122219261916
22602	23	0.0324149381710441
22602	24	0.136140393942789
22602	25	0.0813021392102087
22602	26	0.0770803718232216
22602	27	0.0648232651907747
22602	28	0.234792356544425
22602	29	0.0901295166376812
22602	30	0.176229200054372
22602	31	0.215301077565663
22602	32	0.198884783191666
22602	33	0.065999871444717
22602	34	0.250551255964034
22602	35	0.143143022991914
22602	36	-0.0364160537579181
22602	37	0.11270504715214
22602	38	-0.0156249915878632
22602	39	0.117566705712427
22602	40	-0.144901561911283
22602	41	-0.0144497559960186
22602	42	0.0156170061020688
22602	43	-0.0999515295498554
22602	44	-0.0435006145573595
22602	45	-0.129653667662637
22602	46	0.195012214221563
22602	47	0.0721319083750416
22602	48	0.166704743640224
22602	49	0.0571732634936382
22602	50	-0.00410584287197224
22602	51	0.0367006648378663
22602	52	0.122849769157391
22602	53	0.161335814455995
22602	54	-0.0509573347158607
22602	55	0.0572348830477054
22602	56	0.223366288444097
22602	57	0.0795394481532057
22602	58	0.197794490391807
22602	59	0.0789474483513644
22602	60	0.180525067552281
22602	61	0.0863287236662629
22602	62	0.017291344782393
22602	63	-0.0216386061736742
22602	64	-0.00352991289106086
22602	65	0.118861721253268
22602	66	0.173280208167277
22602	67	-0.0124982581902913
22602	68	0.113733493299485
22602	69	0.0694530502407247
22602	70	-0.0133134803953823
22602	71	-0.040702780496737
22602	72	0.0401905257063504
22602	73	0.0464010681436733
22602	74	0.0435697222930358
22603	1	-0.675219273799016
22603	2	-0.0530379411644937
22603	3	-0.0134033463358989
22603	4	-0.0473881003734817
22603	5	-0.0416328457598425
22603	6	-0.0351092884053799
22603	7	-0.0588868557581179
22603	8	-0.0210915023694795
22603	9	0.119182522033562
22603	10	-0.112636324717592
22603	11	-0.00603697322396357
22603	12	-0.000581689366107696
22603	13	0.0434754276154905
22603	14	-0.0880382956549681
22603	15	0.0542880609025289
22603	16	-0.0226504704547352
22603	17	-0.00758007843441533
22603	18	0.0187573218382724
22603	19	-0.0168562459882722
22603	20	0.0666736399715973
22603	21	0.00794391850876508
22603	22	0.104070306012282
22603	23	0.0923761323877343
22603	24	-0.0244247438395959
22603	25	-0.0629747031951879
22603	26	-0.0305667651160206
22603	27	-0.0993654677530387
22603	28	0.055478044601962
22603	29	-0.0582055735200271
22603	30	-0.123469473932339
22603	31	0.0360064698739819
22603	32	-0.0662362423036456
22603	33	-0.0778391723129559
22603	34	-0.0316675950098997
22603	35	0.023297298996475
22603	36	-0.0190833471732361
22603	37	-0.112851926211725
22603	38	-0.0843673023104472
22603	39	-0.0352862295604126
22603	40	-0.16908788103968
22603	41	0.0519168154977052
22603	42	-0.0334412523727892
22603	43	-0.134094099435984
22603	44	-0.0278663938505233
22603	45	-0.0224830996124581
22603	46	-0.076740457734374
22603	47	-0.132100600968613
22603	48	-0.0491911627206036
22603	49	0.0941077488676427
22603	50	-0.0336919691864637
22603	51	-0.1334139242608
22603	52	-0.0702994836560862
22603	53	-0.0603218326751787
22603	54	-0.234101726205552
22603	55	0.0389531648684667
22603	56	-0.0475263232615006
22603	57	-0.017870239486399
22603	58	-0.201544419640989
22603	59	0.0537346277350466
22603	60	-0.0258625269709967
22603	61	-0.0185773615384548
22603	62	-0.192548566514247
22603	63	-0.0181720200925639
22603	64	-0.131633225285405
22603	65	-0.114496588847999
22603	66	-0.0403119545185646
22603	67	0.0123591706967545
22603	68	-0.00155145796001221
22603	69	-0.0906017738419536
22603	70	-0.056763669334245
22603	71	-0.0399595266771371
22603	72	0.0130445988070633
22603	73	-0.108726008518779
22603	74	-0.0492324651006939
22604	1	-0.19065621440113
22604	2	-0.104605394378488
22604	3	-0.0642358931219036
22604	4	-0.180007791179015
22604	5	-0.108693220047879
22604	6	-0.190374056509533
22604	7	-0.14310882483867
22604	8	-0.184571079261261
22604	9	-0.202306167958305
22604	10	-0.158800035051193
22604	11	-0.11404673725977
22604	12	-0.174095114915332
22604	13	-0.181917900293378
22604	14	-0.182800215915343
22604	15	-0.151816739748405
22604	16	-0.101904498119502
22604	17	-0.170211811550772
22604	18	-0.121922255053505
22604	19	-0.199118898551333
22604	20	-0.156364602501959
22604	21	-0.219959743004658
22604	22	-0.0474805483408502
22604	23	-0.200569677213572
22604	24	-0.248968275165879
22604	25	-0.244776493268425
22604	26	-0.264382224839373
22604	27	-0.157082310714799
22604	28	-0.284986398034327
22604	29	-0.191522091013923
22604	30	-0.207111459286281
22604	31	-0.206444628580044
22604	32	-0.195395884288999
22604	33	-0.299969684924839
22604	34	-0.166984437971657
22604	35	-0.304046557797662
22604	36	-0.123925273684804
22604	37	-0.212464276468637
22604	38	-0.0843033520829621
22604	39	-0.0831746571677456
22604	40	-0.198395308512694
22604	41	-0.114218113745338
22604	42	-0.0452163406910131
22604	43	-0.144319567495572
22604	44	-0.0282897541564751
22604	45	-0.147489851770445
22604	46	0.052451281945622
22604	47	-0.137089095291394
22604	48	-0.162283783271199
22604	49	-0.155827910196322
22604	50	-0.0880097656999936
22604	51	-0.0487827305028929
22604	52	-0.0903830596334387
22604	53	-0.286273466055903
22604	54	-0.113218242569189
22604	55	-0.189344839733415
22604	56	-0.0775767870831388
22604	57	-0.103331696639813
22604	58	-0.0903980975439609
22604	59	-0.0445200791850411
22604	60	-0.224596824420559
22604	61	-0.228499043425892
22604	62	-0.245369572517625
22604	63	-0.18473011928544
22604	64	0.0184678408499295
22604	65	-0.0718166341145903
22604	66	-0.0928067483544623
22604	67	-0.196220761276031
22604	68	-0.230584177430785
22604	69	-0.148349830008904
22604	70	-0.189453143447892
22604	71	-0.0796877187679144
22604	72	-0.207707499279273
22604	73	-0.0268235769209255
22604	74	-0.263044225618607
22605	1	0.444678454937545
22605	2	-0.0643079995889089
22605	3	-0.125379780897454
22605	4	-0.127627831259176
22605	5	-0.197564562733252
22605	6	-0.119086681760031
22605	7	-0.166249506201396
22605	8	-0.259423985072885
22605	9	-0.437060476575539
22605	10	-0.263186407796688
22605	11	-0.162415474734715
22605	12	-0.311794513712925
22605	13	-0.176506277046883
22605	14	-0.246378572628771
22605	15	-0.231442391051011
22605	16	-0.22230690292912
22605	17	-0.350078745418507
22605	18	-0.292521052648702
22605	19	-0.262836734222681
22605	20	-0.246476826950854
22605	21	-0.197992608736122
22605	22	-0.23077513751921
22605	23	-0.284372482824793
22605	24	-0.128960259133812
22605	25	-0.121517174631144
22605	26	-0.285914890170034
22605	27	-0.186032210514398
22605	28	-0.148644113465188
22605	29	-0.267421890613122
22605	30	-0.22860244125021
22605	31	-0.239141221766417
22605	32	-0.129116926373172
22605	33	-0.280349644844677
22605	34	-0.185669007109937
22605	35	-0.197566397477019
22605	36	-0.112098360825165
22605	37	-0.0351904009342476
22605	38	-0.0203916091754692
22605	39	-0.0808546521955904
22605	40	0.0572867488903057
22605	41	-0.110952129502522
22605	42	-0.0826562020053032
22605	43	-0.0384345472494161
22605	44	-0.0305514499153716
22605	45	-0.171680991042251
22605	46	-0.0291234780361904
22605	47	-0.13653551574442
22605	48	-0.0859720404316278
22605	49	0.00470748412882216
22605	50	-0.0867466479360814
22605	51	-0.0213946119029274
22605	52	-0.0855160264385617
22605	53	-0.150009746329594
22605	54	-0.168999589761036
22605	55	-0.0855325041804349
22605	56	0.00715198545583462
22605	57	-0.0770257807540844
22605	58	-0.0277968723488371
22605	59	-0.128301321978583
22605	60	0.0154529793189369
22605	61	-0.132298439724764
22605	62	-0.142584722517164
22605	63	-0.0647033128606154
22605	64	-0.141183646426455
22605	65	-0.116435801636776
22605	66	-0.0828602683215323
22605	67	-0.0281974712683919
22605	68	-0.100997974593653
22605	69	-0.263131962838209
22605	70	-0.207732785879386
22605	71	-0.0663682748739163
22605	72	-0.015808920088908
22605	73	-0.223554077028126
22605	74	0.231673730977555
22606	1	0.0333898508579864
22606	2	0.133635680477557
22606	3	0.106832820889615
22606	4	0.0831599631396038
22606	5	0.0250549565356124
22606	6	0.284058956926167
22606	7	0.146893478424282
22606	8	0.09908266354104
22606	9	-0.0211345748680927
22606	10	0.106583458230951
22606	11	0.0891317656193138
22606	12	0.135217744969502
22606	13	0.045513193756527
22606	14	0.0748535268869546
22606	15	0.0378132026700229
22606	16	0.102503947178008
22606	17	0.207956326645011
22606	18	0.131253944562616
22606	19	0.140035036189545
22606	20	0.175086453160233
22606	21	0.0426245180318077
22606	22	0.0441586071293969
22606	23	0.140638768083939
22606	24	0.0601219359665564
22606	25	0.196616213065553
22606	26	0.0209168154677286
22606	27	-0.00359670610826868
22606	28	0.00228653862593831
22606	29	0.206086354283585
22606	30	-0.0155490792478972
22606	31	0.0262379050092107
22606	32	0.144455939127504
22606	33	-0.118008840395085
22606	34	0.0959629708575136
22606	35	0.056019469073739
22606	36	-0.0483893814408844
22606	37	-0.06016900095306
22606	38	-0.0474802393694489
22606	39	-0.063586740371484
22606	40	-0.120614921184952
22606	41	0.0242068042125254
22606	42	0.0298491978037276
22606	43	-0.0812105990365737
22606	44	0.0683304907321585
22606	45	0.0111577383806889
22606	46	-0.072354006836342
22606	47	0.0522952554490459
22606	48	-0.0766701969666812
22606	49	-0.0982841596805812
22606	50	-0.0435017669001709
22606	51	-0.150990516731653
22606	52	-0.0858620747896452
22606	53	0.0287058880392266
22606	54	0.0534839849024848
22606	55	-0.213650808709787
22606	56	0.00272646772710061
22606	57	-0.0514644961628647
22606	58	0.0481062331134936
22606	59	-0.123052778026256
22606	60	-0.064993362930494
22606	61	-0.146941513501091
22606	62	-0.0372471938489554
22606	63	-0.117365324870462
22606	64	0.0246470326341992
22606	65	-0.120008520348343
22606	66	-0.0651345221035555
22606	67	0.0830362540300911
22606	68	0.0353868047120756
22606	69	-0.125552286498788
22606	70	-0.00719800015338024
22606	71	-0.0726812857708765
22606	72	-0.151100542455374
22606	73	-0.0373174138150532
22606	74	0.00588142911057332
22607	1	-0.482802537081145
22607	2	-0.104110515672289
22607	3	0.0829137410713976
22607	4	0.141691400195647
22607	5	-0.0227326501595471
22607	6	-0.071822959089431
22607	7	0.0263476249110397
22607	8	-0.0515309560421642
22607	9	-0.0569027024211479
22607	10	0.0827916476596258
22607	11	0.0422844140686891
22607	12	0.0263916005255638
22607	13	-0.00153237853750454
22607	14	0.0540050208963621
22607	15	-0.00521666273646559
22607	16	0.0566005461623647
22607	17	-0.108333028339374
22607	18	0.0110363895364003
22607	19	0.0187226108826266
22607	20	0.0265010116682376
22607	21	0.0480128407458196
22607	22	0.0276091705655759
22607	23	0.0273499223243618
22607	24	0.0838973390043165
22607	25	0.0922582391150968
22607	26	-0.0336369033145374
22607	27	0.0199149938674097
22607	28	-0.0554044188275498
22607	29	0.0858664342074889
22607	30	-0.00409721207796565
22607	31	0.053629764950955
22607	32	0.0435334957649047
22607	33	-0.0845167777242182
22607	34	-0.124940079096035
22607	35	-0.0375695458608121
22607	36	-0.0927202713912578
22607	37	-0.0870396193364087
22607	38	0.0891278966849356
22607	39	0.00863645406387548
22607	40	-0.00187913980203547
22607	41	-0.0648025376566679
22607	42	-0.287189403791956
22607	43	-0.0496013292971327
22607	44	-0.0871412515972096
22607	45	-0.0281628723179495
22607	46	0.00947948906793528
22607	47	-0.0421805787985861
22607	48	-0.021202715467048
22607	49	-0.0857968851051041
22607	50	0.146496893458
22607	51	-0.0674495389149072
22607	52	-0.0522885193193403
22607	53	0.0267950716493175
22607	54	0.0112724798148847
22607	55	-0.124491555742786
22607	56	-0.0772372686725262
22607	57	-0.0168622576712565
22607	58	-0.0254173915579017
22607	59	-0.0253148504394005
22607	60	0.0920325955773507
22607	61	-0.182751511167403
22607	62	-0.228532119120153
22607	63	-0.0897105252102151
22607	64	-0.287462991703407
22607	65	-0.117599662122636
22607	66	-0.06984424204947
22607	67	-0.059149404846579
22607	68	-0.0391780589912614
22607	69	-0.187631072988978
22607	70	-0.204590073245626
22607	71	-0.140314824350348
22607	72	-0.0810926164112189
22607	73	-0.0425547614589163
22607	74	0.0442722853847144
22608	1	0.0179605588218834
22608	2	0.0143733194236901
22608	3	0.0318217225230768
22608	4	-0.0661598784298612
22608	5	-0.102547601394249
22608	6	0.0250409115235612
22608	7	0.190477034506948
22608	8	-0.0489169235636311
22608	9	-0.163478939676999
22608	10	0.0456825523876887
22608	11	0.111686245064412
22608	12	0.0648699095299463
22608	13	0.0243387375403969
22608	14	-0.167542449837875
22608	15	-0.00598041030124108
22608	16	-0.14310525028197
22608	17	-0.0103688630739001
22608	18	0.0920977524681135
22608	19	-0.0236255551891702
22608	20	-0.145460503216512
22608	21	0.0709411971984224
22608	22	0.0329165934417759
22608	23	-0.0500625692782535
22608	24	0.0416838496930936
22608	25	-0.0171411416324716
22608	26	0.0347615134080854
22608	27	0.0402527776642927
22608	28	-0.0703693239463234
22608	29	0.0834557201932995
22608	30	-0.19390499068907
22608	31	0.00295003106644032
22608	32	0.110569215372529
22608	33	0.0970692018747101
22608	34	-0.00863453199196584
22608	35	-0.0382482877713386
22608	36	0.0507408980749346
22608	37	0.0398123993787607
22608	38	0.148465776953621
22608	39	0.015031825073315
22608	40	-0.0949461933828459
22608	41	-0.0990330277560361
22608	42	0.00888041108780158
22608	43	-0.0520508009006448
22608	44	-0.103582914406175
22608	45	-0.102082555212704
22608	46	-0.0849441539755347
22608	47	-0.0427999062760023
22608	48	0.0370303812556472
22608	49	-0.165227205600338
22608	50	-0.116061297889345
22608	51	-0.103612620221988
22608	52	-0.0055220806567462
22608	53	-0.0172452899231033
22608	54	0.0733402557779783
22608	55	-0.00667238148047034
22608	56	0.00228611477139395
22608	57	0.170271039500008
22608	58	0.00631212418008431
22608	59	-0.17985269024544
22608	60	0.0916981900469125
22608	61	-0.065535701674591
22608	62	-0.0288336385220163
22608	63	-0.0594488292457669
22608	64	0.113754093519638
22608	65	-0.000600780366163178
22608	66	0.0452808180875337
22608	67	0.0877000797876661
22608	68	-0.0253369457675845
22608	69	-0.126507003449319
22608	70	-0.0864975968625714
22608	71	-0.144709226535433
22608	72	-0.0354100793979342
22608	73	-0.0369587512335059
22608	74	-0.171392975718533
22609	1	-1.11196161682671
22609	2	0.0102213604910446
22609	3	-0.173502045271849
22609	4	-0.0410918044094473
22609	5	-0.0971376154907304
22609	6	-0.0666329319229817
22609	7	-0.18503047129218
22609	8	-0.061857518070525
22609	9	-0.0377084465323563
22609	10	-0.0562550883404285
22609	11	-0.0514021213097493
22609	12	-0.0696658609645766
22609	13	-0.104589124108152
22609	14	-0.0452928289252696
22609	15	-0.0107519841438446
22609	16	-0.00846208724114916
22609	17	-0.0363104517565773
22609	18	-0.0679476868800393
22609	19	-0.122845763674448
22609	20	-0.0405667340712341
22609	21	-0.0475648881718769
22609	22	-0.106817556793629
22609	23	-0.0122236279669679
22609	24	-0.111064563295244
22609	25	-0.0870089078218967
22609	26	-0.00322794332522847
22609	27	-0.063452762754487
22609	28	-0.0897974233926533
22609	29	0.0399935282437056
22609	30	-0.129197457081212
22609	31	-0.0707784764300996
22609	32	-0.0771956637818363
22609	33	-0.0666284133335111
22609	34	-0.02074570221275
22609	35	0.021008348486788
22609	36	0.123737527118699
22609	37	0.0160204208085588
22609	38	-0.0278680915998422
22609	39	-0.0679684333499608
22609	40	0.093383100512284
22609	41	-0.0369548003978792
22609	42	-0.0614321392842072
22609	43	-0.0992192726850831
22609	44	-0.084344515495566
22609	45	-0.0387045446604475
22609	46	-0.044201454336303
22609	47	0.0012860597452331
22609	48	-0.0130872243206213
22609	49	0.116207453429489
22609	50	0.0101189503938741
22609	51	0.0460380030660659
22609	52	0.0546033939580752
22609	53	0.100894348961127
22609	54	0.0668403439284049
22609	55	0.012108820547418
22609	56	-0.107314366273961
22609	57	-0.0350580492806074
22609	58	-0.108422340446786
22609	59	-0.0597080867132433
22609	60	-0.175789391990712
22609	61	-0.124258250335352
22609	62	0.0236601671363488
22609	63	-0.128641062928416
22609	64	-0.0312475043810849
22609	65	-0.038773958207976
22609	66	0.0932178396092453
22609	67	-0.00253662346145234
22609	68	-0.0395986405739635
22609	69	-0.00984677830018654
22609	70	0.127210656807598
22609	71	0.0207127160423894
22609	72	0.0563728589724803
22609	73	0.0291221869344085
22609	74	-0.0617232025875794
22610	1	-0.85067234934796
22610	2	0.0681827244333917
22610	3	0.000139464413852153
22610	4	0.0427882484249444
22610	5	-0.0590696043529775
22610	6	0.0404529328560699
22610	7	0.0263867380509524
22610	8	0.0971352647064734
22610	9	0.0580989658884121
22610	10	-0.0451375488025718
22610	11	0.0508494856958635
22610	12	0.0383082587553716
22610	13	0.105727570920408
22610	14	0.0109332640993216
22610	15	0.025681023361237
22610	16	0.0312607384041499
22610	17	0.025852434873876
22610	18	0.0614432014921462
22610	19	0.11811997200239
22610	20	0.0836361309047149
22610	21	0.117376817318039
22610	22	0.123890188732858
22610	23	-0.0226469782770096
22610	24	-0.0313181101493782
22610	25	0.0773530263502096
22610	26	0.0858449845482312
22610	27	0.137249189101851
22610	28	0.0995755381592929
22610	29	0.0508680813366453
22610	30	0.0526421160712545
22610	31	0.0676445536715136
22610	32	0.0671576910685374
22610	33	-0.0734279907554196
22610	34	-0.108584291290327
22610	35	-0.00200299344123067
22610	36	0.000813720969368603
22610	37	0.00324092687562683
22610	38	0.171501018109161
22610	39	-0.0655131435978973
22610	40	0.0578472591361248
22610	41	-0.0047112635317319
22610	42	-0.0919088153557297
22610	43	-0.145094232576675
22610	44	-0.00586394586255778
22610	45	0.0773208147017996
22610	46	-0.153263784641837
22610	47	-0.0355242914603764
22610	48	-0.036200949613665
22610	49	0.0203943339228303
22610	50	-0.0550948343885693
22610	51	0.0114830424044783
22610	52	-0.193808406727307
22610	53	-0.0208569853609006
22610	54	0.0284687820845519
22610	55	0.0822700466537256
22610	56	0.01272212797425
22610	57	-0.0925945800003802
22610	58	0.0495321519062486
22610	59	0.0463901461627714
22610	60	0.0562659372562351
22610	61	0.0480967206822953
22610	62	-0.0205881856940948
22610	63	-0.0105409651707262
22610	64	-0.160041331450522
22610	65	-0.09605603615897
22610	66	-0.238488955369007
22610	67	0.00707723456901022
22610	68	-0.111719118865238
22610	69	0.0411135748935934
22610	70	-0.159078713123186
22610	71	0.125145938960358
22610	72	0.00951223878877272
22610	73	-0.0467447177504994
22610	74	-0.0796289238921446
22611	1	-0.483158580618824
22611	2	0.0275479365279523
22611	3	0.210524791261061
22611	4	0.0936772470445
22611	5	0.0796065979353742
22611	6	0.0240479311133299
22611	7	0.171837807851531
22611	8	-0.0577981633529987
22611	9	0.15552885206354
22611	10	0.0526064447449457
22611	11	0.089590685383115
22611	12	0.145331168302725
22611	13	0.0242711058951954
22611	14	0.0308230822280819
22611	15	0.129108050932338
22611	16	0.121523823686104
22611	17	0.0961657639861784
22611	18	0.161519171957778
22611	19	0.129244552486163
22611	20	0.110035834338234
22611	21	0.0584111343160529
22611	22	-0.194692779866152
22611	23	0.0795712765541765
22611	24	0.0145380954202139
22611	25	0.0716848099714795
22611	26	0.12366495390107
22611	27	0.116511427909153
22611	28	0.105259106152054
22611	29	0.102426944297328
22611	30	0.0691273466838638
22611	31	0.0912449236587634
22611	32	0.0199370607419382
22611	33	0.11101364234127
22611	34	0.121959573677415
22611	35	0.222346161532514
22611	36	0.0534969009521902
22611	37	0.0386516052225829
22611	38	0.140343044240112
22611	39	-0.105765383594061
22611	40	-0.0699754717412873
22611	41	-0.056264608212949
22611	42	-0.022262696502338
22611	43	0.02771581035487
22611	44	-0.00976919263467835
22611	45	0.100640398329325
22611	46	-0.0772366570070275
22611	47	0.142810927496463
22611	48	0.128829614663907
22611	49	0.0297653397744426
22611	50	0.167284466890713
22611	51	0.0933294984529311
22611	52	0.112356036857335
22611	53	0.187838349182663
22611	54	0.0811046880544666
22611	55	0.0377494944553121
22611	56	0.0224168280622763
22611	57	0.0418431153147623
22611	58	-0.00718533615500405
22611	59	0.020187719954933
22611	60	0.0260794203545274
22611	61	-0.0713432340056954
22611	62	0.12567217914836
22611	63	-0.115474486663835
22611	64	0.0212086295942413
22611	65	-0.182123055559323
22611	66	-0.0116418234167952
22611	67	0.05874785321285
22611	68	0.0213041275010042
22611	69	0.0137882936664511
22611	70	-0.0640642734855774
22611	71	0.141468128730835
22611	72	0.200570201933694
22611	73	-0.0608098244722726
22611	74	0.0997202698944832
22612	1	0.492255072877086
22612	2	0.134899475383683
22612	3	0.228066560634232
22612	4	0.194509989115435
22612	5	0.115871974365106
22612	6	0.0434924591567594
22612	7	0.181743119291184
22612	8	0.146945870531113
22612	9	0.12907080448413
22612	10	0.185794604435401
22612	11	0.190545184220035
22612	12	0.126126855639598
22612	13	0.100996557992765
22612	14	0.177076869777366
22612	15	0.112602588299914
22612	16	0.0149845921032252
22612	17	0.0655323938097467
22612	18	0.130547054119766
22612	19	0.0831328190779601
22612	20	-0.0184506727171296
22612	21	0.0299917858741594
22612	22	0.128486231576098
22612	23	0.118427076278316
22612	24	-0.0437270520628203
22612	25	0.0890651073355784
22612	26	0.0462916898454111
22612	27	0.0479965869824497
22612	28	0.130647728050988
22612	29	0.105731967121223
22612	30	0.116360039392461
22612	31	0.0402991992795307
22612	32	0.135028124771019
22612	33	0.140434392085353
22612	34	0.117581964444348
22612	35	-0.115638252776904
22612	36	0.0201639634633892
22612	37	-0.0619514684420182
22612	38	-0.230299903395917
22612	39	-0.179015880215509
22612	40	0.0515680132896392
22612	41	-0.0821941452455093
22612	42	-0.0110200864246366
22612	43	-0.0937653053017158
22612	44	0.0870026194629432
22612	45	-0.0446772739268226
22612	46	-0.103313843987017
22612	47	0.064739320666213
22612	48	0.0332033625032579
22612	49	0.0471723351574056
22612	50	-0.190688163560985
22612	51	-0.145709826498297
22612	52	0.123831153174095
22612	53	-0.080773801212807
22612	54	-0.0472108349223674
22612	55	-0.100051639038838
22612	56	0.032902264790529
22612	57	-0.123576016889615
22612	58	-0.158893770014856
22612	59	-0.0889163072528802
22612	60	-0.0695833692755201
22612	61	0.0881882729990124
22612	62	-0.0310285184864867
22612	63	-0.228451062014067
22612	64	-0.0824220044049682
22612	65	-0.194086427308221
22612	66	-0.218926069646201
22612	67	-0.137099641563779
22612	68	-0.0180425472817873
22612	69	-0.0375259808428083
22612	70	0.140600170650899
22612	71	-0.107405638065551
22612	72	-0.105896732666238
22612	73	0.0399155328020768
22612	74	0.136511466747898
23101	1	-0.260510858785118
23101	2	0.127142293145802
23101	3	0.0837191787786011
23101	4	0.0411951625714693
23101	5	0.163641175599224
23101	6	0.118531812126299
23101	7	0.237359733264711
23101	8	0.148995496720083
23101	9	0.0567669762313585
23101	10	0.219234321730774
23101	11	0.214024774594101
23101	12	0.155627387999552
23101	13	0.231012842030758
23101	14	0.163242846657525
23101	15	0.18783487315482
23101	16	0.170967013734369
23101	17	0.26679277453551
23101	18	0.167468495043657
23101	19	0.192039127099655
23101	20	0.171780753114056
23101	21	0.0690426666338908
23101	22	0.0780040999296503
23101	23	0.228534403625915
23101	24	0.159608483481612
23101	25	0.0838798611816358
23101	26	0.0738884319814588
23101	27	0.148070429277432
23101	28	0.024714184942745
23101	29	0.0211487212674584
23101	30	0.164381739314571
23101	31	0.0750317802812077
23101	32	0.238749626787566
23101	33	0.207259541658921
23101	34	0.134151512280965
23101	35	0.160099264200007
23101	36	0.0205310241586787
23101	37	-0.0379396722549146
23101	38	0.0852608933042092
23101	39	-0.0772526975806329
23101	40	-0.137511995782035
23101	41	0.0504593843478176
23101	42	-0.0493433977243924
23101	43	0.0640833412986126
23101	44	-0.00210762350835125
23101	45	0.00517886297540571
23101	46	0.0402235884852189
23101	47	-0.0681717012230436
23101	48	0.127916132179784
23101	49	0.108712692898635
23101	50	-0.063720081920728
23101	51	-0.0678398521316481
23101	52	0.0981719179668517
23101	53	0.045815340859285
23101	54	0.0217975518620648
23101	55	-0.0551999427903098
23101	56	0.0518562451158573
23101	57	0.0257254392744599
23101	58	0.108434559728671
23101	59	0.0217251995894472
23101	60	0.0398714787306531
23101	61	-0.0909908059573254
23101	62	0.0475894592044384
23101	63	0.101261113289432
23101	64	-0.178501395230498
23101	65	0.0737339079899471
23101	66	0.0436909111120087
23101	67	-0.0423838491899815
23101	68	0.0866377936361289
23101	69	-0.0132598697200379
23101	70	-0.00774510699989861
23101	71	-0.0590361416129426
23101	72	-0.0324091281928673
23101	73	0.0159557129968775
23101	74	0.14030381060681
23102	1	-0.0234489214958593
23102	2	0.0122026912338775
23102	3	-0.0796348626026813
23102	4	-0.0266050167041847
23102	5	-0.112903921593659
23102	6	-0.0962659312618115
23102	7	-0.0104946353816757
23102	8	0.0463789009210629
23102	9	0.134386340959651
23102	10	-0.010467732237089
23102	11	0.159170860837733
23102	12	0.031127239424741
23102	13	0.00218467600468131
23102	14	-0.0757495619319926
23102	15	0.0627150081707413
23102	16	-0.031330419641499
23102	17	0.0797813711682167
23102	18	0.026378339476814
23102	19	-0.107684257251293
23102	20	0.0283432849336336
23102	21	0.0890704591356482
23102	22	-0.100325574103834
23102	23	-0.0352090747561746
23102	24	-0.0787471098864501
23102	25	-0.0925954389679831
23102	26	-0.0907276865912579
23102	27	-0.16982190643418
23102	28	-0.0592235759970734
23102	29	-0.0743988250606904
23102	30	-0.0669402345538259
23102	31	0.0212441546145641
23102	32	-0.175294259239458
23102	33	0.0676961097640287
23102	34	-0.153649994848394
23102	35	-0.0341586465808561
23102	36	-0.112170956070543
23102	37	-0.244921034626394
23102	38	0.0336161185883981
23102	39	0.00533421786436605
23102	40	-0.0642363719528944
23102	41	0.149863448381204
23102	42	-0.227689458052204
23102	43	-0.138623575369017
23102	44	-0.118790805678771
23102	45	-0.15852607262363
23102	46	0.00762361531334221
23102	47	0.0252188401048627
23102	48	-0.0454969739137354
23102	49	-0.0691349724447363
23102	50	0.0188761774404114
23102	51	0.0229102849940759
23102	52	-0.12010959328429
23102	53	-0.200512749481419
23102	54	-0.00834137420807934
23102	55	0.0144053754885647
23102	56	-0.0132746267724926
23102	57	-0.0237116516171056
23102	58	0.0141610563092911
23102	59	-0.208791306732273
23102	60	-0.20129247859726
23102	61	0.014036096938149
23102	62	-0.0373187222007516
23102	63	-0.13475899505282
23102	64	-0.0736818180802672
23102	65	-0.119381841970657
23102	66	-0.176696982414192
23102	67	-0.244716091611558
23102	68	-0.214047380893987
23102	69	-0.021031270274726
23102	70	0.104604634314413
23102	71	-0.0532084972938307
23102	72	0.0331789641803653
23102	73	-0.21027476170115
23102	74	0.0509536741713674
23103	1	-0.665978066678207
23103	2	0.0434814024068153
23103	3	-0.0588319895627762
23103	4	-0.00830813561070443
23103	5	-0.0495319494776538
23103	6	0.0380678876159948
23103	7	-0.0363986832389784
23103	8	-0.0355734520128834
23103	9	0.00790860433407659
23103	10	0.145920362958755
23103	11	0.0250914181171922
23103	12	0.0367185092714237
23103	13	-0.0110588111238386
23103	14	0.0125280657532372
23103	15	-0.0927843631697556
23103	16	0.0111189997756398
23103	17	-0.0479168249453323
23103	18	-0.0106500009394637
23103	19	-0.109850777617545
23103	20	-0.103185115322468
23103	21	-0.0254939182821232
23103	22	0.0418543157999807
23103	23	0.00218149002714796
23103	24	-0.0255055885987119
23103	25	-0.0923169448566341
23103	26	-0.0454146014180239
23103	27	-0.127232329849889
23103	28	0.0106384010471885
23103	29	-0.0988462395022509
23103	30	-0.0472140233888467
23103	31	-0.0338985895444495
23103	32	-0.00399580774862329
23103	33	0.0324010766518938
23103	34	-0.0109313189513784
23103	35	-0.0679565463166085
23103	36	0.088052340819452
23103	37	0.0816692017579257
23103	38	0.15286303506192
23103	39	0.0211980984928886
23103	40	0.0848826294563736
23103	41	-0.000471622613261502
23103	42	-0.0560744259116461
23103	43	-0.0402604785414766
23103	44	0.0327416430537326
23103	45	0.0194603662056494
23103	46	0.0113940279099509
23103	47	-0.0421619703108007
23103	48	0.055394548658164
23103	49	-0.144228604462263
23103	50	0.0649732569256827
23103	51	0.0797645656117183
23103	52	0.151570620961763
23103	53	0.0444373266352898
23103	54	0.0342797381333924
23103	55	0.0246305124263273
23103	56	0.131553524273741
23103	57	0.00573555723651253
23103	58	0.0654096954006462
23103	59	0.0926537742438001
23103	60	0.0848357352477649
23103	61	0.0320742349855436
23103	62	0.246436068037248
23103	63	0.120972272595424
23103	64	0.118469912708356
23103	65	-0.0454259894367013
23103	66	0.026049500947444
23103	67	0.0616295149847019
23103	68	-0.037362888915375
23103	69	0.0797222922658918
23103	70	0.0556265397333533
23103	71	0.0423728795129605
23103	72	0.0999085443437693
23103	73	0.130486276434979
23103	74	0.0138046327366155
23104	1	0.412363240851786
23104	2	-0.0888808807598132
23104	3	0.0407275310026094
23104	4	0.0734427924785699
23104	5	-0.0237609243280374
23104	6	0.0434516244243213
23104	7	0.0698499300251427
23104	8	0.109052267042244
23104	9	-0.0174937165964337
23104	10	-0.101517544778822
23104	11	0.0869338074873127
23104	12	-0.0309667102460693
23104	13	0.0620400763603186
23104	14	-0.0649823170826593
23104	15	-0.0263988409157179
23104	16	-0.0191589728276682
23104	17	-0.0123316559087456
23104	18	-0.0596592200340496
23104	19	0.150944914678234
23104	20	0.0524369539182743
23104	21	-0.0196920387245072
23104	22	0.0460914360949474
23104	23	0.0847346029420706
23104	24	-0.0547581584343604
23104	25	0.0601075534241886
23104	26	0.0131026000633483
23104	27	0.135221191230727
23104	28	0.0763225513820132
23104	29	0.039287247507481
23104	30	-0.00451223749639951
23104	31	0.00487521577793615
23104	32	0.0769294075397937
23104	33	0.0380349843358658
23104	34	0.026654472534176
23104	35	0.0456219246926111
23104	36	0.0156214008772224
23104	37	0.107393884363262
23104	38	-0.119518832929288
23104	39	-0.00632290744817965
23104	40	0.10415933172257
23104	41	0.068934492238931
23104	42	-0.0521486495691619
23104	43	-0.00966115405405787
23104	44	-0.103331666914677
23104	45	0.0463365619499569
23104	46	-0.0723943493473413
23104	47	-0.0713756358894742
23104	48	0.115531989785261
23104	49	0.0752927417122464
23104	50	0.0266828654525426
23104	51	0.0520225058105623
23104	52	-0.0657903537622602
23104	53	-0.077076773833717
23104	54	-0.0415639369437812
23104	55	0.0364115774931548
23104	56	-0.141181636914176
23104	57	0.0932592280585283
23104	58	0.0219244541726553
23104	59	-0.12432055374201
23104	60	-0.0703575636854197
23104	61	-0.0567265959645624
23104	62	0.0595194509147774
23104	63	-0.0321446764731448
23104	64	0.088639395304547
23104	65	-0.0408171392534129
23104	66	0.0660612831773193
23104	67	0.00618167764947941
23104	68	0.0662170031129463
23104	69	-0.010892440113544
23104	70	-0.0149451124298139
23104	71	-0.0238365331858574
23104	72	0.00711119169042718
23104	73	-0.0113334686452475
23104	74	-0.199055379458073
23105	1	0.293354484872847
23105	2	0.0727416442153199
23105	3	-0.0618042538402825
23105	4	-0.0693082115076358
23105	5	-0.0707965444651535
23105	6	-0.0404202162344092
23105	7	0.0552184200982779
23105	8	0.00936747633675594
23105	9	0.0473922653622907
23105	10	-0.0972067603091276
23105	11	-0.0163348534233165
23105	12	-0.134773754579065
23105	13	0.0395009762828522
23105	14	-0.0316748051396516
23105	15	0.0672831456165142
23105	16	-0.00398565975496012
23105	17	-0.0751521248866496
23105	18	-0.00580853705579898
23105	19	-0.209192112154696
23105	20	-0.0462300973433756
23105	21	-0.0125876375403919
23105	22	-0.0878748930103228
23105	23	0.0601331122400026
23105	24	-0.121046227019143
23105	25	0.068999280518355
23105	26	0.021113227969181
23105	27	-0.0223547600843048
23105	28	0.000656857601896377
23105	29	0.0159131401668162
23105	30	-0.112840156267559
23105	31	-0.0613452017554366
23105	32	-0.0161694417976008
23105	33	0.0843341744561314
23105	34	0.0262372662698382
23105	35	0.00751966306592067
23105	36	0.0404224075628861
23105	37	0.125638520935993
23105	38	0.0662324537046075
23105	39	0.164625347663915
23105	40	0.108248606963755
23105	41	0.074018317233751
23105	42	0.110840695137639
23105	43	-0.0955718371946546
23105	44	0.0885222368505865
23105	45	0.0740842938528132
23105	46	0.0492606653824694
23105	47	-0.00696021136324987
23105	48	0.0352251921763056
23105	49	-0.0699545808697408
23105	50	-0.026955320802216
23105	51	0.0556553673256559
23105	52	0.141486018747266
23105	53	0.0574048511842307
23105	54	0.105322942434661
23105	55	0.0113699820051139
23105	56	0.0878717770038548
23105	57	0.0050889804565486
23105	58	0.00988358263819578
23105	59	0.180375655424946
23105	60	0.0671187707886887
23105	61	0.169750378153907
23105	62	0.0722173180372465
23105	63	0.143507320465687
23105	64	-0.00665275912386676
23105	65	0.0901408307890676
23105	66	0.143915480082718
23105	67	0.116484399096649
23105	68	0.0729953712056073
23105	69	0.00697096829451738
23105	70	0.0699943345215104
23105	71	0.0507453022319311
23105	72	0.122638148875787
23105	73	0.124418673236143
23105	74	0.0155691134409679
23106	1	0.41880904239645
23106	2	-0.175543158728942
23106	3	-0.0525295487110284
23106	4	0.138283447491681
23106	5	-0.0442195040357944
23106	6	0.0569389344270235
23106	7	-0.0453045952314213
23106	8	-0.122397061134372
23106	9	-0.128939400586702
23106	10	0.0237310827735797
23106	11	-0.0946630514591646
23106	12	-0.129995417030138
23106	13	0.062772734147714
23106	14	-0.0710974968821105
23106	15	-0.200943023736322
23106	16	-0.0334912050681382
23106	17	-0.0920649837562095
23106	18	-0.0647989922136318
23106	19	-0.00799744840027472
23106	20	-0.206678801897731
23106	21	-0.0426624620378959
23106	22	-0.0698853821777092
23106	23	0.0276798696142251
23106	24	-0.214237157341103
23106	25	-0.0934725657759756
23106	26	-0.124189475594662
23106	27	-0.0964297427389695
23106	28	0.0293072575547981
23106	29	0.0209975464483136
23106	30	0.0644716222847137
23106	31	0.0661795406042458
23106	32	-0.209910083684775
23106	33	-0.00962950365595105
23106	34	-0.0351518095728665
23106	35	-0.114383717918507
23106	36	-0.0496354761620523
23106	37	0.00123411368466009
23106	38	-0.111570844833693
23106	39	0.101099354589323
23106	40	-0.0224034864686331
23106	41	0.0393282834707449
23106	42	0.0257838137759094
23106	43	0.00139144552547066
23106	44	0.1657983861937
23106	45	0.0593688589643051
23106	46	0.0515255369053875
23106	47	0.127900750565381
23106	48	0.180063328247236
23106	49	-0.06570541347687
23106	50	0.0448367679851884
23106	51	-0.0614457112167628
23106	52	0.00385743095553437
23106	53	-0.0793069492812961
23106	54	0.0009536033937394
23106	55	-0.0963192273730442
23106	56	0.0371698991020111
23106	57	-0.0611782156858425
23106	58	-0.00257538564183335
23106	59	0.030750366050242
23106	60	-0.0165749542855735
23106	61	-0.0939224053127035
23106	62	0.092898900663549
23106	63	-0.0354127582687696
23106	64	0.130588336936157
23106	65	0.0592136687437943
23106	66	0.17640475084545
23106	67	0.0349243503027807
23106	68	0.0752714744550218
23106	69	-0.0249469059120244
23106	70	-0.0012658384648816
23106	71	0.00401756257343067
23106	72	0.0433396496805116
23106	73	0.0990627089264322
23106	74	0.278863882242867
23107	1	0.181026611604128
23107	2	-0.244797953566763
23107	3	-0.116457313640506
23107	4	-0.0810801699839772
23107	5	-0.103193483106882
23107	6	-0.135491080184842
23107	7	-0.0788099898142463
23107	8	-0.0174130183818946
23107	9	-0.0898197342867491
23107	10	0.00455840162674548
23107	11	-0.0477949522165488
23107	12	-0.130340135584255
23107	13	-0.106218689470381
23107	14	-0.0859863865278996
23107	15	-0.0590526660918869
23107	16	-0.0750691730537341
23107	17	-0.00443593781908902
23107	18	-0.0452079371279197
23107	19	0.0123907594719626
23107	20	-0.0281699388416783
23107	21	-0.174194090994142
23107	22	-0.0769040733314554
23107	23	-0.0230298049850859
23107	24	-0.15641810605652
23107	25	-0.0190457153653796
23107	26	-0.110713378540993
23107	27	-0.0931942986892409
23107	28	-0.169542128962547
23107	29	-0.0943728989808506
23107	30	-0.0562042815335602
23107	31	-0.114670258042651
23107	32	-0.131504565236014
23107	33	0.00380543720969939
23107	34	-0.089757981752193
23107	35	-0.208033630326788
23107	36	0.0743967063362021
23107	37	0.029608853802948
23107	38	0.0188739686688706
23107	39	0.041044893899624
23107	40	0.0189191083368669
23107	41	-0.132488161908753
23107	42	0.00177898569219792
23107	43	0.000916548432158493
23107	44	0.0435539834168353
23107	45	0.111401601458745
23107	46	0.16927306196532
23107	47	-0.0841356769088364
23107	48	0.0291364937276697
23107	49	-0.0449525596877578
23107	50	-0.0160068025531928
23107	51	0.0230811001164142
23107	52	0.0905590256765905
23107	53	0.0349122856259712
23107	54	-0.0798935456631185
23107	55	0.0105033139794344
23107	56	0.0542779736052879
23107	57	-0.00873603833974812
23107	58	0.0194644389403678
23107	59	-0.0896223922126964
23107	60	0.183645431765285
23107	61	0.0881982936651582
23107	62	0.106886828530129
23107	63	-0.00496619116709951
23107	64	0.179528682714142
23107	65	0.0216393216700794
23107	66	0.0147637983827451
23107	67	0.16279126946219
23107	68	0.19477944389579
23107	69	0.107877517232914
23107	70	0.181613697198443
23107	71	0.210670540035998
23107	72	-0.0527104236397946
23107	73	0.134930422846168
23107	74	0.120764661989078
23108	1	0.115425180947707
23108	2	0.14120972190058
23108	3	0.0808664324594908
23108	4	0.0816654646349377
23108	5	0.110054454370726
23108	6	0.105103850467209
23108	7	0.0781464077194656
23108	8	0.0534388044596668
23108	9	0.12643104134402
23108	10	0.179927290530202
23108	11	0.067665472042556
23108	12	0.0929920943869931
23108	13	0.0469698904042986
23108	14	0.114602109666052
23108	15	0.0685198881585691
23108	16	-0.00010159114275865
23108	17	0.158460862867834
23108	18	0.042778907737187
23108	19	0.00654621772773822
23108	20	-0.0373122769205594
23108	21	0.0845013035069684
23108	22	0.0139031725893801
23108	23	0.16157974139108
23108	24	0.224662538787612
23108	25	0.142864204405996
23108	26	0.115592193765274
23108	27	-0.0386985897845662
23108	28	0.176434532198229
23108	29	0.263727908986077
23108	30	0.149519354667206
23108	31	0.0781960690943748
23108	32	0.167305278501694
23108	33	0.0950227569356272
23108	34	0.187792887609739
23108	35	0.190260418946522
23108	36	0.0906148483363509
23108	37	0.0610707385718925
23108	38	-0.0413878961704626
23108	39	-0.0464807576838595
23108	40	0.00551956190526681
23108	41	0.0782362877835681
23108	42	-0.00731715286159584
23108	43	0.0857355723706661
23108	44	0.0963115954459255
23108	45	-0.0845563627291952
23108	46	-0.0389096373731945
23108	47	0.1831910585705
23108	48	0.0394453571849738
23108	49	0.132848552424747
23108	50	-0.0471905058434388
23108	51	0.181694595545558
23108	52	0.0818332967568338
23108	53	0.0860491683615479
23108	54	0.162609849181258
23108	55	-0.0060902732736352
23108	56	0.0598276814683274
23108	57	-0.0322129068904644
23108	58	-0.0811962413472074
23108	59	-0.0736121907407252
23108	60	-0.00489231534071166
23108	61	0.0667617841362897
23108	62	0.0980078135993807
23108	63	0.0621427607611054
23108	64	0.0415049286746694
23108	65	0.151754248180993
23108	66	0.031214415666696
23108	67	0.0480669945821433
23108	68	0.131851489200585
23108	69	0.0795264319417868
23108	70	0.00804277995031555
23108	71	-0.0393282271798299
23108	72	-0.0136702182112955
23108	73	0.106070550923121
23108	74	-0.194260026351778
23109	1	-0.45081918795367
23109	2	0.0175878865364503
23109	3	-0.061155692978943
23109	4	-0.0326899927515676
23109	5	-0.0737588383466665
23109	6	0.0137091457778169
23109	7	0.017743784167763
23109	8	0.00284021452001326
23109	9	-0.169198519638073
23109	10	0.0558755903955515
23109	11	-0.206710068210448
23109	12	-0.0184210620204084
23109	13	-0.0232757273126794
23109	14	-0.0564139400039778
23109	15	-0.201533108583284
23109	16	-0.179002997047306
23109	17	-0.0311936557251755
23109	18	-0.0598842278912528
23109	19	-0.0195729371503361
23109	20	-0.0153109927807265
23109	21	-0.0275926236336801
23109	22	-0.04595374348024
23109	23	-0.0161362247475196
23109	24	-0.0368996547227027
23109	25	0.072483263700839
23109	26	-0.0824842977485929
23109	27	-0.125807114145822
23109	28	-0.118428285096513
23109	29	0.0725422406515506
23109	30	0.0433360031869086
23109	31	-0.0859125342269351
23109	32	-0.288109822816523
23109	33	0.0621678418800258
23109	34	0.0133703869032544
23109	35	-0.0916851567969488
23109	36	-0.151476017162338
23109	37	-0.0351810055594299
23109	38	-0.0371287983209143
23109	39	-0.192802481916203
23109	40	-0.0516028117596008
23109	41	0.130550760619165
23109	42	-0.014893776137427
23109	43	-0.0773464614347432
23109	44	-0.157599883967372
23109	45	-0.0266996199826579
23109	46	0.0170038919113509
23109	47	0.0774338218936563
23109	48	-0.112568715194556
23109	49	-0.0558211402423296
23109	50	-0.174290377712929
23109	51	0.0170844409203923
23109	52	-0.202501454489564
23109	53	-0.037395902978048
23109	54	-0.082706329287447
23109	55	-0.0377448459759862
23109	56	-0.112611444510797
23109	57	0.00947917792236552
23109	58	0.125132086411291
23109	59	-0.0822096137343422
23109	60	0.147121656642085
23109	61	0.140629015211452
23109	62	0.052340871172504
23109	63	0.0599116872562604
23109	64	0.0418638199840657
23109	65	-0.0678752457259648
23109	66	-0.0683902163275718
23109	67	0.0183316971662677
23109	68	0.0243738057624938
23109	69	-0.0292125132699326
23109	70	0.0325280272438846
23109	71	-0.0221006664734702
23109	72	0.0957550872853901
23109	73	-0.0509646523153719
23109	74	-0.561413238195541
23110	1	0.904385527885619
23110	2	-0.0162721820372909
23110	3	-0.0394613014703609
23110	4	-0.0755025280211221
23110	5	-0.0827643634235606
23110	6	-0.0480735120449225
23110	7	-0.157070349339584
23110	8	-0.127344944959987
23110	9	-0.170976948357577
23110	10	-0.0979492183542803
23110	11	-0.225596646515669
23110	12	-0.0755252419570738
23110	13	-0.0808659946672421
23110	14	-0.0412292540278685
23110	15	0.0213106649702866
23110	16	-0.116567293037832
23110	17	0.00298891440204585
23110	18	-0.0671694419863584
23110	19	-0.150561366790896
23110	20	-0.160600537166204
23110	21	-0.052703118685244
23110	22	-0.115603960319071
23110	23	-0.204022308792517
23110	24	-0.0425871499390169
23110	25	-0.0945521738491806
23110	26	-0.134464257507254
23110	27	-0.0562728733282256
23110	28	-0.0529987392321516
23110	29	-0.0648905120665546
23110	30	-0.0725851434968092
23110	31	-0.281407242010168
23110	32	-0.117960675577571
23110	33	-0.145179122311404
23110	34	-0.155544147590533
23110	35	-0.124760895365718
23110	36	-0.138646467681447
23110	37	0.0599098584412729
23110	38	0.0336255227890021
23110	39	-0.0268747213806151
23110	40	0.0656556409550433
23110	41	-0.00400778333322194
23110	42	0.0856588045739812
23110	43	0.127616807343138
23110	44	0.0484376748979756
23110	45	0.0931409338879519
23110	46	0.0670433850925392
23110	47	0.00868924090592316
23110	48	-0.168997414418428
23110	49	0.204324402939932
23110	50	-0.00195848527906861
23110	51	0.117176529796296
23110	52	0.0914727361700258
23110	53	0.0480613000383414
23110	54	-0.0195150426960922
23110	55	-0.0810544430551019
23110	56	-0.0739783225573376
23110	57	-0.0309877523601685
23110	58	-0.0979375498583508
23110	59	-0.0220211287418621
23110	60	0.00110439153105091
23110	61	0.139269275119268
23110	62	0.133266425180103
23110	63	0.0120715509939373
23110	64	0.129086963351291
23110	65	-0.0541339369626783
23110	66	-0.0156809360608676
23110	67	0.160954066879768
23110	68	-0.0444345988540178
23110	69	0.15751247296275
23110	70	0.0353937244209561
23110	71	0.0931176492386925
23110	72	-0.00559855639551898
23110	73	0.01146402777578
23110	74	-0.126461041603108
23111	1	0.63664063228245
23111	2	0.0597745983725062
23111	3	0.0428671152144489
23111	4	0.13132298083983
23111	5	0.0286830757114522
23111	6	0.0153339536390718
23111	7	0.0688247742914427
23111	8	0.115850957708659
23111	9	0.0668064090623517
23111	10	0.0918702077904143
23111	11	0.0787129582820967
23111	12	0.0867269220545879
23111	13	0.099487101518875
23111	14	0.0887222197497479
23111	15	-0.0183992696505442
23111	16	0.090022721887749
23111	17	0.117349768731941
23111	18	0.159324283547434
23111	19	-0.034872142480296
23111	20	0.033049678034466
23111	21	-0.0516576045487014
23111	22	0.0932139061716555
23111	23	0.0437066547907818
23111	24	0.150250282282471
23111	25	-0.0238115059541784
23111	26	0.0172064667155354
23111	27	0.113781770474041
23111	28	-0.0246794752362121
23111	29	0.0714594240277577
23111	30	0.144652223207373
23111	31	0.0347081079186893
23111	32	0.0468082476428577
23111	33	0.0243095466808185
23111	34	0.104277758476329
23111	35	0.0487615610859891
23111	36	0.035980298483274
23111	37	0.0801884938012662
23111	38	-0.126867280579013
23111	39	0.0741125630257642
23111	40	0.19944356648287
23111	41	0.0557459707274077
23111	42	0.153455813019988
23111	43	0.0142284241992954
23111	44	0.155670592648136
23111	45	0.0826545379091144
23111	46	0.233311035810317
23111	47	-0.103502094391253
23111	48	-0.0444178066679086
23111	49	-0.107390538019253
23111	50	-0.106459883585778
23111	51	-0.0597390676309573
23111	52	0.0204567559718996
23111	53	0.111375714240879
23111	54	-0.0187651169695542
23111	55	0.112648444799838
23111	56	0.130326219556324
23111	57	0.0823280382962466
23111	58	-0.0800104404238127
23111	59	-0.00957839561888107
23111	60	0.0934060691946641
23111	61	0.172053560129648
23111	62	-0.0408988506919741
23111	63	0.0493485433902521
23111	64	0.0556208927379416
23111	65	-0.00895615586634335
23111	66	0.0930111643028226
23111	67	-0.0687982367106557
23111	68	0.00712185125708942
23111	69	-0.0335439138089768
23111	70	0.196578029892329
23111	71	0.0362488390897155
23111	72	0.0234644406321607
23111	73	0.0477772053948087
23111	74	-0.134901465002429
23112	1	-0.157325694007319
23112	2	-0.148448432353174
23112	3	-0.224251645583227
23112	4	-0.148268831966639
23112	5	-0.204157636362929
23112	6	-0.071564492515158
23112	7	-0.186977741856957
23112	8	-0.139651810625537
23112	9	-0.0614532846952969
23112	10	-0.147848136317016
23112	11	-0.173335063560756
23112	12	-0.116384847686078
23112	13	-0.223808758239933
23112	14	-0.201152395943474
23112	15	-0.192104784755436
23112	16	-0.199866804729908
23112	17	-0.203461319286355
23112	18	-0.112109596825661
23112	19	-0.305044074360055
23112	20	-0.321728878170028
23112	21	-0.238029503904805
23112	22	-0.13692639925506
23112	23	-0.0573016040771392
23112	24	-0.186273479103995
23112	25	-0.143300262607383
23112	26	-0.157064643967367
23112	27	-0.16262942745179
23112	28	-0.149884850917587
23112	29	-0.115974974276931
23112	30	-0.203927211747605
23112	31	-0.144501449958383
23112	32	-0.0895522837264124
23112	33	-0.193956182815128
23112	34	-0.165255042753657
23112	35	-0.133849089443231
23112	36	0.0754593641371528
23112	37	0.0447743445649351
23112	38	0.0490859856382002
23112	39	0.0495339831899955
23112	40	0.0796538334263772
23112	41	0.153394452721898
23112	42	0.127353819653649
23112	43	0.182715967553136
23112	44	0.00722500594989839
23112	45	0.107123894376187
23112	46	0.0466731463565893
23112	47	0.0845242074463286
23112	48	0.0863160090205426
23112	49	0.124229509493148
23112	50	0.0284453574535419
23112	51	0.0742059294234423
23112	52	0.167046113809882
23112	53	0.173477376485302
23112	54	0.110134819921377
23112	55	0.132992143214558
23112	56	0.128243593751073
23112	57	-0.0628337905473373
23112	58	0.067714924916487
23112	59	0.0588012264221902
23112	60	0.00944433683628176
23112	61	0.116999930393803
23112	62	0.104951100539957
23112	63	0.0623077050620182
23112	64	0.0532456948047795
23112	65	0.16164678961897
23112	66	0.0995466785654386
23112	67	0.148470532963181
23112	68	0.0743255997265493
23112	69	0.0331238267927461
23112	70	0.231196352027546
23112	71	0.0551718459773483
23112	72	0.0756044551486923
23112	73	0.136784312034159
23112	74	0.125159734777426
23201	1	0.222445449184821
23201	2	-0.0414711984450342
23201	3	-0.074692824730036
23201	4	-0.107995961234469
23201	5	-0.082410780121819
23201	6	-0.151683483496591
23201	7	-0.0121749985909858
23201	8	-0.162730783512643
23201	9	-0.0325494211930533
23201	10	-0.0537338612988876
23201	11	-0.0431114322690078
23201	12	-0.204424135248047
23201	13	-0.227974092529976
23201	14	-0.0889931918857698
23201	15	-0.187193449545077
23201	16	-0.0717514482119199
23201	17	-0.0228964695914371
23201	18	-0.0714956376782752
23201	19	-0.0541961628766572
23201	20	-0.0801982439067643
23201	21	-0.119082848365103
23201	22	-0.00529200859963197
23201	23	-0.0753911189880583
23201	24	-0.134447018234269
23201	25	-0.0931358278340397
23201	26	-0.076698675856008
23201	27	-0.08224682088116
23201	28	-0.151209688237657
23201	29	-0.150424124285642
23201	30	-0.0823720877520913
23201	31	-0.00877438828429433
23201	32	-0.0815348861374332
23201	33	0.0183179306019667
23201	34	-0.0822014435169436
23201	35	-0.0258166132505266
23201	36	0.0430958940355026
23201	37	0.0664901365454327
23201	38	-0.0788289310294203
23201	39	-0.0122836942935578
23201	40	0.0551173345361846
23201	41	0.0629405510618923
23201	42	0.0177190020159443
23201	43	0.0581378338082459
23201	44	0.0207734999289144
23201	45	-0.223906715416391
23201	46	0.0561747760559754
23201	47	0.0492915290990155
23201	48	0.0160065105516054
23201	49	0.110894366896495
23201	50	0.0123134861357599
23201	51	-0.109157458389426
23201	52	0.0512956194134944
23201	53	-0.0206398150282894
23201	54	-0.00919018523237725
23201	55	0.00857909881153773
23201	56	-0.0531315484544308
23201	57	0.00865399446406201
23201	58	0.0494830587471853
23201	59	7.79452713075557e-05
23201	60	0.128810318810373
23201	61	0.0840315505404803
23201	62	0.179199462584769
23201	63	0.089012045322697
23201	64	0.0869118829148761
23201	65	0.095068718184173
23201	66	0.108910138703848
23201	67	0.223896963233123
23201	68	0.014273182369628
23201	69	0.107356239461794
23201	70	0.0907806656945382
23201	71	0.13101723784365
23201	72	0.0804808168638687
23201	73	0.159230343387449
23201	74	-0.152860154725332
23202	1	0.792751303276578
23202	2	-0.112223853626723
23202	3	-0.0727511145584501
23202	4	0.0139143524756165
23202	5	-0.0400472952246567
23202	6	-0.0350479679349149
23202	7	0.140228130874014
23202	8	-0.0237414551451423
23202	9	-0.00155112515964362
23202	10	0.018500151029933
23202	11	-0.150432297363977
23202	12	-0.0610530605796384
23202	13	-0.0708553026007834
23202	14	-0.0595076219443769
23202	15	-0.00603765526756916
23202	16	0.0454381144595857
23202	17	-0.0483200363367757
23202	18	-0.107822664432
23202	19	0.0265239745413339
23202	20	-0.0801301402764238
23202	21	-0.0720696053046268
23202	22	0.0477066492773091
23202	23	0.0191888639103581
23202	24	-0.0227338129403449
23202	25	-0.119840430745164
23202	26	-0.0406093926845585
23202	27	0.0601867626011696
23202	28	0.0418064564502316
23202	29	0.0150421069764022
23202	30	-0.055869181653236
23202	31	0.0748420107947254
23202	32	0.0256356006384237
23202	33	-0.000976309413111665
23202	34	-0.0488924394603103
23202	35	0.0323943800512367
23202	36	-0.0222905472793755
23202	37	0.0948749671801963
23202	38	-0.00366051240749243
23202	39	0.0163473997211057
23202	40	0.0994849023518469
23202	41	0.00408704550196859
23202	42	-0.113855348154232
23202	43	-0.0554514011688951
23202	44	0.00897764010181845
23202	45	0.116547005935473
23202	46	-0.0937863979859017
23202	47	0.00851222066594914
23202	48	0.0149966912860151
23202	49	0.133169065694446
23202	50	-0.0523755198206715
23202	51	-0.0380646004424605
23202	52	-0.0729568555780276
23202	53	0.110089162435166
23202	54	0.0838069775816308
23202	55	0.127337979387619
23202	56	-0.0222501354714311
23202	57	0.008368967169325
23202	58	-0.0072333402678737
23202	59	-0.00317522013790494
23202	60	-0.00721417702300897
23202	61	0.188621828051417
23202	62	0.12863105662607
23202	63	0.191889074080009
23202	64	0.179740255588648
23202	65	0.0900871141336808
23202	66	0.100141487067994
23202	67	0.0142360820117418
23202	68	0.0251967822369394
23202	69	0.101758439290869
23202	70	0.143741544909012
23202	71	-0.053975121238004
23202	72	-0.0490046627306882
23202	73	0.0176143207183941
23202	74	0.0958135941256302
23203	1	0.245564281344336
23203	2	0.0475199478338659
23203	3	-0.0420041506135789
23203	4	0.0835020867344127
23203	5	0.0817619778803476
23203	6	0.0539481040528074
23203	7	0.000465573977457723
23203	8	-0.00589005817357702
23203	9	0.121077923791603
23203	10	0.164998115152279
23203	11	0.159282156561915
23203	12	-0.012076616950111
23203	13	0.0657398133581211
23203	14	0.173358422634415
23203	15	0.0898553283241057
23203	16	0.0818181803858664
23203	17	0.0840911111277336
23203	18	0.138287289896546
23203	19	0.0453596808049355
23203	20	0.0600238547677421
23203	21	0.0947258655783969
23203	22	0.0288021005677663
23203	23	0.124022553641034
23203	24	0.148126804375373
23203	25	-0.00622643777452936
23203	26	0.0531147784902615
23203	27	0.0756731461849398
23203	28	-0.0155318660328447
23203	29	-0.103907588609189
23203	30	0.0829262765627732
23203	31	0.0970207062331312
23203	32	-0.0320439050067236
23203	33	0.0849170335361364
23203	34	0.0690091987283026
23203	35	0.125801462920059
23203	36	0.185083885492205
23203	37	0.111135158758344
23203	38	-0.00318862398415831
23203	39	-0.0149845659436636
23203	40	0.111140261279303
23203	41	-0.0545970558499747
23203	42	0.105253139136856
23203	43	-0.0686662729250216
23203	44	-0.0729804220422423
23203	45	-0.0951840016877767
23203	46	-0.0609062495256438
23203	47	0.0196960862804332
23203	48	-0.0231070061297984
23203	49	-0.0847765719857776
23203	50	-0.16984514407482
23203	51	0.0649246259036431
23203	52	-0.196832029913153
23203	53	-0.157221844579361
23203	54	-0.0612090081357408
23203	55	-0.0884316538032763
23203	56	0.0737706830841063
23203	57	0.140315852487426
23203	58	-0.116493771397074
23203	59	0.0509115546530836
23203	60	-0.179066477819958
23203	61	0.000533727701771625
23203	62	0.12011494897169
23203	63	0.0291427228591772
23203	64	0.0960153849358178
23203	65	0.141337402442467
23203	66	0.15845553433639
23203	67	0.156176908566948
23203	68	0.144523114066978
23203	69	0.0772364543108708
23203	70	-0.0944506823286844
23203	71	0.0728720352036021
23203	72	0.258969319156336
23203	73	0.0521750671827803
23203	74	-0.0702871120694155
23204	1	0.891060599758163
23204	2	0.0111096498692973
23204	3	0.0857971452261808
23204	4	0.151345011180865
23204	5	0.135820644258903
23204	6	0.12269791989165
23204	7	0.113161971621501
23204	8	0.103017121328712
23204	9	0.224312121127241
23204	10	0.140471941349986
23204	11	0.213988660970323
23204	12	0.224704295114165
23204	13	0.117092129205147
23204	14	0.202313058420934
23204	15	0.192592699779617
23204	16	0.173512021054542
23204	17	0.110895563080497
23204	18	0.259753851141184
23204	19	0.0741784465814064
23204	20	0.193558701332854
23204	21	0.238130522482066
23204	22	0.140708242219617
23204	23	0.248888729866074
23204	24	0.206338509494891
23204	25	0.121758609976418
23204	26	0.178057893154723
23204	27	0.231543058016769
23204	28	0.155729826154463
23204	29	0.204823041729441
23204	30	0.20678529587596
23204	31	0.0231671708299857
23204	32	0.219825944619551
23204	33	0.259261583511744
23204	34	0.0942261814973691
23204	35	0.154905064621218
23204	36	-0.0832313093298467
23204	37	0.126691645886808
23204	38	0.0237777893783431
23204	39	0.0884709763937934
23204	40	0.0342619883255679
23204	41	0.200637281877547
23204	42	-0.0332242374089731
23204	43	0.102933297077911
23204	44	0.121557850900253
23204	45	-0.0919303646666663
23204	46	0.0260057567321326
23204	47	0.0641118842335118
23204	48	-0.0365216560378911
23204	49	-0.187827797943839
23204	50	-0.114775511185101
23204	51	0.00967844129912976
23204	52	-0.00787983334661391
23204	53	0.113470379764379
23204	54	-0.00888738698034786
23204	55	-0.0261081388930151
23204	56	0.0708516012473268
23204	57	-0.167612933231673
23204	58	-0.0365846559976148
23204	59	0.0186594288469024
23204	60	-0.0481911245550464
23204	61	-0.0168577605082518
23204	62	0.182988034329384
23204	63	0.0901143606104071
23204	64	0.131622808221657
23204	65	0.0269805095412394
23204	66	0.0330575186121607
23204	67	0.0715824140075796
23204	68	-0.0549358753010694
23204	69	-0.0839333648070166
23204	70	0.0876039234652168
23204	71	0.135737393832869
23204	72	0.0887986950332973
23204	73	0.0601607683558498
23204	74	-0.119239163294196
23205	1	0.116667175922622
23205	2	0.0793190872511929
23205	3	0.00502172783117061
23205	4	-0.0063673401058999
23205	5	0.0682995773329864
23205	6	0.0319876750292067
23205	7	0.0312283159397921
23205	8	0.030179157188357
23205	9	-0.00366753572840395
23205	10	-0.102157183105035
23205	11	-0.0112951912430361
23205	12	-0.103710247690884
23205	13	0.0259396479059717
23205	14	-0.177753144252925
23205	15	-0.0176709412762293
23205	16	0.0482298052635457
23205	17	0.0247123063102705
23205	18	0.0758482796863973
23205	19	0.127983611452301
23205	20	-0.0221579819126489
23205	21	0.0979600823863933
23205	22	0.0494768907279024
23205	23	-0.0933370835431404
23205	24	-0.0418806069228808
23205	25	-0.0535409894488481
23205	26	-0.0354061608160947
23205	27	-0.0945672143161076
23205	28	-0.0137842154224685
23205	29	0.0528671414342412
23205	30	-0.0811471086133153
23205	31	-0.0430454288710607
23205	32	0.0163077170205668
23205	33	0.0418238399933131
23205	34	0.0116901346001868
23205	35	-0.0378648189835502
23205	36	-0.00227013176105118
23205	37	-0.0130989577207643
23205	38	0.0239685827269938
23205	39	0.0357671521917311
23205	40	-0.0269051408326675
23205	41	0.00162805041475877
23205	42	-0.162032177735234
23205	43	0.0453789188966951
23205	44	0.0399906483045811
23205	45	0.0113601421596599
23205	46	-0.0432058458295401
23205	47	-0.0458368673992453
23205	48	-0.0851506992161717
23205	49	-0.017511366205909
23205	50	-0.0977545410751262
23205	51	0.0285598507564586
23205	52	-0.0187673925587788
23205	53	-0.06793627942006
23205	54	-0.0617530809571534
23205	55	0.0648720331982702
23205	56	-0.128306647910925
23205	57	-0.0102354547430821
23205	58	0.117308369740947
23205	59	0.031210252356523
23205	60	0.208908327256538
23205	61	0.101736962573383
23205	62	-0.0630177232122904
23205	63	-0.0779171183945593
23205	64	-0.146903557247136
23205	65	-0.077310051191759
23205	66	0.135919521663567
23205	67	0.0308875263183523
23205	68	-0.0805666456877034
23205	69	-0.0115093253811622
23205	70	0.102017747069169
23205	71	-0.0379615920744669
23205	72	0.0985999349375817
23205	73	-0.0496665977802593
23205	74	-0.337248323420667
23206	1	0.199485609043151
23206	2	-0.154539403061559
23206	3	-0.0247817686645959
23206	4	-0.20849056976078
23206	5	-0.138448936400991
23206	6	-0.144901408173787
23206	7	-0.162840807472534
23206	8	-0.208947924413216
23206	9	-0.072713693283923
23206	10	-0.124052133459301
23206	11	-0.0765995592568771
23206	12	-0.0347434506606277
23206	13	-0.111406178151555
23206	14	-0.117764615336476
23206	15	-0.14538953280195
23206	16	-0.130872949639034
23206	17	-0.117335400552214
23206	18	-0.192977537253221
23206	19	-0.0717191879869361
23206	20	-0.119669957060566
23206	21	-0.185394764712328
23206	22	-0.0986759173712457
23206	23	-0.21213031397189
23206	24	-0.129567406859074
23206	25	-0.1152141198965
23206	26	-0.126311602552832
23206	27	-0.156885494506405
23206	28	-0.0599455876146422
23206	29	-0.281993871042864
23206	30	-0.156049230632163
23206	31	-0.16414419442664
23206	32	-0.0764106455046303
23206	33	-0.137258252218615
23206	34	-0.277320762139531
23206	35	0.00338093858439237
23206	36	-0.0326080510064202
23206	37	-0.0160416689828864
23206	38	-0.0340841545773287
23206	39	-0.0632672313398146
23206	40	0.0205640700177696
23206	41	-0.050351821812356
23206	42	-0.196320346169749
23206	43	0.0217792525856595
23206	44	-0.012770942699234
23206	45	-0.125987769649548
23206	46	-0.131660522368179
23206	47	-0.0302417670701374
23206	48	-0.19101961474756
23206	49	-0.0354246330797494
23206	50	-0.0103049465101464
23206	51	-0.110181109138352
23206	52	-0.10130161379444
23206	53	0.00166128706985091
23206	54	-0.045487614602898
23206	55	0.075855302816386
23206	56	-0.229155498981747
23206	57	0.0480237633791489
23206	58	-0.0554380188388066
23206	59	0.0378046291184404
23206	60	-0.0992617085390606
23206	61	-0.0353859859564594
23206	62	0.128086114419439
23206	63	0.0547498802420492
23206	64	-0.0450247356274573
23206	65	0.0617622258259587
23206	66	-0.135024010259229
23206	67	0.0476567897443729
23206	68	-0.0724290389332509
23206	69	-0.0396314156977411
23206	70	0.0557835934524675
23206	71	-0.0425612340682306
23206	72	-0.0979617664436887
23206	73	-0.042549924131329
23206	74	-0.330288450041053
23207	1	0.406989328026366
23207	2	0.0713483471181107
23207	3	0.0535816507377476
23207	4	0.0555393624192639
23207	5	0.111862598068839
23207	6	0.123584697518396
23207	7	0.0575104376031419
23207	8	0.0999326085296488
23207	9	0.0944797969539763
23207	10	0.0432115653784493
23207	11	0.0929163848311703
23207	12	-0.00724370066541979
23207	13	0.0376964212247017
23207	14	-0.0213248131226464
23207	15	0.0394570160697114
23207	16	0.068834635428658
23207	17	-0.00794729311181186
23207	18	0.00480112482475903
23207	19	0.0527227054586916
23207	20	-0.0439986877149892
23207	21	0.0661309122047911
23207	22	0.0881986496541387
23207	23	-0.035529648570531
23207	24	0.0402504860228063
23207	25	-0.0105391857138173
23207	26	-0.0330086480402372
23207	27	0.046382780584878
23207	28	-0.0579174399247648
23207	29	0.00485528098750621
23207	30	0.0901073019023997
23207	31	-0.114904778955982
23207	32	-0.0425307213817305
23207	33	-0.0510571177927233
23207	34	-0.0499007286984749
23207	35	0.137720431103162
23207	36	0.108760636400177
23207	37	-0.0300756610496862
23207	38	-0.158656106926465
23207	39	0.0656513613395617
23207	40	-0.17929020819949
23207	41	-0.0699806911856129
23207	42	-0.141132457053857
23207	43	-0.0194267194269244
23207	44	-0.214753142067117
23207	45	-0.0274276869648205
23207	46	-0.216341575871681
23207	47	-0.110043426013149
23207	48	-0.210129690804315
23207	49	-0.175786348927907
23207	50	-0.168099554697633
23207	51	-0.105922628809779
23207	52	-0.0668543068583674
23207	53	0.0105838587939573
23207	54	-0.0230644944114218
23207	55	0.0477756073263365
23207	56	-0.0925260076279102
23207	57	-0.241587853441452
23207	58	-0.128749195766162
23207	59	-0.11596503935403
23207	60	-0.188626600147344
23207	61	-0.0645517598181655
23207	62	-0.027298888199077
23207	63	-0.0533346140420292
23207	64	-0.0998552344712706
23207	65	-0.137172611266777
23207	66	-0.117575617510902
23207	67	-0.0718175544922204
23207	68	0.0417891113141238
23207	69	-0.0683636292596859
23207	70	-0.3222897356384
23207	71	-0.17498619548735
23207	72	-0.152692138469249
23207	73	-0.0579603873240515
23207	74	-0.19964026522257
23208	1	-0.0498341741926431
23208	2	0.259965566157625
23208	3	0.107695901368043
23208	4	0.0909551276594058
23208	5	-0.0679989534804939
23208	6	0.0239720343318695
23208	7	-0.0374575962459716
23208	8	-0.00341039422774969
23208	9	0.0940029906418474
23208	10	-0.0784140335619909
23208	11	-0.0735791274310245
23208	12	-0.077210528169239
23208	13	-0.0207393448205551
23208	14	0.0170365674055759
23208	15	-0.00729879484892848
23208	16	-0.0522288465930671
23208	17	0.000662946453701352
23208	18	-0.106152783720674
23208	19	0.0509582421783747
23208	20	0.0164857325687819
23208	21	0.00109103882705597
23208	22	0.00549934741491853
23208	23	0.100946927402958
23208	24	-0.0828565849201581
23208	25	0.00504093040991194
23208	26	-0.0895747788229926
23208	27	0.0455074137825946
23208	28	-0.03877373980648
23208	29	-0.0234789041189103
23208	30	0.0377373865811776
23208	31	-0.156890793881608
23208	32	-0.0423114464632377
23208	33	-0.00935702669698912
23208	34	-0.188358376914323
23208	35	-0.117467853404513
23208	36	0.0674507746136754
23208	37	-0.0140244707447437
23208	38	0.00506986472094439
23208	39	-0.0430497724442844
23208	40	-0.0433459642841214
23208	41	0.0678493343825366
23208	42	-0.0361687148782082
23208	43	-0.17629602977042
23208	44	-0.157080722568161
23208	45	-0.1061500673026
23208	46	0.0302282358237207
23208	47	-0.119726027418537
23208	48	-0.112338160650204
23208	49	-0.0548429381265194
23208	50	-0.0678134636340459
23208	51	-0.202753280556678
23208	52	-0.10558557437696
23208	53	-0.154263872644208
23208	54	-0.206921699158372
23208	55	-0.279247547132918
23208	56	-0.32620179163149
23208	57	-0.256641386291328
23208	58	-0.114047038192979
23208	59	-0.0974553700969452
23208	60	0.0136216693757376
23208	61	-0.0950776026318252
23208	62	-0.188427917910339
23208	63	0.015334924571107
23208	64	0.102588207795776
23208	65	-0.0966457951771247
23208	66	-0.0625877623195805
23208	67	-0.0394664830224656
23208	68	-0.137203696525546
23208	69	-0.0620480158573571
23208	70	-0.135600484183598
23208	71	-0.245384796895841
23208	72	-0.165553797749212
23208	73	-0.196168274911081
23208	74	-0.297958132494266
23209	1	-0.096931576719971
23209	2	-0.0427155393060268
23209	3	-0.234595313411759
23209	4	-0.206738225961626
23209	5	-0.146313509902953
23209	6	-0.200092897089242
23209	7	-0.233227665418383
23209	8	-0.218840644478654
23209	9	-0.145413414335117
23209	10	-0.213840614761338
23209	11	-0.109206157549622
23209	12	-0.0671675786834456
23209	13	-0.0580425379745364
23209	14	-0.112997317364623
23209	15	-0.166805145545503
23209	16	-0.122191454641239
23209	17	-0.123495869521783
23209	18	-0.131165733314376
23209	19	-0.0952232463774223
23209	20	-0.150509530038185
23209	21	-0.188081482135097
23209	22	-0.178770403413317
23209	23	-0.257607358372987
23209	24	-0.2021711737166
23209	25	-0.228350406311897
23209	26	-0.11632135527416
23209	27	-0.118328687526393
23209	28	-0.271960311077805
23209	29	-0.217522091013926
23209	30	-0.146154937547152
23209	31	-0.0803373822032327
23209	32	-0.0493929857382795
23209	33	-0.176601568982804
23209	34	-0.237225017681801
23209	35	-0.238733514319399
23209	36	-0.150733663786227
23209	37	-0.0034728933001773
23209	38	-0.108574919679519
23209	39	-0.0738218889041633
23209	40	0.0782411012998736
23209	41	0.0619760696668834
23209	42	-0.103905557964779
23209	43	-0.0297784302332573
23209	44	0.0510976457129431
23209	45	-0.0752744376256018
23209	46	-0.0354309476436825
23209	47	-0.03028707102753
23209	48	-0.0251729132109872
23209	49	-0.0238053314039846
23209	50	0.0323328065464707
23209	51	-0.173815514605202
23209	52	-0.137812717987948
23209	53	-0.083636195712792
23209	54	-0.127225172767268
23209	55	-0.0175810870828741
23209	56	0.0217098313046691
23209	57	-0.0664048140133318
23209	58	-0.174092968044341
23209	59	-0.0126388268166622
23209	60	-0.0794811930607437
23209	61	-0.0734115360739978
23209	62	-0.120893477417297
23209	63	-0.0797959324138517
23209	64	0.02846413963929
23209	65	-0.0132136458912697
23209	66	-0.0159763912116091
23209	67	0.00542966443202175
23209	68	-0.0706107802506821
23209	69	0.12444060779054
23209	70	0.057728069919655
23209	71	-0.0627641724326011
23209	72	-0.00318833990854017
23209	73	-0.0843870602446302
23209	74	-0.118093921077438
23210	1	-0.0948446642491554
23210	2	0.0452772803935488
23210	3	-0.0300316378027539
23210	4	0.00526454924651532
23210	5	0.00581194712537325
23210	6	0.121496460207794
23210	7	0.0689847921826043
23210	8	-0.00493156558344765
23210	9	0.0395619171480774
23210	10	-0.0385410684858485
23210	11	0.0226371533177385
23210	12	0.128178441315669
23210	13	-0.0500990553085714
23210	14	0.00389400900866832
23210	15	-0.0840422716633
23210	16	-0.0340984190921461
23210	17	0.0330842370814537
23210	18	0.0379567723021168
23210	19	-0.0822623635969251
23210	20	0.0555320540329944
23210	21	0.0217837220409294
23210	22	0.0278416401089956
23210	23	-0.0252189173351525
23210	24	-0.0724819529774265
23210	25	0.00163505688355059
23210	26	0.0693235502366107
23210	27	0.000315865576993701
23210	28	0.185380775217951
23210	29	0.0417484257034033
23210	30	0.0731195437532293
23210	31	0.0023164656448813
23210	32	0.0431822312125192
23210	33	0.056362837871518
23210	34	0.00684352555417433
23210	35	-0.0417499012627118
23210	36	0.0906468121031381
23210	37	0.0337641211446424
23210	38	0.0367749292552872
23210	39	-0.0347553350022807
23210	40	-0.135020839796518
23210	41	0.0616105628018175
23210	42	0.0371104852372142
23210	43	-0.0910714394131844
23210	44	0.0325952929057252
23210	45	0.0121877223587177
23210	46	-0.0395426437032569
23210	47	-0.108535287264388
23210	48	-0.0301469101662732
23210	49	0.183126805788227
23210	50	-0.0332621680356766
23210	51	0.00642803277031589
23210	52	-0.0375270824812617
23210	53	0.148773453568744
23210	54	0.0421848507706244
23210	55	-0.0695755706677161
23210	56	-0.196042491548276
23210	57	0.0500073404182544
23210	58	0.0089916172335478
23210	59	-0.110268396693648
23210	60	-0.0626088056393996
23210	61	-0.0448734075358743
23210	62	0.0877312312074139
23210	63	0.0787361911729647
23210	64	-0.163664724631325
23210	65	-0.0526336491647896
23210	66	0.035353340583832
23210	67	0.0349175819117065
23210	68	0.0784589912385556
23210	69	-0.072257985225221
23210	70	0.0455094664055764
23210	71	0.0485516888832578
23210	72	0.157668541596564
23210	73	0.153163688198056
23210	74	-0.0506292053147348
23211	1	0.664515578547107
23211	2	0.0384574713379386
23211	3	0.0425130941249101
23211	4	0.064762801469147
23211	5	-0.071045508119898
23211	6	0.00699338535093119
23211	7	0.00611668153791811
23211	8	0.0174415238895307
23211	9	-0.0241222219718082
23211	10	0.0940659814529283
23211	11	0.00672445553843204
23211	12	0.0160744274702651
23211	13	0.0809979286638622
23211	14	-0.0675528040623803
23211	15	0.00628948680823527
23211	16	-0.00745108476615997
23211	17	0.132450454015625
23211	18	0.0351598154641195
23211	19	0.0543706738417669
23211	20	0.0547966878206267
23211	21	-0.0448005532072102
23211	22	0.0339238027469193
23211	23	0.0884481772500436
23211	24	0.0675568561169442
23211	25	-0.0256701166742701
23211	26	-0.106603980278237
23211	27	-0.0140830609023439
23211	28	0.00159394705194416
23211	29	0.137016543644741
23211	30	0.0982838895509275
23211	31	0.0639190623426913
23211	32	0.0977957136104735
23211	33	0.0797728507090696
23211	34	0.0382359671296157
23211	35	-0.0985617866048685
23211	36	0.0246494993622761
23211	37	-0.0614194836215489
23211	38	-0.0701270448466218
23211	39	0.0452290139279796
23211	40	-0.13275143468482
23211	41	0.0537089873592294
23211	42	0.0396080120728897
23211	43	0.125799232549255
23211	44	0.0343922128933229
23211	45	-0.0705468982070698
23211	46	-0.0522839085204865
23211	47	-0.00613881946109984
23211	48	-0.237020094492443
23211	49	0.0503212996713032
23211	50	0.0540492474462226
23211	51	0.0651768801569901
23211	52	-0.0163122570108598
23211	53	0.0373329072924236
23211	54	0.0118176402606309
23211	55	0.0985621557119245
23211	56	0.054115613923102
23211	57	-0.107396703080802
23211	58	-0.0624800871218056
23211	59	-0.105100737396924
23211	60	-0.0519571229693625
23211	61	-0.0249796620207121
23211	62	-0.00789205098303114
23211	63	0.0763901365801019
23211	64	0.0315905108781536
23211	65	-0.0161482328360378
23211	66	-0.0834503181384818
23211	67	0.00829567101665418
23211	68	0.119431183552322
23211	69	0.150718352618583
23211	70	-0.0899618000958284
23211	71	0.169316111791368
23211	72	0.100154144630245
23211	73	0.142413232560301
23211	74	-0.147078949283831
23212	1	-0.268990525251571
23212	2	-0.148782520478196
23212	3	-0.17022474942689
23212	4	-0.124719228129162
23212	5	-0.227655683390989
23212	6	-0.259621563840909
23212	7	-0.373401493460378
23212	8	-0.12307371855745
23212	9	-0.18813197440992
23212	10	-0.147272762323922
23212	11	-0.275260813506101
23212	12	-0.206449953625011
23212	13	-0.176819366569035
23212	14	-0.115411359610363
23212	15	-0.155640200158963
23212	16	-0.110473999585778
23212	17	-0.152168996301505
23212	18	-0.215922841563774
23212	19	-0.249080188873918
23212	20	-0.166610936812809
23212	21	-0.0918236726234269
23212	22	-0.145797263883374
23212	23	-0.163981407418845
23212	24	-0.235314316221597
23212	25	-0.0559418891628525
23212	26	-0.233291902258728
23212	27	-0.284542721271983
23212	28	-0.350798128239603
23212	29	-0.0354839678467656
23212	30	-0.151000022336135
23212	31	-0.185859291336641
23212	32	-0.0133172919136371
23212	33	-0.263463526567065
23212	34	-0.212812590464324
23212	35	-0.125696411170097
23212	36	-0.00203658507641791
23212	37	0.019418150996259
23212	38	-0.0177860397766381
23212	39	-0.109692189592394
23212	40	-0.111980522431018
23212	41	-0.140523476561484
23212	42	-0.0241112733225748
23212	43	-0.0623212110457416
23212	44	-0.14903077027158
23212	45	0.00239849932317782
23212	46	0.0249584400027416
23212	47	-0.0424886650433791
23212	48	-0.000339660462728375
23212	49	-0.16229172293751
23212	50	-0.157184954233969
23212	51	-0.137298280443012
23212	52	-0.190302776404742
23212	53	-0.0528269465312832
23212	54	-0.117995752736206
23212	55	-0.173610643026343
23212	56	-0.086269749797502
23212	57	-0.17384274545465
23212	58	0.0261248516983414
23212	59	-0.149420267010569
23212	60	-0.0900663330969209
23212	61	-0.234710920129672
23212	62	-0.0904652279807792
23212	63	-0.127357225901946
23212	64	-0.0250304397352537
23212	65	-0.16828163382317
23212	66	0.0517045298410252
23212	67	-0.171021016090258
23212	68	-0.0251130070349106
23212	69	-0.134752935654966
23212	70	-0.0655298061613863
23212	71	-0.018767614204549
23212	72	-0.0521312984083053
23212	73	0.0640474171500216
23212	74	-0.28085023752174
23301	1	-0.252346022377498
23301	2	0.0773195686938877
23301	3	-0.0717519935650337
23301	4	-0.0512857823163877
23301	5	-0.0398105021749124
23301	6	0.0587178194136584
23301	7	-0.0154066091813618
23301	8	0.0106773697786195
23301	9	0.0324867419382997
23301	10	-0.0706647322446941
23301	11	-0.00382221731885579
23301	12	-0.00884548419155351
23301	13	-0.147605935743897
23301	14	-0.0331234064618755
23301	15	0.0826387993948785
23301	16	0.070180583121271
23301	17	-0.0671287982568245
23301	18	0.0985321024058692
23301	19	0.0194193584649156
23301	20	-0.12803077680033
23301	21	-0.0413086351760015
23301	22	0.0974647987787947
23301	23	-0.0405029120732436
23301	24	-0.0170893977655808
23301	25	0.0127082925513733
23301	26	-0.0450622839235706
23301	27	0.0627729330075084
23301	28	0.126077708317226
23301	29	-0.048910569595904
23301	30	0.0371987327373517
23301	31	-0.122676238624358
23301	32	-0.0365427085135224
23301	33	0.0509892515596562
23301	34	0.0824648973311497
23301	35	-0.0694781678419787
23301	36	0.062306619261264
23301	37	0.133403451579049
23301	38	-0.0975563050199568
23301	39	0.0691858525895199
23301	40	0.0123039518731787
23301	41	-0.0201043628100877
23301	42	-0.0932250247175546
23301	43	0.116179764030633
23301	44	0.19379931844346
23301	45	-0.022420857915499
23301	46	0.111113052398643
23301	47	0.0608047884498077
23301	48	0.0178736984446886
23301	49	-0.0770143513942116
23301	50	-0.00411142823682553
23301	51	0.194165132608447
23301	52	0.0581650381795953
23301	53	-0.0360961278732503
23301	54	-0.0554333840507653
23301	55	-0.0744283164179862
23301	56	0.0103886287873607
23301	57	-0.0157578594343519
23301	58	0.104055233628941
23301	59	0.0788867349895526
23301	60	-0.0493518691030346
23301	61	-0.0196585922533359
23301	62	0.132236011603844
23301	63	-0.0243943094211261
23301	64	0.219843789496089
23301	65	-0.0551339302268303
23301	66	0.0608541006005012
23301	67	-0.0148297433303952
23301	68	-0.0779209582969713
23301	69	0.0241261738638343
23301	70	0.0676617026422051
23301	71	-0.0482637297406754
23301	72	0.0183688702225524
23301	73	0.163253883377926
23301	74	-0.185299953418564
23302	1	0.732274391880825
23302	2	-0.0496744959124555
23302	3	-0.0474461195645617
23302	4	0.133889652210318
23302	5	0.154615180244303
23302	6	0.153807389801642
23302	7	0.164500232867681
23302	8	0.0573138002128104
23302	9	0.0351267027502402
23302	10	0.126932032151139
23302	11	0.1140642926891
23302	12	0.125706199913012
23302	13	0.159172238494058
23302	14	0.0100751675762538
23302	15	0.130470185014197
23302	16	0.200297985445147
23302	17	0.132475113211832
23302	18	0.156695129899013
23302	19	0.132019742792714
23302	20	0.136443286468094
23302	21	0.216468014482558
23302	22	0.165971606516706
23302	23	0.284086568221056
23302	24	0.116776063767652
23302	25	0.120481651362695
23302	26	-0.183935767571299
23302	27	0.128435585559856
23302	28	0.167941870775024
23302	29	0.207459647481329
23302	30	0.0738644355274474
23302	31	0.147577577409734
23302	32	0.076327417391056
23302	33	0.173253397617167
23302	34	0.121626518931187
23302	35	0.16461786879109
23302	36	0.14143149157568
23302	37	0.0626056329790998
23302	38	0.000259224896147714
23302	39	0.174216245944848
23302	40	-0.0382757267219702
23302	41	-0.0605395264430015
23302	42	0.087521384735922
23302	43	0.248377134545663
23302	44	0.106251401119515
23302	45	0.083789478545782
23302	46	0.164941127833309
23302	47	0.217672418608757
23302	48	0.0595766802954572
23302	49	0.0574647844764087
23302	50	0.236608072559676
23302	51	0.0647730784661533
23302	52	0.157570025438503
23302	53	-0.00552639553914958
23302	54	0.14085657178623
23302	55	-0.00304552775049416
23302	56	0.0727527324203763
23302	57	0.0944753095328963
23302	58	0.0998905184370784
23302	59	-0.0138091073198225
23302	60	0.0500233661225664
23302	61	0.185467113199287
23302	62	-0.113613978517684
23302	63	-0.0568376649744593
23302	64	0.0870860132771725
23302	65	-0.0448133678579907
23302	66	0.233174061880078
23302	67	0.00933056373158081
23302	68	0.179842261801625
23302	69	0.181651018963741
23302	70	0.175107570271855
23302	71	-0.0293143685401915
23302	72	0.0226972993022301
23302	73	0.0723433367296735
23302	74	0.102356876063851
23303	1	-0.0929891736229784
23303	2	0.106186524813431
23303	3	-0.039257067831965
23303	4	0.0468516177248368
23303	5	0.0167824252944335
23303	6	0.0840647014403402
23303	7	0.0947009768822369
23303	8	0.0542717190926467
23303	9	0.0909355828834464
23303	10	-0.0242836115569958
23303	11	0.051208780884636
23303	12	0.0666740582982897
23303	13	0.0902223166912819
23303	14	0.0506187141258039
23303	15	-0.0858819847914276
23303	16	0.00665457408401693
23303	17	-0.00755831360838499
23303	18	0.0297733678421181
23303	19	-0.00571463368040526
23303	20	0.0198112298960993
23303	21	0.00803995770615273
23303	22	0.144540401902319
23303	23	0.0343142734037158
23303	24	0.0263283952419044
23303	25	0.139433308452489
23303	26	0.0876007156768992
23303	27	-0.062148528447679
23303	28	0.00696257315908611
23303	29	-0.0281842683427698
23303	30	0.075811099636276
23303	31	0.0119612075591249
23303	32	0.0547860835374081
23303	33	0.123547262325445
23303	34	0.10992644867256
23303	35	0.0385973628907053
23303	36	-0.00860449883816727
23303	37	0.033088977180121
23303	38	-0.209762199985505
23303	39	-0.0620214432165369
23303	40	0.00753823530038034
23303	41	-0.0443274681018337
23303	42	-0.0454049040737416
23303	43	-0.0162156978076879
23303	44	0.00307998492517925
23303	45	-0.165446801770571
23303	46	-0.0452318444308801
23303	47	-0.114947073495749
23303	48	-0.163784127164668
23303	49	-0.183488987662983
23303	50	-0.0476581433074941
23303	51	-0.040009403429238
23303	52	-0.0514310150854129
23303	53	-0.110528872012651
23303	54	-0.0561112747674031
23303	55	-0.0917134564009174
23303	56	0.0761327229668041
23303	57	-0.106598155471985
23303	58	-0.0483573432378535
23303	59	-0.177413198966917
23303	60	-0.0786036509025365
23303	61	-0.00203146797137066
23303	62	-0.0430456392798249
23303	63	0.0123055503308436
23303	64	0.103110442397643
23303	65	-0.0460684922736405
23303	66	-0.0181961853196384
23303	67	-0.06575890872287
23303	68	-0.113899685452175
23303	69	-0.0484845086188983
23303	70	0.148809258450484
23303	71	0.0144826245373793
23303	72	0.0633768537937129
23303	73	-0.0827207960572309
23303	74	-0.119788579829311
23304	1	0.200775051467566
23304	2	-0.173179496663582
23304	3	0.0253091195730555
23304	4	0.116124526557655
23304	5	0.089974752385924
23304	6	0.126018108887635
23304	7	0.0381136633731529
23304	8	0.0761330193966998
23304	9	0.0372283985995452
23304	10	-0.0196554576119468
23304	11	0.0654062913945666
23304	12	0.185202672534793
23304	13	0.0648710732285664
23304	14	0.101958289706708
23304	15	0.170646952670893
23304	16	0.0745792160625811
23304	17	0.123685613186261
23304	18	0.0633884449827633
23304	19	0.218714398510691
23304	20	0.0578036963736324
23304	21	0.119927380680501
23304	22	0.0146333435706438
23304	23	0.117792020283709
23304	24	0.176498536586024
23304	25	0.325863767885004
23304	26	0.139104753760549
23304	27	0.177347141588427
23304	28	0.0982767140440188
23304	29	0.082768079461232
23304	30	0.111738014779732
23304	31	0.176184751180564
23304	32	0.174131718177449
23304	33	0.132408697374764
23304	34	0.0930682279695816
23304	35	0.120206180686196
23304	36	0.133091515080146
23304	37	0.226778031941393
23304	38	-0.0698186028308996
23304	39	0.0387277886103874
23304	40	0.139815535259693
23304	41	0.0915234151218272
23304	42	0.0893291466888186
23304	43	-0.0260725457105124
23304	44	0.163101263342604
23304	45	0.0763292461268961
23304	46	0.0592453441766239
23304	47	0.0329263266873028
23304	48	0.224649657732961
23304	49	0.249778861262719
23304	50	-0.0227108595198118
23304	51	0.168796100295033
23304	52	0.1524138551341
23304	53	0.0392496440449293
23304	54	0.142668933376235
23304	55	0.0336953855495139
23304	56	-0.0433801471307618
23304	57	0.17009383943094
23304	58	0.0426153265143299
23304	59	-0.0414413113623553
23304	60	0.158203772686136
23304	61	-0.0419042059365324
23304	62	0.0406291909546894
23304	63	0.171828492491684
23304	64	0.102969136670552
23304	65	-0.0216703873972435
23304	66	0.0356841376141688
23304	67	0.0286338986888452
23304	68	0.0896036110154554
23304	69	0.19455080561103
23304	70	0.0290775514078447
23304	71	0.0839118274372694
23304	72	0.15316839879965
23304	73	0.160804409534379
23304	74	-0.0403731293265253
23305	1	-1.16270906453326
23305	2	-0.106323627674072
23305	3	-0.156984401993174
23305	4	-0.0988082441801481
23305	5	-0.191791294793067
23305	6	-0.0980703947503798
23305	7	-0.19651282634868
23305	8	-0.208282517539857
23305	9	-0.148014888230108
23305	10	-0.203408868573277
23305	11	-0.12240309815067
23305	12	-0.160773861612199
23305	13	-0.195341682852835
23305	14	-0.117751367293224
23305	15	-0.105970458132703
23305	16	-0.000492946590618715
23305	17	-0.0899979950162262
23305	18	-0.222793829232444
23305	19	-0.0988226358106772
23305	20	-0.0841358369300451
23305	21	-0.159513687889522
23305	22	-0.209754614026018
23305	23	-0.13865106641704
23305	24	-0.10563720683821
23305	25	-0.154800502328442
23305	26	-0.115656215024352
23305	27	-0.147548901881272
23305	28	-0.0845278098878595
23305	29	-0.218163842618303
23305	30	-0.179978201453139
23305	31	-0.0382209970209644
23305	32	-0.171125140612141
23305	33	-0.103431217578667
23305	34	-0.249726453826696
23305	35	-0.313448747303134
23305	36	0.0378985322742054
23305	37	0.113178729217374
23305	38	-0.121536798515372
23305	39	-0.00988513634557364
23305	40	0.0599582090909081
23305	41	-0.0043674133348901
23305	42	-0.124115063399749
23305	43	0.0505970500089887
23305	44	-0.0737481202033337
23305	45	-0.0276333778297158
23305	46	-0.0301135065712828
23305	47	-0.000904611795697008
23305	48	0.019064670752627
23305	49	-0.110894769178351
23305	50	-0.031056414376998
23305	51	0.0354238576204651
23305	52	0.0305118867205039
23305	53	-0.111622823106607
23305	54	-0.0383568275608965
23305	55	0.110733609059842
23305	56	0.00276013315585999
23305	57	-0.0460618141268014
23305	58	0.0988996233002339
23305	59	0.0661165328251911
23305	60	-0.0141975740751477
23305	61	-0.109292238286358
23305	62	-0.00467327070985135
23305	63	0.0195742462796389
23305	64	0.138951552425631
23305	65	0.00108094478309795
23305	66	0.0337498292804668
23305	67	-0.0553838444371237
23305	68	0.0525524685319496
23305	69	-0.141098004748713
23305	70	-0.16193125179484
23305	71	0.00471417377912786
23305	72	-0.0304411462317802
23305	73	0.0551084348793864
23305	74	-0.161658656027171
23306	1	-0.385943464785157
23306	2	0.0330007500147502
23306	3	0.00117240180897227
23306	4	0.0255565713401857
23306	5	0.0811175326402918
23306	6	-0.0470290488290388
23306	7	-0.0283204991858312
23306	8	-0.0254441975408284
23306	9	0.0263457521645805
23306	10	0.0181720079595564
23306	11	0.0832435853208793
23306	12	-0.196273302319327
23306	13	-0.131626656053747
23306	14	-0.0404567443331629
23306	15	-0.0660053726209071
23306	16	0.0432580210817264
23306	17	-0.0179174951145171
23306	18	-0.00710074967716423
23306	19	0.0324098264870685
23306	20	0.049420343734603
23306	21	0.078578505843268
23306	22	0.092018683609993
23306	23	-0.0925702916528905
23306	24	-0.0694506100353109
23306	25	0.0874563792354195
23306	26	-0.042239674916182
23306	27	-0.130129929762418
23306	28	-0.0781581338254185
23306	29	0.0427697676650354
23306	30	0.00613585254167504
23306	31	0.0429495342463753
23306	32	-0.114141199189156
23306	33	-0.0195555528203784
23306	34	-0.130020382672122
23306	35	-0.0785835777669419
23306	36	-0.0363804537512138
23306	37	0.0966094948011218
23306	38	-0.0113536351277332
23306	39	-0.0647259476060071
23306	40	-0.0275483144818907
23306	41	0.00647418821409929
23306	42	0.0359162587918789
23306	43	-0.1372456777464
23306	44	-0.226232066148441
23306	45	-0.173952801793156
23306	46	0.036234412388275
23306	47	-0.0932660449306368
23306	48	-0.177051702316874
23306	49	-0.048936214641671
23306	50	-0.1232348651492
23306	51	-0.113982809136729
23306	52	-0.0241484007651067
23306	53	-0.0725257457914736
23306	54	-0.125989544853638
23306	55	-0.141976562173184
23306	56	-0.0948936806042866
23306	57	-0.0285532956488836
23306	58	-0.0590193524832259
23306	59	-0.125070633842007
23306	60	-0.105569321419622
23306	61	0.0502790925462051
23306	62	0.0134412559777317
23306	63	-0.0916697728591203
23306	64	-0.0410032412018708
23306	65	0.020831731715333
23306	66	-0.00587837292746229
23306	67	-0.00746165120315112
23306	68	0.0179312287316833
23306	69	-0.118402803926429
23306	70	-0.221495090251352
23306	71	-0.0153984635284345
23306	72	0.0651131951926871
23306	73	0.0440878771765014
23306	74	0.0252561426569216
23307	1	0.918100388025707
23307	2	0.264796175928435
23307	3	0.189105148990873
23307	4	0.181250167421982
23307	5	0.221547179666608
23307	6	0.160637792169979
23307	7	0.134997670521784
23307	8	0.165030348290486
23307	9	0.17271338950065
23307	10	0.0955245902164705
23307	11	0.208534276301975
23307	12	0.164814235548626
23307	13	0.134955475866512
23307	14	0.288195929694936
23307	15	0.186165558609915
23307	16	0.160123196384426
23307	17	0.204944219855371
23307	18	0.224864896980755
23307	19	0.265460116437957
23307	20	0.247965161952003
23307	21	0.143636545360792
23307	22	0.174549430245875
23307	23	0.341370080102635
23307	24	0.0983664857192039
23307	25	0.257174684461773
23307	26	0.24487173661673
23307	27	0.139881286715607
23307	28	0.165081553428912
23307	29	0.161278765517125
23307	30	0.0111783337187106
23307	31	0.124073287194406
23307	32	0.220911610357682
23307	33	0.21876664626717
23307	34	0.279670522770665
23307	35	0.236871643487135
23307	36	0.190212431566181
23307	37	0.118446134290167
23307	38	0.0930511854760994
23307	39	-0.00398649195261669
23307	40	0.0156576128987069
23307	41	-0.127490090974142
23307	42	0.0464662229455755
23307	43	0.103115071898564
23307	44	0.0839061000554722
23307	45	0.059983170614025
23307	46	0.0394277225476358
23307	47	-0.00336000563720518
23307	48	-0.175928461048322
23307	49	0.195279622989524
23307	50	0.0101185437360698
23307	51	0.118064012899055
23307	52	0.0855069469272891
23307	53	0.0899900756098404
23307	54	0.0304718241362778
23307	55	0.0589863649212958
23307	56	-0.0413098685228377
23307	57	-0.0991887558703013
23307	58	0.021498998583624
23307	59	0.152495779470698
23307	60	-0.0155498296464103
23307	61	0.0660241551383436
23307	62	-0.128213687131414
23307	63	-0.0603661708007976
23307	64	0.00325596254496219
23307	65	0.0122822486499032
23307	66	0.0173495584430654
23307	67	-0.0679047131397894
23307	68	0.0040259286203721
23307	69	-0.129079958423162
23307	70	-0.0199223659648027
23307	71	-0.0143001716051003
23307	72	-0.032909197554396
23307	73	0.0194257229424935
23307	74	-0.13830693188924
23308	1	0.672962242365056
23308	2	0.167607246179866
23308	3	0.0740166078474651
23308	4	0.145595000600743
23308	5	0.0951056167105548
23308	6	0.0428870524474263
23308	7	0.0686898568208818
23308	8	-0.0199427737164726
23308	9	0.0698340414251746
23308	10	0.0345366070581505
23308	11	-0.0274457291170762
23308	12	0.0595024035026626
23308	13	0.15327729164148
23308	14	0.018643134220369
23308	15	0.0665325429192976
23308	16	0.0155763859440938
23308	17	0.124760813497701
23308	18	-0.0479497075544799
23308	19	0.0544758280869004
23308	20	0.0738463319687668
23308	21	0.0109179615319803
23308	22	-0.00496174260219107
23308	23	0.0254056620652179
23308	24	0.0641623956367567
23308	25	0.0967490592713247
23308	26	0.061263064032282
23308	27	0.0523143546593801
23308	28	0.239034850511622
23308	29	0.114118079594839
23308	30	-0.0767524053894277
23308	31	0.0488994582753293
23308	32	-0.0296660665301829
23308	33	0.162208833880904
23308	34	0.0564216884339217
23308	35	0.139321259185664
23308	36	-0.0400944109385435
23308	37	-0.0968545137763286
23308	38	0.0583133414719654
23308	39	0.126361941984278
23308	40	0.0216006743423378
23308	41	0.0582822113601438
23308	42	0.0232000157842478
23308	43	-0.0295228903954907
23308	44	0.0724745978020778
23308	45	0.0248624054916391
23308	46	0.121553649454704
23308	47	0.0253201209981171
23308	48	0.0963603523120256
23308	49	-0.0352270197640578
23308	50	-0.0468700679719376
23308	51	0.0545150202963072
23308	52	-0.0553472056920867
23308	53	-0.0015241326761597
23308	54	0.0954068277667375
23308	55	-0.0395969855835432
23308	56	-0.0361704358694936
23308	57	0.128718380608852
23308	58	-0.0447778748280143
23308	59	0.00196154184455111
23308	60	0.077538326194194
23308	61	-0.0717880307644094
23308	62	0.0119570252310695
23308	63	0.169883107250463
23308	64	0.0596369475574434
23308	65	-0.19728454220612
23308	66	-0.125796134812269
23308	67	-0.0427294641607645
23308	68	0.040257963721622
23308	69	0.0378517055911161
23308	70	0.0685499001078611
23308	71	0.132381793205163
23308	72	-0.0258081012453175
23308	73	0.202808061706591
23308	74	0.167479546098185
23309	1	-0.0851303558988548
23309	2	0.0388771045871721
23309	3	0.0388686166008938
23309	4	0.0749449601656274
23309	5	0.00873152136709621
23309	6	-0.139108355226952
23309	7	0.0511743361046442
23309	8	-0.0136082327573277
23309	9	0.0281368605894841
23309	10	0.0714149421933215
23309	11	0.0450397335718407
23309	12	0.0532544920354354
23309	13	0.0855761832813045
23309	14	-0.00266980631666769
23309	15	0.0152268680298349
23309	16	-0.162271233742175
23309	17	-0.0241418074134074
23309	18	0.0196208148678849
23309	19	-0.235280090111118
23309	20	0.0339630764388801
23309	21	-0.0192924695251406
23309	22	-0.10685663439795
23309	23	-0.0169787794063723
23309	24	0.0255753739859657
23309	25	-0.0158020621554726
23309	26	-0.135221447015624
23309	27	-0.0361133409175309
23309	28	-0.045644900309874
23309	29	-0.013177862631629
23309	30	-0.149226477904406
23309	31	-0.125515708431095
23309	32	-0.00603899558399235
23309	33	-0.152761079215281
23309	34	-0.0652297006940401
23309	35	0.0236691227981183
23309	36	-0.000529131732385224
23309	37	0.0536491415615785
23309	38	-0.0981290753295667
23309	39	0.0939143404759051
23309	40	-0.0321471759463705
23309	41	-0.0241945883739945
23309	42	0.0281584339290575
23309	43	-0.0658954239392955
23309	44	-0.0858247417069151
23309	45	-0.154375745133542
23309	46	0.00374019754620747
23309	47	0.0848760459466931
23309	48	-0.0741185594146003
23309	49	0.0560892566093827
23309	50	-0.0599667785864355
23309	51	-0.14364833046605
23309	52	-0.0764281620055627
23309	53	0.127115048234465
23309	54	-0.0671969325593835
23309	55	-0.0783929384737831
23309	56	-0.121229343046004
23309	57	0.0508204051623338
23309	58	-0.010444148047867
23309	59	-0.108845212833657
23309	60	0.105239098917366
23309	61	0.0652529231476535
23309	62	-0.0836702531953364
23309	63	-0.0476926440360614
23309	64	0.079586889059712
23309	65	0.0833999349636656
23309	66	-0.101994991459058
23309	67	0.00264411011630727
23309	68	-0.162912779061706
23309	69	0.0689949259595082
23309	70	0.011166098248367
23309	71	-0.124813881716356
23309	72	0.0923855907748532
23309	73	-0.0404466510603143
23309	74	-0.00992128575772711
23310	1	0.634837435048489
23310	2	0.124335841861985
23310	3	0.120823209333643
23310	4	0.168759694003032
23310	5	0.172315078004619
23310	6	0.209876239849486
23310	7	0.0560810142807142
23310	8	0.143912917351777
23310	9	0.0699837558350893
23310	10	0.0776714298090937
23310	11	0.204341069683501
23310	12	0.0809192796655296
23310	13	0.131399288529657
23310	14	0.116296820494476
23310	15	0.0553883406918985
23310	16	0.137151217375845
23310	17	-0.078508509264573
23310	18	0.0152604714494586
23310	19	0.147986266562974
23310	20	0.067552416973065
23310	21	0.207178614319638
23310	22	0.124394134131627
23310	23	0.31923184691852
23310	24	0.107167203242248
23310	25	0.0978497556731526
23310	26	0.155269595651731
23310	27	0.202296182087913
23310	28	0.0894430685194436
23310	29	0.175958010594883
23310	30	0.20782842217011
23310	31	0.181466971758653
23310	32	0.252826638996346
23310	33	0.142145133026055
23310	34	0.205218440944513
23310	35	0.123318725860251
23310	36	-0.0057080119112598
23310	37	-0.0185643056518643
23310	38	0.0440081918076984
23310	39	-0.0401482935867321
23310	40	0.150089858080136
23310	41	0.0787012096797
23310	42	-0.0436280593311196
23310	43	-0.0859245959684642
23310	44	-0.0955264735139139
23310	45	0.292425943773409
23310	46	-0.0610240554285681
23310	47	0.0186894984969896
23310	48	0.112071963759917
23310	49	-0.0788055370891172
23310	50	0.0459491626285811
23310	51	0.00801073020733867
23310	52	0.0988087550173731
23310	53	0.0971249191175332
23310	54	0.0682532773324667
23310	55	0.039086208730609
23310	56	-0.0127293058629903
23310	57	-0.0707219137224584
23310	58	0.0120181926147751
23310	59	0.0245449353051512
23310	60	-0.0613648026757048
23310	61	-0.0636251933844321
23310	62	-0.00327176263918005
23310	63	0.104646841560943
23310	64	0.111550438442066
23310	65	0.0887922062846584
23310	66	-0.0954663359578731
23310	67	-0.0870203308878033
23310	68	0.00713035576231391
23310	69	-0.00283930082888162
23310	70	0.038678820894674
23310	71	0.0730188485178829
23310	72	0.00800731819433764
23310	73	-0.0520564625167523
23310	74	0.11796800351128
23311	1	-0.265386424417287
23311	2	0.289983297059315
23311	3	0.187194155343363
23311	4	0.120760544846831
23311	5	0.131402418078128
23311	6	0.210650822327302
23311	7	0.205383582269569
23311	8	0.174379486166849
23311	9	0.101402394238789
23311	10	0.0444587694722287
23311	11	0.0398854113670524
23311	12	0.198163366506314
23311	13	0.10605043573247
23311	14	0.0980501879618743
23311	15	0.0489923071013507
23311	16	0.0982008330598205
23311	17	0.134195942891878
23311	18	0.0199633669174091
23311	19	0.0661134116263682
23311	20	0.187502925769451
23311	21	0.157535572019569
23311	22	0.0263740558594705
23311	23	0.151682988376095
23311	24	0.0231706585982607
23311	25	0.163282311255003
23311	26	0.125813574837522
23311	27	0.0474798863772889
23311	28	0.10299227724839
23311	29	0.16866530801677
23311	30	0.26325364572179
23311	31	0.0471198302244815
23311	32	0.0826965228192407
23311	33	0.138063271456424
23311	34	0.205242379475834
23311	35	0.226731471281497
23311	36	0.0132460070427598
23311	37	0.00495271786515872
23311	38	0.149152296951804
23311	39	0.0682523148138756
23311	40	0.0339477419380216
23311	41	-0.0805749495964605
23311	42	-0.0326300483331039
23311	43	-0.0555825656264375
23311	44	-0.00100987899731564
23311	45	-0.0323273809799147
23311	46	0.123751754500866
23311	47	0.211005467862137
23311	48	0.152962385797878
23311	49	-0.0342269421006876
23311	50	-0.0506810741655883
23311	51	0.246638174982323
23311	52	-0.00559799365167635
23311	53	0.119252548752371
23311	54	0.0104062739697284
23311	55	0.0451567231384118
23311	56	0.112976431723268
23311	57	0.0438503216364978
23311	58	-0.0611785331880412
23311	59	0.0987954291944604
23311	60	0.045420138596441
23311	61	0.0711398895119117
23311	62	0.0830175540799445
23311	63	0.0317814885231797
23311	64	-0.0403143391389307
23311	65	0.0446616586997237
23311	66	0.0186218230741062
23311	67	-0.0373996012330693
23311	68	0.0845010665433534
23311	69	0.111713397986534
23311	70	0.0828822185071658
23311	71	-0.0842958658846626
23311	72	-0.119980448448004
23311	73	-0.0767502876024793
23311	74	0.054406269430892
23312	1	0.405674308364468
23312	2	0.316421249803636
23312	3	0.293781644820761
23312	4	0.222780067168369
23312	5	0.165847083493436
23312	6	0.342790867605139
23312	7	0.1675819002878
23312	8	0.341733811126595
23312	9	0.336721150760077
23312	10	0.407571634426041
23312	11	0.21326860844006
23312	12	0.248528831121767
23312	13	0.253601155355867
23312	14	0.20030399993626
23312	15	0.353558639678241
23312	16	0.289519447917598
23312	17	0.174281948988863
23312	18	0.357973866363018
23312	19	0.123737087957942
23312	20	0.309719714530083
23312	21	0.355624068125188
23312	22	0.260954527544477
23312	23	0.0995766971540561
23312	24	0.263827677616582
23312	25	0.31475942578723
23312	26	0.321058584604131
23312	27	0.29077266399009
23312	28	0.386200111240548
23312	29	0.276322765647123
23312	30	0.249181963985215
23312	31	0.337570211217596
23312	32	0.259903272540676
23312	33	0.213255947452907
23312	34	0.312517754271177
23312	35	0.199790204428304
23312	36	0.181401164134087
23312	37	-0.0371836544839823
23312	38	-0.000130293181847208
23312	39	0.0149545296011979
23312	40	-0.0718873775141162
23312	41	0.0969297117379853
23312	42	0.0161046825292814
23312	43	-0.0313922310912744
23312	44	-0.0496776690444207
23312	45	-0.0221447845904237
23312	46	-0.0472225927344354
23312	47	-0.0507575952260879
23312	48	-0.00268455474446938
23312	49	0.0257969359119912
23312	50	-0.103208512934543
23312	51	-0.000533467433967871
23312	52	0.0817538402206566
23312	53	0.017258374117155
23312	54	0.0140433337944899
23312	55	0.145240507474597
23312	56	0.00232791156322776
23312	57	-0.0249542007928909
23312	58	0.0737372139469272
23312	59	0.0724260992019978
23312	60	0.111417481062944
23312	61	-0.0328408391652744
23312	62	0.123237977981766
23312	63	0.236115118306053
23312	64	0.0201735180670255
23312	65	0.0150776079377906
23312	66	0.169476523928807
23312	67	0.099373029895844
23312	68	0.151226773930489
23312	69	0.0481274313369582
23312	70	0.00331199188259745
23312	71	0.0385673967175393
23312	72	0.10927981194704
23312	73	0.0705620169586822
23312	74	0.461083544301239
23401	1	0.103071375820058
23401	2	0.0822216137705212
23401	3	0.087464378511779
23401	4	-0.0662302203602358
23401	5	0.00551073804292201
23401	6	0.0208503129122732
23401	7	-0.0386717274385973
23401	8	-0.00666141686312471
23401	9	-0.0273877356727041
23401	10	-0.0363174584116948
23401	11	-0.0359435164603923
23401	12	0.0266902944754364
23401	13	0.0406157434784475
23401	14	-0.066979028488106
23401	15	0.0201104624246682
23401	16	0.077382114220427
23401	17	-0.0384201157804966
23401	18	0.0378439847602294
23401	19	0.0165700420773049
23401	20	0.017706798351746
23401	21	0.0400933419778795
23401	22	-0.0204227291712726
23401	23	0.0402356002408339
23401	24	0.0200002929365652
23401	25	-0.0793099818210052
23401	26	0.069862866351933
23401	27	-0.0318428850260091
23401	28	-0.0323979618682415
23401	29	-0.0821321026553647
23401	30	-0.191687322693348
23401	31	-0.0399327155028217
23401	32	-0.0242807892172152
23401	33	-0.173334372546101
23401	34	0.0474964312561283
23401	35	-0.0336884669944055
23401	36	-0.0610256949431189
23401	37	-0.0621490894656276
23401	38	-0.193935973100537
23401	39	-0.167326173626826
23401	40	0.011714440194261
23401	41	-0.0558164222718105
23401	42	0.016070915488271
23401	43	0.0612328824168031
23401	44	0.000213448913733316
23401	45	-0.124014409500738
23401	46	0.00074828032718699
23401	47	-0.121936096925296
23401	48	0.0102963965283678
23401	49	0.0137267899477465
23401	50	-0.0572630543277128
23401	51	-0.27475021553267
23401	52	-0.175726433780959
23401	53	0.00823182863268102
23401	54	-0.185179775134536
23401	55	0.0211166737297503
23401	56	-0.264292277950283
23401	57	-0.305051733472403
23401	58	-0.0162150989130865
23401	59	-0.195890254784906
23401	60	-0.0265910698590019
23401	61	-0.1888988188743
23401	62	-0.19341201193108
23401	63	-0.061270694916459
23401	64	-0.175216324415253
23401	65	-0.000417043663141214
23401	66	-0.201727244756121
23401	67	-0.2035336864461
23401	68	-0.0803329439481075
23401	69	-0.106839207184898
23401	70	-0.197832665741068
23401	71	-0.0795227506436973
23401	72	-0.180789026357985
23401	73	-0.108902912313191
23401	74	-0.253425602465974
23402	1	-0.0857649015846143
23402	2	0.00545974001964211
23402	3	0.0591858443147935
23402	4	-0.01967245810539
23402	5	0.072777601923292
23402	6	0.0223447592286803
23402	7	-0.0263724009976158
23402	8	0.0600558003647649
23402	9	0.0350685106548596
23402	10	0.184694160507824
23402	11	0.0845944781667995
23402	12	-0.0481488741673743
23402	13	-0.139271542677484
23402	14	0.0338788647235333
23402	15	0.0198717682375715
23402	16	-0.0792268198958936
23402	17	0.0518728008372307
23402	18	-0.137726851859121
23402	19	0.0548267189009408
23402	20	-0.0375792499503405
23402	21	-0.0653930114113592
23402	22	-0.0116067657152215
23402	23	-0.0142123729673642
23402	24	0.0182588381960258
23402	25	0.0951032106661316
23402	26	-0.0711988979987055
23402	27	-0.0728275386072781
23402	28	0.0232599595815657
23402	29	-0.1735407898842
23402	30	-0.0113545445998824
23402	31	0.0802500344507351
23402	32	-0.0879959622009636
23402	33	-0.0700346634990439
23402	34	0.0501878253707631
23402	35	-0.00133958467728945
23402	36	-0.0128417780478003
23402	37	-0.160818946521466
23402	38	-0.0887513980156029
23402	39	0.0957390777577061
23402	40	-0.30696791199702
23402	41	-0.12259743760233
23402	42	-0.165722056771372
23402	43	-0.0480465913314561
23402	44	-0.0522829925972985
23402	45	-0.137676101287084
23402	46	-0.00630808104500602
23402	47	-0.0535679588020201
23402	48	0.0636713405374394
23402	49	-0.0541609399979635
23402	50	0.0171816778040892
23402	51	-0.0212158156462863
23402	52	-0.174262246082137
23402	53	-0.0605948786133155
23402	54	-0.0808913281152002
23402	55	-0.194379008651822
23402	56	-0.121753264099219
23402	57	-0.161596022918232
23402	58	-0.240873242395729
23402	59	-0.0137379140273808
23402	60	-0.110389271969211
23402	61	-0.0182803018702344
23402	62	-0.150944282735637
23402	63	-0.0182723023153955
23402	64	-0.198548228654197
23402	65	-0.027928420365086
23402	66	-0.13469035463315
23402	67	-0.289326833534368
23402	68	-0.140028621875224
23402	69	-0.247690390949515
23402	70	-0.206015590441574
23402	71	0.0178371957087009
23402	72	-0.0988216657532917
23402	73	-0.251125688411022
23402	74	-0.046465816906661
23403	1	-0.207631676839789
23403	2	-0.0738585465113708
23403	3	-0.0837492189052185
23403	4	-0.11692828948026
23403	5	-0.0154983540607141
23403	6	-0.0565452909376205
23403	7	-0.0568374771603075
23403	8	-0.152789878808257
23403	9	-0.0574146617295384
23403	10	-0.193216343091969
23403	11	-0.129575616081965
23403	12	-0.00562097372997528
23403	13	-0.064726356314516
23403	14	-0.0403636738239896
23403	15	-0.104460454357692
23403	16	0.0723647355535846
23403	17	-0.16889569226047
23403	18	-0.0453683856688372
23403	19	-0.155070276429782
23403	20	-0.0467632434985603
23403	21	-0.107418557651698
23403	22	-0.0274216581936244
23403	23	-0.132611051317006
23403	24	-0.0901596681443593
23403	25	-0.224638176922632
23403	26	-0.128113746168175
23403	27	-0.123766342424879
23403	28	-0.142662955225717
23403	29	-0.0694284707798758
23403	30	-0.110895528746461
23403	31	-0.0793685998899676
23403	32	-0.0137072470674084
23403	33	-0.116643750610002
23403	34	-0.0617309838380251
23403	35	-0.0726031451891345
23403	36	0.0481053793396029
23403	37	-0.118814723716831
23403	38	-0.101906590120933
23403	39	-0.00742805617237963
23403	40	0.0126430065124694
23403	41	-0.123414774275453
23403	42	0.0992949439227857
23403	43	-0.0204748775753103
23403	44	-0.0316281883766862
23403	45	0.0855869935716242
23403	46	0.113539999089312
23403	47	0.141076932927511
23403	48	-0.0957035575977514
23403	49	-0.0185790288256626
23403	50	-0.0897962825856879
23403	51	0.0345131481647201
23403	52	-0.0326011108035829
23403	53	-0.111266903074132
23403	54	-0.0926158998792701
23403	55	-0.00929573873230538
23403	56	-0.0683364543827736
23403	57	-0.221424748813732
23403	58	-0.286473690726581
23403	59	-0.165781425857276
23403	60	0.0242885769403287
23403	61	-0.0067982726989797
23403	62	-0.23644934461219
23403	63	-0.00956399283667508
23403	64	0.0373041888083208
23403	65	-0.0551161883438809
23403	66	-0.0627465572892518
23403	67	0.00614203999296592
23403	68	-0.0420790911857551
23403	69	-0.0434012827455064
23403	70	-0.142668692250744
23403	71	-0.161335116917947
23403	72	-0.206104680332217
23403	73	0.00169367987312086
23403	74	-0.423327652609956
23404	1	-0.30273284275362
23404	2	-0.127181639589217
23404	3	-0.163397578945659
23404	4	-0.0842744578456838
23404	5	-0.0526978177490314
23404	6	-0.163540340034437
23404	7	-0.146483537482354
23404	8	-0.209982573514132
23404	9	-0.213929156464054
23404	10	-0.15122608869104
23404	11	-0.0929892659953993
23404	12	-0.127995498057096
23404	13	-0.355114835159277
23404	14	-0.128847725493891
23404	15	-0.220915590323116
23404	16	-0.177426337199961
23404	17	-0.105500700439656
23404	18	-0.112279343176112
23404	19	-0.220393994336774
23404	20	-0.140556173383182
23404	21	-0.122172769824587
23404	22	-0.240951812708666
23404	23	-0.0392915162940284
23404	24	-0.0502096544762196
23404	25	-0.208647757636236
23404	26	-0.171689504532864
23404	27	-0.282729820293341
23404	28	-0.199863026386815
23404	29	-0.155069983734229
23404	30	-0.212996516757549
23404	31	-0.0916109121049473
23404	32	-0.217254888120422
23404	33	-0.16738117917771
23404	34	-0.301621985864379
23404	35	-0.27327874170571
23404	36	-0.229517938223147
23404	37	-0.0799710715152386
23404	38	0.0105183185992956
23404	39	-0.154369909372065
23404	40	-0.033165803861479
23404	41	-0.065975787558898
23404	42	-0.0916477534204247
23404	43	-0.0312663159580708
23404	44	-0.235888163171374
23404	45	-0.169069757158908
23404	46	-0.135328742409314
23404	47	-0.152623665773923
23404	48	-0.143011087097783
23404	49	-0.147790014524304
23404	50	-0.148886518122595
23404	51	-0.0960097893061445
23404	52	-0.184135154687105
23404	53	-0.146699778731502
23404	54	-0.208785769222715
23404	55	-0.206064402258711
23404	56	-0.222214743873813
23404	57	-0.174983588395328
23404	58	-0.225808780990391
23404	59	-0.185784517758378
23404	60	-0.0615954189564718
23404	61	-0.166179262658908
23404	62	-0.149447569575628
23404	63	-0.139854803376302
23404	64	-0.0199356131164663
23404	65	-0.0196843944560925
23404	66	-0.139665686745218
23404	67	-0.127884675859939
23404	68	-0.247324968086666
23404	69	-0.184229834039172
23404	70	-0.124738710748126
23404	71	-0.142952790017347
23404	72	-0.0467560781920966
23404	73	-0.153225840521991
23404	74	-0.0880540744677418
23405	1	0.0278967081897079
23405	2	-0.0831475744732764
23405	3	-0.221445371794889
23405	4	-0.280561977592917
23405	5	-0.0511507239973277
23405	6	-0.282758258721223
23405	7	-0.264945159751782
23405	8	-0.228152753826819
23405	9	-0.111327968906174
23405	10	-0.244644584814232
23405	11	-0.090290023199735
23405	12	-0.145902381897955
23405	13	-0.226551707560361
23405	14	-0.228290263308708
23405	15	-0.171144385877945
23405	16	-0.263284592906231
23405	17	-0.150972001124231
23405	18	-0.218319727407376
23405	19	-0.246888882753545
23405	20	-0.0686426435762044
23405	21	-0.269158479181598
23405	22	-0.235929205528848
23405	23	-0.174596849409461
23405	24	-0.19845010770932
23405	25	-0.27866464492719
23405	26	-0.149124088978397
23405	27	-0.220403005817481
23405	28	-0.0987753395825095
23405	29	-0.228422564947572
23405	30	-0.184138315526411
23405	31	-0.242029462703265
23405	32	-0.202403151271625
23405	33	-0.30987995348724
23405	34	-0.399940520120161
23405	35	-0.192780838998296
23405	36	-0.0962428630436136
23405	37	-0.0537362790555704
23405	38	-0.0632079695061591
23405	39	-0.0831591803602336
23405	40	-0.033863343636483
23405	41	-0.137387882469142
23405	42	-0.0229471904467786
23405	43	0.0255474505055986
23405	44	-0.0337575126734961
23405	45	-0.25611596568897
23405	46	-0.0976610730910252
23405	47	0.00287294372201785
23405	48	-0.0080318761662852
23405	49	-0.00358255472039559
23405	50	-0.0257325311766508
23405	51	-0.0514069549673124
23405	52	-0.020888604679989
23405	53	-0.0207308922146723
23405	54	-0.0543717222338387
23405	55	-0.172724002611183
23405	56	0.035846470445918
23405	57	-0.182212660416205
23405	58	-0.0723204751746422
23405	59	0.0153950337270601
23405	60	-0.0300701279002311
23405	61	-0.0569339341949373
23405	62	-0.296623996897814
23405	63	-0.0531145780539219
23405	64	-0.0432639040293594
23405	65	-0.0361716065209592
23405	66	-0.148044843592558
23405	67	0.0391782763878084
23405	68	-0.00876462244327314
23405	69	-0.0355636853730275
23405	70	-0.0698005325418904
23405	71	0.00842777268483985
23405	72	0.0206688836081952
23405	73	0.0320117790479557
23405	74	-0.205670283526416
23406	1	1.1016856244
23406	2	0.090599303879916
23406	3	0.156649161556103
23406	4	0.127349681481981
23406	5	0.00894517606390721
23406	6	0.044759357828255
23406	7	0.15216731934926
23406	8	0.123610532727398
23406	9	0.171604565132014
23406	10	0.109262824406073
23406	11	0.142082869868624
23406	12	-0.05496672285377
23406	13	0.202250750982444
23406	14	0.0949261510348336
23406	15	0.0711361966630975
23406	16	0.0281462106694832
23406	17	0.221784300235377
23406	18	0.135107797599389
23406	19	0.0169802509018879
23406	20	0.1597366530671
23406	21	0.105358037473266
23406	22	0.0329633560738927
23406	23	0.167536600631713
23406	24	0.0243423769199893
23406	25	0.132096086723479
23406	26	0.150729642313316
23406	27	0.0964511036229894
23406	28	-0.046315357127078
23406	29	0.15562493207235
23406	30	0.0677188363799743
23406	31	0.0684911348869477
23406	32	0.0303915600204334
23406	33	0.00740269255592807
23406	34	0.0462874939846003
23406	35	0.0423048395291872
23406	36	-0.00103708482654241
23406	37	0.0103155594348934
23406	38	-0.00854066246529328
23406	39	-0.0872569786264492
23406	40	-0.0268802154416576
23406	41	-0.0534420172911183
23406	42	-0.0296263729156365
23406	43	-0.10888721375867
23406	44	-0.161381737645037
23406	45	0.0534801013792929
23406	46	-0.0622407894039227
23406	47	0.171121487135871
23406	48	-0.0271164857733623
23406	49	-0.0537718827451172
23406	50	-0.0200059550506779
23406	51	-0.0583585947826819
23406	52	0.0775844212673675
23406	53	-0.0256897207463993
23406	54	-0.0939053358814803
23406	55	-0.251883498010834
23406	56	-0.0340691482913371
23406	57	-0.0958013575398837
23406	58	0.0939641069665456
23406	59	0.0974175078789941
23406	60	0.0518986898791951
23406	61	-0.134826816231573
23406	62	0.0358321498965637
23406	63	0.0523850196106608
23406	64	-0.00850766657500657
23406	65	0.0260148304524819
23406	66	-0.0693468625459985
23406	67	-0.0660277929996127
23406	68	0.0129613199760996
23406	69	-0.13442126110921
23406	70	0.0575354153873917
23406	71	0.0590194369028723
23406	72	-0.0522608532905622
23406	73	0.142953226013447
23406	74	0.0469648133747711
23407	1	-0.289057804858388
23407	2	-0.1951127502433
23407	3	-0.227392155547349
23407	4	-0.303293675870865
23407	5	-0.0565254268073225
23407	6	-0.24587544815963
23407	7	-0.217777612115015
23407	8	-0.157026745265235
23407	9	-0.220144736546771
23407	10	-0.0676143491665044
23407	11	-0.185999023542074
23407	12	-0.272035472768216
23407	13	-0.196433208444468
23407	14	-0.201136597625087
23407	15	-0.120008389847811
23407	16	-0.142774478238785
23407	17	-0.195935867216775
23407	18	-0.243619272946155
23407	19	-0.128372178869427
23407	20	-0.275851680036752
23407	21	-0.263468291712414
23407	22	-0.245508381342837
23407	23	-0.314580015185733
23407	24	-0.113087559460112
23407	25	-0.106246075773392
23407	26	-0.166103099590863
23407	27	-0.23434274809054
23407	28	-0.272470294654603
23407	29	-0.275772588031813
23407	30	-0.0958351173379768
23407	31	-0.235178624603897
23407	32	-0.206170436972897
23407	33	-0.196532706793626
23407	34	-0.230263165605855
23407	35	-0.139038207897066
23407	36	-0.171375332267985
23407	37	-0.0564454093064199
23407	38	-0.0148793019153572
23407	39	-0.0339108050106276
23407	40	0.0492214587951736
23407	41	-0.0906583360501259
23407	42	-0.288663071723015
23407	43	0.00206072709602978
23407	44	-0.0326022867067053
23407	45	-0.0396085345430706
23407	46	-0.0809165316396161
23407	47	-0.214284416184242
23407	48	-0.0700617378859789
23407	49	-0.0911141872026491
23407	50	-0.184267639539442
23407	51	-0.221898781930726
23407	52	-0.102989976264894
23407	53	-0.124525076431794
23407	54	-0.0603566988084339
23407	55	-0.0392020408758071
23407	56	-0.0716725412768184
23407	57	-0.0655997201073504
23407	58	-0.00676673729081045
23407	59	-0.190119761293126
23407	60	-0.118565516319237
23407	61	-0.112129233854837
23407	62	-0.171772944182713
23407	63	-0.17345829428875
23407	64	-0.0749634117000468
23407	65	-0.14958131158901
23407	66	-0.0824398347454149
23407	67	-0.116582220121934
23407	68	-0.0255067599607273
23407	69	-0.192211214360981
23407	70	-0.0546019598861065
23407	71	0.02705898405722
23407	72	-0.0603553753763464
23407	73	-0.0958061289807688
23407	74	-0.17029299681402
23408	1	-0.263426679890699
23408	2	0.187797173839808
23408	3	0.127784010569911
23408	4	0.10687053947909
23408	5	0.0686043722474636
23408	6	0.071254835946327
23408	7	0.0874780130425492
23408	8	0.158762468090266
23408	9	-0.00581307004497944
23408	10	0.0723755668749675
23408	11	0.0110383349713743
23408	12	-0.0994947938880415
23408	13	0.0873450210549365
23408	14	0.0534739413880274
23408	15	0.225685025901676
23408	16	0.0121218261180616
23408	17	-0.030737012192823
23408	18	0.0994941173381463
23408	19	0.0983282924599038
23408	20	-0.0458220663863855
23408	21	-0.207161669168386
23408	22	0.0802433681920505
23408	23	-0.0271911860418186
23408	24	0.0111729768405411
23408	25	0.00259557735758165
23408	26	0.0602733128813284
23408	27	0.0812130343895348
23408	28	0.0837449021261847
23408	29	0.177501986032624
23408	30	-0.0946684416297856
23408	31	0.033232417968911
23408	32	-0.0512604107737502
23408	33	-0.170947534042014
23408	34	0.012474310021922
23408	35	0.00376596226654158
23408	36	-0.0834230896263435
23408	37	-0.164831451919014
23408	38	0.00175714955665995
23408	39	-0.0914743449127826
23408	40	-0.0863443783540987
23408	41	-0.095120964142474
23408	42	-0.0815890972921522
23408	43	-0.0351815452254129
23408	44	-0.0223104002978403
23408	45	-0.119350886570196
23408	46	-0.0540847638801552
23408	47	-0.0110509213085805
23408	48	-0.0283533615188247
23408	49	-0.0165372427361348
23408	50	-0.0591901786671158
23408	51	-0.0942052596308045
23408	52	-0.0427956227433626
23408	53	0.0471801399308873
23408	54	0.0173289134608936
23408	55	-0.0231803165037761
23408	56	0.0245295895485356
23408	57	-0.160030280118356
23408	58	-0.202361778851625
23408	59	0.130070103555596
23408	60	-0.129222849026057
23408	61	-0.0351260547391945
23408	62	-0.166700671448254
23408	63	-0.107260552026865
23408	64	-0.174601079278169
23408	65	-0.204811070159103
23408	66	-0.160985859802885
23408	67	-0.0872395000598942
23408	68	0.0809871926166252
23408	69	-0.0128001976648875
23408	70	-0.165173122181407
23408	71	-0.0416539164894942
23408	72	-0.1871882362977
23408	73	0.0852849632260586
23408	74	-0.0918893816150117
23409	1	0.551308282640289
23409	2	0.091052086602069
23409	3	0.105820235364995
23409	4	-0.00467457055348675
23409	5	0.0347255458016562
23409	6	-0.00444776741401398
23409	7	0.0165172106642828
23409	8	0.110055125303404
23409	9	-0.000565508617647481
23409	10	0.0907776488034102
23409	11	0.113415646510305
23409	12	0.0120384438336103
23409	13	-0.0225545866839099
23409	14	-0.0113844931765428
23409	15	0.00606626954999001
23409	16	0.0551423319734852
23409	17	-0.0346168834019949
23409	18	-0.167932060632545
23409	19	-0.0303770557787217
23409	20	-0.0899419482331467
23409	21	-0.0688801149404199
23409	22	-0.040369812922421
23409	23	0.100039621180343
23409	24	-0.0135261788007028
23409	25	-0.0659693926767062
23409	26	0.0471971496323036
23409	27	0.0793657028101364
23409	28	0.0110673635886656
23409	29	-0.0348509160350545
23409	30	-0.089620335025927
23409	31	0.0269068507098993
23409	32	-0.039601801448768
23409	33	0.0819041950413535
23409	34	-0.045244116754418
23409	35	-0.0826169719988457
23409	36	-0.117801511891358
23409	37	-0.0434949800670807
23409	38	0.0616690780252895
23409	39	-0.00545564806934351
23409	40	-0.0886300842480523
23409	41	0.130688211408966
23409	42	-0.015867972292682
23409	43	-0.12437652359565
23409	44	-0.121994030909306
23409	45	0.0288897640001196
23409	46	-0.120131026906677
23409	47	-0.132811781870274
23409	48	0.0121463754322662
23409	49	-0.0922687425626378
23409	50	0.0430854741978806
23409	51	0.0201692436545073
23409	52	-0.110623062661872
23409	53	-0.0692917586105892
23409	54	0.110614234812225
23409	55	-0.0615388106352555
23409	56	-0.0665750709731583
23409	57	-0.0206440076258616
23409	58	-0.00272033504852942
23409	59	-0.0306387222513678
23409	60	-0.105646831910441
23409	61	0.175944699088689
23409	62	0.0860664443813377
23409	63	-0.0451399585873702
23409	64	-0.0729423882813123
23409	65	-0.0388903846158115
23409	66	0.0078645080999209
23409	67	0.0478874028678007
23409	68	-0.245022535281464
23409	69	-0.132018569667494
23409	70	-0.0435390835382563
23409	71	-0.141565002751214
23409	72	-0.056807496620479
23409	73	-0.157206599716815
23409	74	0.264994462280598
23410	1	0.989981372227486
23410	2	-0.0914399642928814
23410	3	-0.159876985661651
23410	4	-0.039091688447666
23410	5	-0.126589510304708
23410	6	-0.111082250557637
23410	7	-0.131579432258157
23410	8	-0.131951919049278
23410	9	-0.0357724541384954
23410	10	-0.133514099462118
23410	11	-0.0297385432116641
23410	12	-0.0876964194404053
23410	13	-0.0708217731021819
23410	14	-0.098292755662591
23410	15	-0.135942463352151
23410	16	-0.182865606965812
23410	17	-0.0585196794676079
23410	18	-0.0704968983474359
23410	19	-0.0164749523629908
23410	20	-0.104429013427357
23410	21	-0.0226522827519062
23410	22	-0.0107125092050993
23410	23	-0.135762176194412
23410	24	-0.124081198117366
23410	25	-0.0774708267376454
23410	26	-0.096426904823069
23410	27	-0.122578437905993
23410	28	-0.131282525225522
23410	29	-0.0845828329625604
23410	30	-0.0644404442027167
23410	31	-0.0921491536513841
23410	32	-0.187307665781056
23410	33	-0.252701523489861
23410	34	-0.0838247151832334
23410	35	-0.131490830117272
23410	36	-0.0107699675546158
23410	37	-0.0152457877984631
23410	38	-0.118757563981312
23410	39	0.199903635418686
23410	40	-0.204536654003789
23410	41	-0.236484532178252
23410	42	-0.0866327234408928
23410	43	-0.149458365360154
23410	44	-0.0429226797385382
23410	45	-0.0625208482319621
23410	46	-0.0825337840425746
23410	47	-0.112908790208536
23410	48	-0.0755135554964212
23410	49	-0.178135636419221
23410	50	-0.232036515357095
23410	51	-0.139954817758209
23410	52	-0.0910580192919994
23410	53	-0.0619986446138725
23410	54	0.0537759755535987
23410	55	-0.00786537975545087
23410	56	-0.0882407084273424
23410	57	-0.0701405511872792
23410	58	-0.161500060563462
23410	59	-0.274574355320361
23410	60	-0.145681898704161
23410	61	-0.10065831094775
23410	62	0.0777667299856262
23410	63	-0.12097574385605
23410	64	-0.0626003119376222
23410	65	-0.0825519844286191
23410	66	-0.0900556904845118
23410	67	-0.198462844904306
23410	68	-0.0905411949222739
23410	69	-0.1989929880746
23410	70	-0.0563449088652348
23410	71	-0.226596636475591
23410	72	-0.0251723542068945
23410	73	-0.0350051539369574
23410	74	-0.180730628176264
23411	1	-0.639349252375816
23411	2	0.238418656254421
23411	3	0.115630562574299
23411	4	0.218863727808326
23411	5	0.0566985521040202
23411	6	0.0460075890600891
23411	7	0.0658791498448679
23411	8	0.185462465042541
23411	9	0.17553687001638
23411	10	0.111645534569057
23411	11	0.168393136157952
23411	12	0.159898555970742
23411	13	0.19584665666865
23411	14	0.120489657502375
23411	15	0.153139589365523
23411	16	0.0616486664374634
23411	17	0.214084390980879
23411	18	0.126418884186997
23411	19	-0.0841404175386771
23411	20	0.0868505873714582
23411	21	0.0746902569953392
23411	22	0.145554261785733
23411	23	0.237441715191494
23411	24	0.0374431172391851
23411	25	-0.0401005439013318
23411	26	0.0516203068061927
23411	27	0.0743607272598865
23411	28	0.0557673994340249
23411	29	0.0987753773405089
23411	30	0.114989806536499
23411	31	0.146813599268057
23411	32	-0.0441496817573537
23411	33	0.0721303150751638
23411	34	0.0716472075979624
23411	35	0.0366414168858782
23411	36	0.0473850467930177
23411	37	0.13779268116604
23411	38	0.149314127574556
23411	39	0.0179179031568211
23411	40	-0.00831171555189769
23411	41	0.0188185958892646
23411	42	0.0263012458687299
23411	43	0.0532388445977787
23411	44	0.064674150814966
23411	45	0.0388528172543943
23411	46	0.0383171409066136
23411	47	-0.0294097888808551
23411	48	-0.104425837741893
23411	49	0.021809512603717
23411	50	0.0262941285331095
23411	51	-0.0463298403787249
23411	52	-0.113348218872453
23411	53	-0.0807000865658907
23411	54	-0.0408643109672582
23411	55	0.209460345427033
23411	56	-0.0815377281082945
23411	57	-0.0918946902225457
23411	58	-0.109848780958963
23411	59	0.0548349122345684
23411	60	0.0761489175234686
23411	61	0.0704812271113653
23411	62	-0.0115321795511747
23411	63	0.0728515465294564
23411	64	0.144726077160854
23411	65	-0.0249885703829378
23411	66	0.0242624354834504
23411	67	-0.0324123346795915
23411	68	0.230003617186867
23411	69	0.107660497851157
23411	70	-0.124533891007836
23411	71	-0.0657134194827478
23411	72	-0.0852299996612231
23411	73	-0.0586662452431312
23411	74	0.115867239353392
23412	1	1.29036422466019
23412	2	-0.146086393621488
23412	3	0.145882804834191
23412	4	0.224708635770266
23412	5	0.289431533926383
23412	6	0.163569622521507
23412	7	0.319685421944065
23412	8	0.25045057100369
23412	9	0.15765628472905
23412	10	0.163080964191799
23412	11	0.180091037153552
23412	12	0.186125929747803
23412	13	0.229491335134327
23412	14	0.289052622843172
23412	15	0.233389316269765
23412	16	0.185481421638258
23412	17	0.152123994656648
23412	18	0.222926193091837
23412	19	0.165952411062591
23412	20	0.283594519375406
23412	21	0.0705977134677056
23412	22	0.124695076186022
23412	23	0.202798680091504
23412	24	0.134707727862128
23412	25	0.253516920811819
23412	26	0.222658501882805
23412	27	0.250840475053558
23412	28	0.187253723086037
23412	29	0.157723934724153
23412	30	0.259886269706904
23412	31	0.259723123123216
23412	32	0.227089202766258
23412	33	0.224997461176599
23412	34	0.271225705858775
23412	35	0.217538907758737
23412	36	0.0507684011068505
23412	37	0.157656893140107
23412	38	0.12977512608267
23412	39	0.0922991062669425
23412	40	0.0894554989383209
23412	41	-0.00297485707099554
23412	42	0.156986036805364
23412	43	0.00497177850999719
23412	44	0.0318935494284958
23412	45	0.0525290023839275
23412	46	0.107554889269778
23412	47	-0.117426771947642
23412	48	0.21996187761998
23412	49	0.137107275838616
23412	50	-0.0624830353558536
23412	51	-0.0879218433371776
23412	52	-0.123933293528658
23412	53	-0.0277060032020344
23412	54	-0.164642707466079
23412	55	0.064717274839758
23412	56	-0.041251170372874
23412	57	0.0147070250787493
23412	58	-0.0949199702161607
23412	59	0.106008371125846
23412	60	0.0278783062954346
23412	61	-0.091777461336477
23412	62	0.0743694971560203
23412	63	0.0258706621659783
23412	64	-0.204235933331148
23412	65	-0.111839752364631
23412	66	0.0644951436115377
23412	67	-0.0650840038454419
23412	68	-0.0862979139057671
23412	69	0.0299409951316534
23412	70	-0.105827684840648
23412	71	0.0891229062837411
23412	72	0.0363366318593421
23412	73	-0.0627647548099546
23412	74	0.0264181719235239
23501	1	0.179503130349428
23501	2	0.0202038386818231
23501	3	-0.00846195417923923
23501	4	0.0786692006303653
23501	5	0.103631724106997
23501	6	0.031418050713107
23501	7	0.00498469712707816
23501	8	0.0360534925927993
23501	9	-0.0981042319940428
23501	10	0.0999180587686084
23501	11	0.0924670378705343
23501	12	-0.00759027500468079
23501	13	0.136743901642589
23501	14	-0.0231719210530983
23501	15	0.0950839303930735
23501	16	0.00622238199963476
23501	17	0.0587418742273371
23501	18	0.0535642676568386
23501	19	0.0442568274352624
23501	20	-0.108607342635985
23501	21	-0.0715076208899887
23501	22	0.154419675039641
23501	23	0.0674398536873966
23501	24	-0.0106302260221725
23501	25	0.0783841917650889
23501	26	0.109978460194135
23501	27	-0.0624598237453284
23501	28	0.0353141231868221
23501	29	0.135493545620477
23501	30	0.0597031349058241
23501	31	0.160309503959049
23501	32	0.118894808190525
23501	33	0.0948872026403151
23501	34	0.0145455694743575
23501	35	0.0738947675932522
23501	36	-0.0279598942236561
23501	37	-0.0552404349906297
23501	38	-0.0384239810178144
23501	39	0.0137748212289708
23501	40	-0.0761294993797605
23501	41	-0.0592282693995543
23501	42	0.03922921981966
23501	43	0.0917777984510266
23501	44	0.00292993621329884
23501	45	-0.0467915425696432
23501	46	0.0129953930235587
23501	47	0.139490857663837
23501	48	-0.0649299124474041
23501	49	-0.0869010332663436
23501	50	-0.0538112106845716
23501	51	0.142811332658333
23501	52	0.0764690811453477
23501	53	0.023882781411487
23501	54	0.0554071326048771
23501	55	-0.0993609512049787
23501	56	-0.0510102254953182
23501	57	-0.00498393665930763
23501	58	-0.0610135268651248
23501	59	-0.0450983191634435
23501	60	0.0164822829178064
23501	61	-0.0618314494939156
23501	62	-0.112763676184045
23501	63	-0.0619528079885683
23501	64	-0.0202890641118927
23501	65	-0.101297998263682
23501	66	0.0778473356025771
23501	67	-0.136500928012431
23501	68	0.0368815053862122
23501	69	0.117994537334134
23501	70	-0.0464811630329152
23501	71	0.102600581167444
23501	72	-0.0736464453395342
23501	73	0.0567127107201344
23501	74	-0.201364739952837
23502	1	0.0337597148024074
23502	2	0.161552127745406
23502	3	0.00651985909048491
23502	4	0.0422004684080051
23502	5	0.0517498477987282
23502	6	0.0212967399506425
23502	7	0.0637519421229769
23502	8	-0.0688117872258616
23502	9	-0.077310297751815
23502	10	0.00256633663021688
23502	11	0.106319044451148
23502	12	-0.0912986547383383
23502	13	-0.141388696753552
23502	14	-0.141713490251625
23502	15	0.0362505168887637
23502	16	0.0647362098451012
23502	17	-0.0314348204003281
23502	18	-0.0761606031361026
23502	19	0.0675412784398191
23502	20	0.00181828835349762
23502	21	0.00951695316052792
23502	22	0.121902932485106
23502	23	0.160024423081417
23502	24	0.0426216953355976
23502	25	0.168587518530991
23502	26	0.00844137398068057
23502	27	-0.0121885054050637
23502	28	0.215464339428799
23502	29	0.0761357260952238
23502	30	-0.0325214887848091
23502	31	-0.000431649229007292
23502	32	0.113631254354068
23502	33	0.0184798725972897
23502	34	-0.0115997772046939
23502	35	0.00151273423773546
23502	36	0.113030881190447
23502	37	0.0557749725854606
23502	38	0.0702949197436027
23502	39	0.0810874206025076
23502	40	0.025950512051736
23502	41	-0.0438218273860684
23502	42	-0.00686989401223315
23502	43	-0.032336203549491
23502	44	0.0151371457703959
23502	45	-0.0208398814864168
23502	46	-0.113679355834996
23502	47	-0.223965980378964
23502	48	0.0266569649590949
23502	49	-7.52689364986736e-05
23502	50	0.043030671905214
23502	51	0.034792913087081
23502	52	0.0928211002492247
23502	53	0.0922541173557008
23502	54	-0.0174078006411591
23502	55	-0.1598679565098
23502	56	-0.0386841113676226
23502	57	-0.0715390527458908
23502	58	-0.145333793244269
23502	59	-0.0499359216584523
23502	60	0.0626416172434929
23502	61	0.00190825874974365
23502	62	-0.111153217677035
23502	63	0.136748292715772
23502	64	0.0639291725334772
23502	65	0.0242541639104417
23502	66	0.0316063921369576
23502	67	-0.0104511730493257
23502	68	-0.0315136094445521
23502	69	-0.0417353473937467
23502	70	-0.0824981875553163
23502	71	-0.0511425165692145
23502	72	0.11001743052865
23502	73	0.0577800944971329
23502	74	-0.0523508797477135
23503	1	-0.172750023031526
23503	2	-0.0775457320895576
23503	3	-0.0404903021275302
23503	4	-0.0425608868638179
23503	5	-0.0429438767082928
23503	6	0.0421039922709525
23503	7	-0.0105429711801364
23503	8	-0.0393500661280513
23503	9	0.014015032792166
23503	10	0.0148029668249805
23503	11	0.06885757793723
23503	12	-0.0174422068477895
23503	13	-0.0144004518881218
23503	14	-0.0920970264219108
23503	15	-0.122181467703378
23503	16	0.0321788039442907
23503	17	-0.0199889222449556
23503	18	-0.146217939856513
23503	19	-0.00654554020236731
23503	20	0.0152639153216825
23503	21	-0.0472257842804567
23503	22	0.022523204004365
23503	23	0.101833324662607
23503	24	0.015249360856636
23503	25	0.0398178782137535
23503	26	-0.0535409490420022
23503	27	-0.035284937356451
23503	28	-0.0597488745821693
23503	29	-0.0124564249726475
23503	30	-0.029077688179342
23503	31	0.0224761969359051
23503	32	-0.0111850024878777
23503	33	0.025577782242145
23503	34	0.012525505743163
23503	35	0.102315918750179
23503	36	0.0124742622893521
23503	37	-0.0232716714597316
23503	38	-0.144726915918618
23503	39	0.00129344292570011
23503	40	0.16431064035595
23503	41	0.0349664437439401
23503	42	-0.00094407396466778
23503	43	0.0520961694882942
23503	44	0.016728201598994
23503	45	0.109582584009914
23503	46	-0.0765769192810168
23503	47	0.0180226380670376
23503	48	-0.0175604253298687
23503	49	0.0828184483789585
23503	50	-0.0111560893563052
23503	51	-0.0786324389730879
23503	52	-0.0719491528440912
23503	53	-0.0263039325145016
23503	54	-0.0892896083101959
23503	55	-0.14279531304706
23503	56	-0.0389930223587669
23503	57	-0.0370261445154227
23503	58	-0.0119340555315262
23503	59	-0.0581145117139883
23503	60	0.0335075275706274
23503	61	0.0109668006943977
23503	62	-0.0106205763222178
23503	63	-0.0546314477565275
23503	64	0.0658802468549311
23503	65	0.121754161750729
23503	66	-0.0193092114086539
23503	67	0.177459745409401
23503	68	0.104419929232968
23503	69	-0.0342119071807545
23503	70	0.0362146631885807
23503	71	0.17363042077492
23503	72	0.00759289396017238
23503	73	-0.0509914999995047
23503	74	-0.402721182961798
23504	1	-0.22502395394978
23504	2	-0.113412349613412
23504	3	-0.0823297148015172
23504	4	-0.113686222551564
23504	5	-0.0192369122417375
23504	6	-0.0481606639827135
23504	7	-0.126800426762465
23504	8	0.00335892443833075
23504	9	0.0222987894963751
23504	10	0.0684387366839161
23504	11	-0.0360563562016836
23504	12	-0.043523157830613
23504	13	-0.107771100441362
23504	14	0.0553414045064073
23504	15	0.0561890316167464
23504	16	-0.0794840763658939
23504	17	0.079651599474019
23504	18	-0.058161100780481
23504	19	-0.0330716917440839
23504	20	0.00489991840074566
23504	21	0.022583801205478
23504	22	0.132390705821187
23504	23	0.0111849657757048
23504	24	-0.0276038652509669
23504	25	0.00820197510005727
23504	26	-0.0153276928378929
23504	27	0.000571407376213529
23504	28	0.138741163933858
23504	29	-0.0399046289347496
23504	30	0.0599887996852289
23504	31	0.0914713166659809
23504	32	0.0286294209274232
23504	33	0.0257235448198898
23504	34	-0.159255692133698
23504	35	-0.0580683114047673
23504	36	-0.0866147813056131
23504	37	-0.0158523063258755
23504	38	0.0494689895935565
23504	39	-0.138089672566487
23504	40	-0.0757706364033766
23504	41	-0.179690687538383
23504	42	-0.0805647057485785
23504	43	-0.0504642726977593
23504	44	0.00612726019399901
23504	45	-0.0349507718651552
23504	46	0.094548640776182
23504	47	-0.122110766456778
23504	48	0.0629063841202964
23504	49	0.0514861541506519
23504	50	-0.161851188512628
23504	51	-0.0812470215786334
23504	52	-0.117239928299938
23504	53	-0.109744779677939
23504	54	0.020354698632751
23504	55	-0.0111001715996792
23504	56	-0.269727888428548
23504	57	-0.190143071478133
23504	58	-0.338332210529231
23504	59	-0.0990809152200285
23504	60	-0.206172073213217
23504	61	7.53543940206214e-05
23504	62	-0.161099309321244
23504	63	-0.132317946437809
23504	64	-0.297664405602298
23504	65	-0.0853938588301304
23504	66	0.0892945366039655
23504	67	0.0457799331416169
23504	68	0.101303481224363
23504	69	-0.025559208676647
23504	70	-0.0553461675268636
23504	71	-0.000211311704141792
23504	72	-0.134142282786733
23504	73	-0.0643141409587358
23504	74	-0.334880943188672
23505	1	0.0196431348396509
23505	2	-0.136215806525996
23505	3	-0.171367924936799
23505	4	-0.151519577151539
23505	5	-0.135790544704424
23505	6	0.0493011423335616
23505	7	-0.219191543566076
23505	8	-0.0610260322619851
23505	9	-0.113991489722586
23505	10	-0.0962473235544508
23505	11	-0.129384408987896
23505	12	-0.0872578047201031
23505	13	-0.0944654057163703
23505	14	0.0253738983290503
23505	15	-0.131270391230686
23505	16	-0.171719104048641
23505	17	-0.143365246113312
23505	18	-0.168682631047723
23505	19	-0.0619810822100462
23505	20	-0.133387017541729
23505	21	-0.226172902802205
23505	22	-0.103003324913523
23505	23	-0.0601931045454549
23505	24	-0.164204717682146
23505	25	0.0189608892333837
23505	26	-0.138165015873362
23505	27	-0.0128899752122678
23505	28	-0.128246267882481
23505	29	-0.0706674272395205
23505	30	-0.133509145475728
23505	31	-0.110873551212002
23505	32	-0.205038400557982
23505	33	-0.124498390637058
23505	34	-0.178742355542155
23505	35	-0.0884057768866029
23505	36	-0.0750265661006679
23505	37	-0.1241444772837
23505	38	-0.0816267209120838
23505	39	0.0228606299387977
23505	40	0.0597417345216869
23505	41	-0.0413179132914578
23505	42	-0.0505232518351661
23505	43	-0.0884341693267459
23505	44	-0.00073637503377455
23505	45	-0.0513460306258722
23505	46	0.00906084233160698
23505	47	-0.00942886762875617
23505	48	-0.084170878977389
23505	49	-0.112169897759756
23505	50	-0.182179298058017
23505	51	-0.105233026315595
23505	52	0.0622616571704171
23505	53	-0.00564646836777882
23505	54	-0.132956271587751
23505	55	-0.0176529705642636
23505	56	0.0231386998758865
23505	57	-0.114393293291165
23505	58	0.0372795506579138
23505	59	-0.119624950629884
23505	60	-0.042757383348949
23505	61	-0.0345321160485526
23505	62	0.0323244691463032
23505	63	0.0628824057315214
23505	64	0.0594138315647612
23505	65	0.0036609494027644
23505	66	-0.0310078065555217
23505	67	0.0238031415393536
23505	68	-0.0998656526321398
23505	69	-0.0632650845029943
23505	70	0.0726787383455587
23505	71	0.0444811325738925
23505	72	-0.103758376207338
23505	73	-0.0739540029467562
23505	74	-0.400239610915044
23506	1	-0.696125602156233
23506	2	-0.0603664077493562
23506	3	-0.0314091513907293
23506	4	-0.013666904479507
23506	5	-0.121639877331482
23506	6	-0.129628384447606
23506	7	-0.167689261151132
23506	8	-0.125933781583569
23506	9	0.0578981951662527
23506	10	-0.0950528147837773
23506	11	-0.19169909475449
23506	12	-0.110722841868181
23506	13	-0.0852031923412326
23506	14	-0.081549265880156
23506	15	-0.0911712788054047
23506	16	-0.139401472081502
23506	17	-0.00964488684985554
23506	18	-0.0290828461865118
23506	19	-0.183440362309248
23506	20	-0.160385714394991
23506	21	-0.0593922553199349
23506	22	-0.125352469523115
23506	23	-0.0868401909363001
23506	24	-0.205733933153212
23506	25	-0.17749598658299
23506	26	-0.135345771637404
23506	27	-0.157458102410786
23506	28	-0.127105187619129
23506	29	0.00957150504518722
23506	30	-0.0981712763165419
23506	31	-0.0774033900156539
23506	32	-0.124472027849876
23506	33	-0.122670881265442
23506	34	-0.0633703633763005
23506	35	-0.106541702062266
23506	36	-0.0380220919640379
23506	37	-0.0390754844545
23506	38	0.0255687185943572
23506	39	0.0218476578564548
23506	40	-0.0439290903373717
23506	41	-0.0368805942324499
23506	42	0.0169381750232702
23506	43	-0.0560857291457566
23506	44	-0.0774679430675889
23506	45	-0.0899138723186539
23506	46	0.106285033604038
23506	47	-0.00817809749089804
23506	48	-0.0838180457076803
23506	49	-0.0930900335870533
23506	50	-0.0156949464463594
23506	51	-0.0359309066196758
23506	52	0.0361834821117242
23506	53	0.040501561728064
23506	54	0.0724639757832719
23506	55	-0.137931971381434
23506	56	-0.157271953979034
23506	57	-0.0248407214044235
23506	58	-0.00175233421815335
23506	59	0.0860704414020574
23506	60	0.112533712072391
23506	61	0.0747283326996495
23506	62	0.0201678379328172
23506	63	-0.112653830213361
23506	64	-0.0468533621836116
23506	65	0.0332060158014329
23506	66	0.141413023939592
23506	67	0.116635644824314
23506	68	0.0046092212283213
23506	69	0.0591699586563976
23506	70	0.103522915983618
23506	71	-0.0354963385609963
23506	72	-0.27145324972777
23506	73	-0.0856238161314309
23506	74	-0.237206785046361
23507	1	0.437772779681708
23507	2	0.0986070316570142
23507	3	0.150040438239042
23507	4	-0.0259657793446948
23507	5	0.0869233479994556
23507	6	-0.0967977251485834
23507	7	0.0172568556346988
23507	8	0.0881827668925865
23507	9	0.0904636545269
23507	10	-0.0276183782464585
23507	11	0.0166278189532463
23507	12	0.0546208614160264
23507	13	-0.0395664210034354
23507	14	0.0891015592325815
23507	15	0.0226554496007054
23507	16	-0.084861894569201
23507	17	0.00764854347881538
23507	18	0.043342241987915
23507	19	-0.000368602693349374
23507	20	-0.112923774099592
23507	21	0.0327154049243319
23507	22	0.00490702562364476
23507	23	0.0416605003012265
23507	24	0.0310110147749469
23507	25	0.032773210873593
23507	26	-0.0373337041293169
23507	27	-0.0617479911881702
23507	28	-0.0194165755491227
23507	29	0.0937944770334127
23507	30	0.0216962330214088
23507	31	-0.0145132676332977
23507	32	-0.0906373044073447
23507	33	0.0296007292763463
23507	34	-0.0580294083858632
23507	35	0.0778859865810375
23507	36	0.0198562495446453
23507	37	0.152695473960058
23507	38	-0.0728033956585179
23507	39	-0.106110741039018
23507	40	0.023552162693683
23507	41	0.0866750009491994
23507	42	0.0138671979384029
23507	43	-0.00606999128316232
23507	44	0.0151209231703646
23507	45	-0.204376735565965
23507	46	0.00232253219351719
23507	47	-0.0872490654769535
23507	48	-0.0817146504256456
23507	49	0.000933969071162721
23507	50	-0.0133491270046733
23507	51	-0.00458948224233069
23507	52	-0.15389849279714
23507	53	0.147688415655139
23507	54	-0.121911014577634
23507	55	-0.0777166563569267
23507	56	-0.065885231387135
23507	57	0.131879573344847
23507	58	-0.113272019181863
23507	59	0.101322848986783
23507	60	-0.0546454995230548
23507	61	-0.171681076559899
23507	62	0.0642142908039318
23507	63	0.107007539274655
23507	64	-0.101116803681371
23507	65	-0.0963175468686188
23507	66	-0.0864424248472844
23507	67	-0.0794309352434652
23507	68	0.0916325153803825
23507	69	0.11429423476541
23507	70	0.147193680739321
23507	71	0.0486728548460107
23507	72	0.051710467543586
23507	73	-0.0805879458846093
23507	74	-0.193685059820204
23508	1	-0.427605999193098
23508	2	0.0413705023216551
23508	3	-0.0769653048866097
23508	4	-0.031309369371268
23508	5	-0.0616062760019709
23508	6	-0.0957726217893011
23508	7	-0.259108250950582
23508	8	-0.0820385111120459
23508	9	-0.137309324342809
23508	10	-0.0946772229995432
23508	11	-0.0393092910617767
23508	12	-0.0735011407402979
23508	13	-0.119548890250336
23508	14	-0.188405380908172
23508	15	-0.0468807282706436
23508	16	-0.0888232929545083
23508	17	-0.128806933501991
23508	18	-0.197139471696261
23508	19	-0.0174770047206323
23508	20	-0.10255972445318
23508	21	-0.121373229374818
23508	22	-0.106077391956347
23508	23	-0.0854804376152885
23508	24	-0.105421646758415
23508	25	0.00728835608595091
23508	26	-0.0766123539641939
23508	27	-0.0935787239142272
23508	28	-0.0800446476756491
23508	29	0.00722683294590354
23508	30	-0.0433697089276066
23508	31	-0.100959406198406
23508	32	-0.241192727904497
23508	33	-0.0943869015675887
23508	34	-0.0445322141553035
23508	35	-0.228536084339986
23508	36	0.062487004192775
23508	37	0.104723902375888
23508	38	0.0597523187036941
23508	39	0.0622032456686981
23508	40	0.0601302307030522
23508	41	0.0338042531906666
23508	42	-0.0728608347120954
23508	43	0.0989439010790463
23508	44	0.0321951061519101
23508	45	-0.111177691304917
23508	46	0.15252530779064
23508	47	-0.00496941877895551
23508	48	-0.0557473071407912
23508	49	0.0263821891551004
23508	50	0.111898457484699
23508	51	0.0437795458734342
23508	52	0.061528523313072
23508	53	-0.0607000630128951
23508	54	-0.0550149488411762
23508	55	0.0420212007144087
23508	56	0.0479945431479791
23508	57	0.0542269371642448
23508	58	0.0379635490847221
23508	59	0.119618970537665
23508	60	0.0315111267158272
23508	61	0.112589227867943
23508	62	0.0913503287948814
23508	63	0.00107958304813138
23508	64	0.0436580340264712
23508	65	-0.0443067481553925
23508	66	-0.0649266830122102
23508	67	-0.00503166571161273
23508	68	0.0749676867257349
23508	69	-0.0454635043570377
23508	70	0.0497142867050542
23508	71	0.166106839047103
23508	72	0.0318453043766027
23508	73	0.193385779358017
23508	74	-0.0225183563288596
23509	1	-0.427756396550492
23509	2	-0.0632786184222063
23509	3	0.0203345986813765
23509	4	-0.0265331099403987
23509	5	0.00604849215612546
23509	6	-0.0735208688956916
23509	7	0.0099199547605977
23509	8	-0.117852682175652
23509	9	-0.089778663404573
23509	10	-0.00697635563407317
23509	11	-0.0399775205020276
23509	12	-0.111639741509137
23509	13	-0.0265801953753453
23509	14	-0.18871205562391
23509	15	-0.0444819492201702
23509	16	-0.131487011780699
23509	17	-0.0854642705671651
23509	18	-0.0831040401172629
23509	19	-0.13761653060962
23509	20	0.0668302973158958
23509	21	-0.103235517139453
23509	22	0.00049030776115444
23509	23	-0.0175780560842398
23509	24	-0.0754090766230746
23509	25	-0.114746620772976
23509	26	-0.13196838148783
23509	27	0.0317227894673522
23509	28	0.0313975728217741
23509	29	-0.0861924006678407
23509	30	-0.140670657829091
23509	31	-0.0857444464306809
23509	32	-0.058031221265324
23509	33	0.0662787668055813
23509	34	-0.0488489188459766
23509	35	-0.0343678692730762
23509	36	-0.00038821571271086
23509	37	-0.115816650957605
23509	38	-0.139890310222057
23509	39	-0.188644182438701
23509	40	-0.0961229595612494
23509	41	-0.123199763649851
23509	42	-0.0416089715977463
23509	43	-0.0482182439764003
23509	44	-0.0169369377815229
23509	45	-0.176658725311263
23509	46	-0.179419259538058
23509	47	0.0176966689327287
23509	48	-0.157669020266781
23509	49	-0.205597139381837
23509	50	-0.0287848141098479
23509	51	-0.0869808569891504
23509	52	-0.156785209930717
23509	53	-0.0262053171172454
23509	54	-0.135370965458812
23509	55	-0.0872277866364186
23509	56	-0.112611309184381
23509	57	-0.140571704811876
23509	58	-0.174832052087183
23509	59	-0.162117747099352
23509	60	-0.151457155357313
23509	61	-0.121745810495234
23509	62	-0.119676850178365
23509	63	-0.106810022943606
23509	64	-0.0840841961956258
23509	65	-0.0934387890062069
23509	66	-0.0764564767021767
23509	67	-0.214008278967675
23509	68	-0.167918932228226
23509	69	-0.183037297572284
23509	70	-0.128253139155262
23509	71	-0.0961222204467944
23509	72	-0.0762186321951575
23509	73	-0.0562885443491936
23509	74	-0.192435775884746
23510	1	0.196710638485275
23510	2	0.0983540097183457
23510	3	0.114348091980517
23510	4	0.0246640896403498
23510	5	0.0630602250172956
23510	6	0.111341399728829
23510	7	0.103160076464867
23510	8	0.0251294793979611
23510	9	0.0305966253377861
23510	10	0.0368900953026241
23510	11	0.0152493521257071
23510	12	0.159133935363997
23510	13	0.00632269560978926
23510	14	0.0519245513099804
23510	15	0.0491672453540133
23510	16	0.0120426154745417
23510	17	-0.0367235433943449
23510	18	-0.046381100491125
23510	19	0.0444982336646831
23510	20	0.0677359561572644
23510	21	0.116764279341709
23510	22	0.0828136788472307
23510	23	-0.0194687461148746
23510	24	0.0219665479253663
23510	25	-0.112815226974192
23510	26	0.129207346855225
23510	27	-0.0250487911617228
23510	28	0.092876544237555
23510	29	-0.0955481617774225
23510	30	-0.0670965617071388
23510	31	-0.0100252617271579
23510	32	-0.0719478395962625
23510	33	0.0314180245723676
23510	34	-0.0582820171150473
23510	35	0.0103981349397699
23510	36	-0.165197395975319
23510	37	0.0219049510744753
23510	38	-0.0388021958438358
23510	39	-0.0841828187105165
23510	40	-0.0791552179879318
23510	41	-0.0717630213747711
23510	42	-0.05007913502169
23510	43	-0.00205282083675939
23510	44	-0.00623511662224985
23510	45	0.00682191214364281
23510	46	-0.0798330125418403
23510	47	-0.0448811555354354
23510	48	-0.194144872737013
23510	49	-0.132115091912681
23510	50	-0.0217604849448065
23510	51	-0.0741064794647599
23510	52	-0.0637869558555053
23510	53	-0.154642804057623
23510	54	-0.127695012274366
23510	55	-0.101623066905624
23510	56	-0.134570078577084
23510	57	-0.0916019065190952
23510	58	-0.20683730254909
23510	59	-0.156940585964335
23510	60	-0.184658649237036
23510	61	-0.0804282674458179
23510	62	-0.228949368395391
23510	63	-0.161629046690827
23510	64	-0.220879401547528
23510	65	-0.218060694230452
23510	66	-0.149563446477906
23510	67	-0.0419678983996761
23510	68	-0.110631904950033
23510	69	-0.180507284758541
23510	70	-0.160301956460629
23510	71	-0.140459987513744
23510	72	-0.160839905830002
23510	73	0.0609053386028222
23510	74	-0.265342469857956
23511	1	-0.0641992411073637
23511	2	-0.0151567296900623
23511	3	-0.0546228367420802
23511	4	0.0389945827082236
23511	5	0.0184480262429219
23511	6	0.0132645191581204
23511	7	-0.0042916141561804
23511	8	-0.0558197439496908
23511	9	0.0793371554838345
23511	10	0.153071181566013
23511	11	0.0606772983485371
23511	12	-0.0222583196631092
23511	13	0.0461687465908938
23511	14	0.0723991906128418
23511	15	-0.0533348406386125
23511	16	0.0647263624146248
23511	17	-0.00644860680299075
23511	18	0.00665519301770701
23511	19	-0.030476762052821
23511	20	-0.00468210992035267
23511	21	0.0757102866689294
23511	22	0.0307627751012873
23511	23	-0.0662782825548121
23511	24	0.0360228227569692
23511	25	0.0426662367019048
23511	26	0.0286373597303609
23511	27	-0.0611564946910619
23511	28	0.0477210203632978
23511	29	-0.0490502809249023
23511	30	0.0810576801795904
23511	31	-0.0542719282833062
23511	32	-0.0257175460100711
23511	33	-0.00631923982098215
23511	34	-0.011633696131895
23511	35	-0.041875044444545
23511	36	0.198093255663593
23511	37	0.0901547638219213
23511	38	-0.0934181293922052
23511	39	-0.0491883848909751
23511	40	0.0321110167050733
23511	41	0.0531400690242165
23511	42	-0.0772795005297269
23511	43	-0.0527633484675931
23511	44	-0.0421107397208189
23511	45	-0.0679010678743595
23511	46	0.00573423925425232
23511	47	-0.00738611889938312
23511	48	-0.025173192737789
23511	49	-0.0534041447568114
23511	50	-0.0764869767951026
23511	51	-0.0521372676530092
23511	52	0.0527803613106101
23511	53	-0.0845756821296817
23511	54	-0.0679495492260997
23511	55	0.0219531120120777
23511	56	-0.0185494586975423
23511	57	0.0819512275947147
23511	58	-0.0580197171152221
23511	59	0.0614907385129158
23511	60	-0.0161007670768711
23511	61	-0.0648554441719611
23511	62	0.0478098374427773
23511	63	0.0314362877469421
23511	64	0.0835015001941457
23511	65	-0.0415334707695862
23511	66	0.107325386379642
23511	67	0.190364953783593
23511	68	0.00780298927201528
23511	69	0.0958078781536145
23511	70	0.0166990863103393
23511	71	0.182814484910757
23511	72	-0.0093813716148361
23511	73	-0.0431239689393621
23511	74	-0.268168925482605
23512	1	-0.0451571365700723
23512	2	-0.0413344242567639
23512	3	-0.0216026212664993
23512	4	0.0443988484373605
23512	5	-0.0485771005347857
23512	6	0.0152414359286794
23512	7	-0.0566244279371588
23512	8	0.044269791266224
23512	9	-0.0265605390390888
23512	10	0.0345370361402502
23512	11	0.0180432664289043
23512	12	0.0453928968884298
23512	13	0.086402129216026
23512	14	0.103035859333637
23512	15	0.0287458570793362
23512	16	0.0332665826624989
23512	17	0.0399724746904724
23512	18	0.0243620680744883
23512	19	-0.0406581091747213
23512	20	-0.0658349086620476
23512	21	-0.0334225242661859
23512	22	-0.0257527726123357
23512	23	-0.0916380652622593
23512	24	0.0417274090834781
23512	25	-0.0841901413687509
23512	26	0.0979020982886212
23512	27	-0.0171686257277059
23512	28	0.000316884887105573
23512	29	-0.0177065248021933
23512	30	-0.0906363578476999
23512	31	-0.0308667606346376
23512	32	-0.0252170572878967
23512	33	-0.0418267118521669
23512	34	-0.109559281202941
23512	35	0.0761859763225843
23512	36	-0.00652337019098326
23512	37	0.105708557930825
23512	38	0.0740942203933557
23512	39	-0.00890303053351715
23512	40	0.00679261163210754
23512	41	-0.0225617257295809
23512	42	-0.0463686718278282
23512	43	-0.131906680974943
23512	44	0.0214093848853594
23512	45	0.0135120794936938
23512	46	-0.00664708397842873
23512	47	-0.0194438908559178
23512	48	-0.0617440393243811
23512	49	-0.0201010539943951
23512	50	-0.0980575082073614
23512	51	-0.0976648730292453
23512	52	-0.0816629522836081
23512	53	-0.130587702905132
23512	54	0.0347889699183597
23512	55	0.0222574659460761
23512	56	-0.0920074309320214
23512	57	-0.125969305843341
23512	58	-0.138921650730957
23512	59	-0.0597004720276146
23512	60	0.148842940975946
23512	61	0.0271496552731989
23512	62	-0.0523099360996468
23512	63	0.0183312535890252
23512	64	-0.0236639259724853
23512	65	-0.0750887495039336
23512	66	-0.000413231580999707
23512	67	-0.0831518355925525
23512	68	-0.00532504999724637
23512	69	-0.0693737906116993
23512	70	0.0365076963257422
23512	71	0.085976218812533
23512	72	0.000667903152269389
23512	73	-0.0315575516539752
23512	74	0.0128281379484392
23601	1	-0.681820201539395
23601	2	0.161271132952699
23601	3	0.198332595624077
23601	4	0.0635015335798279
23601	5	0.100003886061444
23601	6	0.160296683040308
23601	7	0.23085966390731
23601	8	0.131096444854492
23601	9	0.155608301495072
23601	10	0.257250768807324
23601	11	0.0988021373383035
23601	12	0.238226428493029
23601	13	0.161331617391511
23601	14	0.257188851608767
23601	15	0.29215496443166
23601	16	0.221339231784036
23601	17	0.20814703089296
23601	18	0.24731182854778
23601	19	0.160952484085321
23601	20	0.303928001999651
23601	21	0.0671540833618991
23601	22	0.0744776510160605
23601	23	0.262287557513119
23601	24	0.21904137113637
23601	25	0.0854794552846343
23601	26	0.139983691559337
23601	27	0.244142769671058
23601	28	0.225792380100721
23601	29	0.271063117989293
23601	30	0.28376956965262
23601	31	0.112049262095198
23601	32	0.25568064304219
23601	33	0.130209093210212
23601	34	0.239091446272717
23601	35	0.277385596543176
23601	36	0.0914495986609793
23601	37	-0.0808975448143769
23601	38	-0.013685041495286
23601	39	0.098114882481326
23601	40	0.0670903080074154
23601	41	0.0339423393110678
23601	42	0.109666350060856
23601	43	-0.0456027410124662
23601	44	-0.0611734794048218
23601	45	0.0143876267107004
23601	46	0.0527337790609721
23601	47	0.0206749334092535
23601	48	0.192946392195324
23601	49	0.160105324992472
23601	50	0.129960002736979
23601	51	0.0112156773147234
23601	52	0.194285338903875
23601	53	-0.00781096500438139
23601	54	-0.0462478523762542
23601	55	-0.204241368242229
23601	56	0.166493400306535
23601	57	0.0785880392146652
23601	58	-0.0855584063998123
23601	59	0.100870503825362
23601	60	-0.036523779554372
23601	61	0.0787992161367512
23601	62	0.0456436891198706
23601	63	-0.0665901255300838
23601	64	0.0936770140542009
23601	65	0.0489503997491383
23601	66	0.057397333278189
23601	67	0.0362381348998326
23601	68	-0.00302890705803804
23601	69	0.149452013332905
23601	70	0.173080267796124
23601	71	-0.108854331784705
23601	72	-0.0727422923717853
23601	73	-0.065079292022439
23601	74	0.29415901275577
23602	1	-0.442024123639381
23602	2	0.0476104889278304
23602	3	0.0674717243821483
23602	4	-0.134382507548548
23602	5	-0.0477927338242168
23602	6	0.0478418267967911
23602	7	-0.0403982899926447
23602	8	-0.109875455274228
23602	9	0.0795589860125219
23602	10	0.0119286521449169
23602	11	0.0273017230319681
23602	12	-0.0466169949801625
23602	13	0.0482331531912266
23602	14	0.17059557014624
23602	15	0.0422422553893611
23602	16	0.00571884061631778
23602	17	-0.0311174841601698
23602	18	0.104608701186365
23602	19	0.0399222683854532
23602	20	0.142212382911332
23602	21	0.11009341744915
23602	22	-0.0575486196536588
23602	23	0.098148637211068
23602	24	0.0675179484970059
23602	25	-0.0483401885682611
23602	26	0.0545668837505744
23602	27	0.0403763602738536
23602	28	-0.0513909361218481
23602	29	-0.0706015075455255
23602	30	-0.153694927681748
23602	31	0.078847429766796
23602	32	-0.0342360787784699
23602	33	0.118220266452795
23602	34	-0.0475173391061787
23602	35	0.110570622105094
23602	36	-0.0598192424930843
23602	37	-0.252094950947217
23602	38	0.0169336941449671
23602	39	0.0737351732379139
23602	40	0.0885243259263717
23602	41	0.019524738738518
23602	42	-0.151614932023875
23602	43	-0.238453219085322
23602	44	-0.0673285629630627
23602	45	-0.0363519732398032
23602	46	-0.221026391901496
23602	47	-0.0668037046432772
23602	48	0.12148879670616
23602	49	-0.0484703891069103
23602	50	0.127488538285604
23602	51	-0.00138210271490635
23602	52	0.00278889429162632
23602	53	0.0621048728433138
23602	54	0.00711154386544877
23602	55	0.0551531301171906
23602	56	-0.0509670246933069
23602	57	-0.0317245695792749
23602	58	-0.120217849093116
23602	59	-0.0127953898663193
23602	60	-0.231915192265369
23602	61	-0.115983415062061
23602	62	-0.014513694457591
23602	63	-0.0460087011757437
23602	64	-0.0944552408955275
23602	65	-0.159353101247412
23602	66	-0.106843245135899
23602	67	0.0698415941872454
23602	68	-0.111785005588132
23602	69	-0.0542843547360476
23602	70	0.196360085596488
23602	71	-0.0821655963284087
23602	72	0.0914683886312631
23602	73	-0.134535080746573
23602	74	-0.164553426354182
23603	1	0.484757294659826
23603	2	0.0642598445012474
23603	3	0.0179809108319695
23603	4	0.135522357091165
23603	5	0.134070536130043
23603	6	0.0698453833586754
23603	7	0.0811916693952668
23603	8	0.134327108547637
23603	9	0.0995666491751379
23603	10	0.156606225245348
23603	11	0.0994656185886669
23603	12	0.0611338801423287
23603	13	-0.0624661704745932
23603	14	-0.0237570528181479
23603	15	-0.153213115366199
23603	16	-0.0416152065214774
23603	17	0.10249856736192
23603	18	-0.130189800358288
23603	19	0.097893292552456
23603	20	0.0887951998044656
23603	21	-0.0564361845203081
23603	22	0.0689082490232309
23603	23	0.0801275221274551
23603	24	0.0555819719510922
23603	25	0.0155450882801773
23603	26	-0.0109331309349301
23603	27	-0.0353821459701535
23603	28	0.0160455624269602
23603	29	0.0450808743897042
23603	30	-0.0115299106866118
23603	31	0.00133000074450251
23603	32	0.0532327812793696
23603	33	0.0368131816319988
23603	34	-0.00475181853179407
23603	35	0.0174605262221093
23603	36	-0.107546017338585
23603	37	-0.186412155887027
23603	38	-0.171551811314906
23603	39	-0.0334275255971832
23603	40	-0.12187707665808
23603	41	-0.220780301404488
23603	42	-0.126217982906013
23603	43	-0.0553812336221
23603	44	-0.173424249658765
23603	45	-0.134355536013082
23603	46	-0.0739529752857067
23603	47	-0.137797181361982
23603	48	-0.0921934750631195
23603	49	-0.124680293314462
23603	50	-0.063631620157544
23603	51	-0.103818186713404
23603	52	-0.0728453327118714
23603	53	-0.111398739792747
23603	54	-0.29898264872952
23603	55	-0.175179772260634
23603	56	-0.00272881443834905
23603	57	-0.106746729912949
23603	58	-0.0740985171173634
23603	59	-0.101320453866876
23603	60	-0.155892083628068
23603	61	-0.0870468138397129
23603	62	-0.10241509256501
23603	63	-0.120273804810431
23603	64	-0.188564116958865
23603	65	-0.197707471143744
23603	66	-0.144831655551208
23603	67	-0.182140584513768
23603	68	-0.166254082672474
23603	69	-0.179631744182785
23603	70	-0.0724001535362149
23603	71	-0.156608016276451
23603	72	-0.243309169562103
23603	73	-0.00350947986388661
23603	74	0.0198838600076314
23604	1	0.611362326509791
23604	2	-0.00889414891295104
23604	3	0.0329405679824895
23604	4	-0.0610983191919132
23604	5	0.0284332612096776
23604	6	0.0623770922208209
23604	7	0.0328698934200915
23604	8	0.194920899779447
23604	9	-0.0782858535689428
23604	10	-0.0569407847488961
23604	11	0.0785433473835226
23604	12	0.0396380571926898
23604	13	0.0577062835034781
23604	14	0.0731504491390709
23604	15	0.0613510151891177
23604	16	0.0866746232025477
23604	17	-0.147849215823243
23604	18	-0.0110988773832119
23604	19	-0.0235077740047842
23604	20	0.0948429750877224
23604	21	-0.0567713512271553
23604	22	0.0517471824128748
23604	23	-0.0327882987371453
23604	24	0.0482489759425491
23604	25	-0.00784719056790095
23604	26	-0.0955596532956449
23604	27	-0.0399013353016571
23604	28	0.056594093702877
23604	29	0.0854605772649961
23604	30	-0.0103182307494052
23604	31	-0.00434724849137069
23604	32	-0.0312722244744137
23604	33	0.0436891623141804
23604	34	-0.0882856874678311
23604	35	-0.101491781497785
23604	36	-0.11381295396454
23604	37	-0.0466947027859561
23604	38	0.150558600941132
23604	39	-0.0420020186876897
23604	40	0.0158712958172984
23604	41	0.0332208320959992
23604	42	-0.0672104187068356
23604	43	0.179623854157505
23604	44	-0.0467210760620844
23604	45	0.0285222299107133
23604	46	0.154495518991745
23604	47	0.0686434135042262
23604	48	-0.0321631538140039
23604	49	0.0433752983812994
23604	50	-0.0903191811869348
23604	51	0.0866767042793768
23604	52	-0.00255464987351672
23604	53	0.0309121999042219
23604	54	0.0660872860710739
23604	55	0.176001678019468
23604	56	-0.0478110990396559
23604	57	0.165496916905475
23604	58	-0.0854815189636824
23604	59	-0.0593863135830262
23604	60	-0.0891182439135392
23604	61	0.113018905912
23604	62	-0.118237285872219
23604	63	-0.0433321961030941
23604	64	-0.0181656262801084
23604	65	-0.0180725201861733
23604	66	-0.102977517404049
23604	67	-0.0249647124647581
23604	68	0.0887047795882623
23604	69	0.0909294836997248
23604	70	0.103625746728696
23604	71	0.143349333099508
23604	72	-0.00118062170127331
23604	73	0.030265547100683
23604	74	-0.0309417685298499
23605	1	0.0438279467251874
23605	2	-0.0202795437723111
23605	3	0.05024028990508
23605	4	0.0123882979879752
23605	5	-0.0756984605641087
23605	6	-0.173646172270189
23605	7	-0.0816342843615487
23605	8	-0.0713754593942255
23605	9	-0.0549003017087912
23605	10	-0.0481775868697341
23605	11	-0.165062771675096
23605	12	-0.0950243288378942
23605	13	-0.0953018658780493
23605	14	-0.101079762258713
23605	15	-0.100431366263855
23605	16	-0.159626203242695
23605	17	-0.323299335993475
23605	18	-0.0706349652607798
23605	19	-0.0865156916682679
23605	20	-0.180118220022486
23605	21	-0.0903591172713831
23605	22	-0.046132093119887
23605	23	-0.0464033885940935
23605	24	-0.0965193115366247
23605	25	0.0307554582372518
23605	26	-0.24738824752221
23605	27	-0.174750672075767
23605	28	-0.148648345629162
23605	29	-0.22186311565217
23605	30	-0.151472820256174
23605	31	-0.0579154146574794
23605	32	-0.0986310817860669
23605	33	-0.0844252187535446
23605	34	-0.206387957721368
23605	35	0.0492521516274422
23605	36	-0.222983237546359
23605	37	-0.178863082590773
23605	38	-0.225462655290535
23605	39	-0.132819559028697
23605	40	-0.196520457877313
23605	41	-0.0911049135499908
23605	42	-0.0469736478677873
23605	43	-0.215248927124009
23605	44	-0.0397167966851271
23605	45	-0.118174772957879
23605	46	0.0421853869528448
23605	47	-0.218599314428772
23605	48	-0.196726850415239
23605	49	-0.0598726256830915
23605	50	0.0678527866827423
23605	51	-0.00564962753904297
23605	52	-0.194127806736397
23605	53	-0.0948976493921805
23605	54	-0.068057342207652
23605	55	-0.0915260780603973
23605	56	-0.117955460069695
23605	57	-0.225792485877804
23605	58	0.0715177641012588
23605	59	-0.158540287788618
23605	60	0.00941712164969033
23605	61	-0.285686775792399
23605	62	-0.143847388285046
23605	63	-0.115022566854115
23605	64	0.0432472549002227
23605	65	-0.160487707666995
23605	66	-0.22189713900174
23605	67	0.0163354752760938
23605	68	0.01792104487388
23605	69	-0.080676450197906
23605	70	-0.0244434013275452
23605	71	-0.0661434553299571
23605	72	-0.0979432904968363
23605	73	0.0196515840379163
23605	74	0.16906265193029
23606	1	-0.873920842562701
23606	2	0.0299542130205275
23606	3	-0.0512841377425133
23606	4	-0.0402955978985311
23606	5	0.0701943601710688
23606	6	0.0706725271069288
23606	7	0.0549028021903908
23606	8	0.138263348824808
23606	9	0.101513235590204
23606	10	0.0434767486407637
23606	11	0.0184047538689569
23606	12	0.0611966933141872
23606	13	-0.017916239289228
23606	14	0.0604290781578882
23606	15	-0.0478353127948381
23606	16	0.0146070911594762
23606	17	0.0202322805594619
23606	18	-0.0374408658500371
23606	19	-0.00557990270384323
23606	20	0.0551620113145788
23606	21	-0.0526809208076031
23606	22	0.0239184701566941
23606	23	-0.0155857587537724
23606	24	0.0638607169066034
23606	25	-0.0226751720151199
23606	26	0.0568617162704754
23606	27	0.0997142162765172
23606	28	0.122342707288439
23606	29	0.0275892717644837
23606	30	-0.0225603079084067
23606	31	0.107116866323693
23606	32	0.0387653841141713
23606	33	0.0362441316097062
23606	34	0.00395418037489037
23606	35	0.0663172021117333
23606	36	0.0328709611504721
23606	37	-0.053587013088368
23606	38	-0.00260196514728506
23606	39	-0.0662389162290751
23606	40	-0.0480624814515096
23606	41	-0.00995542725280529
23606	42	-0.0563368272122986
23606	43	0.163499212076033
23606	44	-0.00847145046808606
23606	45	0.0535603465329544
23606	46	-0.00101827839825575
23606	47	-0.134619594996153
23606	48	-0.0540048273168736
23606	49	-0.0467781126566322
23606	50	-0.0513529726482389
23606	51	-0.132404220334195
23606	52	-0.0541375498276722
23606	53	0.132758431401236
23606	54	0.196424048992128
23606	55	0.0348294129024822
23606	56	0.0766905817698529
23606	57	0.0491017996574641
23606	58	-0.13598280199075
23606	59	-0.0196557984682357
23606	60	-0.180864438895028
23606	61	-0.0657591884216515
23606	62	-0.178515855039677
23606	63	-0.0150613812507245
23606	64	-0.127870231522415
23606	65	0.0790488748966709
23606	66	-0.120192193098397
23606	67	0.0250496744233004
23606	68	-0.236541975899186
23606	69	0.110399860590519
23606	70	0.0262003124055283
23606	71	-0.0212868672872091
23606	72	-0.104850409304277
23606	73	-0.171050710749412
23606	74	-0.219211202549246
23607	1	-0.728560689767811
23607	2	-0.221805695243475
23607	3	-0.175775118394562
23607	4	-0.129341525665666
23607	5	-0.116838688269016
23607	6	-0.0919203521093834
23607	7	-0.155893781589334
23607	8	-0.13315911987803
23607	9	-0.168744076946645
23607	10	-0.102869534863153
23607	11	-0.221897809091281
23607	12	-0.192369654215817
23607	13	-0.15956498566382
23607	14	-0.132190813884506
23607	15	-0.118052617898087
23607	16	-0.0509653480630874
23607	17	-0.268736670520305
23607	18	-0.175672085816956
23607	19	-0.177066698476118
23607	20	-0.219924587458706
23607	21	-0.0663284530460331
23607	22	-0.130678743150931
23607	23	-0.189212625690438
23607	24	-0.217060038986865
23607	25	-0.0694164330954266
23607	26	-0.14839004732903
23607	27	-0.271894646179256
23607	28	-0.0921820354920158
23607	29	-0.170399112450554
23607	30	-0.255582312990683
23607	31	-0.144849893717314
23607	32	-0.172619953487946
23607	33	-0.0469699105735799
23607	34	-0.119202414654623
23607	35	-0.283077170810074
23607	36	0.0280598142441093
23607	37	-0.00492535775686065
23607	38	-0.0341574676728413
23607	39	0.0252868894955114
23607	40	0.0711211216719576
23607	41	-0.0540618054362625
23607	42	-0.0379738633655009
23607	43	-0.0115501721130755
23607	44	0.169557196414047
23607	45	-0.0552364000413021
23607	46	-0.123859000525925
23607	47	-0.0120588885422848
23607	48	0.052815103425722
23607	49	0.105848528288298
23607	50	0.0076865830039381
23607	51	-0.0188900231266587
23607	52	0.109363784440326
23607	53	-0.102182698412243
23607	54	0.112564102173593
23607	55	0.028620695155027
23607	56	-0.0524663567527099
23607	57	0.05658321363628
23607	58	-0.0859379621267777
23607	59	-0.0100974181501456
23607	60	-0.0447168201298282
23607	61	-0.0719486196534902
23607	62	-0.069846953559356
23607	63	-0.0357905169798656
23607	64	-0.085055066772135
23607	65	0.128488945504934
23607	66	0.0060492892249755
23607	67	0.00652454737374342
23607	68	-0.0351467466445143
23607	69	0.0162886397351159
23607	70	-0.0826117243089115
23607	71	-0.112880226840502
23607	72	-0.0813151826666285
23607	73	-0.00766053097427744
23607	74	0.0159322044130548
23608	1	-0.0859278193394033
23608	2	-0.188005394378489
23608	3	-0.165472930158941
23608	4	-0.177638655376548
23608	5	-0.172541368196029
23608	6	-0.246801834287311
23608	7	-0.270291540888053
23608	8	-0.124097622471133
23608	9	-0.1587487605509
23608	10	-0.189675960977119
23608	11	-0.241241181704211
23608	12	-0.228838942075825
23608	13	-0.139879628688441
23608	14	-0.181505771470903
23608	15	-0.222397603945936
23608	16	-0.20868165861333
23608	17	-0.252414280686573
23608	18	-0.223137687152274
23608	19	-0.175678157810594
23608	20	-0.128944849415539
23608	21	-0.211575175103427
23608	22	-0.108943511303814
23608	23	-0.0798832574604802
23608	24	-0.132505312202916
23608	25	-0.197781431540029
23608	26	-0.170430990271477
23608	27	-0.0859279897271463
23608	28	-0.1671629412442
23608	29	-0.209651720643549
23608	30	-0.156336767928259
23608	31	-0.147480431049175
23608	32	-0.0716051435482612
23608	33	-0.365369684924836
23608	34	-0.0560387589593105
23608	35	-0.0834798911309989
23608	36	0.0561350388907798
23608	37	-0.0873188984600901
23608	38	0.0302751031534783
23608	39	-0.0913730762783871
23608	40	-0.0075461465590223
23608	41	0.0914145764940102
23608	42	-0.0445775780251125
23608	43	-0.0317976321411848
23608	44	-0.103363343732489
23608	45	-0.165117900205765
23608	46	-0.116201359817232
23608	47	-0.0193663581708563
23608	48	-0.0898881080739713
23608	49	0.022685302863259
23608	50	-0.143662934675824
23608	51	0.0495328948064255
23608	52	-0.0362706811670392
23608	53	0.0575190101236274
23608	54	0.0698856690793903
23608	55	0.0206506294741047
23608	56	0.0793594633463499
23608	57	-0.0239783448894499
23608	58	0.00392646329579804
23608	59	-0.0992356493624982
23608	60	-0.0923936307620323
23608	61	0.0594336511370486
23608	62	-0.0580476276149255
23608	63	-0.151592847017071
23608	64	-0.0520255382410113
23608	65	-0.206053695556449
23608	66	-0.0158199821515481
23608	67	0.081843494129096
23608	68	-0.135619538109708
23608	69	-0.0227720366859714
23608	70	0.0832176237022466
23608	71	0.131171582955666
23608	72	0.128377688564704
23608	73	-0.057956589778783
23608	74	0.0562534955101128
23609	1	-0.527691648940483
23609	2	-0.0726100195183612
23609	3	0.00710121989562751
23609	4	0.00070627073817775
23609	5	-0.0655858720434033
23609	6	-0.149868424282751
23609	7	0.12210684095767
23609	8	-0.0167830897051218
23609	9	0.114804760799622
23609	10	-0.0948415121119908
23609	11	-0.0946450214820729
23609	12	-0.0302413290145509
23609	13	0.00548515826686469
23609	14	0.0037471917683547
23609	15	0.00876110433961941
23609	16	-0.0616117715249445
23609	17	-0.0925536243072003
23609	18	-0.048922329652541
23609	19	-0.0862016288758412
23609	20	-0.0062541959372453
23609	21	-0.0157260988420376
23609	22	0.0588171017896997
23609	23	0.0634309195786713
23609	24	0.0351033399031238
23609	25	-0.0845595592885644
23609	26	-0.0533382860105789
23609	27	-0.10824754756672
23609	28	-0.123292552454316
23609	29	-0.136321046627501
23609	30	-0.0627459240382393
23609	31	-0.0928588023957815
23609	32	-0.14632807377054
23609	33	-0.0502354066704527
23609	34	-0.0431606408810197
23609	35	-0.0959829994239243
23609	36	0.0529642782319542
23609	37	0.0129298045195512
23609	38	-0.0682891519605704
23609	39	-0.0866887255319497
23609	40	0.039866587081498
23609	41	0.11535115168882
23609	42	0.0409222019580255
23609	43	-0.0401311653841603
23609	44	0.0476073175286231
23609	45	0.0165267963913749
23609	46	0.00737998141653406
23609	47	0.0750645590545531
23609	48	-0.0387006448073706
23609	49	-0.140103336789963
23609	50	-0.0314483870123183
23609	51	-0.0996215447889597
23609	52	-0.0653770033106511
23609	53	0.0504300320969335
23609	54	-0.109383725300127
23609	55	-0.139608235341406
23609	56	0.00268806108378783
23609	57	-0.00637302088065184
23609	58	-0.0782132167372893
23609	59	-0.0444101501864296
23609	60	-0.00294089274998299
23609	61	0.0515539292650828
23609	62	0.00830772961679571
23609	63	-0.101346856553754
23609	64	-0.159635265420221
23609	65	-0.137444956092978
23609	66	-0.0132849403955149
23609	67	0.201544950513266
23609	68	0.0382036682354112
23609	69	0.0816038347795711
23609	70	0.027145559960303
23609	71	0.139224493167923
23609	72	0.0283888667448977
23609	73	-0.0116177321749333
23609	74	-0.17758599386579
23610	1	-0.338851587151773
23610	2	-0.186123279064496
23610	3	-0.121045147620617
23610	4	-0.0714821944107449
23610	5	-0.121276253466903
23610	6	-0.204345852322973
23610	7	0.00563359161376553
23610	8	-0.0292252107338982
23610	9	-0.226193351212068
23610	10	-0.153290523483072
23610	11	-0.121564915739384
23610	12	-0.120045904485657
23610	13	-0.252277503672005
23610	14	-0.0824664663743988
23610	15	-0.069222689069008
23610	16	-0.197307215710396
23610	17	-0.130016145006515
23610	18	-0.161612890382187
23610	19	-0.0684800443464155
23610	20	-0.214676023728543
23610	21	-0.211379794418541
23610	22	-0.270590353702588
23610	23	-0.191122449890763
23610	24	-0.185190089341418
23610	25	-0.120034370609588
23610	26	-0.135447079778778
23610	27	-0.125478197604259
23610	28	-0.206896203396063
23610	29	-0.0878489364050381
23610	30	-0.101547008313091
23610	31	-0.232673493802224
23610	32	-0.226583398060576
23610	33	-0.119455252313749
23610	34	-0.0911993479973674
23610	35	-0.238234145017643
23610	36	-0.138468369184366
23610	37	-0.0259341728418221
23610	38	-0.0586406124902794
23610	39	0.0368595345455347
23610	40	-0.089491766808834
23610	41	0.0363880676664081
23610	42	-0.186779938989744
23610	43	-0.0698759263764899
23610	44	0.0117270116923294
23610	45	0.0709671396374389
23610	46	0.0800765502389638
23610	47	-0.096106962756167
23610	48	-0.0344603953708642
23610	49	0.0128113891734785
23610	50	0.000829802548587111
23610	51	-0.0137973545928745
23610	52	0.0475955620718906
23610	53	-0.0226961011090197
23610	54	-0.198093955014564
23610	55	-0.132940323590468
23610	56	-0.0414904166065
23610	57	-0.125080554907015
23610	58	-0.0694125880086816
23610	59	-0.109595558581205
23610	60	-0.0862793503151948
23610	61	0.0153289916909216
23610	62	-0.10226820025543
23610	63	-0.113782794972138
23610	64	-0.0363329258528751
23610	65	-0.193227171285763
23610	66	0.0518799966930459
23610	67	-0.0200123831879537
23610	68	0.0051887135848645
23610	69	0.00598364641177085
23610	70	-0.0463079515920981
23610	71	-0.106751341419773
23610	72	-0.00163712950235606
23610	73	-0.0925270154605684
23610	74	0.0877299475433873
23611	1	-1.07119990372152
23611	2	-0.0183272210595398
23611	3	-0.0687900822624989
23611	4	-0.185137456766935
23611	5	-0.201375420695129
23611	6	-0.143859996818776
23611	7	-0.0773903063201544
23611	8	-0.170907073507934
23611	9	-0.136353489065819
23611	10	-0.155796511138931
23611	11	-0.117061480158007
23611	12	-0.100786233218102
23611	13	-0.125324013202402
23611	14	-0.144794606422359
23611	15	-0.0306987246459229
23611	16	-0.196437112287065
23611	17	-0.0736416569301284
23611	18	-0.099774538404823
23611	19	-0.108054101715666
23611	20	-0.10600645794964
23611	21	-0.225213105104622
23611	22	-0.0714345217317174
23611	23	-0.175202686922304
23611	24	-0.0601167828969125
23611	25	-0.104574551520848
23611	26	-0.0668673740662697
23611	27	0.00384037896517242
23611	28	-0.147977696128535
23611	29	0.0214926518843157
23611	30	-0.146182297114407
23611	31	-0.130902161841462
23611	32	-0.19603205832712
23611	33	-0.103098919013291
23611	34	-0.201744740021283
23611	35	-0.230167233813482
23611	36	0.0824482665462654
23611	37	-0.0372887086525395
23611	38	-0.0195218544556326
23611	39	0.0644425468601
23611	40	0.033306863266283
23611	41	0.102817747756561
23611	42	0.0183896106953725
23611	43	-0.038803579707114
23611	44	0.0787376930353361
23611	45	0.0250938771028615
23611	46	0.0823547935732094
23611	47	-0.0793084837347351
23611	48	-0.00315036204675323
23611	49	-0.0275359654226364
23611	50	-0.0497264468287284
23611	51	0.159156255985216
23611	52	0.0768453525392587
23611	53	0.084814265242251
23611	54	-0.124827699693533
23611	55	-0.0787999322574393
23611	56	0.00283144382319733
23611	57	-0.0328820085816943
23611	58	0.083428326414186
23611	59	0.102232711446533
23611	60	-0.0243452364479921
23611	61	-0.00866391256349175
23611	62	0.0300859299156997
23611	63	-0.00625205981709342
23611	64	0.0643745391821966
23611	65	0.0152259279304587
23611	66	-0.0569681474273693
23611	67	-0.0275117732560446
23611	68	-0.125392629767823
23611	69	0.102472750409994
23611	70	-0.0660988541926102
23611	71	0.117895553614304
23611	72	0.0182273126248589
23611	73	-0.165079758932521
23611	74	-0.161452840400266
23612	1	-0.148833238883242
23612	2	-0.0126287465442161
23612	3	-0.047597851690643
23612	4	-0.0645004465462478
23612	5	-0.103136157900988
23612	6	0.0150037212682435
23612	7	-0.0588090131625876
23612	8	0.0122266608517307
23612	9	0.0666475043580803
23612	10	0.0301882888659435
23612	11	-0.0514930649433865
23612	12	-0.0127542486253134
23612	13	-0.0567058475626823
23612	14	-0.171701157534933
23612	15	-0.161742916772887
23612	16	-0.0975640084773133
23612	17	-0.0120920375394675
23612	18	0.0750510029502607
23612	19	-0.0901712526002996
23612	20	-0.00957364204997901
23612	21	-0.0953073889556961
23612	22	-0.0256651057796446
23612	23	-0.0360770218463387
23612	24	-0.0892771263899803
23612	25	0.042420493548903
23612	26	-0.00282139621413791
23612	27	-0.088483440658301
23612	28	0.0625111537547482
23612	29	-0.0651680420497058
23612	30	0.00803731660825235
23612	31	-0.0147617660565018
23612	32	-0.0294245095244037
23612	33	-0.0847199674107131
23612	34	0.0763895733277735
23612	35	-0.0809610587392839
23612	36	-0.0491643067106082
23612	37	-0.0256482451993492
23612	38	0.0442001390449249
23612	39	0.0444984625872706
23612	40	-0.0482764819368739
23612	41	0.0958409707733949
23612	42	0.0205584743371787
23612	43	0.0638397008207789
23612	44	0.0688898759312266
23612	45	-0.0591053109836537
23612	46	-0.0861032821207033
23612	47	0.060257564258599
23612	48	0.0471856488736009
23612	49	0.0886879933076372
23612	50	-0.078351857561799
23612	51	-0.204431996257675
23612	52	-0.0200825417456159
23612	53	-0.117219869579564
23612	54	0.0714702653242014
23612	55	0.0766898787041654
23612	56	-0.00208547860484742
23612	57	-0.0804392082468794
23612	58	0.097417392632849
23612	59	0.0823252126219671
23612	60	0.194823820214282
23612	61	0.0908015846508405
23612	62	0.0738119324244977
23612	63	0.0392630668712641
23612	64	0.0524212602294938
23612	65	-0.125220772600166
23612	66	-0.0398397153874299
23612	67	0.0517961813500705
23612	68	-0.128766695721119
23612	69	0.0631287395905886
23612	70	-0.0911070341852422
23612	71	0.0790570913398767
23612	72	0.0414162819021584
23612	73	-0.0912522329572667
23612	74	0.0894532665461725
>>END_MODULE
>>Per sequence quality scores	pass
#Quality	Count
2	192379
18	10
19	52
20	200
21	888
22	2975
23	8209
24	18877
25	37350
26	64563
27	99767
28	140099
29	184830
30	237655
31	305391
32	415720
33	660661
34	1722538
35	7319711
>>END_MODULE
>>Per base sequence content	fail
#Base	G	A	T	C
1	23.7918	45.4556	23.6146	5.45217
2	38.7957	10.1473	9.29024	40.0809
3	25.5389	13.423	30.9384	28.4139
4	22.2534	17.8231	22.5742	35.6635
5	26.9315	23.5017	19.8285	28.0524
6	25.9941	29.6055	22.7106	20.0013
7	23.3151	32.0023	22.407	20.5898
8	18.5701	25.1326	38.1846	16.4269
9	20.5442	23.6571	30.7961	23.3169
10	21.9565	22.5552	32.0073	21.7951
11	20.907	37.0497	23.2233	17.1337
12	25.5861	27.609	20.9685	24.1504
13	24.2683	23.67	25.8667	24.5092
14	23.2127	25.4757	26.3534	23.2723
15	22.7744	26.2072	26.7956	22.5369
16	23.1896	25.6951	25.7699	23.6594
17	23.4393	26.5726	25.3671	22.9351
18	22.9972	26.7987	25.5964	22.9217
19	23.1396	26.6626	25.5001	23.0069
20	23.5472	27.0538	24.9812	22.7319
21	22.9262	27.3861	26.0306	21.9713
22	22.7945	26.6947	25.4267	23.398
23	23.0224	26.9366	25.1819	23.1713
24	23.0738	26.5723	26.0398	22.6283
25	22.9657	26.6229	25.0185	23.7071
26	23.4761	26.7193	24.9195	23.1985
27	23.4646	26.3316	25.5377	22.9786
28	22.8521	25.7076	25.7761	23.9781
29	23.1917	26.5053	25.2026	23.4147
30	22.9415	26.49	25.5566	23.3257
31	22.9062	26.2909	25.1616	23.9521
32	23.2815	26.7197	25.005	23.3077
33	23.013	26.7094	26.0665	22.5252
34	23.2067	25.9546	25.6011	23.5493
35	23.3113	26.5261	24.9155	23.5598
36	23.9019	27.0189	25.6529	23.4261
37	23.2298	26.6807	25.793	24.2965
38	23.0861	27.3369	25.7766	23.8002
39	23.1314	26.9118	26.3418	23.6136
40	23.2461	26.7063	25.8359	24.2116
41	23.4959	27.007	25.8486	23.6485
42	23.1825	27.4084	26.2792	23.1256
43	23.0491	27.2421	25.8251	23.8831
44	23.5101	27.4575	25.5342	23.498
45	23.3222	27.5098	26.0805	23.0875
46	23.336	26.7229	25.8154	24.1256
47	23.4283	27.2899	25.4744	23.8073
48	23.4672	26.9766	26.2463	23.3098
49	23.374	27.0666	25.6344	23.9249
50	23.5088	27.3194	25.3161	23.8555
51	23.3937	26.8409	26.2602	23.5052
52	23.4537	26.6944	25.1351	24.7168
53	23.7716	27.1748	24.6324	24.4211
54	23.7736	27.2148	25.6298	23.3818
55	23.4616	27.1545	25.5292	23.8545
56	23.7473	26.9546	25.3256	23.9721
57	23.4224	27.0738	25.8194	23.6843
58	23.4005	26.4535	25.9794	24.1666
59	23.7255	26.8679	25.301	24.1054
60	23.38	27.4095	25.6822	23.5283
61	23.4582	27.0998	25.4425	23.9994
62	23.6988	27.3234	24.8895	24.0883
63	23.1683	27.2474	25.8531	23.7312
64	23.2477	26.6196	25.5963	24.5363
65	23.4227	27.0635	25.266	24.2478
66	23.431	27.1077	25.5478	23.9134
67	23.1652	26.5163	25.5644	24.7541
68	23.3606	26.821	25.269	24.5494
69	23.0593	27.0463	25.7588	24.1355
70	22.9817	26.9729	25.5176	24.5275
71	23.5189	27.7553	24.722	24.0037
72	23.4993	28.1184	25.5461	22.836
73	24.6352	29.249	25.9025	20.2134
74	32.3747	40.3911	27.2337	0
>>END_MODULE
>>Per sequence GC content	warn
#GC Content	Count
0	192439
1	96239.5
2	26
3	16
4	20
5	36
6	65
7	142.5
8	193.5
9	202.5
10	193.5
11	196.5
12	231
13	201.5
14	205
15	232.5
16	446.5
17	4628.5
18	10298
19	12004
20	12053.5
21	11681.5
22	10874.5
23	10247.5
24	15369
25	35681
26	57767.5
27	61434.5
28	58836.5
29	86894.5
30	130995
31	143167
32	132418
33	145034
34	185738
35	212938
36	240787
37	280540
38	303844
39	341107
40	419903
41	499870
42	542306
43	591762
44	659146
45	712544
46	744106
47	762706
48	774576
49	768798
50	760702
51	739346
52	696150
53	629060
54	570528
55	509386
56	430423
57	362412
58	317051
59	279948
60	221340
61	165706
62	136053
63	115871
64	87435.5
65	68216
66	52368.5
67	34605.5
68	23578
69	17469
70	14065
71	8962.5
72	4127.5
73	2037
74	1360
75	683
76	292.5
77	144
78	85.5
79	34
80	13
81	9.5
82	9
83	6.5
84	3.5
85	2
86	3
87	3
88	2
89	2
90	1
91	2
92	4
93	20.5
94	69
95	87.5
96	74
97	61.5
98	42
99	18.5
100	2
>>END_MODULE
>>Per base N content	pass
#Base	N-Count
1	1.68589
2	1.68583
3	1.68581
4	1.68583
5	1.68578
6	1.68851
7	1.6858
8	1.68583
9	1.68578
10	1.68578
11	1.68629
12	1.68602
13	1.68578
14	1.68588
15	1.68594
16	1.68596
17	1.68578
18	1.68599
19	1.69079
20	1.68589
21	1.68582
22	1.68602
23	1.68781
24	1.68583
25	1.68578
26	1.6866
27	1.68754
28	1.68616
29	1.68578
30	1.68612
31	1.68914
32	1.68606
33	1.68579
34	1.68834
35	1.68733
36	0.00014261
37	8.91316e-06
38	0.000258484
39	0.00132809
40	8.91346e-05
41	3.56545e-05
42	0.00426972
43	0.000615071
44	0.000133715
45	6.24024e-05
46	0.000115894
47	0.000142645
48	0.000106989
49	9.80779e-05
50	0.000205085
51	8.02569e-05
52	0
53	9.81127e-05
54	8.92044e-06
55	0.000196278
56	0.000374767
57	0.000160639
58	7.14075e-05
59	0.000205333
60	8.92963e-06
61	8.93209e-05
62	0.000107219
63	6.2567e-05
64	2.68261e-05
65	6.26231e-05
66	0.000187961
67	2.68652e-05
68	2.68809e-05
69	0.000161414
70	0.000278422
71	8.1165e-05
72	0.000164911
73	2.92488e-05
74	0.000491093
>>END_MODULE
>>Sequence Length Distribution	warn
#Length	Count
35	192434.0
36	71.0
37	101.0
38	121.0
39	163.0
40	208.0
41	234.0
42	323.0
43	353.0
44	351.0
45	408.0
46	445.0
47	507.0
48	577.0
49	717.0
50	866.0
51	1105.0
52	1296.0
53	1389.0
54	1617.0
55	1629.0
56	1742.0
57	1910.0
58	2001.0
59	2635.0
60	3079.0
61	3570.0
62	4021.0
63	4844.0
64	5170.0
65	5482.0
66	5643.0
67	6531.0
68	8895.0
69	17251.0
70	45658.0
71	173546.0
72	658140.0
73	2722630.0
74	7534212.0
>>END_MODULE
>>Sequence Duplication Levels	warn
#Total Deduplicated Percentage	54.3987
#Duplication Level	Percentage of deduplicated	Percentage of total
1	79.4897	43.2414
2	10.9186	11.8792
3	3.7259	6.08052
4	1.81752	3.95483
5	1.02703	2.79346
6	0.631762	2.06202
7	0.428641	1.63223
8	0.315986	1.37514
9	0.224809	1.10064
>10	1.2872	12.5358
>50	0.0854243	3.13449
>100	0.0415324	4.17793
>500	0.0033129	1.23071
>1k	0.00234327	2.39939
>5k	0.000177765	0.57892
>10k+	3.2321e-05	1.8233
>>END_MODULE
>>Overrepresented sequences	fail
#Sequence	Count	Percentage	Possible Source
NNNNNNNNNNNNNNNNNNNNNNNNNNNNNNNNNNN	192379	1.68578	
ACAATAATCTATACTTAAGATCCTAATTTCATTGAAATAATGAAACTTGCCCCAAGCGAAAAAAAAAGATCCCA	15024	0.131652	No Hit
>>END_MODULE
>>Adapter Content	pass
#Position	Illumina Universal Adapter	Illumina Small RNA 3 prime Adapter	Illumina Small RNA 5 prime Adapter	Nextera Transposase Sequence	SOLID Small RNA Adapter
1	1.75256e-05	0	0	8.7628e-06	0
2	2.62884e-05	0	0	0.00552057	0
3	2.62884e-05	0	0	0.00552057	0
4	2.62884e-05	0	0	0.00552057	0
5	2.62884e-05	0	0	0.00552057	0
6	2.62884e-05	0	0	0.00552057	0
7	3.50512e-05	0	0	0.00552057	0
8	4.3814e-05	0	0	0.00552933	0
9	6.13396e-05	0	0	0.00552933	0
10	6.13396e-05	0	0	0.00552933	8.7628e-06
11	6.13396e-05	0	0	0.00552933	8.7628e-06
12	8.7628e-05	0	0	0.00552933	8.7628e-06
13	8.7628e-05	0	0	0.00552933	8.7628e-06
14	8.7628e-05	0	0	0.00552933	8.7628e-06
15	8.7628e-05	0	0	0.00552933	8.7628e-06
16	8.7628e-05	0	0	0.00552933	8.7628e-06
17	8.7628e-05	0	0	0.00552933	8.7628e-06
18	8.7628e-05	0	0	0.00552933	8.7628e-06
19	8.7628e-05	0	0	0.00552933	8.7628e-06
20	8.7628e-05	0	0	0.00552933	8.7628e-06
21	8.7628e-05	8.7628e-06	0	0.00552933	8.7628e-06
22	8.7628e-05	8.7628e-06	0	0.00552933	8.7628e-06
23	8.7628e-05	8.7628e-06	0	0.00552933	8.7628e-06
24	0.000105154	8.7628e-06	0	0.00552933	8.7628e-06
25	0.000105154	8.7628e-06	0	0.00552933	1.75256e-05
26	0.000105154	8.7628e-06	0	0.00552933	1.75256e-05
27	0.000105154	8.7628e-06	0	0.00552933	1.75256e-05
28	0.000105154	1.75256e-05	0	0.00552933	1.75256e-05
29	0.000105154	2.62884e-05	0	0.00552933	1.75256e-05
30	0.000105154	2.62884e-05	0	0.00552933	1.75256e-05
31	0.000105154	2.62884e-05	0	0.00552933	1.75256e-05
32	0.000105154	2.62884e-05	0	0.00552933	1.75256e-05
33	0.000105154	2.62884e-05	0	0.00552933	1.75256e-05
34	0.000105154	3.50512e-05	0	0.00552933	1.75256e-05
35	0.000105154	3.50512e-05	0	0.00552933	1.75256e-05
36	0.000105154	3.50512e-05	0	0.00552933	1.75256e-05
37	0.000105154	3.50512e-05	0	0.00552933	1.75256e-05
38	0.000105154	3.50512e-05	0	0.00552933	1.75256e-05
39	0.000105154	3.50512e-05	0	0.00552933	1.75256e-05
40	0.000105154	6.13396e-05	0	0.00552933	1.75256e-05
41	0.000105154	7.88652e-05	0	0.00552933	1.75256e-05
42	0.000105154	8.7628e-05	0	0.00554685	1.75256e-05
43	0.000105154	8.7628e-05	0	0.00554685	1.75256e-05
44	0.000113916	8.7628e-05	0	0.00555562	1.75256e-05
45	0.000113916	8.7628e-05	0	0.0055819	1.75256e-05
46	0.000122679	8.7628e-05	0	0.00559067	1.75256e-05
47	0.000122679	8.7628e-05	0	0.00559067	1.75256e-05
48	0.000122679	8.7628e-05	0	0.00559067	1.75256e-05
49	0.000122679	8.7628e-05	0	0.00559067	1.75256e-05
50	0.000122679	8.7628e-05	0	0.00561696	1.75256e-05
51	0.000122679	8.7628e-05	0	0.00563448	1.75256e-05
52	0.000122679	8.7628e-05	0	0.00568706	1.75256e-05
53	0.000122679	8.7628e-05	0	0.00570458	1.75256e-05
54	0.000122679	8.7628e-05	0	0.00576592	1.75256e-05
55	0.000122679	9.63908e-05	0	0.00587984	1.75256e-05
56	0.000140205	9.63908e-05	0	0.00591489	1.75256e-05
57	0.000140205	9.63908e-05	0	0.00594994	1.75256e-05
58	0.000148968	9.63908e-05	0	0.00600252	1.75256e-05
59	0.00015773	9.63908e-05	0	0.00602004	1.75256e-05
60	0.000192782	9.63908e-05	0	0.00604633	1.75256e-05
61	0.000210307	0.000105154	0	0.00606386	1.75256e-05
62	0.000210307	0.00015773	0	0.00606386	1.75256e-05
63	0.00021907	0.000166493	0	0.00606386	1.75256e-05
64	0.00021907	0.000166493	0	0.00606386	1.75256e-05
65	0.00021907	0.000166493	0	0.00606386	1.75256e-05
66	0.00021907	0.000166493	0	0.00606386	1.75256e-05
67	0.00021907	0.000166493	0	0.00606386	1.75256e-05
68	0.00021907	0.000166493	0	0.00606386	1.75256e-05
69	0.00021907	0.000166493	0	0.00606386	1.75256e-05
70	0.00021907	0.000166493	0	0.00606386	1.75256e-05
71	0.00021907	0.000166493	0	0.00606386	1.75256e-05
72	0.00021907	0.000166493	0	0.00606386	1.75256e-05
73	0.00021907	0.000166493	0	0.00606386	1.75256e-05
74	0.00021907	0.000166493	0	0.00606386	1.75256e-05
>>END_MODULE
