gene-BTH_RS19630	706.060581027082	-2.61023501957359	0.157705273619118	-16.5513489794749	1.56555059590402e-61	6.81014509218248e-58
gene-BTH_RS12735	1028.47927108455	-3.11296489221404	0.233932616969263	-13.3071007050849	2.10492616641211e-40	4.57821441194633e-37
gene-BTH_RS10680	6865.52513850147	2.00827209160627	0.151652778545561	13.2425670724056	4.98165086652508e-40	7.22339375646137e-37
gene-BTH_RS07805	347.055933034737	-2.68491916340801	0.206589938072676	-12.9963694672462	1.28290517859152e-38	1.39515938171828e-35
gene-BTH_RS10705	4000.30504574027	1.62744434958542	0.135715048873085	11.9916277752464	3.93103380977762e-33	3.41999941450653e-30
gene-BTH_RS10695	1488.08834585047	1.7028999112529	0.143488637626927	11.867838035235	1.73903715157802e-32	1.26080193489407e-29
gene-BTH_RS10690	1129.86723147836	1.51704701035247	0.132343603781309	11.4629416685624	2.02517365079644e-30	1.10118817262056e-27
gene-BTH_RS25870	12141.5427760708	1.92203127914018	0.167635606468538	11.4655312175633	1.9654980644408e-30	1.10118817262056e-27
gene-BTH_RS34895	311.271430706228	-2.55517370227151	0.229820127130277	-11.118145891648	1.02377457246957e-28	4.94824376693627e-26
gene-BTH_RS12690	671.758677409972	-2.14688340917619	0.194516503948833	-11.0370244457042	2.53282271696457e-28	1.10177788187959e-25
gene-BTH_RS35150	382.271402640744	-3.34750737633772	0.305915552365866	-10.9425864440334	7.21127796672748e-28	2.85173265047859e-25
gene-BTH_RS19625	480.934112525287	-2.03848306953007	0.187855111867505	-10.851357992152	1.96484141462673e-27	7.1225501280219e-25
gene-BTH_RS25855	7428.34336969047	1.75445021816079	0.161821003788501	10.8419190159878	2.17852647499993e-27	7.289684743269e-25
gene-BTH_RS01825	731.965440404199	-2.69434071930415	0.250552409463034	-10.7536013127093	5.69920537840815e-27	1.7708245282911e-24
gene-BTH_RS30415	509.432429324356	-2.39520931772945	0.228011146958172	-10.5047904441656	8.21049480001445e-26	2.38104349200419e-23
gene-BTH_RS01865	141.342528292073	-2.96856078511946	0.285067674146296	-10.4135300293502	2.15094690976409e-25	5.84788691092113e-23
gene-BTH_RS33560	1471.55449487473	-1.92280425890408	0.185778992599557	-10.3499552452018	4.18681477826687e-25	1.07133201679182e-22
gene-BTH_RS25840	1621.8033785828	1.67923175640535	0.16355770253645	10.2669072160091	9.93383449139603e-25	2.40067666875404e-22
gene-BTH_RS07810	204.269234581098	-2.46732248267817	0.244869386223504	-10.0760757427885	7.04852067388588e-24	1.61374025954756e-21
gene-BTH_RS25865	14078.0687785742	1.77510108582595	0.177278984553168	10.0130373055785	1.33587039149331e-23	2.90551810149795e-21
gene-BTH_RS34680	1242.96252118727	1.34239476805624	0.134286195495641	9.99652096108285	1.57845233722277e-23	3.26965126996146e-21
gene-BTH_RS25850	2138.85114836985	1.77444175148535	0.17762515057543	9.98981138502581	1.68902820932077e-23	3.33966941388425e-21
gene-BTH_RS12765	353.910273454972	-2.74805436508153	0.278493900007582	-9.86755675799979	5.75492671813912e-23	1.0884317923437e-20
gene-BTH_RS25860	11587.5460080279	1.80084955758831	0.184807165815213	9.74447906088754	1.94775275220821e-22	3.53030186337739e-20
gene-BTH_RS10685	645.399239611976	1.97023604749727	0.203473724169557	9.68299988383483	3.56110377045525e-22	6.19632056059213e-20
gene-BTH_RS06330	3240.25900986835	-1.18061788716119	0.123173813995753	-9.58497467003744	9.24803339586739e-22	1.54726712584704e-19
gene-BTH_RS12760	286.727543499032	-2.47100669991484	0.258498199780647	-9.55908668614194	1.18800437294223e-21	1.91400704529582e-19
gene-BTH_RS12730	643.534851323924	-1.89592485578259	0.201005539885379	-9.43220200231154	4.01568578607083e-21	6.23865470336004e-19
gene-BTH_RS03255	767.411691739664	-1.70399021927447	0.183752994142226	-9.27326505469385	1.80533095402043e-20	2.70799643103065e-18
gene-BTH_RS28565	613.356612066983	-1.66722193381789	0.180122182055859	-9.25606116242168	2.1211283518929e-20	3.07563611024471e-18
gene-BTH_RS25845	2847.51631603389	1.70046224618608	0.184834226983959	9.19993160321791	3.58177675825837e-20	5.02604158013674e-18
gene-BTH_RS00595	287.098229031017	-3.32618646981532	0.362412231853819	-9.17790895964283	4.39543400358414e-20	5.97504309862219e-18
gene-BTH_RS25875	10220.2917942314	1.60290905282389	0.175472656690024	9.13480814082311	6.55228542411121e-20	8.63710351360114e-18
gene-BTH_RS04850	536.248426870146	-2.15463936418107	0.236262906317731	-9.11966841414991	7.53545277222319e-20	9.6409469291679e-18
gene-BTH_RS09595	4363.44155648659	1.78160839240352	0.19890392472209	8.95713040802389	3.33237483881652e-19	4.14166587110054e-17
gene-BTH_RS28860	443.476669409068	-2.09950053325985	0.23520257183832	-8.92635023864902	4.40294939423037e-19	5.32023051802836e-17
gene-BTH_RS29390	356.883599111619	-2.0479521567321	0.232463745602219	-8.80977010598656	1.25402772132652e-18	1.47432988858658e-16
gene-BTH_RS12630	1747.60921108197	-1.65686734264077	0.190927240913096	-8.67800390723149	4.02775207585364e-18	4.61071619209561e-16
gene-BTH_RS25830	1331.77714503145	1.18807192825263	0.138315198877806	8.58959780191782	8.72742890638575e-18	9.73443993404564e-16
gene-BTH_RS10710	534.565316682666	1.63924400835334	0.192578154073811	8.51209741954973	1.7081496728228e-17	1.8576127691948e-15
gene-BTH_RS28535	977.804079694861	-1.50476832401602	0.178274800011209	-8.44072366886071	3.15378933991894e-17	3.34609356796278e-15
gene-BTH_RS01405	594.036157668029	-2.4610702874743	0.296858597706742	-8.29037901036478	1.12888171642965e-16	1.1495727765027e-14
gene-BTH_RS01870	411.294366410296	-1.46349413976426	0.176545942525538	-8.28959373876611	1.13635929631302e-16	1.1495727765027e-14
gene-BTH_RS28570	535.787730953049	-1.50540497239965	0.181718654980469	-8.2842621334692	1.18843587759589e-16	1.17493092444139e-14
gene-BTH_RS03260	955.494503092999	-1.49473755827547	0.181877764053485	-8.21836339397659	2.06299050536647e-16	1.99422415518758e-14
gene-BTH_RS27990	312.252246664543	-1.75098091397187	0.214126042069662	-8.17733750200373	2.90184375803163e-16	2.74413485813861e-14
gene-BTH_RS28380	3133.5478317032	-1.42098933854222	0.17443258060668	-8.1463527834077	3.75064875351214e-16	3.47134512293145e-14
gene-BTH_RS24310	250.043799295085	-1.82480644820705	0.224110634323983	-8.14243578271723	3.87403985678615e-16	3.51084862021245e-14
gene-BTH_RS12745	67.8369273150715	-3.12871438515819	0.38599452060703	-8.10559274322819	5.24889866667377e-16	4.65973657143488e-14
gene-BTH_RS28385	2000.80864981797	-1.5211736010131	0.18796603219789	-8.09281114904644	5.83032245780865e-16	5.07238053829352e-14
gene-BTH_RS27980	307.477551935633	-1.7057424671586	0.210837225812393	-8.09032873860901	5.95039122643534e-16	5.07533369313602e-14
gene-BTH_RS12560	139.903811167929	-2.36122890177101	0.294487203790516	-8.01810357590503	1.07390236691651e-15	8.9836063386285e-14
gene-BTH_RS09590	11248.1678740697	1.78088974661833	0.222337225689404	8.00985863296754	1.14840374168611e-15	9.42557787987652e-14
gene-BTH_RS28845	438.986029697646	-1.60771971107049	0.20267124437393	-7.93264834405537	2.1452123450551e-15	1.7280877224055e-13
gene-BTH_RS01385	1408.5900288437	-1.94615831244875	0.247509024201411	-7.86297921349753	3.75103279590358e-15	2.96672593857829e-13
gene-BTH_RS30445	350.337058554089	-2.18205721810775	0.278138933140228	-7.84520596765083	4.32243465053424e-15	3.35760548746856e-13
gene-BTH_RS06320	6072.50594469642	-1.00585954364373	0.1287317820945	-7.81360692191257	5.55742280300708e-15	4.24119108650541e-13
gene-BTH_RS28405	1084.85293510315	-1.13477240085351	0.14654731022464	-7.74338607180194	9.68035294980627e-15	7.2602647123547e-13
gene-BTH_RS29935	127.041399630918	-2.75188829947293	0.356503124729482	-7.71911410751614	1.17141000702793e-14	8.63666700096867e-13
gene-BTH_RS10995	459.752544350512	-1.27525301376503	0.166372626601022	-7.66504105764474	1.78774003798538e-14	1.2961115275394e-12
gene-BTH_RS00590	214.929764797927	-2.21504890483866	0.289686250786545	-7.64637223487288	2.06728668458885e-14	1.47421263573139e-12
gene-BTH_RS26975	1600.99141544357	-1.21915497267596	0.162578081682667	-7.49888890345994	6.4361046585852e-14	4.5156540749751e-12
gene-BTH_RS34675	660.922536648598	1.45563911723101	0.195487010000792	7.44621914890977	9.60531997589035e-14	6.63224474525762e-12
gene-BTH_RS06280	1606.89761441709	-0.971525018815869	0.132623512833661	-7.32543572446595	2.38123738384724e-13	1.61849728433367e-11
gene-BTH_RS26135	170.374870658929	-1.92032839738631	0.262414028011591	-7.31793346543763	2.51818654219053e-13	1.68524791669674e-11
gene-BTH_RS35575	96.7582860013957	-3.2634553828202	0.446133931499385	-7.31496788834743	2.57442948092447e-13	1.69678306697295e-11
gene-BTH_RS28130	343.098098382009	-1.72135918338762	0.235584860548526	-7.30674789279617	2.73685355113592e-13	1.77691238021511e-11
gene-BTH_RS29830	267.152325922458	-1.51424555053903	0.209630237937297	-7.2234118772119	5.06991579552635e-13	3.2432549574323e-11
gene-BTH_RS13455	549.775516330728	-1.39338235721513	0.193406437601231	-7.20442594619331	5.82888903884206e-13	3.6747343940526e-11
gene-BTH_RS02370	679.722148538122	1.4048864086015	0.195700756715372	7.17874796286441	7.03527012578929e-13	4.37191786388335e-11
gene-BTH_RS10725	780.081157671019	1.20559195293927	0.168909539476037	7.13750068041779	9.50431515086098e-13	5.82306632482328e-11
gene-BTH_RS13450	2133.03789518191	-1.405686829869	0.199005216599	-7.06356774908819	1.622810231266e-12	9.8044784805654e-11
gene-BTH_RS13480	3596.99159972085	-1.31488636743853	0.186350714246026	-7.05597707397341	1.71392084451208e-12	1.02130899638734e-10
gene-BTH_RS12675	1355.12460275221	-1.08029838742935	0.153920811729246	-7.01853359069888	2.24208857982368e-12	1.31798450300446e-10
gene-BTH_RS26985	370.8871674069	-1.4031814551661	0.200986758734452	-6.98146218189437	2.92123548317968e-12	1.69431658024421e-10
gene-BTH_RS07285	450.978677109901	-1.29409739432459	0.185417095420862	-6.97938553824945	2.96473860336898e-12	1.69692275324409e-10
gene-BTH_RS34105	220.847812273004	-1.60475504676565	0.230172678309333	-6.97196147932466	3.12552145308111e-12	1.76571666505232e-10
gene-BTH_RS12710	1346.38119048064	-1.33737395018206	0.19333264470628	-6.91747610556851	4.59760900999477e-12	2.56405117865093e-10
gene-BTH_RS30840	1350.16575140452	-1.32676643340089	0.192844188720898	-6.87999178093518	5.98560140010107e-12	3.29586912537211e-10
gene-BTH_RS06315	5455.12663361157	-0.859581403875655	0.125401576230085	-6.85462997927956	7.14973378274883e-12	3.88766774436968e-10
gene-BTH_RS26980	220.225265744861	-1.45590956743573	0.212549473150065	-6.84974441883385	7.398204441523e-12	3.97310979266976e-10
gene-BTH_RS14410	3182.46838194656	-1.2598197123117	0.184747858248465	-6.81913026898202	9.15933185848252e-12	4.85891385175597e-10
gene-BTH_RS07795	230.49979378312	-1.92922091070312	0.287290464066483	-6.71522779905661	1.8777264126809e-11	9.8410962592312e-10
gene-BTH_RS28390	4159.96532324788	-1.18421011859905	0.176503962558991	-6.7092551432281	1.95620368490574e-11	1.0130340511119e-09
gene-BTH_RS12750	207.583691944771	-1.89797515135595	0.284629413435857	-6.66823266241132	2.58902126319363e-11	1.32496970528145e-09
gene-BTH_RS12740	123.005211624552	-1.75904841753678	0.265832897237734	-6.61712088990879	3.66261971648391e-11	1.85260415891918e-09
gene-BTH_RS33550	210.499436299011	-1.49319313115564	0.226035994697825	-6.60599712515615	3.94850551034587e-11	1.97425275517293e-09
gene-BTH_RS13460	781.661025636323	-1.33599210571982	0.202361142091509	-6.602019003805	4.05595503470747e-11	1.98003277231543e-09
gene-BTH_RS13475	8434.25126828882	-1.20260525484217	0.182123060600668	-6.60325634148581	4.02223145426006e-11	1.98003277231543e-09
gene-BTH_RS32540	248.045945814205	-1.88920601919951	0.286219904436704	-6.60054031852735	4.09661952892847e-11	1.98003277231543e-09
gene-BTH_RS10990	886.570503016779	-1.00148147699032	0.152626230347509	-6.56166030380284	5.32119282380763e-11	2.54364711907288e-09
gene-BTH_RS10210	726.714186828168	-1.04979268988844	0.160086926010135	-6.55764162666211	5.46653856669752e-11	2.5847220396885e-09
gene-BTH_RS13440	9058.52849218201	-1.49972092560679	0.229462612796879	-6.5357964303071	6.32719283114676e-11	2.95949342102026e-09
gene-BTH_RS28140	531.597505297328	-1.66856017862557	0.256569455050463	-6.50334693308442	7.85523470701768e-11	3.63513521016244e-09
gene-BTH_RS28400	1587.95480166523	-1.22465638305179	0.189431783440071	-6.46489390962857	1.01369902753253e-10	4.64167449449105e-09
gene-BTH_RS34960	130.935412361742	-2.25925109324093	0.350583473763631	-6.44426010441141	1.16165716436796e-10	5.26375902604234e-09
gene-BTH_RS28545	877.47711237341	-1.26724069734242	0.196838449333751	-6.43797338188608	1.21079226577558e-10	5.42984160425133e-09
gene-BTH_RS00680	580.817902504918	-1.84502496990653	0.286753171991699	-6.43419201640056	1.24131856523212e-10	5.509934447714e-09
gene-BTH_RS10250	530.780500224541	-1.31059748989262	0.204198019699869	-6.41826738485976	1.37834012796408e-10	6.05634298650883e-09
gene-BTH_RS05505	7229.27466943013	-1.11440977463954	0.17391711748147	-6.40770610033985	1.47725320835035e-10	6.42605145632403e-09
gene-BTH_RS13435	3284.77818065469	-1.4753341137964	0.230401346612997	-6.40332244357281	1.52031638833327e-10	6.54789731608883e-09
gene-BTH_RS05385	517.42060480224	-1.93627082137934	0.302599210903783	-6.39879666439384	1.56606226874475e-10	6.67879496964671e-09
gene-BTH_RS28470	7780.02656953845	-1.40986576229044	0.220747650116208	-6.3867758571756	1.69419678183464e-10	7.15510291357347e-09
gene-BTH_RS10735	455.976160445518	1.24484140787062	0.195464227165363	6.36864057389634	1.90710934015335e-10	7.97685156698758e-09
gene-BTH_RS01850	104.828267814266	-1.7108123069742	0.270460945630043	-6.3255428727014	2.52343828830422e-10	1.04542443372603e-08
gene-BTH_RS25595	906.913427379385	-1.06150360405231	0.16908997962776	-6.2777439939915	3.43520922398295e-10	1.40973208720055e-08
gene-BTH_RS10925	13109.4920015409	1.29175512273762	0.207122395305591	6.23667528000414	4.46968444866781e-10	1.81711470576682e-08
gene-BTH_RS08725	83.9597198711332	-3.13181160731641	0.50239206240529	-6.23379993768674	4.55254427496889e-10	1.83209310413162e-08
gene-BTH_RS28420	704.604351855111	-1.15915201182578	0.185985351538253	-6.23249090446439	4.59076203104246e-10	1.83209310413162e-08
gene-BTH_RS28840	503.542972915751	-1.50201002573268	0.243852131928591	-6.15951156077044	7.29696539600125e-10	2.88561813387322e-08
MSTRG.1781.1	334.412933986828	-2.4052683045868	0.390845789566798	-6.15400848312253	7.55486404375574e-10	2.96068996309346e-08
gene-BTH_RS26990	133.787583050419	-1.58685717621426	0.258246517667551	-6.14473794476127	8.0095638326989e-10	3.11085738145002e-08
gene-BTH_RS08575	981.229374764989	1.61891173964201	0.26436865410651	6.12369021249312	9.14325853537846e-10	3.51974996715897e-08
gene-BTH_RS28395	1104.66071616413	-1.30406624360857	0.21671994432111	-6.01728764601544	1.77363754418878e-09	6.76782747124668e-08
gene-BTH_RS03750	496.64464577214	-2.08597500069566	0.347088299749225	-6.00992601076671	1.85608015541167e-09	7.02082493568762e-08
gene-BTH_RS28475	2327.16361070773	-1.33374609137607	0.222334200204959	-5.99883459290812	1.98738666901017e-09	7.45270000878815e-08
gene-BTH_RS28120	611.661663981841	-1.2045399083556	0.203116807413103	-5.93028181023828	3.02415195425352e-09	1.1243641881199e-07
gene-BTH_RS19715	1175.10110247056	-1.08501541812549	0.183182645780013	-5.92313433134111	3.158626178315e-09	1.1644088030229e-07
gene-BTH_RS27985	156.139646832858	-1.56283471351652	0.265691097991705	-5.882149328034	4.04972707665943e-09	1.48036241877887e-07
gene-BTH_RS08035	618.448676713069	1.21309488980369	0.207597761852916	5.84348732364068	5.11191900844472e-09	1.85307064056121e-07
gene-BTH_RS28415	715.833266793569	-0.932148044817572	0.159629939034001	-5.83943118977841	5.23793443537664e-09	1.88305907387507e-07
gene-BTH_RS28540	2232.76269692583	-1.12528187992388	0.192910508081114	-5.83318084181666	5.43805729644444e-09	1.93897944586339e-07
gene-BTH_RS13445	2189.71269884563	-1.40047397290912	0.24032256436801	-5.82747598666829	5.62719438862924e-09	1.990105332564e-07
gene-BTH_RS26150	559.991203348465	-1.26584353780468	0.21740505769025	-5.8225119105012	5.7969667104741e-09	2.03361332181954e-07
gene-BTH_RS35350	1482.84875319624	-1.27375967247293	0.219375534880184	-5.8062977403958	6.38693432814397e-09	2.2226531461941e-07
gene-BTH_RS07500	2131.67071954093	-1.00014768934027	0.173610639013959	-5.76086635600632	8.36832816429808e-09	2.88906567576957e-07
gene-BTH_RS06310	1361.57011566125	-0.793109199931057	0.137899150936821	-5.75137116177329	8.85225290920609e-09	3.03207087835012e-07
gene-BTH_RS07815	103.08815028709	-2.1295999182999	0.370373928656464	-5.74986453831957	8.9314980196043e-09	3.0353137800999e-07
gene-BTH_RS25880	1152.13814317518	1.00453043862759	0.175796298478244	5.71417286554477	1.10238894081381e-08	3.71735805623263e-07
gene-BTH_RS02085	291.590417387168	-1.0808362612719	0.190324507850902	-5.67891268169528	1.35553651347118e-08	4.53583371815358e-07
gene-BTH_RS12655	44.9200060260412	-2.62154168074655	0.463377344992677	-5.65746622935996	1.53624031884085e-08	5.10125602057838e-07
gene-BTH_RS28815	195.37971260468	-2.68800110450867	0.477626085557436	-5.62783563500623	1.82484847646586e-08	6.01370520653521e-07
gene-BTH_RS33565	1291.75014866136	-1.10881663869081	0.198795243753028	-5.57768192919314	2.43744810753338e-08	7.97210471260918e-07
gene-BTH_RS06285	2042.06595377936	-0.943506056488233	0.169403964532919	-5.56956302108791	2.55379007996876e-08	8.29028869243591e-07
gene-BTH_RS24640	2372.77201050456	1.2500588226053	0.224951323334571	5.55701919897614	2.74420586715426e-08	8.84244112749706e-07
gene-BTH_RS32545	442.688509126013	-1.47225782452869	0.265469818844154	-5.54585764565946	2.92516749782187e-08	9.35623427612143e-07
gene-BTH_RS13430	727.684037545721	-1.21491301742541	0.219455572305745	-5.53603175649965	3.09401491288337e-08	9.82406194966616e-07
gene-BTH_RS28365	1498.01101750394	-1.14689334901682	0.207315410469959	-5.53211816920391	3.1638662948885e-08	9.97305679910505e-07
gene-BTH_RS05290	98.3696903683285	-2.20870018343679	0.400696288493599	-5.51215533275914	3.5446586755033e-08	1.10929965744168e-06
gene-BTH_RS05860	254.673000882246	1.42170423703436	0.258367827246624	5.50263650155357	3.74153333872551e-08	1.15872224007295e-06
gene-BTH_RS07010	82.6162099883218	-2.55625411940848	0.464607655238016	-5.50196298013843	3.75585829540886e-08	1.15872224007295e-06
gene-BTH_RS18795	5420.34833386837	1.68930166622402	0.30721534388794	5.498754212095	3.824838300057e-08	1.17169342290479e-06
gene-BTH_RS00270	227.810665794785	-2.39540688136312	0.437821848999927	-5.47119082072929	4.47021658554338e-08	1.35982112916879e-06
gene-BTH_RS06295	462.066127683046	-1.00526219902242	0.183898073967456	-5.46640961123019	4.59242434862205e-08	1.38729485531291e-06
gene-BTH_RS12705	1396.00525854155	-1.22314739139433	0.223865273156657	-5.46376565756312	4.66138815154724e-08	1.39841644546417e-06
gene-BTH_RS25530	2142.27288768645	0.960756650024732	0.176101786329938	5.45568940581156	4.87831999026529e-08	1.45347205189411e-06
gene-BTH_RS06275	530.532088891392	-0.875210682349709	0.160724195731348	-5.44541957959232	5.16834104195363e-08	1.52940704302709e-06
gene-BTH_RS08010	1886.39275069203	0.904647325334538	0.166275076731813	5.44066701465822	5.30814492757336e-08	1.56016421857731e-06
gene-BTH_RS34890	63.5351747380206	-1.99706920975011	0.368946930698955	-5.41289015731	6.20155357883659e-08	1.81052067570062e-06
gene-BTH_RS12650	74.3440526350752	-2.53699479507113	0.469014265869278	-5.40920602994671	6.33047696706452e-08	1.83583832044871e-06
gene-BTH_RS26865	1394.4478718839	1.37830889034024	0.256578229466975	5.3718855773679	7.79175476430726e-08	2.24464458441964e-06
gene-BTH_RS12310	637.955500654837	1.15618399269248	0.215287546347375	5.37041743616201	7.85545923559375e-08	2.24810839966005e-06
gene-BTH_RS05445	493.189394738691	-2.14463767007883	0.399581248386717	-5.36721299795139	7.99626053439733e-08	2.27344662252473e-06
gene-BTH_RS06270	5464.19315884851	-0.854428590077063	0.160270402279432	-5.33116893652866	9.75825869453701e-08	2.73347394990804e-06
gene-BTH_RS09075	918.468384528307	1.2624649958702	0.236845030896273	5.33034191636936	9.80280313070468e-08	2.73347394990804e-06
gene-BTH_RS26870	2152.18609093039	1.32826256995531	0.249144901130364	5.33128538424432	9.75200241935237e-08	2.73347394990804e-06
gene-BTH_RS12805	665.604562851416	-0.800115300319983	0.150403628979309	-5.31978720028127	1.03888694030966e-07	2.87844470722741e-06
gene-BTH_RS18500	192.712163240869	-1.19354118101801	0.225502976474686	-5.29279568578994	1.20460478284671e-07	3.31647519328051e-06
gene-BTH_RS26840	1609.20068238416	-0.986584858817022	0.188714750784788	-5.22791596689826	1.7143138994335e-07	4.69010406448786e-06
gene-BTH_RS00770	125.472029128834	-1.80842965468834	0.346637295477223	-5.21706601766158	1.81779484457546e-07	4.94212973368954e-06
gene-BTH_RS03765	263.612943691794	-2.36759655851401	0.458615332748467	-5.16248888654698	2.43687846852177e-07	6.58411263234142e-06
gene-BTH_RS33610	403.376517627938	-2.41869253695255	0.468777840627331	-5.15957096802142	2.47516388168285e-07	6.64627338600024e-06
gene-BTH_RS00785	115.629145004568	-2.43180341099674	0.471457559077906	-5.15805370848853	2.4953005038015e-07	6.65923754081995e-06
gene-BTH_RS09485	800.270020945338	-1.18082534025405	0.229076929299976	-5.15471088189662	2.54022547354958e-07	6.67176255423665e-06
gene-BTH_RS12695	2596.72168703064	-1.08531505326858	0.210496315723714	-5.15598123196182	2.523061681712e-07	6.67176255423665e-06
gene-BTH_RS25745	398.396618992746	0.94373414139905	0.183097007013775	5.15428491590828	2.54600594023743e-07	6.67176255423665e-06
gene-BTH_RS01860	56.9422540464661	-1.90372206894496	0.369867731279867	-5.14703475849986	2.64636305905664e-07	6.89322114185412e-06
gene-BTH_RS01815	217.182584808766	-1.3506414000488	0.263485473071262	-5.12605641709708	2.95873980291995e-07	7.66102270398915e-06
gene-BTH_RS21435	2223.80531877936	0.81078651957888	0.158488170055778	5.11575418716445	3.12489805434347e-07	8.04337664875389e-06
gene-BTH_RS24015	281.913984412804	1.26506488816837	0.248868918272978	5.08325787304928	3.7101544426328e-07	9.43811217862729e-06
gene-BTH_RS28465	29482.1592763443	-1.11225596201026	0.2187680638767	-5.08417884356808	3.69219920702354e-07	9.43811217862729e-06
gene-BTH_RS26120	424.752941917613	-1.20279125090085	0.237033532893962	-5.07435060438861	3.88821570487331e-07	9.83356878848772e-06
gene-BTH_RS11870	157.692014205847	1.15700435045264	0.22892467154084	5.05408326094827	4.32462929860227e-07	1.08597003617619e-05
gene-BTH_RS34670	273.54410009811	1.0461328266679	0.207022382340213	5.05323537891051	4.34388014470477e-07	1.08597003617619e-05
gene-BTH_RS15325	222.480152149131	-1.12706554188106	0.22353939737679	-5.04191008433882	4.60907863142032e-07	1.14568525981019e-05
gene-BTH_RS12975	1442.6883563739	-0.925968576049023	0.183768026477972	-5.03879044573632	4.68483071576899e-07	1.15789850077245e-05
gene-BTH_RS11165	814.633052569308	-1.19252077647171	0.236810031432454	-5.03576968111615	4.75932544182707e-07	1.16966472722869e-05
gene-BTH_RS13465	660.472516484014	-0.932547585219162	0.185355812434863	-5.03112134963059	4.87619374233091e-07	1.1916540887157e-05
gene-BTH_RS29115	226.347358415916	-2.43837722141005	0.489351592345203	-4.9828737855418	6.26468161409835e-07	1.52242262688982e-05
gene-BTH_RS25485	1543.89580732203	0.677092802814289	0.135929488571786	4.98120613803903	6.31891842904794e-07	1.52707195368659e-05
gene-BTH_RS25895	1605.37329381846	0.889309396916618	0.178770568523226	4.97458504642545	6.53875528840811e-07	1.57146881240747e-05
gene-BTH_RS02010	245.219309151796	-2.46438524172819	0.496231347838497	-4.96620226122886	6.82767458209869e-07	1.6247778978422e-05
gene-BTH_RS17580	660.773168159285	-0.824753112850121	0.166080419301318	-4.96598645595771	6.83527253574996e-07	1.6247778978422e-05
gene-BTH_RS03265	300.763742945015	-1.56353397459372	0.315291347855279	-4.9590132594168	7.08521318366563e-07	1.65874157790808e-05
gene-BTH_RS04250	596.497725960496	-0.786677153512073	0.158642257023561	-4.95881216185193	7.09255019519319e-07	1.65874157790808e-05
gene-BTH_RS10740	405.344224576226	0.986225934610165	0.198866081998593	4.95924656783424	7.07671012806771e-07	1.65874157790808e-05
gene-BTH_RS13470	1056.62507528878	-0.797475907858021	0.161335119895193	-4.94297774951963	7.69382678408358e-07	1.77244707208233e-05
gene-BTH_RS26105	185.202621904586	-1.77919491152235	0.359957127865179	-4.94279672158276	7.70097693387496e-07	1.77244707208233e-05
gene-BTH_RS28875	34.6718743140169	-2.31594625994569	0.468499311429941	-4.94332905821573	7.67996921391647e-07	1.77244707208233e-05
gene-BTH_RS28360	521.453325178124	-0.974080777629195	0.197158917342228	-4.94058696791477	7.78877425297595e-07	1.78321936844449e-05
gene-BTH_RS25515	5995.56768043079	0.699763178288692	0.141737476656953	4.9370370828763	7.93183934118187e-07	1.8064660279655e-05
gene-BTH_RS34155	569.216069602933	-1.88801702661011	0.383184180058335	-4.92717895170589	8.34253424625105e-07	1.89010541516625e-05
MSTRG.4396.1	242.176053179428	-1.31157518953819	0.26693553512066	-4.91345293891027	8.94862198788215e-07	2.01691739105116e-05
gene-BTH_RS28115	275.499615504591	-1.66178252102264	0.338864555612636	-4.90397267432792	9.39175602936488e-07	2.10588343957408e-05
gene-BTH_RS33150	66.6133501626507	-1.87960886172074	0.384079548409404	-4.89380095739231	9.89068734726992e-07	2.20638410054483e-05
gene-BTH_RS01985	145.769965891209	-2.3621722879015	0.482865880220108	-4.89198426450164	9.98244273040432e-07	2.21549111618667e-05
gene-BTH_RS34215	36.5181028531114	-2.10674632092709	0.430843676234988	-4.88981604496856	1.00930253538906e-06	2.22866295885402e-05
gene-BTH_RS16945	57.1574537561376	-2.54991414296666	0.52241959194575	-4.88096959279323	1.0556551994051e-06	2.31924248354151e-05
gene-BTH_RS25510	2321.11823998985	0.706414828480237	0.145208984406543	4.86481488295847	1.14563982016727e-06	2.50428804910936e-05
gene-BTH_RS25725	1115.36237988427	0.955455591401481	0.197052827715792	4.8487281429908	1.2425556932479e-06	2.70255863281419e-05
gene-BTH_RS05245	563.974966935878	-1.73723580188477	0.358375339766107	-4.8475316494114	1.25007094155871e-06	2.70537741083601e-05
gene-BTH_RS12345	219.17938453975	-1.38375920191737	0.28569719726671	-4.84344689116978	1.27605840491808e-06	2.74794755514538e-05
gene-BTH_RS01810	182.107205840973	-1.62068591649302	0.335266903199922	-4.83401702054257	1.338051385003e-06	2.86725296786358e-05
gene-BTH_RS25535	484.68433775478	1.03479050996277	0.214834927993814	4.81667724902055	1.45968503575505e-06	3.11256367918357e-05
gene-BTH_RS12820	440.92763060221	-1.35730659357555	0.282696375362236	-4.80128757164413	1.57648685172423e-06	3.34522819756117e-05
gene-BTH_RS04115	1094.85924815325	-1.19761503469244	0.250280219745515	-4.7850966245362	1.70905094300803e-06	3.59148386574151e-05
gene-BTH_RS35725	233.527623023456	-1.32793017253412	0.277504883477412	-4.78524974369399	1.70774850333914e-06	3.59148386574151e-05
gene-BTH_RS23830	694.789633404148	-0.877083251900288	0.183873270170665	-4.77004216592334	1.84187359986521e-06	3.85199526894888e-05
gene-BTH_RS25540	558.153709029784	0.832744112204186	0.174675145165975	4.76738754911536	1.86630099389239e-06	3.88440637484779e-05
gene-BTH_RS28575	73.2423492775141	-2.18279532321276	0.458622260396172	-4.75946222350218	1.9410944990907e-06	4.02083860525931e-05
gene-BTH_RS28370	350.98003620659	-1.02657661414553	0.215817208243695	-4.75669490167044	1.96788239957201e-06	4.05700873845415e-05
gene-BTH_RS00805	109.008917389921	-2.62880842829633	0.552848077948236	-4.75502861121002	1.98418314857158e-06	4.0713191963615e-05
gene-BTH_RS00750	377.799780999107	-1.81105127790208	0.381589509878039	-4.74607197268321	2.07404938019476e-06	4.23573464969351e-05
gene-BTH_RS09490	318.843305845903	-1.20726783346505	0.255031395066365	-4.73380084499357	2.2035394852675e-06	4.45223243387461e-05
gene-BTH_RS10425	253.731271940129	-1.31169794305742	0.277087930052403	-4.73386893037657	2.20280005100229e-06	4.45223243387461e-05
gene-BTH_RS32225	533.422732266945	-0.92243783277152	0.19488932393571	-4.73313680884753	2.21076369130326e-06	4.45223243387461e-05
gene-BTH_RS26140	391.34940554347	-0.914235485468658	0.193373248855078	-4.72782812970073	2.26934145513168e-06	4.54914070498747e-05
gene-BTH_RS25900	621.043370096224	1.02502984894383	0.217214673546282	4.71897147742843	2.37040048980975e-06	4.72992758287726e-05
gene-BTH_RS29425	146.995989926092	-1.29220014579687	0.274380086707507	-4.70952597654936	2.48293569446505e-06	4.9318585711977e-05
gene-BTH_RS29420	85.7296159915958	-1.56865334745989	0.333304261191195	-4.7063705151974	2.52166026736544e-06	4.98601007410893e-05
gene-BTH_RS35485	468.820068467565	1.34473610723758	0.286558733942114	4.69270675766323	2.69613822565114e-06	5.25928308591141e-05
gene-BTH_RS35310	133.55697151465	-2.28057220776962	0.485892918682192	-4.69356955016929	2.68478654348414e-06	5.25928308591141e-05
gene-BTH_RS27225	592.983129370684	0.941893910338505	0.20065377826657	4.69412496727169	2.67750325467327e-06	5.25928308591141e-05
gene-BTH_RS12315	261.642235386932	0.902871380304346	0.192927930935559	4.67983757419717	2.87102277075817e-06	5.55450721453125e-05
gene-BTH_RS33970	6296.23243226272	1.23269849627045	0.263414285778552	4.67969492477246	2.8730209730334e-06	5.55450721453125e-05
gene-BTH_RS34165	115.201498034887	-2.12732997135047	0.455163094039547	-4.67377517906941	2.95713032828462e-06	5.69182164957437e-05
gene-BTH_RS16320	128.7644091037	-1.77303239532392	0.380507569970674	-4.65965078030004	3.16746303801376e-06	6.0698080243876e-05
gene-BTH_RS34110	664.582052414957	-1.17416629673835	0.252587359832589	-4.64855524645639	3.34268095254473e-06	6.37748339630245e-05
gene-BTH_RS28355	1367.5605590598	-0.926709039843068	0.199405189853434	-4.64736670356582	3.36199201084162e-06	6.38631670181704e-05
rna-BTH_RS21700	196.943521389271	-2.44391998134659	0.52709862714258	-4.63655159679539	3.54269792032282e-06	6.70031997974099e-05
gene-BTH_RS26970	400.432503372124	-0.829992692377492	0.179115810065297	-4.63383266990735	3.58957176019723e-06	6.759583184787e-05
gene-BTH_RS00725	309.927766241283	-2.17559885318645	0.470088787018913	-4.62805945017982	3.69108069580532e-06	6.92077630463498e-05
gene-BTH_RS05300	590.77985354819	0.800543057422783	0.173230939370985	4.62124756887897	3.81439259580731e-06	7.12129089775185e-05
gene-BTH_RS22000	90.5327997422425	-2.30067704454595	0.498024556627232	-4.61960562773612	3.8447011406725e-06	7.14720083842965e-05
gene-BTH_RS30425	1615.69915853461	-0.901491930142062	0.195212750557089	-4.6179971726715	3.8746153124631e-06	7.17216025924022e-05
gene-BTH_RS05275	322.295568106714	-1.29068027239111	0.279709853238242	-4.61435397233496	3.94319898437258e-06	7.26818456865284e-05
gene-BTH_RS09860	391.783346042363	-0.896349433620849	0.194570238541675	-4.60681674822977	4.08880033789494e-06	7.50476011385781e-05
gene-BTH_RS10195	599.317544962452	-1.98344597034981	0.432455669196246	-4.58647235226724	4.5079806823327e-06	8.23937645720473e-05
gene-BTH_RS10730	211.638392400577	1.0653944863708	0.232557836132258	4.58120226817428	4.623104294494e-06	8.41443668663134e-05
gene-BTH_RS29330	156.971296002975	-2.29042688991683	0.500452513909266	-4.57671172840205	4.72341629124397e-06	8.5611920278797e-05
gene-BTH_RS08075	1222.98658810689	0.830114199064993	0.181438146790489	4.57519112573139	4.75785434424967e-06	8.58782838069961e-05
gene-BTH_RS12670	977.853116997724	-0.809216594467042	0.177009533271989	-4.57159893881883	4.84016660208848e-06	8.70029947069624e-05
gene-BTH_RS24055	254.563184047338	1.20820547492937	0.264717148929964	4.56413753250654	5.01551925178478e-06	8.97839866060239e-05
gene-BTH_RS09565	155.623006821028	-2.3968010607316	0.52557493110409	-4.56034129271838	5.10705484756375e-06	9.06875431468799e-05
gene-BTH_RS10265	19.2660681217231	-2.53602851948212	0.556108163943372	-4.56031521188091	5.10768921172082e-06	9.06875431468799e-05
gene-BTH_RS25520	7294.08406110361	0.909491347403793	0.200456871738016	4.53709239058883	5.70351239811567e-06	0.000100854792405704
gene-BTH_RS06925	185.330130151259	-2.27058818326271	0.500691750010252	-4.53490232906019	5.76301480311819e-06	0.000101494390257345
gene-BTH_RS34345	86.8615941961932	-2.31543787834337	0.51308156064227	-4.51280664899539	6.39753399479894e-06	0.000112214809989417
gene-BTH_RS01145	393.073658280119	0.934698524059305	0.207369971122181	4.50739573816397	6.5628161179036e-06	0.000114193000451523
gene-BTH_RS10095	228.67037734673	-2.12221220513156	0.470796806479745	-4.50770305983982	6.55332023607169e-06	0.000114193000451523
gene-BTH_RS02995	243.68143175533	-2.1261380372125	0.472102463959258	-4.50355208778573	6.68269789058317e-06	0.000115488661373764
gene-BTH_RS08570	2612.87883618217	0.880929992681503	0.195618414385825	4.50330811364218	6.69037762441116e-06	0.000115488661373764
gene-BTH_RS08615	275.424980640688	-0.877696223463518	0.195400653548091	-4.49177731766135	7.06312535010979e-06	0.000121441088035485
gene-BTH_RS10200	1636.66339370496	-1.70535849830174	0.379887856825093	-4.48911031943545	7.15212528349018e-06	0.000122487184973159
gene-BTH_RS11435	140.784887625676	-2.40050924551265	0.53503411845677	-4.48664704306442	7.23527882842467e-06	0.000123425344720186
gene-BTH_RS01795	346.994360497661	-2.10525888328375	0.470603064852338	-4.47353415334072	7.69372626672945e-06	0.000130733239297942
MSTRG.2957.1	94.9707651609968	-2.38335704967919	0.533944070492727	-4.46368296117571	8.05627437035552e-06	0.000136361064245317
gene-BTH_RS00715	356.183592747796	-1.99064886196395	0.447253485747855	-4.45082917271258	8.55393672880226e-06	0.000144223351822829
gene-BTH_RS26850	615.76162591223	1.28225456024173	0.288346610722131	4.44692086732169	8.71099086620347e-06	0.000146304286748977
gene-BTH_RS00025	1944.21406709479	0.627987148135948	0.141674370954583	4.43260939790771	9.30994375220966e-06	0.000155762520469662
gene-BTH_RS12565	656.865618158778	-0.975829535726917	0.220561644881375	-4.42429388052374	9.67582330905465e-06	0.000161263721817578
gene-BTH_RS12390	141.737393300013	-2.26112528911028	0.511509241726271	-4.4204974312474	9.84739563618776e-06	0.000163496835944339
gene-BTH_RS24100	297.156108912603	-1.14968054623061	0.260131806860073	-4.41960773696939	9.88802170747381e-06	0.000163547127100803
gene-BTH_RS05340	251.747297240598	-1.681777722025	0.381402905742534	-4.40945178105245	1.03632629173574e-05	0.00017075830943373
gene-BTH_RS33340	45.7833960112325	-2.55437622823369	0.579830395635156	-4.40538517377238	1.05596076871519e-05	0.000173336956374002
gene-BTH_RS01055	445.036934704042	-1.05179442448894	0.238980104061315	-4.40117987486977	1.07663823539811e-05	0.00017606677909706
gene-BTH_RS25490	3061.34949980765	0.871989864275141	0.198244102747898	4.39856647531164	1.08968250915497e-05	0.000177532543626371
gene-BTH_RS09965	177.001996493062	-2.18057170381227	0.496167945493087	-4.39482583189697	1.10861602920159e-05	0.000179943273396526
gene-BTH_RS18505	313.667628072034	-0.814788382934354	0.185481470642144	-4.39282899857073	1.11885130397364e-05	0.000180929485958562
gene-BTH_RS18330	230.852874507857	-1.92812951356749	0.439090381112128	-4.39119050771262	1.1273171244116e-05	0.000181623314488536
gene-BTH_RS00580	581.482191618933	-0.65362484002101	0.149738445058774	-4.36511037472343	1.27058585929948e-05	0.000203950128706743
gene-BTH_RS28270	225.146777074705	-1.30243679608149	0.29859619176316	-4.36186673510744	1.28957413791681e-05	0.000206237040438901
MSTRG.3971.1	128.145742020753	-1.22032537706681	0.280167324293139	-4.35570200823986	1.32641125104771e-05	0.000211351243298811
gene-BTH_RS11060	157.380942562749	-2.10151707426557	0.482810308485522	-4.35267648045378	1.34485535084639e-05	0.000213508057524884
gene-BTH_RS06745	139.79220720688	1.22762454531394	0.282219140965948	4.3498982425932	1.36200719832138e-05	0.0002154447750072
gene-BTH_RS16905	93.3900007669885	-2.10602604815787	0.484771061939755	-4.34437245435165	1.39674366051875e-05	0.000220138946494804
gene-BTH_RS05470	117.637668625045	-2.10733527229304	0.486234545002044	-4.33398921149088	1.4643135385056e-05	0.000228642033293127
gene-BTH_RS11065	273.540608946157	-1.94912301305761	0.449661387445219	-4.33464617482876	1.4599475159025e-05	0.000228642033293127
gene-BTH_RS26110	355.523622596358	-1.39849062131985	0.322703793251203	-4.33366650955733	1.46646269629385e-05	0.000228642033293127
gene-BTH_RS29645	638.013826452901	-0.9252328674528	0.213559098007846	-4.33244416221878	1.47463069567532e-05	0.000229094411649559
gene-BTH_RS21695	191.735799019631	-1.84684287669442	0.426750195810525	-4.32769075404107	1.50680829696719e-05	0.00023326035913905
gene-BTH_RS00280	308.961415279623	-1.90859981187821	0.44224852632222	-4.31567251959053	1.59117724692751e-05	0.000245447554047328
gene-BTH_RS08690	365.137515854006	-0.742390295366393	0.172173088262463	-4.31188348224713	1.61869733774e-05	0.000248810368168516
gene-BTH_RS04180	688.003546284955	-0.729416645492532	0.169298327450667	-4.30846929486105	1.6438829253294e-05	0.00025179192694306
gene-BTH_RS21335	758.604526480259	0.865984856679115	0.201363150648432	4.30061237068678	1.70326773782844e-05	0.000259972444194867
gene-BTH_RS12340	205.392202530999	-1.09295518550906	0.254299279424894	-4.29790909349335	1.72416844150116e-05	0.000262242402815736
gene-BTH_RS23825	585.466678459174	-0.786964690467661	0.183140430858132	-4.29705601750645	1.73081467186317e-05	0.000262336021693547
gene-BTH_RS02030	202.542336195564	-1.96952657759416	0.459363980768279	-4.28750764110882	1.80689043892164e-05	0.000272915743378789
gene-BTH_RS29650	190.818641788926	-1.28200601451761	0.299286569820806	-4.28354007092665	1.83942952465688e-05	0.000276869149905101
gene-BTH_RS02295	992.733383540287	0.916540466932079	0.214065069255494	4.28159750733623	1.8555638282136e-05	0.00027833457423204
gene-BTH_RS02375	214.029116354045	1.03025125301612	0.2412348494423	4.27073971856849	1.9482568041703e-05	0.000291234264540922
gene-BTH_RS06305	803.132715753159	-0.667661058014978	0.156383281953419	-4.26938896328987	1.96009196208927e-05	0.000292000001201656
gene-BTH_RS10090	512.027542276085	-0.940088213677477	0.220335659098084	-4.26661856517283	1.984580436792e-05	0.000294639075086867
rna-BTH_RS25430	955.580490095357	1.05625941451405	0.247965133306297	4.25970942136175	2.04692836106216e-05	0.00030286184934083
gene-BTH_RS15460	277.813775144424	-1.98103108462363	0.466957217151965	-4.24242524123774	2.21117209585699e-05	0.00032605419040603
gene-BTH_RS09475	128.706639107244	-2.14716213406301	0.509556172485243	-4.21378888139205	2.5112203323793e-05	0.000369047582630067
gene-BTH_RS12590	69.3231324892885	-1.65857399352698	0.39406844262916	-4.20884753537038	2.56676504782883e-05	0.000375940335288062
gene-BTH_RS24650	1386.81562499516	0.932402751687384	0.221888834847583	4.20211657935766	2.64430886268671e-05	0.000385998105794873
gene-BTH_RS11055	223.838386140856	-1.9861111842038	0.475793848895777	-4.17431034220633	2.98890092258852e-05	0.000434840100777929
gene-BTH_RS00975	195.995977369262	-1.63797024269139	0.392532607322525	-4.17282593123671	3.00844785108502e-05	0.000436224938407329
gene-BTH_RS27975	110.200055222646	-1.32289472011736	0.317291490870018	-4.16933563673567	3.05488831281826e-05	0.000441487181420579
gene-BTH_RS25620	4274.45530757002	0.77938413406243	0.187486625778783	4.1570118979155	3.22437204372444e-05	0.000464437695039779
gene-BTH_RS29925	327.101859375993	0.822217312787152	0.197866884193227	4.15540637908977	3.24709886131826e-05	0.000465082796006775
gene-BTH_RS35050	226.51837830896	-1.46775509330555	0.353234531665473	-4.15518575260806	3.25023379278298e-05	0.000465082796006775
gene-BTH_RS05855	277.71797497905	0.763536627624621	0.183840630787797	4.15325287099322	3.27782175571446e-05	0.000465964857429997
gene-BTH_RS09950	84.1457289658376	-2.17072154803474	0.522651844566144	-4.15328400847157	3.2773755737182e-05	0.000465964857429997
gene-BTH_RS02935	248.335978388992	-1.87476020137625	0.451753245009116	-4.14996510171923	3.32525968666045e-05	0.000471168717816709
gene-BTH_RS08755	138.735647278707	-1.90954351183389	0.46059126528703	-4.14585263714002	3.38551519785592e-05	0.000478149062034846
gene-BTH_RS03745	168.426597134706	-1.32153917318199	0.319745445706684	-4.13309772172423	3.57906460694217e-05	0.000503848900977295
gene-BTH_RS28530	102.728775727743	-1.29302517092586	0.313333858172952	-4.12666916516933	3.680552870125e-05	0.000516464676936896
gene-BTH_RS25730	643.576541510698	0.935524744576623	0.226864532932257	4.12371529601754	3.72809662078558e-05	0.000521454028952324
gene-BTH_RS11605	85.420146798318	-2.24450282675422	0.544478303180941	-4.12229984857326	3.7510849215354e-05	0.000522987801560224
gene-BTH_RS01990	155.96938374757	-2.06873758377217	0.501954601122813	-4.12136392244369	3.76635914890938e-05	0.000523439690024147
gene-BTH_RS06980	249.452906701427	-1.7230940613917	0.418275347768608	-4.11952095810563	3.79660892402678e-05	0.000525963338201162
gene-BTH_RS28430	165.80467442987	-1.92157181949072	0.466614201485308	-4.11811687979931	3.81980961027588e-05	0.000527497517609527
gene-BTH_RS27080	558.071024929725	0.734420808207594	0.178479558581445	4.11487351293766	3.87391786168323e-05	0.000533276667668419
gene-BTH_RS16325	63.5742440710857	-1.87994346050732	0.457038530568939	-4.11331503750263	3.90017552623946e-05	0.000535197587985541
gene-BTH_RS04895	630.758041208853	-1.80164497506549	0.438118873885398	-4.1122286266461	3.91857953106588e-05	0.000536032105664672
gene-BTH_RS02770	835.971674492006	0.794391174660309	0.19352241943237	4.10490514220717	4.04480817655401e-05	0.000551564751348275
gene-BTH_RS12585	148.069678535	-0.997339631637748	0.243049992172381	-4.10343412366948	4.07062396852437e-05	0.000553350445721281
gene-BTH_RS05970	302.443955363727	0.869523881940113	0.212494678160723	4.09197957081277	4.27706339133472e-05	0.000579602048358444
rna-BTH_RS20315	130.708853342678	-2.06119036689972	0.503935372974113	-4.09018790392712	4.31023848991294e-05	0.000582283771152836
gene-BTH_RS10190	336.925899501435	-1.58091723388886	0.387200757840447	-4.08293941031053	4.44696202443803e-05	0.000598894266449084
gene-BTH_RS16950	52.8897259449825	-2.17951479909986	0.534010730099915	-4.08140637678211	4.47640090740941e-05	0.000600998269976264
gene-BTH_RS19165	2243.71157269408	-0.700455225490865	0.171776133439938	-4.07772145910934	4.54792041647582e-05	0.000608721655743686
gene-BTH_RS02985	72.8012966837754	-2.17801179174952	0.534437375134186	-4.07533584492041	4.59479855809555e-05	0.000613109623549559
gene-BTH_RS03315	499.266971642237	0.910022720498628	0.223629505012375	4.06933208767899	4.7148104732636e-05	0.00062528736459441
gene-BTH_RS26885	935.769542870771	0.762029981240009	0.187261495990494	4.06933618258979	4.71472761438556e-05	0.00062528736459441
rna-BTH_RS03720	154.739006821186	-1.59550668731434	0.394103853026775	-4.04844224450133	5.1559653529858e-05	0.000680671463254207
gene-BTH_RS25380	110.799747293841	-1.38034007085439	0.340985463438644	-4.04809066326301	5.16371454882502e-05	0.000680671463254207
gene-BTH_RS00345	517.084553101296	0.844375553896384	0.208657432326071	4.04670729666064	5.19431259579771e-05	0.000680877646437593
gene-BTH_RS33100	89.113819556695	-1.28807868300064	0.318310955106435	-4.04660493877737	5.19658341648922e-05	0.000680877646437593
rna-BTH_RS23030	165.716030458112	-1.82367830956091	0.450949929946689	-4.04408158967117	5.25286256797793e-05	0.00068618474987099
gene-BTH_RS25825	1030.13153982662	0.618212448652137	0.153065520983398	4.03887462493391	5.37082614298352e-05	0.000699493824011327
gene-BTH_RS29120	131.065365209279	-1.94433391534492	0.481681618533914	-4.03655410655457	5.42420205168534e-05	0.00070433668432332
gene-BTH_RS35765	89.2358827006807	-2.05936305827628	0.510508722966878	-4.03394293893366	5.48486424260473e-05	0.000710094031408648
gene-BTH_RS08825	168.438014180869	-2.07692942781856	0.515067279229751	-4.03234589260741	5.52228272157804e-05	0.000712816909165117
gene-BTH_RS10100	133.334281336857	-1.81561077112732	0.452165754872077	-4.01536549719687	5.93537407035434e-05	0.000763872106687614
gene-BTH_RS35555	151.746040993044	-1.08892124263763	0.271523547697084	-4.01041181095811	6.06129370382486e-05	0.00077777662571204
gene-BTH_RS25545	1529.04833483114	0.795557577445788	0.198551428506845	4.00680863103617	6.15446885605804e-05	0.000785331542666841
gene-BTH_RS28125	29.2150542767851	-1.82996414875264	0.456721551053997	-4.00673921458172	6.15627715056075e-05	0.000785331542666841
gene-BTH_RS25525	2665.84264419079	0.668201667267346	0.166809263579247	4.00578273010538	6.181244787826e-05	0.000786210959855062
gene-BTH_RS30435	1544.35842842004	-0.771012733458412	0.192644973813968	-4.00224681804032	6.27437941623923e-05	0.000795730334129465
gene-BTH_RS20380	1019.10237374251	0.730235123780575	0.182599315433281	3.99911205607663	6.35805736773049e-05	0.000803998533419407
gene-BTH_RS13425	681.084588382937	-0.904559253412511	0.226258796930321	-3.99789650473162	6.39078810292389e-05	0.000805795021673013
gene-BTH_RS02500	347.873518106935	-1.27287392216615	0.318609463087167	-3.99509138816103	6.4669302679467e-05	0.000813038920970178
gene-BTH_RS24235	178.594562288847	-1.59903753162949	0.401067551535351	-3.9869531342242	6.69272393770942e-05	0.000839001415822362
gene-BTH_RS09495	171.556791478257	-2.01351314254004	0.505239417593699	-3.98526534633777	6.74047594819302e-05	0.000842559493524128
gene-BTH_RS08270	385.171314937993	-1.7791771434989	0.446528836153327	-3.98446191924764	6.76332013294362e-05	0.000842992624020193
gene-BTH_RS03760	368.723566671148	-1.60021408834422	0.401695686188795	-3.98364767998064	6.78654647768555e-05	0.000843470776512346
gene-BTH_RS09865	459.211377272922	-0.847245340763944	0.212839627177373	-3.98067480196196	6.87199089054837e-05	0.000851656990708986
gene-BTH_RS16980	287.585991805439	-1.80822937733127	0.454458858834829	-3.97886264549298	6.92457290606372e-05	0.000855735572198216
gene-BTH_RS21740	357.900719820481	0.776678192972925	0.195670952340999	3.96930757315165	7.20817900733535e-05	0.00088826001931753
gene-BTH_RS35065	95.7658082299296	-2.03541275334595	0.513862537292941	-3.96100631127661	7.46345598241571e-05	0.000917119591059557
gene-BTH_RS33915	138.904899330228	-2.03178447407917	0.513810355665416	-3.95434706925648	7.67439403077528e-05	0.0009403834939119
gene-BTH_RS07220	1235.47197965156	0.84992538297171	0.215202689373928	3.94941803675562	7.83414302138237e-05	0.000957261857949813
gene-BTH_RS09560	77.4442275888989	-2.08815998520018	0.529770732219076	-3.94162957333148	8.09298958639732e-05	0.000986120579855136
gene-BTH_RS01415	109.051338632869	-1.53608658366924	0.390523783412599	-3.93340085524655	8.37523931524549e-05	0.00101482704794757
gene-BTH_RS26100	471.38712318032	-1.31693942922014	0.334788742085608	-3.93364311182062	8.36679850200748e-05	0.00101482704794757
gene-BTH_RS26995	638.516712153975	-0.617653467851973	0.157161623804565	-3.93005272470359	8.49272367700313e-05	0.00102620411097121
gene-BTH_RS10910	291.02919053433	-1.73650283778551	0.442095289074071	-3.92789265278637	8.56934422111864e-05	0.00103259410974698
gene-BTH_RS25800	2316.7748898219	0.884528069337648	0.225552031482086	3.92161428795599	8.79577118476096e-05	0.00105695040479862
MSTRG.924.1	570.462565479829	0.890211959565266	0.227069219574068	3.920443119658	8.83862967147156e-05	0.00105917463005238
gene-BTH_RS08305	228.111910289558	1.02535028808249	0.261706986451889	3.91793242505197	8.9311733688276e-05	0.00106732428995605
gene-BTH_RS20050	25.095318664133	-2.00280526343119	0.511333168808223	-3.9168303282558	8.97208485900245e-05	0.00106927586675783
gene-BTH_RS19160	1419.07008807696	-0.840568241139337	0.214702083127929	-3.91504464648576	9.0387480606098e-05	0.00107427743343313
gene-BTH_RS06595	202.791172019914	0.968216013887519	0.24746824191548	3.91248592705566	9.13508632338512e-05	0.00108276908737671
gene-BTH_RS24305	67.2995844250214	-1.27196597876195	0.32567579924413	-3.90562019564884	9.39840284623146e-05	0.00111095251035616
gene-BTH_RS01255	123.143080324639	-1.56332452999431	0.400375291501506	-3.90464787207888	9.43626803256071e-05	0.00111240558107423
gene-BTH_RS09145	82.889353694014	-1.97648037709015	0.507172072625256	-3.89706074875016	9.73672019463463e-05	0.00114472250936921
gene-BTH_RS25795	981.744958301325	0.755995143694604	0.194447512803851	3.88791367291601	0.000101109572185806	0.00118551654719206
gene-BTH_RS02605	404.468194369491	-0.696132829632571	0.179191376793154	-3.88485674975385	0.00010239024211096	0.00119730525049107
gene-BTH_RS01800	71.3305823077599	-1.9370320003888	0.499016056208678	-3.88170275542952	0.000103727616970998	0.0012096920477851
gene-BTH_RS06700	278.856729781059	0.977871509381579	0.252012597781289	3.88024851928328	0.000104349788156613	0.00121045754261671
gene-BTH_RS25805	2625.60206323944	0.669308340058921	0.172486908728032	3.88034283294074	0.000104309331035572	0.00121045754261671
gene-BTH_RS25470	201.359130253282	0.87092065832295	0.22511526346123	3.86877657664	0.000109382813692288	0.00126546606266344
gene-BTH_RS35335	64.9036371702139	-2.15224832872178	0.556441733233137	-3.86787726401541	0.000109786895978797	0.00126677187667843
gene-BTH_RS07695	101.239807394633	-1.99624294116114	0.516285840640478	-3.866545979035	0.000110387659871257	0.00127033418105812
gene-BTH_RS10870	165.496539149523	-1.2581578862613	0.325579508600213	-3.86436447327593	0.000111378809262219	0.00127499426392277
gene-BTH_RS25615	13992.9005153829	0.704920502076241	0.182405976913082	3.86456910023372	0.000111285483071737	0.00127499426392277
gene-BTH_RS19170	1055.26675022453	-0.574189100504647	0.149034899689162	-3.85271571760854	0.000116814985837361	0.00133371440522971
gene-BTH_RS25475	439.99113374931	0.74512636107433	0.193568000834225	3.84942944010911	0.00011839328156453	0.00134819574556468
gene-BTH_RS02540	121.412588983894	-1.89200355341163	0.493513510452852	-3.83374216376673	0.000126208431995423	0.00143343780464775
gene-BTH_RS09570	92.4632601009836	-1.94269846928221	0.507067519316663	-3.83124218230392	0.000127497929588321	0.00144056102262129
gene-BTH_RS09955	132.997859395574	-1.95646441872793	0.510636989903699	-3.83141930062079	0.00012740616428331	0.00144056102262129
gene-BTH_RS27220	442.182994090767	-1.38313325065473	0.361485614012799	-3.82624701243507	0.000130111734422289	0.00146628508999212
gene-BTH_RS00685	205.262171429032	-1.42191716892315	0.372386056334116	-3.81839530438101	0.000134322567304001	0.00150982730690544
gene-BTH_RS02775	1204.66654507069	0.792027136377015	0.207732174542663	3.81273213030538	0.000137439044717721	0.00154087588794352
gene-BTH_RS25790	12522.5764698999	0.755496996505647	0.198246022686956	3.8109061975918	0.000138458301858879	0.00154831263004145
gene-BTH_RS10815	131.392868077616	0.991288318848237	0.260561066619449	3.80443759963578	0.000142126733415451	0.00158525971886464
gene-BTH_RS12635	604.123326904508	-0.725267272092275	0.190701174451321	-3.80316101449815	0.000142861434836858	0.00158937913437425
gene-BTH_RS26845	1764.10445723563	-0.743968315287084	0.195711739863549	-3.80134740923453	0.000143911354812196	0.00159697549345166
gene-BTH_RS03320	696.097865880813	0.578056278364202	0.152202847020463	3.7979334137323	0.00014590750442348	0.0016150067283515
gene-BTH_RS21690	134.852786726711	-1.33951555681878	0.353644642370945	-3.78774452184048	0.000152021045775362	0.00167840494701224
gene-BTH_RS26175	14919.7120655046	0.920144452820663	0.24326892312594	3.78241676329658	0.000155313036833364	0.00171040939297502
gene-BTH_RS01305	97.5251722467913	-2.01291101912568	0.533482486927537	-3.7731529496283	0.000161197396800701	0.0017707289800077
gene-BTH_RS02020	87.8469733837035	-1.90445255426024	0.50511583164738	-3.77032837804564	0.000163032886306006	0.00178189209907318
gene-BTH_RS25395	1356.01649949536	0.694664489223927	0.184222486020738	3.77079098338586	0.000162730931250063	0.00178189209907318
gene-BTH_RS00260	200.199265700017	-1.56221973902204	0.414641706188144	-3.76763773568206	0.00016479961780751	0.00179292751604162
gene-BTH_RS00795	46.2668103294109	-2.13785780962312	0.567441935051118	-3.76753580862954	0.000164866898026815	0.00179292751604162
gene-BTH_RS35510	83.5024625109796	-1.44829921231933	0.384767798508835	-3.76408633449109	0.000167159129404527	0.00181332222670746
gene-BTH_RS02870	154.131933153559	-1.85762438237636	0.493771417549582	-3.76211403972128	0.00016848318874153	0.00182010736416903
gene-BTH_RS31535	21.9066797103159	-2.28912973734286	0.608502165217857	-3.76190894328749	0.000168621440864395	0.00182010736416903
gene-BTH_RS06300	353.576609895999	-0.71145632666159	0.189253339795042	-3.75928016611006	0.000170402932114488	0.00183478404628224
gene-BTH_RS13265	877.976808213964	0.693996185551149	0.184916083532923	3.75303311800666	0.000174707763331025	0.00187502899387372
gene-BTH_RS25435	6389.34539657406	0.733681749754678	0.195512367983794	3.75261042214726	0.00017500270609488	0.00187502899387372
gene-BTH_RS28055	162.091322481063	-1.64553642047671	0.439248085870447	-3.74625746453918	0.000179492374771534	0.00191840744534687
gene-BTH_RS34940	34.6354217431534	-1.92495681446598	0.514520548845259	-3.74126323775828	0.000183097618118697	0.00195214372258905
gene-BTH_RS10125	254.501134083821	-1.1317654932721	0.302802324522896	-3.7376380615814	0.000185757092075934	0.00197565611376605
gene-BTH_RS16975	97.2544900717188	-1.86118175595092	0.4986444557765	-3.73248260236374	0.000189601796096449	0.00201162881224281
gene-BTH_RS05595	959.180147415736	0.698088715174708	0.187145071300318	3.73020090950972	0.000191327144023685	0.00202499531995871
gene-BTH_RS12435	133.959304840736	-1.75833349653192	0.472104966055114	-3.72445456616241	0.00019573795843143	0.00206164677766761
gene-BTH_RS16955	75.8654971958255	-1.95721143368445	0.525422409138592	-3.72502466518933	0.00019529612561129	0.00206164677766761
gene-BTH_RS00150	171.575264871197	-1.67476106703566	0.450247281760236	-3.71964725803163	0.000199501205228236	0.00209620831580393
gene-BTH_RS02545	32.5227600550688	-2.0994130955399	0.564936548235382	-3.71619273367524	0.000202247329423856	0.00211789043110734
gene-BTH_RS07360	638.705994521482	-1.52354237593838	0.410014118855375	-3.71582905533012	0.000202538487204748	0.00211789043110734
gene-BTH_RS10015	42.5024560758379	-2.06313668843775	0.556510175921746	-3.70727576548009	0.000209500775572047	0.00218543974517603
gene-BTH_RS00870	75.1824768346089	-1.9089437724481	0.515128447295831	-3.70576267427883	0.000210755577193127	0.002188035228616
gene-BTH_RS01185	148.486939036798	-1.21667369702287	0.328288461361099	-3.70611166770373	0.000210465533401994	0.002188035228616
gene-BTH_RS07995	948.799013849709	0.659004512346239	0.177912262087316	3.70409832697654	0.000212143965279194	0.00219198633958313
gene-BTH_RS11175	83.961221622549	-1.71709987118587	0.463540800891339	-3.70431225877866	0.000211965024876012	0.00219198633958313
gene-BTH_RS13310	1154.11781760404	0.852560777715198	0.230205340744309	3.70347957592411	0.00021266231017647	0.00219213518783802
gene-BTH_RS03810	84.3698128259748	-1.58546292163479	0.428175088458407	-3.70283784454406	0.000213201162597984	0.00219249422529842
gene-BTH_RS06290	61.101680240144	-1.67351578742056	0.452785913348633	-3.69604207658289	0.000218986694989388	0.00224667953585811
gene-BTH_RS02240	82.0218902279192	-1.87156837173068	0.506483323686741	-3.69522210150445	0.000219694656663632	0.00224863942702776
gene-BTH_RS19155	1519.79160941062	-0.707780076306989	0.191653271563594	-3.69302371168829	0.000221603351428197	0.00226285112373863
gene-BTH_RS01950	76.368823091327	-1.87647666088792	0.50870962570892	-3.68869894740625	0.000225403737744902	0.00229626758592582
gene-BTH_RS00800	199.363466295985	-1.69277153333802	0.459544897169372	-3.68358248294099	0.000229978819811929	0.00232676147145599
gene-BTH_RS07550	116.755276662633	-1.85830437614469	0.504645974361608	-3.68239215322286	0.000231055623622111	0.00232676147145599
gene-BTH_RS09120	281.670652528863	-0.754193705222499	0.204691149924649	-3.68454476659168	0.000229111757124387	0.00232676147145599
gene-BTH_RS09695	184.804190925367	-1.59426846543077	0.432811884528817	-3.68351360583912	0.00023004099926542	0.00232676147145599
gene-BTH_RS23040	379.258886827849	0.762022966373667	0.206937923709657	3.68237465957578	0.000231071484061837	0.00232676147145599
MSTRG.3921.1	694.531072992838	0.727963093907835	0.197879399751575	3.67882202402951	0.000234313703746472	0.00235395984133291
gene-BTH_RS01460	145.584082326207	-1.65365994794236	0.450292885180496	-3.67240967460436	0.000240274089198965	0.00240827716132604
gene-BTH_RS24120	73.6820691211666	-1.74551253113578	0.476147157510055	-3.66590980037284	0.000246460790909307	0.00246460790909307
gene-BTH_RS24225	186.604335839721	-1.53382170434358	0.418507374888981	-3.66498130349666	0.000247356652424735	0.00246789320653118
gene-BTH_RS11050	109.034904560466	-1.89720451047182	0.51832606951072	-3.66025292199312	0.000251966415219988	0.00250813250848271
gene-BTH_RS21425	798.181999921056	0.852262663585208	0.233651967436309	3.64757323867828	0.000264728864859766	0.00262915653456617
gene-BTH_RS04360	178.36416766925	-1.24025288316767	0.340080750909947	-3.64693644038704	0.000265385535873624	0.00262967444430584
gene-BTH_RS35500	254.355651284345	-1.60568260412534	0.440529834128219	-3.64488958461322	0.000267506625797758	0.0026435619543972
gene-BTH_RS06585	342.744988501977	0.766643412023147	0.210361272152286	3.64441327141315	0.000268002487790613	0.0026435619543972
gene-BTH_RS05365	231.212758832575	0.880270078539481	0.241592272225155	3.6436185248471	0.000268831770893054	0.00264574254159454
gene-BTH_RS00875	169.293777318903	-1.58093852467711	0.434061643185772	-3.64219817506541	0.000270319837206819	0.0026523266399808
gene-BTH_RS08015	366.904451676391	0.680224082705922	0.186781498463519	3.64181724796891	0.000270720236356661	0.0026523266399808
gene-BTH_RS25560	1071.94357711401	0.674380081711851	0.185283337615693	3.63972330372535	0.000272931162616557	0.00266797878063376
gene-BTH_RS07990	2107.19743265637	0.808625221896408	0.222309983420692	3.63737700598983	0.000275428641491891	0.00268635558405768
gene-BTH_RS02335	128.798146023653	-1.68901819572439	0.464646019203571	-3.63506438432307	0.000277911220592392	0.00270450516683872
gene-BTH_RS09535	142.810046312482	-1.85155013984627	0.509651099417793	-3.63297585732948	0.00028017124147927	0.00272041272418487
gene-BTH_RS25770	9998.63643465688	0.774849199879714	0.213398842704406	3.63099063734386	0.000282335427904725	0.00273532096076961
gene-BTH_RS07800	60.8339728701256	-1.40598933056398	0.387487516705212	-3.62847645394885	0.000285098746601531	0.00274984378651144
gene-BTH_RS26915	181.688007463386	-1.26664771246438	0.34907358155273	-3.62859803606491	0.000284964535687011	0.00274984378651144
gene-BTH_RS08745	406.327988577131	-1.37353275449141	0.378710544907464	-3.62686693824971	0.000286881034004726	0.00276091260601893
gene-BTH_RS28435	236.421416253069	-1.28182366228051	0.353854738742043	-3.62245724569751	0.000291817704382894	0.00280222298910726
gene-BTH_RS02075	209.23020985489	-1.32128441067693	0.36570768804497	-3.61295223991698	0.000302730480348328	0.00290061143065028
gene-BTH_RS34390	343.618420761845	-1.34242475880684	0.371697143309953	-3.61160902893304	0.000304303098975551	0.00290927138581022
gene-BTH_RS05120	80.8941081608098	-1.8379045898267	0.509919249671954	-3.60430517382719	0.000312989126653403	0.00298575153715418
gene-BTH_RS02025	182.701760916553	-1.60696182606329	0.446248651967355	-3.60104578238782	0.000316939754171372	0.00299714767531623
gene-BTH_RS04160	132.139187815949	-0.948922812103053	0.263503337330574	-3.60117948302339	0.000316776784995748	0.00299714767531623
gene-BTH_RS09960	56.1382910680999	-1.84081072317136	0.511068260936716	-3.60188817008008	0.000315914267643589	0.00299714767531623
gene-BTH_RS22195	1679.91188503592	0.745899144803296	0.207076214486892	3.60205128653495	0.000315716055999263	0.00299714767531623
gene-BTH_RS34285	106.790332688821	-1.29193493510659	0.359123515627692	-3.59746682934	0.000321331459643241	0.00302552348365389
gene-BTH_RS06825	143.660180212757	-1.66082947439249	0.461599760790271	-3.59798599450984	0.000320690883194712	0.00302552348365389
gene-BTH_RS00275	99.1352369182424	-1.65441171422489	0.460564796754386	-3.59213671101998	0.000327977701716018	0.00308143197076604
gene-BTH_RS01845	25.2238382504069	-1.66449256744904	0.463592809412305	-3.59041929394702	0.000330146445293436	0.00309512292462596
gene-BTH_RS09525	111.616852518823	-1.87590618782077	0.522634841387405	-3.58932478141128	0.000331535582705336	0.00310146190272734
gene-BTH_RS10270	732.639396767057	-0.79462633960677	0.221519660475625	-3.58715943271414	0.000334299936632057	0.00312061099645804
gene-BTH_RS01720	88.6935307105444	-1.73584658468949	0.484303692134147	-3.58421092566992	0.000338098785437242	0.00312650079312381
gene-BTH_RS03815	70.1414199669291	-1.9123961860184	0.533684126830871	-3.58338592038442	0.000339168929425381	0.00312650079312381
gene-BTH_RS15690	937.032549828655	-0.598301475290627	0.166865617840076	-3.58552878079436	0.000336395899603832	0.00312650079312381
gene-BTH_RS16090	9872.54040842854	1.08630149862434	0.303058263644833	3.58446420684779	0.000337770879657534	0.00312650079312381
gene-BTH_RS21330	688.625003477404	0.643641794963703	0.179505652735615	3.58563524409836	0.000336258682398554	0.00312650079312381
gene-BTH_RS23740	728.598126088899	0.624570562688829	0.174298988363957	3.58332867305375	0.000339243304449296	0.00312650079312381
gene-BTH_RS08695	526.106103174832	-0.604048376308309	0.168649490160693	-3.58167923148037	0.000341392803411476	0.00313965897429159
gene-BTH_RS11040	113.237250340403	-1.52818831500567	0.426881752545857	-3.57988671544705	0.000343743196052917	0.00315460528023246
gene-BTH_RS09935	205.370926310578	-1.01443763567259	0.284020650421847	-3.57170379747346	0.000354666404700123	0.00324799760093796
gene-BTH_RS08705	395.699930802799	-0.780938079309981	0.218832750147472	-3.56865267554196	0.000358821733387743	0.00327227366925929
gene-BTH_RS27715	199.274144210775	-0.764325381902817	0.214166579498405	-3.5688359205854	0.000358570892129291	0.00327227366925929
gene-BTH_RS20200	977.644973406758	0.733377206739927	0.20586421577599	3.56243169302404	0.000367435529657551	0.0033368362296667
gene-BTH_RS28865	296.006503102987	-0.886666096620214	0.248881830739781	-3.56259874007143	0.000367201725904924	0.0033368362296667
gene-BTH_RS01710	194.059787549497	-1.6224854604103	0.455593921450557	-3.56125352867856	0.000369088478380588	0.00334486433532408
gene-BTH_RS02815	96.5892281380699	-1.64683513120832	0.462519664499865	-3.56057322014425	0.000370046105566748	0.00334657080917953
gene-BTH_RS03310	2138.12065306615	0.709004191494164	0.199256856743377	3.55824237660886	0.00037334472776219	0.00336939743934757
gene-BTH_RS02955	92.2511192657624	-1.94249877810647	0.546103195422226	-3.55701778416552	0.000375088772276799	0.00337812869441837
gene-BTH_RS35565	103.467080158285	1.08370431325114	0.305156180163758	3.55131039020603	0.000383318073087013	0.00343800745964641
gene-BTH_RS12375	140.513416037551	-1.57943838280195	0.444708502124252	-3.55162623439264	0.000382858292496006	0.00343800745964641
gene-BTH_RS18185	361.038055223205	-1.01421551947938	0.286156145797172	-3.54427306341435	0.000393697266284924	0.00352383355625395
gene-BTH_RS07790	108.108248261895	-1.26809746866556	0.358493119829959	-3.53729931906935	0.000404241257747684	0.00361077920164769
gene-BTH_RS00350	483.449828923644	0.832713226401595	0.235569817160379	3.53488930135168	0.000407946020877895	0.00363640407954681
gene-BTH_RS09835	158.321658205897	-1.69138167313412	0.478846200038065	-3.53220235014847	0.000412113875812783	0.00366490972543332
gene-BTH_RS27970	885.751171929517	-0.585374369672334	0.165746549365617	-3.5317439301923	0.000412828911600535	0.00366490972543332
gene-BTH_RS02835	156.790115278517	-1.88495747030426	0.5341105091701	-3.52915255914568	0.00041689272513564	0.00369344878684325
gene-BTH_RS16985	268.132074422958	-1.12790719001719	0.319768177597643	-3.5272652785244	0.000419875856392355	0.00371231702298119
gene-BTH_RS33235	32.0760099410378	-1.87574020432036	0.531921481413087	-3.52634791010381	0.000421333084143959	0.00371519962073781
gene-BTH_RS22825	365.918375321225	0.693144325898632	0.196581727485508	3.52598552655271	0.000421910025895282	0.00371519962073781
gene-BTH_RS07555	113.84107384561	-1.56670301370455	0.444680892718622	-3.52320740413712	0.000426357573247283	0.00374677867399128
gene-BTH_RS25315	567.26315962299	0.808238275908408	0.229602026236586	3.52017048436491	0.000431269496503437	0.00378230304393135
gene-BTH_RS03770	293.216541441871	-1.59942518855294	0.455501599052866	-3.51134922880326	0.000445838282421358	0.00390220629483482
gene-BTH_RS01980	128.565775297785	-1.59832864512563	0.455440050678947	-3.50941609711952	0.000449091725326701	0.00392278916701034
gene-BTH_RS26090	372.699687835256	-1.40584648556901	0.400948694256115	-3.50630019678027	0.000454382434277256	0.00396104927676566
gene-BTH_RS18835	1588.01740919646	0.66011879890812	0.188416196991557	3.50351407919405	0.000459162382114433	0.00399471272439557
gene-BTH_RS00950	161.535129447612	-1.62707030297002	0.465169741386124	-3.49779910043512	0.0004691143622798	0.00407187500367846
gene-BTH_RS08260	157.743426808009	-1.60427387672918	0.458711189065895	-3.49735065324234	0.000469903736056687	0.00407187500367846
gene-BTH_RS03345	193.01611233754	-1.5315533491593	0.43811641106905	-3.49576804352558	0.000472699419676565	0.00408795720793848
gene-BTH_RS05825	1060.76916218709	0.660191018081664	0.188948197027065	3.49403184824832	0.000475784256047627	0.00410647125755392
gene-BTH_RS23260	803.23372458231	0.776825362608737	0.222588916752241	3.48995526795886	0.000483101404125245	0.0041613685305838
gene-BTH_RS14510	4902.66910139665	0.5763178133383	0.165249948397482	3.48755215313024	0.000487463842359773	0.00419064765665022
gene-BTH_RS07540	99.1893360472969	-1.44415372485552	0.414313595705784	-3.48565371695178	0.000490936069001511	0.00421217337308989
gene-BTH_RS10875	341.144171154099	-0.734690213411675	0.210871703090193	-3.48406259657056	0.000493863968660067	0.00422895327494349
gene-BTH_RS02820	77.0925569226671	-1.72440848129934	0.495096952928567	-3.48297130713333	0.000495881509308663	0.00423788716206814
gene-BTH_RS03360	444.668175143661	-0.988810200116084	0.284723188127852	-3.47288257980614	0.000514900571799666	0.00439179899476186
gene-BTH_RS00585	276.075634520255	-0.689599020180662	0.198865743885019	-3.46766118039604	0.000525008786821305	0.00446925288194262
gene-BTH_RS16965	229.669901792158	-1.43736706428713	0.415183788574371	-3.46200189853911	0.000536173372968151	0.00455537924299113
gene-BTH_RS05115	157.653041388707	-1.83246025526419	0.529506959958599	-3.4606915372887	0.000538789793106414	0.00456868538014211
gene-BTH_RS13590	58.2116379552143	-1.76039340028203	0.509907872525895	-3.45237540962388	0.000555674028464437	0.0047026887622963
gene-BTH_RS06705	179.87028817747	0.88061776514218	0.25521803547992	3.45045272167478	0.000559647182558336	0.00472253498045134
gene-BTH_RS28710	357.669112715978	0.660029455742176	0.191302302678441	3.45019085761668	0.000560190356301814	0.00472253498045134
gene-BTH_RS02640	249.098888599887	0.782619864264783	0.226950368120743	3.44841857162536	0.000563879462032334	0.00474444034785426
gene-BTH_RS13410	605.873538601286	-0.777766631157773	0.225629389279934	-3.44709806483948	0.000566642861459885	0.00475848735009749
gene-BTH_RS25735	551.710211897898	0.647713860394271	0.187998005584438	3.44532304149021	0.000570377292007613	0.00478061892145109
gene-BTH_RS01925	49.9958864031306	-1.8859908429373	0.548453891178455	-3.43874092840311	0.000584426236206268	0.00488895024518705
gene-BTH_RS11045	241.447508970399	-1.43920211427094	0.418942812742311	-3.43531878456209	0.000591857153389486	0.00494160963002738
gene-BTH_RS07610	114.877522176173	-1.6234315071508	0.473469221678048	-3.42880050660339	0.000606254969377101	0.00505212474480917
gene-BTH_RS26170	3887.61259494624	0.890919976617746	0.25988076565087	3.4281874396762	0.000607625773424478	0.00505386637551909
gene-BTH_RS22030	198.8996578661	-1.3148225498498	0.383607583443969	-3.42751970137172	0.000609122102960845	0.00505664341198412
gene-BTH_RS02385	110.096114737115	0.878609195031045	0.256701245699481	3.42269159090731	0.000620043841764369	0.0051375061174762
gene-BTH_RS19065	403.780235680419	0.680499329419135	0.198911299170371	3.42111952542362	0.000623639174543379	0.00515747226095761
gene-BTH_RS22820	123.698428669046	-1.64694958547543	0.482166261801891	-3.41572962679027	0.000636113719291603	0.0052506540396935
gene-BTH_RS02395	482.893535997461	0.647599723104154	0.18962710891483	3.41512206145072	0.000637534351070369	0.00525241368779566
gene-BTH_RS06795	212.644376260755	-1.63156124797854	0.477941886469061	-3.41372307841062	0.000640816733880695	0.00525953357053023
gene-BTH_RS24060	80.1843327596375	1.11829053276646	0.327551035412068	3.41409555112418	0.000639941282719609	0.00525953357053023
gene-BTH_RS19085	301.156753259034	0.887202732958073	0.260165992444782	3.41014105887176	0.000649292882320498	0.00531906598511143
gene-BTH_RS12405	114.292681477212	-1.34932563019882	0.395936807988282	-3.40793177844368	0.000654572577151787	0.00535223817783886
gene-BTH_RS05025	88.4425085758224	-1.77609307931709	0.521448464831358	-3.40607595784465	0.000659038405598444	0.00537864364794227
gene-BTH_RS02290	303.170967264061	0.790252590686748	0.232231447991925	3.40286639694993	0.000666828793145538	0.00543203230371365
gene-BTH_RS31035	103.356721917026	-1.48159142642721	0.435763720259885	-3.39998801539423	0.00067388806727744	0.00547927680870442
rna-BTH_RS22370	764.840559434867	0.998897454465196	0.294006319608446	3.39753735836534	0.000679953032629088	0.00551827554465771
gene-BTH_RS06260	477.000115716871	-0.641132751684736	0.189268392179135	-3.38742641760241	0.000705516393009063	0.00571507692660973
gene-BTH_RS25775	1064.56915304057	0.540129241716206	0.159585802841523	3.38456950492384	0.000712899672734941	0.00576415162899069
gene-BTH_RS13415	932.886071364389	-0.708325026768744	0.209388060316938	-3.38283389079872	0.000717420106528264	0.00578993963524665
gene-BTH_RS24240	246.878483986295	-1.33738690435702	0.395845533527726	-3.3785575207541	0.000728671867810302	0.00586985671291632
gene-BTH_RS25570	1169.63354828104	0.729578242586117	0.215998826472475	3.37769540002148	0.000730959998291781	0.00587740479217975
gene-BTH_RS29475	251.730028301939	-1.47590164121499	0.437470569625674	-3.37371641360437	0.000741607259729701	0.0059520139849155
gene-BTH_RS06920	106.284243043922	-1.30655430472267	0.387514283616332	-3.37162876302194	0.000747250988219417	0.00598626482275224
gene-BTH_RS02410	140.306749892733	-1.5622129871505	0.463618935624083	-3.36960565479835	0.000752758266615612	0.00600825405463837
gene-BTH_RS07625	103.7091722934	-1.59562072824903	0.473483786142242	-3.3699585391287	0.000751794943759151	0.00600825405463837
gene-BTH_RS27250	2691.87527742366	0.684865058186368	0.20368985810713	3.36229336379706	0.000772979546733482	0.00615835353166785
gene-BTH_RS03100	1865.94877862059	0.781678887916525	0.232629435431487	3.36018907696117	0.000778891469797043	0.00619410949472968
gene-BTH_RS25445	2345.68495784799	0.464365958051269	0.138658777180124	3.34898350825666	0.000811086233848907	0.00643836700226778
gene-BTH_RS09970	78.6500119354603	-1.81446996540649	0.541978123339666	-3.34786569285442	0.000814364671726195	0.00645261625138242
gene-BTH_RS10255	21.2476460166531	-1.60566545801183	0.480421527808578	-3.34220130670665	0.000831167572232512	0.0065618492544672
gene-BTH_RS13605	74.0448603511121	-1.41220988894003	0.422485856194551	-3.34262051198637	0.000829913101061547	0.0065618492544672
gene-BTH_RS33360	52.0804194037743	-1.7919400488469	0.537668379388111	-3.33279790581362	0.000859773698242547	0.00677539055680268
gene-BTH_RS02840	105.164420314711	-1.66628238384136	0.50050193222885	-3.32922267936313	0.000870887447742554	0.00685056129779405
gene-BTH_RS05485	271.510537729755	-1.3008159503453	0.391123905677718	-3.32584107353735	0.000881521754103244	0.00692169608366265
gene-BTH_RS10310	458.599398678689	-0.865492730318215	0.260309495364733	-3.3248603901503	0.00088462820215478	0.00693357239526719
gene-BTH_RS25440	3136.35157377938	0.743808374147271	0.223806815040735	3.32343934214823	0.000889147575006834	0.00695646034402829
gene-BTH_RS11365	304.608325651291	-1.17686500362657	0.354433306113681	-3.32041313083907	0.000898843272593381	0.0070189969168036
gene-BTH_RS16870	189.400986766632	-1.30951793257188	0.394440237439205	-3.31994002709654	0.000900367880362392	0.0070189969168036
gene-BTH_RS03780	102.876682229099	-1.24254238775036	0.374767314936708	-3.31550361578411	0.000914781576531986	0.00711860439698415
gene-BTH_RS12210	18937.664493657	0.874568387883087	0.263986850241588	3.31292406073532	0.000923260444393034	0.00717175523769589
gene-BTH_RS07615	93.3620003887598	-1.56333534989927	0.47220331755119	-3.31072504531862	0.000930545934562164	0.00721546312895796
gene-BTH_RS19725	23.7112487198065	-1.58651539424135	0.480264253330409	-3.30342177923841	0.000955126113621335	0.00739288006094805
gene-BTH_RS00690	193.308267683103	-1.40386540538808	0.425496975167323	-3.29935460724726	0.000969074121079202	0.00746101314459209
gene-BTH_RS07685	25.2196833651911	-1.89910859921417	0.575530521089072	-3.29975306195838	0.00096769936708414	0.00746101314459209
gene-BTH_RS14515	28.3282855253394	-1.786729433966	0.541510786412269	-3.29952695089199	0.000968479276815632	0.00746101314459209
gene-BTH_RS00700	136.361936631502	-1.63196281522924	0.495649565269231	-3.29257388603333	0.00099274809113159	0.00762977773219508
gene-BTH_RS02860	70.3862488236858	-1.42632685180391	0.433360986205482	-3.29131347123066	0.000997207244235948	0.00763706252187742
gene-BTH_RS15695	655.646877610915	-0.687568518754379	0.208886176622718	-3.29159415845999	0.000996212614207291	0.00763706252187742
gene-BTH_RS16565	4117.22880699722	0.66274869789602	0.201498013257257	3.28910785363364	0.00100505502177279	0.00768363680968652
gene-BTH_RS09500	83.5685096425075	-1.46764070612445	0.446397328552906	-3.28774527142026	0.00100993173582344	0.00770737377338938
gene-BTH_RS00920	78.5779651555252	-1.59713878390303	0.485993587050716	-3.28633715847029	0.00101499441202286	0.00772699412356553
gene-BTH_RS24095	242.805291601694	-0.963964525821013	0.293351168380885	-3.28604290598702	0.00101605531923666	0.00772699412356553
gene-BTH_RS07825	120.952431250393	-1.71665861679788	0.522493021999206	-3.28551491506902	0.00101796152798231	0.00772798018625314
gene-BTH_RS25390	311.665395909872	0.598443198898817	0.182184111696125	3.28482650505217	0.00102045187025201	0.00773338960905272
gene-BTH_RS00290	19.3468508714483	-1.95508064205931	0.595363652869586	-3.28384279530005	0.00102402025442592	0.00774693583783087
gene-BTH_RS11370	116.130191955853	-1.48459070587524	0.452413613720754	-3.28148990404074	0.0010326022107281	0.00779829794560286
gene-BTH_RS06815	88.3532595284357	-1.32843682066225	0.405480249314208	-3.27620598761358	0.00105211794281686	0.00791818866998851
gene-BTH_RS11010	114.079805046218	-1.38930866213754	0.424012877153776	-3.27657186136279	0.00105075569677924	0.00791818866998851
gene-BTH_RS26705	1458.4563603856	0.597655120193575	0.182468328462824	3.2753909965002	0.00105515824905244	0.00792735472086027
gene-BTH_RS00030	1119.66057560828	0.496497075955912	0.151919415892147	3.2681607748439	0.00108248855063717	0.00810001362684786
gene-BTH_RS09155	64.6891993583379	-1.5265507846989	0.467144041795269	-3.26783742939812	0.0010837259611093	0.00810001362684786
MSTRG.4059.1	270.480739804892	-1.38470449573115	0.423691751740711	-3.26818846494456	0.0010823826441799	0.00810001362684786
gene-BTH_RS16970	91.5956187253511	-1.66758285246733	0.510462320917031	-3.26680889878722	0.00108767074911677	0.00811555361690901
gene-BTH_RS28245	767.760082222147	0.515847631012077	0.158000180689405	3.26485469042675	0.00109520245822867	0.00815775803646355
gene-BTH_RS07330	178.261231014681	-1.29975478285601	0.399607200853647	-3.25258098472564	0.00114362001819944	0.0084872536576864
gene-BTH_RS09840	82.4562106241796	-1.68857937049255	0.519216859022019	-3.25216591324309	0.00114529147058895	0.0084872536576864
gene-BTH_RS11180	103.973874686995	-1.48568663967673	0.456793378496985	-3.25242595364489	0.00114424404926095	0.0084872536576864
gene-BTH_RS09635	143.313673473437	-1.46731591382144	0.451914416233903	-3.24688892655723	0.00116673914076311	0.00860422940416758
gene-BTH_RS12605	79.2043219515111	-1.34989702733366	0.415757590536584	-3.24683675790852	0.00116695301464075	0.00860422940416758
gene-BTH_RS16315	356.759706748346	-1.06519239244217	0.328072233248744	-3.2468227557513	0.00116701042493307	0.00860422940416758
gene-BTH_RS02945	203.310349919072	-1.45682492888483	0.449531485051906	-3.2407628327004	0.00119210319482359	0.00877436361672189
MSTRG.69.1	155.961104390013	-1.30770489974069	0.404152623705208	-3.23567093973522	0.00121357196938205	0.00891729403177691
gene-BTH_RS25410	29029.7149654273	0.823360542601398	0.254782963016803	3.23161538296066	0.00123092616576022	0.0090295595633338
gene-BTH_RS01380	84.4001935789322	-1.6318924488359	0.505918060122015	-3.22560623442129	0.00125706173761772	0.00919028329182701
gene-BTH_RS35110	139.049093573732	-1.53285521884852	0.47515365161107	-3.22602007508767	0.00125524552292564	0.00919028329182701
gene-BTH_RS00900	203.672622600279	-1.40358039301673	0.435297589787443	-3.22441572373994	0.00126230004764773	0.00921309598534835
gene-BTH_RS07535	194.472360136416	-1.51280600091472	0.469395279875752	-3.22288285752502	0.0012690744205187	0.0092315614201611
gene-BTH_RS22200	884.000855648939	0.635200405675184	0.197062128621354	3.22335098133286	0.0012670020353434	0.0092315614201611
gene-BTH_RS00710	199.60665972053	-1.41618883323971	0.439685557619564	-3.22091278346026	0.00127783028584539	0.00927973579871023
gene-BTH_RS11690	56.2115816125931	-1.74671920314323	0.542597108479004	-3.2191826602976	0.00128556566133826	0.00932035104470237
gene-BTH_RS07245	54.360735132115	-1.49121458465678	0.46330990709822	-3.21861147756689	0.00128812889287543	0.00932339548087872
gene-BTH_RS11715	864.052197631389	0.693884976685741	0.215642955277842	3.21774933844565	0.00129200675118466	0.00933592918214832
gene-BTH_RS09555	141.969818692219	-1.65697188780777	0.515330979688919	-3.21535470040634	0.0013028343118849	0.00938431355889266
gene-BTH_RS10120	282.942276696941	-1.10945923948167	0.345105636262667	-3.21483952420074	0.00130517464439771	0.00938431355889266
gene-BTH_RS16845	66.0079143707092	-1.4517724812063	0.451557716288484	-3.21503194129632	0.00130430008217302	0.00938431355889266
gene-BTH_RS01220	45.0901713667071	-1.59758270477346	0.497504536733643	-3.21119223406958	0.00132185477182448	0.00948200454847995
gene-BTH_RS24530	962.809724280514	-1.07043545207471	0.333373745450965	-3.21091707634833	0.00132312109446605	0.00948200454847995
gene-BTH_RS06110	125.683677008501	-1.37953132435428	0.429907809505285	-3.20890035922299	0.00133243659296729	0.00953305786086796
gene-BTH_RS05585	731.330239205859	0.580481126342987	0.181062799441588	3.20596570987103	0.00134610028227098	0.00959923971783404
gene-BTH_RS25345	77.7928805146212	-1.5665372193471	0.488588500931314	-3.20625069227187	0.00134476776317593	0.00959923971783404
gene-BTH_RS20905	1309.68840139537	0.655937610261949	0.204687084436811	3.20458719741275	0.00135256313666908	0.00962954115304501
gene-BTH_RS11860	99.0548015927655	1.04630867129953	0.326720717823666	3.2024558413961	0.00136261189443602	0.00968523160260897
gene-BTH_RS27240	219.049807146213	-1.41251925712878	0.441263117130434	-3.20108162747546	0.00136912740134144	0.0097156675299107
gene-BTH_RS10020	125.282749964074	-1.47636120032091	0.461441371179286	-3.19945564600729	0.00137687371353876	0.00974469717962072
gene-BTH_RS16885	40.204905290401	-1.56809658311469	0.490140003696354	-3.19928300340517	0.00137769856677396	0.00974469717962072
gene-BTH_RS00815	74.1124334374241	-1.68953572287492	0.528552275337071	-3.19653476431912	0.0013908906459815	0.00982203621756413
gene-BTH_RS04745	201.998120029886	0.71851922437824	0.224884239463524	3.19506260684304	0.00139800510457194	0.00985627585881355
gene-BTH_RS17590	318.944061833675	-0.8236474759867	0.25838430862529	-3.1876838046739	0.00143417273788884	0.0100949051938777
gene-BTH_RS00720	677.469804065103	-1.74498454637339	0.547740229077293	-3.18578854307075	0.00144360068574024	0.0101223311418054
gene-BTH_RS01510	91.761682502328	-1.74996015614311	0.549352109677651	-3.18549819926959	0.00144505003196809	0.0101223311418054
gene-BTH_RS07690	40.3656955858695	-1.78074197392577	0.558895289523594	-3.18618175408794	0.00144163998009799	0.0101223311418054
gene-BTH_RS22325	1004.51915270778	0.418197863495421	0.131399402772136	3.18264660776754	0.00145935612807068	0.0102061079696261
gene-BTH_RS31180	7984.46034275979	0.735320016353517	0.231129683969652	3.18141747838009	0.00146556268711277	0.0102330621010282
gene-BTH_RS02590	365.009098662389	-0.572775606669508	0.180111511300787	-3.1801165985053	0.00147215804436641	0.0102621523945617
gene-BTH_RS08110	157.289099002264	-1.20750906371509	0.379759677458713	-3.17966634002729	0.00147444718312668	0.0102621523945617
gene-BTH_RS05425	100.428817190056	-1.38470051754262	0.435885995981247	-3.17674926542535	0.00148935738994701	0.01034936844452
gene-BTH_RS09165	97.4261010754111	-1.19723231887853	0.377162526693053	-3.17431407986318	0.001501910750825	0.0104199549698385
gene-BTH_RS26125	77.6882985537189	-0.963402777370377	0.303965387131147	-3.16944895095807	0.00152728284461017	0.0105791088758825
gene-BTH_RS00835	228.495976415211	-1.42682157906088	0.450534988333638	-3.16694955110627	0.0015404704008436	0.010653491643354
gene-BTH_RS01180	271.102797750931	-1.43111923812645	0.452272887525459	-3.16428262139834	0.00155465748360102	0.0107345397677214
rna-BTH_RS08245	32.5755173392261	-1.71899501219739	0.543370611085995	-3.16357744995033	0.00155842879638962	0.0107435265678206
gene-BTH_RS08025	226.332196711055	0.646389513998392	0.204373298679208	3.16278847665412	0.00156265827246624	0.0107556384259939
gene-BTH_RS04130	372.927888528467	-0.849767437488074	0.268723259828242	-3.16223998633841	0.00156560480849123	0.0107588956033758
gene-BTH_RS06805	32.3605442595194	-1.69939278952431	0.537671779168273	-3.16065089403262	0.00157417045159004	0.0107836873455381
gene-BTH_RS16035	720.85069552827	0.599119350104594	0.189532481725679	3.16103785825868	0.00157208064323004	0.0107836873455381
gene-BTH_RS25325	13590.8025762657	0.743449407930299	0.235377504799404	3.15854061144836	0.00158561215412102	0.0108449887899786
rna-BTH_RS19925	38.1711209960598	-1.80852548173214	0.573164989841697	-3.15533138587485	0.00160315901344283	0.0109477891812815
gene-BTH_RS14745	325.005448139768	0.646027261633562	0.204773177211375	3.15484318029948	0.00160584395089521	0.010948936028831
gene-BTH_RS30100	52.2952567660464	-1.59395759523166	0.505348181048027	-3.15417697146153	0.00160951451403855	0.0109567889453329
gene-BTH_RS13530	143.260010161433	-1.17231202259005	0.371784825507045	-3.15320029802518	0.00161490958280626	0.0109763385706363
gene-BTH_RS00575	261.491481397949	-1.24357830071332	0.394510403817421	-3.15220660514913	0.00162041574392908	0.0109794524705475
gene-BTH_RS03380	280.077788169771	-1.87789034274497	0.595681049777376	-3.15250979269324	0.00161873391954694	0.0109794524705475
gene-BTH_RS01805	523.544560511555	-1.00355317550068	0.31841825534272	-3.15168228787806	0.00162332800224263	0.0109820790198374
gene-BTH_RS28350	1277.49624183088	-0.558329825085126	0.177282977845245	-3.14937075105151	0.00163622468122246	0.0110521387629157
gene-BTH_RS05280	95.428565939105	-1.09412324187907	0.34759347251083	-3.14770940310159	0.00164555194717687	0.0110684986073044
gene-BTH_RS35085	63.7312406422304	-1.48834299189676	0.472853100259979	-3.14758006467221	0.00164628013768412	0.0110684986073044
gene-BTH_RS15945	78.9147436326785	-1.30768104101754	0.41540457391891	-3.14796977000261	0.00164408694982447	0.0110684986073044
gene-BTH_RS01615	124.881046744224	-1.29829693739234	0.412619516218433	-3.1464748669451	0.00165251463343395	0.0110932695299964
gene-BTH_RS08580	1342.64309661818	0.624601040027411	0.198538450374425	3.1459953417057	0.00165522641980872	0.0110943527367765
gene-BTH_RS15470	360.830855334693	0.556994709639025	0.177113609588202	3.14484421007547	0.00166175296097201	0.0111209621234281
gene-BTH_RS14660	2050.20920736862	0.723809385046551	0.230309115269677	3.14277350333711	0.00167355282983633	0.0111655748616381
gene-BTH_RS14865	153.268299179635	0.900884941038149	0.286636541592904	3.14295217222385	0.00167253165930535	0.0111655748616381
gene-BTH_RS02930	95.5646799160142	-1.58842061560483	0.505598204369696	-3.14166585616148	0.00167989632704213	0.0111907335721796
gene-BTH_RS24050	1991.36752953343	0.765049079306537	0.244061220471159	3.13466054881481	0.00172053076488754	0.0114438972893896
gene-BTH_RS06820	57.1032950740227	-1.77822542084611	0.567785697221601	-3.13186018870794	0.00173702571955939	0.0115359723360051
gene-BTH_RS04150	371.637477096932	-0.794160845022984	0.253768747682648	-3.12946669861856	0.00175123921387972	0.0116126380798427
gene-BTH_RS04185	644.521981779831	-0.576650258902934	0.184353952665366	-3.12795169599457	0.00176029108343585	0.0116548953012876
gene-BTH_RS16895	71.9681843319555	-1.47337637087596	0.471389803412303	-3.12560085137706	0.00177442215019364	0.0117306023607026
gene-BTH_RS28005	1659.54508537212	0.602876391833159	0.193142757199068	3.12140305220862	0.00179991501278078	0.0118810778537123
gene-BTH_RS11425	75.7946631392715	-1.43687814839295	0.460529843539433	-3.12005436466338	0.00180817664921713	0.0119155076180655
gene-BTH_RS28065	98.1172931709846	-1.46254816810112	0.468816780253132	-3.11965831792845	0.00181060931851523	0.0119155076180655
gene-BTH_RS12530	970.090482850904	0.629725346033652	0.201967133721353	3.11795951366256	0.00182107817792116	0.0119662992053732
gene-BTH_RS29130	220.187765481355	-0.944881065148472	0.303115497403823	-3.11723113216367	0.00182558383388876	0.0119778124847905
gene-BTH_RS30455	3420.3062595097	0.993760608703435	0.31905244885041	3.11472490583944	0.00184116534246635	0.0120618512646515
gene-BTH_RS11200	740.774367999736	-0.546327569077375	0.175453996167178	-3.11379382067091	0.00184698507337207	0.0120817820589
gene-BTH_RS19515	131.128225115822	-1.2022933729487	0.386483795572867	-3.11085066623968	0.00186549253773741	0.0121845233320687
gene-BTH_RS21525	263.656831173224	0.679489704834203	0.218522087205983	3.1094783759488	0.00187418002740845	0.012222913222229
gene-BTH_RS05590	954.15401533247	0.639278725927499	0.205827900482403	3.10588955350177	0.0018970755849908	0.0123472904214031
gene-BTH_RS09915	304.990916303881	-0.89073511080209	0.286815703210301	-3.10560091665894	0.00189892811308475	0.0123472904214031
gene-BTH_RS32640	793.021695549081	0.608782863787506	0.196308076435258	3.10116055764156	0.00192763738833582	0.0125152576705385
gene-BTH_RS05040	86.5005832348972	-1.6153080872972	0.522249310743612	-3.09298270781291	0.00198155681198684	0.0128461581701084
gene-BTH_RS11280	91.4304150189391	-1.48019422596466	0.480315674649337	-3.08171126633605	0.0020581436782393	0.0133228050600312
gene-BTH_RS07390	151.410476320016	-1.27742838518075	0.41468355711432	-3.08048960048008	0.00206660571500585	0.0133577041014494
gene-BTH_RS01645	67.3940319898322	-1.29295380252155	0.420300063770449	-3.07626363632367	0.00209612419090191	0.0135274164316422
gene-BTH_RS10445	386.718435203625	-0.572940131432109	0.186270915137135	-3.07584322013077	0.00209908186008242	0.0135274164316422
gene-BTH_RS27070	1985.83234227022	0.642772906444025	0.209329309763512	3.07063022932714	0.0021360751020675	0.0137454536893397
gene-BTH_RS24940	39.3908575422963	-1.70256772265574	0.55526688787814	-3.06621511173089	0.00216787287927261	0.0139294638476157
gene-BTH_RS00820	40.9351109969681	-1.68809160928616	0.550883952972926	-3.06433251536213	0.00218156287410012	0.0139967529532972
gene-BTH_RS22010	47.1881937557633	-1.64340143965548	0.5363922725403	-3.06380521082546	0.00218541154549202	0.0140007956154496
gene-BTH_RS05475	85.4589521222875	-1.24719956955128	0.407258897178407	-3.06242436492411	0.00219551952107434	0.0140242436368185
gene-BTH_RS17415	214.659149812955	-0.755597547334602	0.246712901018304	-3.06265924568956	0.00219379714372502	0.0140242436368185
gene-BTH_RS23770	177.901489208864	-1.1699628574418	0.382154918235218	-3.0614884216188	0.00220239509678175	0.014047534708212
gene-BTH_RS09605	185.240444215241	0.676597470217817	0.221260066336009	3.05792853370261	0.00222872721496159	0.0141946755272078
gene-BTH_RS03490	149.284565540678	-1.19561626008494	0.391350602325961	-3.05510264448015	0.00224983508614976	0.0142878366135779
gene-BTH_RS07960	659.804167094143	0.727121814467317	0.238003337470561	3.05509083273782	0.00224992369662088	0.0142878366135779
gene-BTH_RS00370	106.836294068496	-1.43909839156041	0.47157484328731	-3.05168609404304	0.00227559941120589	0.0144298213392793
gene-BTH_RS33685	57.1326190231012	-1.52959020539114	0.501339302287954	-3.05100796688106	0.00228074522887336	0.0144413999208139
gene-BTH_RS25400	5188.40587473046	0.578799864357922	0.190107204360212	3.04459721190376	0.00232992118727994	0.0147313330881799
gene-BTH_RS35450	34.6201923429267	-1.49991624565433	0.493146229522675	-3.04152431035745	0.00235383556897825	0.0148393981522542
gene-BTH_RS16890	91.4401087851565	-1.36895018550208	0.450055751004797	-3.0417346794164	0.00235219126516255	0.0148393981522542
rna-BTH_RS31200	18785.1361653313	0.951377694618397	0.313597952469062	3.03374970125883	0.00241534733889384	0.0152051532911552
gene-BTH_RS04855	122.643523957482	-1.04460931576202	0.344489082750134	-3.03234374634654	0.00242662693130976	0.0152540854786091
gene-BTH_RS14655	6265.58345235022	0.703735491649883	0.232219329574964	3.03047766496417	0.0024416724531706	0.0153265153986899
gene-BTH_RS28805	332.083160156928	-0.732508131389054	0.241781783818923	-3.0296249776106	0.00244857573098927	0.0153477009074976
gene-BTH_RS09800	93.5902336399788	-1.43533717863058	0.474153337640356	-3.02715823065507	0.00246864698022027	0.0154512436891484
gene-BTH_RS16615	1154.31782239733	0.559855411822419	0.18517171011995	3.02343922546136	0.00249919221336768	0.01559879676188
gene-BTH_RS21760	482.823619916024	0.503492217325427	0.166530972260879	3.02341486685541	0.00249939341219089	0.01559879676188
gene-BTH_RS03350	101.964222364208	-1.41501007483612	0.468127580315724	-3.02270178971677	0.00250528990417475	0.0156131963942123
gene-BTH_RS04240	116.098216311976	-1.30256511189769	0.431301606451913	-3.02007943492999	0.00252708398316756	0.0156802686230118
gene-BTH_RS17100	44.0441485837632	-1.51982590203403	0.503451671024264	-3.01881191285347	0.00253768025531042	0.0156802686230118
gene-BTH_RS22015	22.2369075092171	-1.83119278132646	0.606532715555713	-3.01911625599404	0.00253513229687771	0.0156802686230118
gene-BTH_RS24525	287.983073279056	-0.894585276145351	0.296309990049679	-3.01908577566138	0.00253538737251028	0.0156802686230118
gene-BTH_RS25505	1137.36647061255	0.422073052452727	0.139800797351783	3.01910332736271	0.00253524048767333	0.0156802686230118
gene-BTH_RS27000	735.98703752721	-0.443569053122902	0.146920745170327	-3.01910429741331	0.00253523236984253	0.0156802686230118
gene-BTH_RS20650	1796.01763466048	0.435557520819238	0.144313985192293	3.01812412871056	0.00254344700871465	0.0156936092027074
gene-BTH_RS00790	91.5790732766265	-1.40012579765992	0.464101295301607	-3.01685388908475	0.00255412890183463	0.0157149373733814
gene-BTH_RS09065	202.892856004387	0.719248801769654	0.238407425825486	3.01688925703238	0.00255383092586087	0.0157149373733814
gene-BTH_RS29135	269.147003401576	-1.03869958129719	0.344394792141615	-3.01601419358885	0.00256121270577876	0.0157362645058441
gene-BTH_RS09575	82.6617185697273	-1.62282864029875	0.538616892188306	-3.01295533770856	0.00258716990061171	0.0158387643740706
gene-BTH_RS13420	927.555136139317	-0.604370316158065	0.200580803947953	-3.01310147463008	0.0025859243439259	0.0158387643740706
MSTRG.3075.1	56.726741267014	-1.43383992762891	0.475922072389005	-3.01276198523721	0.0025888187287274	0.0158387643740706
gene-BTH_RS01195	157.286650073757	-1.17116322333103	0.388965621622445	-3.01096847183024	0.00260415890710256	0.0159102405138991
gene-BTH_RS01905	33.6412083893721	-1.64172154204904	0.5456716235222	-3.00862546498581	0.00262432417986823	0.0160109539725481
gene-BTH_RS08830	79.961496789298	-1.58479883811424	0.526879505846224	-3.00789615183246	0.00263063014155526	0.0160269483414081
gene-BTH_RS02600	252.860797585655	-0.61287661812507	0.203854119402709	-3.00644706087271	0.00264320073874438	0.0160810114874658
gene-BTH_RS01205	112.509159362047	-1.21758724906314	0.405269326200157	-3.00439034081201	0.00266113668856753	0.0161675203844536
gene-BTH_RS20035	60.7561089394756	-0.990152527883728	0.329742446662876	-3.00280578950166	0.00267503080370831	0.0162292663823307
gene-BTH_RS00295	469.188921872925	-1.26667974900651	0.421954286921759	-3.0019359638391	0.00268268601218791	0.016253041995846
gene-BTH_RS03610	139.491117165031	-1.36547217084514	0.455609433726547	-2.99702348056447	0.00272629713542448	0.0164942872588268
gene-BTH_RS33880	1627.3731811324	0.645233026828098	0.215501683935862	2.99409737800533	0.00275258078301194	0.0166071101332898
gene-BTH_RS27230	308.294796669544	-1.26614706633088	0.422874768858419	-2.99414190576783	0.00275217908500361	0.0166071101332898
gene-BTH_RS08845	105.755744322947	-1.24116822355391	0.414907289846009	-2.99143508424391	0.00277669567288065	0.0167293991371618
gene-BTH_RS10755	960.796589761199	0.485841369217559	0.162533857461802	2.98917023692579	0.00279736225427436	0.0168306027746798
gene-BTH_RS35800	44.5005859516414	-1.32801086042522	0.444644184140766	-2.98668217822636	0.00282022747996941	0.0169447369307554
gene-BTH_RS03735	797.824042914819	-0.656366454143807	0.220305520802214	-2.97934637204611	0.0028886404117435	0.017331842470461
gene-BTH_RS34445	145.89750298196	-1.00984586425458	0.339320980734824	-2.97607846726036	0.00291960148892968	0.017493479995653
gene-BTH_RS16920	27.6935721750431	-1.65858249234028	0.55787543765305	-2.9730337283137	0.00294872046714648	0.0176436506631185
gene-BTH_RS25720	295.125933062378	0.681569846730743	0.229341169293106	2.97185999718905	0.00296001627725766	0.0176869104478995
gene-BTH_RS03790	62.8637636952507	-1.45586787615392	0.490208952799407	-2.96989246695717	0.00297904008934729	0.0177421440979904
gene-BTH_RS04820	123.457754751015	-1.17597330851397	0.395998701081676	-2.9696393076588	0.00298149593922551	0.0177421440979904
MSTRG.4207.1	353.629092383296	0.806128839313627	0.271451142552345	2.96970140458399	0.0029808933779337	0.0177421440979904
gene-BTH_RS12465	88.0820793705151	-1.40980819563736	0.475147006116654	-2.96709897671381	0.0030062416633235	0.017840588315767
gene-BTH_RS24140	64.8435366107676	-1.51090170593538	0.509176013818237	-2.96734658532979	0.00300382145773773	0.017840588315767
MSTRG.211.1	222.642896867685	-1.79852192613675	0.606312788481874	-2.96632688655637	0.00301379974460487	0.0178610747806964
gene-BTH_RS07620	189.586492982228	-1.40820161939745	0.475142193331028	-2.9637477773235	0.00303917277911534	0.0179869409376214
gene-BTH_RS25425	22333.0445578118	0.697848605187485	0.235624289962548	2.96170061795585	0.00305945107420714	0.0180823534956536
gene-BTH_RS00905	36.430507534288	-1.36338449565501	0.460492995735504	-2.9607062610744	0.00306934521002682	0.0181162166399141
gene-BTH_RS07570	116.987746077086	-1.09592124153357	0.370319009700205	-2.95939774309935	0.00308240980284449	0.0181686756671728
gene-BTH_RS00255	75.6129079715438	-1.18858974335905	0.401908168785324	-2.95736647242402	0.00310279103442816	0.0182640608927774
gene-BTH_RS01790	54.976750758635	-1.55553130784128	0.526228792326611	-2.95599809536043	0.00311659015521342	0.0183204961826735
gene-BTH_RS01445	90.4043754063399	-0.96395406404051	0.326232809590137	-2.95480416347937	0.00312867580076272	0.0183667202878783
gene-BTH_RS14795	128.706154798332	-1.0461362876401	0.354124707256623	-2.95414656532845	0.00313535060902462	0.0183723837179993
gene-BTH_RS17330	158.030647085851	-1.19497642750965	0.404601906707406	-2.9534621752878	0.00314231114625091	0.0183723837179993
gene-BTH_RS24300	49.973144377802	-1.10146216312021	0.372888731402729	-2.95386282920576	0.00313823461836557	0.0183723837179993
MSTRG.3934.1	756.259128914125	0.661319151971139	0.224065214698326	2.95145836385856	0.00316277183610818	0.0184671912578129
gene-BTH_RS19105	256.457932594952	0.760026789136277	0.257566998146849	2.95079258835388	0.00316959682378546	0.0184822334899018
gene-BTH_RS23785	16994.1497808921	0.636993322291849	0.215954985899384	2.94965786336895	0.00318126004279329	0.0185254098877521
gene-BTH_RS35670	17.5249452036596	-1.54476626509198	0.524386157532122	-2.94585629865212	0.00322061985896591	0.0187295406236654
gene-BTH_RS10000	231.382010579072	-0.871909155761096	0.296328749353592	-2.94237112552551	0.0032570932416413	0.0188911408015195
gene-BTH_RS20040	30.3624756323761	-1.22960143415175	0.417856638774345	-2.94263946064951	0.00325427171914261	0.0188911408015195
MSTRG.3748.1	1827.93871703548	0.720353860035166	0.245010766686765	2.94009063265414	0.00328116255280707	0.0190054022699211
gene-BTH_RS12350	240.249287839883	-0.594241702886838	0.202240717813521	-2.93828913045477	0.00330029082100819	0.0190907780204596
gene-BTH_RS01995	41.2793570367497	-1.58233489836013	0.538875950461277	-2.93636206441512	0.00332086471383413	0.0191842782273286
gene-BTH_RS01725	77.0069078946753	-1.49776682783288	0.510383424484422	-2.93459143847763	0.00333987131147745	0.0192220393320584
gene-BTH_RS07845	102.029194781432	-1.27686278873652	0.435103390787364	-2.93461925549673	0.00333957194823711	0.0192220393320584
gene-BTH_RS19335	88.7493561841237	-1.17376242008889	0.399984690972683	-2.93451836177663	0.00334065787012326	0.0192220393320584
gene-BTH_RS24465	1516.55355141318	0.464100274536471	0.158292491060974	2.93191591986319	0.00336877938328085	0.0193582434838464
gene-BTH_RS26605	61.549587365411	-1.5494964876414	0.528606946416764	-2.93128287122385	0.00337565250584574	0.0193721482855263
gene-BTH_RS05755	224.966032611501	0.670190759644701	0.22876041900178	2.92966223164456	0.00339330630381648	0.0194401382028625
gene-BTH_RS25605	1243.25340167859	0.631575844235505	0.21560084542379	2.92937554578723	0.00339643793889092	0.0194401382028625
gene-BTH_RS14250	59.9260931270606	-1.18658681236617	0.405258146424559	-2.92797769233015	0.00341174522587966	0.0195020916328207
gene-BTH_RS15465	212.754120403705	-1.16309255819156	0.397419158198372	-2.92661421624522	0.00342673654179281	0.0195620786834629
gene-BTH_RS03290	1301.16830435238	0.670771197896989	0.22981347658147	2.91876354631098	0.00351422676185319	0.0200352377641695
gene-BTH_RS24330	671.733237013346	0.536764884033757	0.183961289931621	2.91781430883244	0.00352494195661464	0.0200700229205153
gene-BTH_RS07370	573.127684625113	-1.06740396399534	0.366052722889812	-2.91598422098515	0.00354568432277293	0.0201617343843951
gene-BTH_RS01070	68.2212451427829	-1.31895733139217	0.452385830172174	-2.91555845347805	0.00355052590172752	0.0201629081886615
gene-BTH_RS01895	67.5437979170851	-1.18301885352881	0.405941126831591	-2.9142621314632	0.00356530397401607	0.0201941045403254
gene-BTH_RS09025	57.5813462407031	-1.35066377347142	0.463425867152453	-2.91451960109749	0.00356236437437561	0.0201941045403254
gene-BTH_RS06445	75.0302542054885	-1.17409198265989	0.402968617796286	-2.91360649640819	0.00357279950147702	0.0202102442541288
gene-BTH_RS03170	2525.43286147303	0.472932484309363	0.162421126302277	2.91176705319235	0.00359390546818974	0.0202768985559343
gene-BTH_RS12370	78.651709134307	-1.28908720541158	0.442660415402258	-2.91213571523026	0.00358966633591692	0.0202768985559343
gene-BTH_RS25365	74.7840764305222	-1.29074781353338	0.44371687626801	-2.90894460537434	0.00362651111238992	0.0204343566566012
gene-BTH_RS11895	54.0280781411015	1.05218827716721	0.361845256887868	2.90784045704175	0.00363933955834583	0.0204801126504585
gene-BTH_RS33595	80.8802240518411	-1.02863684357569	0.354399216339686	-2.90248058164371	0.00370220111146307	0.0208069442310909
gene-BTH_RS05270	768.351550989269	0.561857660952335	0.193626734415358	2.9017566331882	0.00371076695659366	0.0208281758208806
gene-BTH_RS22155	320.07284782597	0.578545165012461	0.199687303125752	2.89725563897333	0.00376442871271481	0.0211021454900895
gene-BTH_RS18320	203.005147046741	-1.16741793103497	0.403608575208328	-2.89245076230699	0.00382249091408884	0.0214000456580264
gene-BTH_RS13485	280.83792311198	-0.570058888019687	0.197128113731981	-2.89181932108756	0.00383018145466156	0.0214155389817195
gene-BTH_RS07565	159.778642461917	-0.92078414361954	0.31886845221499	-2.88766147050108	0.00388117340064623	0.021672791133262
gene-BTH_RS03755	1177.43161225074	-0.491807970979317	0.170748106951656	-2.88031287584678	0.00397280704263178	0.0221020685426411
gene-BTH_RS07850	104.29466983776	-1.32825195839159	0.461055497807369	-2.88089387223085	0.0039654913963269	0.0221020685426411
gene-BTH_RS14360	1297.03895441279	0.572440640510054	0.198745172315275	2.88027444310434	0.00397329140237824	0.0221020685426411
gene-BTH_RS17035	116.555522336938	-1.18265110503334	0.411234128780941	-2.87585835479946	0.00402930480818536	0.0223850267121409
gene-BTH_RS03005	212.049691897656	-1.18752992078732	0.413282799163077	-2.87340756303467	0.00406069889513735	0.0225306635125605
gene-BTH_RS24105	124.422492560487	-1.24563420784798	0.434003291415219	-2.87010313628303	0.00410337933953807	0.0227384714993511
gene-BTH_RS13335	1339.79584460203	0.526441906718984	0.183582391778294	2.8676056653339	0.00413590670074365	0.0228895599850317
gene-BTH_RS15565	435.174759075385	0.60768983256863	0.211971307496923	2.86684947951011	0.00414580139804991	0.0229151665584715
gene-BTH_RS16645	480.276616542432	0.74070953654568	0.25847146565379	2.86573039957077	0.00416048398395237	0.0229671387438995
gene-BTH_RS08290	172.293854185105	-1.18596689951349	0.4141174633852	-2.8638417945933	0.00418536994312532	0.0230752335267365
gene-BTH_RS14255	177.883366882857	-0.745531467380813	0.260389807695768	-2.86313613416033	0.00419470296099105	0.0230974150383684
gene-BTH_RS01975	122.976254092368	-0.984358989731185	0.343954875537317	-2.86188410091134	0.00421130874615912	0.0231595360882329
gene-BTH_RS07320	20.0224012477257	-1.54767811923046	0.541532675107602	-2.85795888294818	0.00426375636561307	0.0234183588262839
gene-BTH_RS34580	199.907606470063	-1.25165303007241	0.438033281743744	-2.85743819531194	0.00427075796476623	0.0234272347373684
gene-BTH_RS34710	142.36464406903	-1.41150542580876	0.494105253894645	-2.85668977345002	0.00428084013272339	0.0234529654626533
gene-BTH_RS01065	48.4258003465633	-1.1503128128923	0.40297880048951	-2.85452438563762	0.0043101322633686	0.0235232915849222
gene-BTH_RS05250	486.796654410513	-0.915224934858032	0.320665385614322	-2.85414321569092	0.00431530728385469	0.0235232915849222
gene-BTH_RS06890	19.6356955182895	-1.65903546875464	0.581183742429659	-2.85457996780672	0.00430937811259534	0.0235232915849222
gene-BTH_RS10105	58.7461669302646	-1.535271379921	0.537742879823356	-2.85502874612737	0.00430329337381549	0.0235232915849222
gene-BTH_RS12305	341.470948491034	0.494511756763949	0.173589236755989	2.84874665045665	0.00438918166949072	0.0238960453845865
gene-BTH_RS06115	45.4939783294372	-1.32757767302659	0.466107204106784	-2.84822388782998	0.00439639840031858	0.0239054163017323
gene-BTH_RS34120	490.688553579557	-0.64310942635658	0.225976759929196	-2.84590958184409	0.00442847673493787	0.0240497800211982
gene-BTH_RS01300	42.4506963990549	-1.47159120098803	0.517649583771952	-2.8428327716696	0.00447145250329414	0.0242226879070106
gene-BTH_RS05580	82.8746579532313	-1.3400981812249	0.471363428482434	-2.84302536057873	0.00446875144479336	0.0242226879070106
gene-BTH_RS25360	2441.20951437439	0.559399811522987	0.196967127036224	2.84006686770685	0.00451040781573459	0.0244033258687133
gene-BTH_RS03210	1383.33869515589	0.725221887602785	0.255425291946225	2.83927203166501	0.00452165911259249	0.0244338101115247
gene-BTH_RS19295	166.939056263356	-1.10185435811634	0.388137346094081	-2.83882591872327	0.00452798519604442	0.0244376372243092
gene-BTH_RS01940	411.804981460582	-0.512999705322579	0.180761410944975	-2.83799347792622	0.0045398110263496	0.0244408143126494
gene-BTH_RS08165	76.0728594065419	-1.05979932733584	0.373395933753078	-2.83827227758906	0.00453584722689365	0.0244408143126494
gene-BTH_RS07270	148.135852567962	-0.822420666639837	0.290040703387899	-2.83553534739548	0.00457489521798668	0.0245992511721162
gene-BTH_RS05065	122.05124259278	-1.21573966994373	0.428873060714377	-2.83473078938245	0.00458643167451445	0.0246308367705405
gene-BTH_RS34085	298.289149620381	0.53966760043226	0.19044110230866	2.83377692047584	0.00460014321301187	0.0246740110685594
gene-BTH_RS21415	873.257791364754	0.443307887015948	0.156564674082689	2.83146814320206	0.00463348489574899	0.024822240512941
MSTRG.1821.1	40.0281588773778	-1.41937423828249	0.501706008271748	-2.82909555572572	0.00466797591638419	0.0249762549031626
gene-BTH_RS06810	104.574844725589	-1.15149042071072	0.407442385912938	-2.82614293584263	0.00471122361583348	0.0251766863991101
gene-BTH_RS00530	75.1423130467802	-1.33716884159951	0.473350120572214	-2.82490440687552	0.00472947236835166	0.0252431960764782
gene-BTH_RS12025	53.4169775081556	-1.36920984885127	0.48493747645488	-2.82347707762419	0.0047505822844176	0.0253247952661968
gene-BTH_RS25555	2205.80252388755	0.528956391555093	0.187662981954621	2.81865067924264	0.00482259700061597	0.0256772300522393
gene-BTH_RS01280	352.186799658141	0.529617102168131	0.188050616363756	2.81635398175811	0.00485721168426185	0.0258299154358668
gene-BTH_RS00060	191.48692052839	-0.929190623685894	0.330269955411702	-2.81342764747583	0.00490164154529581	0.0260279505695975
gene-BTH_RS01935	145.736079935183	-0.734261163811527	0.261013610901832	-2.81311446278442	0.00490641826829195	0.0260279505695975
gene-BTH_RS09925	49.3895388159517	-1.17553333614194	0.417959085652286	-2.8125560048715	0.00491494637149618	0.0260414332716302
gene-BTH_RS16075	189.179446517263	-0.749222960446702	0.266680796735202	-2.80943723589755	0.0049628194871915	0.0262630958263784
gene-BTH_RS14550	182.969093710827	-1.1118228250784	0.395906555907366	-2.80829607009222	0.0049804414980767	0.026314260697279
gene-BTH_RS35330	43.6362613750346	-1.15544206062399	0.411478085083471	-2.80802818548551	0.00498458639415123	0.026314260697279
gene-BTH_RS07700	386.965326557525	0.4987351829606	0.177888346915182	2.80364167529421	0.00505290270664499	0.0266103229708302
gene-BTH_RS17030	39.7894732906371	-1.39477766098313	0.497435891788571	-2.80393450494312	0.00504831589165333	0.0266103229708302
gene-BTH_RS02525	78.9697073467041	-1.11588021637329	0.398762972600129	-2.79835464435728	0.00513636820744547	0.0269845431188259
gene-BTH_RS15535	310.759251253301	0.643760534699516	0.230027833017476	2.79862017676185	0.00513214675327756	0.0269845431188259
gene-BTH_RS05550	43.9809234897173	-1.17283796565109	0.419400054330361	-2.79646593638075	0.0051664856882111	0.0270773647514678
MSTRG.3269.1	486.44428097181	0.539245734702113	0.192822189953855	2.79659584216507	0.00516440910138575	0.0270773647514678
gene-BTH_RS23780	3186.66868351789	0.492714252959074	0.176245194928721	2.7956180771813	0.00518005754077139	0.027115824671908
gene-BTH_RS08155	292.007500795854	0.648918083545037	0.232678753406844	2.78890132443846	0.00528871761227638	0.0276513480930316
gene-BTH_RS09175	161.897000017328	-1.21840425133672	0.437116834833447	-2.78736519448162	0.00531385577942045	0.0277494269393505
gene-BTH_RS13380	255.945238420326	0.663979907837506	0.238312741641763	2.78617040475165	0.00533348260251738	0.0278185243656482
gene-BTH_RS05610	77.6908851653264	-1.15812844270857	0.415784026249446	-2.78540869680685	0.00534602933545321	0.0278505719870916
rna-BTH_RS29225	14209.3103823448	0.79900330019079	0.287364245143831	2.7804548189037	0.0054282812711149	0.0282452434561601
gene-BTH_RS02895	164.146029836057	-1.15470081217432	0.415498126092489	-2.77907586018158	0.0054513792577028	0.0283315409450504
gene-BTH_RS02980	56.8459686947871	-1.53988256134182	0.55451916396569	-2.77696905969709	0.00548684017657726	0.0284818075991779
gene-BTH_RS03045	186.926814349619	0.59790208833432	0.215451562939001	2.77511139941741	0.00551828024029824	0.0286108689455272
gene-BTH_RS01475	130.987090886317	-1.20021068957682	0.433115447275174	-2.77111032896104	0.00558654941862256	0.0289303452035811
gene-BTH_RS09235	81.4840768717238	-1.03310127003693	0.372994544191123	-2.769749011416	0.00560995038165957	0.0290169847327219
gene-BTH_RS20340	14872.6203279879	0.866586912623997	0.312921562186539	2.76934228043834	0.00561695920007083	0.029018732209392
rna-BTH_RS22365	562.89196370442	0.917590958821911	0.331399983406241	2.76883224130129	0.00562575939658657	0.0290297193062297
gene-BTH_RS02145	230.964641798835	0.725180220562674	0.262047364658758	2.76736315019621	0.0056511765941046	0.0291263248629799
gene-BTH_RS27170	1448.74528478893	0.850651274980193	0.307631621269808	2.76516201900496	0.00568945294869152	0.0292888997950392
gene-BTH_RS02855	111.39302533439	-1.28734176633108	0.465632128273147	-2.76471851524795	0.00569719345913678	0.0292940798430792
gene-BTH_RS12000	909.53586148752	0.56133769296382	0.203214420337986	2.76229261698163	0.00573970118828466	0.0294778042137406
gene-BTH_RS01965	1150.0261483242	-0.519225569116131	0.188146278598915	-2.75969087979147	0.00578560772178428	0.029643820025007
gene-BTH_RS18335	94.3395732069529	-1.24376690230278	0.450691103780546	-2.7596881586294	0.00578565590832896	0.029643820025007
gene-BTH_RS20145	801.866411212557	0.584176981168121	0.211940852465223	2.75632080541895	0.00584556328962703	0.0299103371415106
gene-BTH_RS23210	907.737638515316	0.519362999630035	0.188448590388458	2.75599301941951	0.00585142457641965	0.0299103371415106
gene-BTH_RS03600	71.89848481731	-1.13585491909649	0.412775872958126	-2.75174736099877	0.00592782324520027	0.0302652947378183
gene-BTH_RS00135	62.2046711802255	-1.39661275072232	0.508041387079296	-2.7490137343955	0.00597748815013121	0.0304520672720434
gene-BTH_RS14790	50.4013960120779	-1.41322461987325	0.51409364409551	-2.74896341572101	0.00597840585064944	0.0304520672720434
gene-BTH_RS09530	72.8395449273801	-1.2854443231996	0.467821339580912	-2.7477248565684	0.00600103446733173	0.0305315788688807
gene-BTH_RS19355	586.067545250306	0.51362926282905	0.187165376098883	2.74425363031723	0.00606486595881664	0.0308202884589397
gene-BTH_RS00865	103.953795411202	-1.18716629572726	0.433128257714705	-2.74091166896164	0.0061268976270818	0.0310757110052894
gene-BTH_RS28955	90.3866640005971	-1.27046128725511	0.463540615831485	-2.7407766307084	0.00612941610173294	0.0310757110052894
gene-BTH_RS32670	408.050933402489	-0.55495139206782	0.202550034420868	-2.7398237361674	0.00614721418168211	0.0311296643659106
gene-BTH_RS25300	96.9208069672685	-0.939802572319742	0.343297091335443	-2.73757802218441	0.00618934365365617	0.0313065638295399
gene-BTH_RS09920	55.5342482752203	-1.36480591123216	0.499250647619253	-2.73370884492676	0.00626253940389623	0.0316400074412876
gene-BTH_RS10135	625.063967343252	-0.597606373984787	0.218726433443096	-2.73220920113554	0.00629111804513881	0.0317475214574871
gene-BTH_RS01785	98.7006934405481	-1.34380879715123	0.492330860687165	-2.72948316763166	0.00634336873574619	0.0319741066054414
gene-BTH_RS00065	210.309145216657	-0.785326122425411	0.28811641547286	-2.72572502034126	0.0064160425959873	0.0323029922367416
gene-BTH_RS19300	136.349143321461	-0.852350595001341	0.312820359157659	-2.72472865032343	0.00643543530077789	0.0323631717437963
gene-BTH_RS12030	69.6541616487871	-1.21376218525228	0.445830736553213	-2.72247309513935	0.00647953092589671	0.03254729737604
gene-BTH_RS23235	435.175378747928	0.485520446937494	0.178673676406958	2.71735857626639	0.00658052715251878	0.0330164857133295
gene-BTH_RS14365	866.453772790684	0.605062209641345	0.222796336582673	2.71576372808458	0.00661230886050095	0.0331377229760128
gene-BTH_RS17985	1715.18206948771	0.477089221902833	0.17589291156212	2.71238458483495	0.00668010395858956	0.0334389553738373
gene-BTH_RS04875	119.455557348083	-1.21641731053986	0.448877097715161	-2.70991172579659	0.00673011172747054	0.0336505586373527
gene-BTH_RS01060	183.54288476367	-0.838908131962315	0.309754810983025	-2.70829734427688	0.00676294008981086	0.0337758776012368
gene-BTH_RS08000	211.226826569332	0.614005516856853	0.227033673755527	2.70446893053416	0.00684136671655154	0.0341283775424303
gene-BTH_RS26210	782.642268107768	-0.52450373893419	0.193991921042527	-2.70374011513195	0.00685638905962756	0.0341641379259792
gene-BTH_RS11725	778.847126382568	0.459491976608291	0.170149413177079	2.70052048977734	0.00692310724537352	0.0344571127201085
gene-BTH_RS05765	274.018148812465	0.529818164028502	0.196243245932468	2.69980330538777	0.00693804817827995	0.0344920109434489
gene-BTH_RS15370	88.8113562527327	0.739828047904785	0.274253371823727	2.69760784702512	0.00698396585426454	0.0346806523585054
gene-BTH_RS25705	52.9930075117294	1.06865565195764	0.396372135053324	2.69609177197554	0.0070158334558877	0.0347991739260108
gene-BTH_RS34455	286.150643425139	0.533483355735271	0.198026143341996	2.69400467398859	0.00705991746797936	0.0349779510087816
gene-BTH_RS09910	226.348760994105	-0.904446148762742	0.335878642921028	-2.69277659602607	0.00708597320768436	0.0350671029049226
gene-BTH_RS01635	111.551939143923	-1.10718997595549	0.411616266714046	-2.68985962288188	0.00714820811422844	0.0353348923828338
gene-BTH_RS17045	1050.68061372385	0.433560946863031	0.16121740093233	2.68929373849053	0.00716033818032135	0.0353546777348443
gene-BTH_RS35235	622.3772894252	0.468055115626227	0.174159697871946	2.68750532611956	0.00719879542192077	0.0355042631353236
gene-BTH_RS09080	321.86857236392	0.601153617180126	0.223921640000653	2.68466065708689	0.00726034800573246	0.0357268255938192
gene-BTH_RS33690	12.9034324808697	-1.61523434095604	0.601570938919087	-2.68502721201647	0.00725239011809998	0.0357268255938192
gene-BTH_RS21340	137.025657678524	1.02700114587186	0.382693308762323	2.68361406472798	0.00728311261346468	0.035798350133979
gene-BTH_RS18740	2043.1040021912	0.537499419269023	0.20035493963773	2.68273604953738	0.00730225985284852	0.0358115336639132
gene-BTH_RS20630	311.026882119281	-0.629721508895587	0.234707243958744	-2.68300840772634	0.00729631559884004	0.0358115336639132
gene-BTH_RS26805	169.820332175527	-1.0041457655813	0.374503677603929	-2.68127077417721	0.00733431431869792	0.035928228926054
gene-BTH_RS25205	173.161374393205	-0.931124392290521	0.347557675994045	-2.67905000120462	0.0073831367891133	0.0361267098229953
gene-BTH_RS03990	217.219570075792	0.766174179898533	0.286810403463563	2.67136118720279	0.00755443109286542	0.0368819026419355
gene-BTH_RS04890	142.155858616855	-1.21394032583227	0.454411338492803	-2.67145694440346	0.00755227604856722	0.0368819026419355
gene-BTH_RS09470	82.045310854261	-1.15741435669643	0.433576714790884	-2.66945690857651	0.00759740211025213	0.0369101392421052
gene-BTH_RS11570	138.819425023414	-1.01375707257969	0.37979447391344	-2.66922544220783	0.00760264017492557	0.0369101392421052
gene-BTH_RS18315	88.0457009832984	-0.993229304573785	0.371972533428256	-2.67016840039173	0.00758132136055702	0.0369101392421052
gene-BTH_RS26420	1247.15804392893	0.55267456092156	0.207047492667547	2.66931298612237	0.00760065868286191	0.0369101392421052
gene-BTH_RS27235	107.761306058217	-1.21563345423805	0.455336874098186	-2.66974524443175	0.00759088161925466	0.0369101392421052
gene-BTH_RS00740	555.263899023696	-0.677410770311562	0.254205771941463	-2.66481270325976	0.00770312121886963	0.0371912766279098
gene-BTH_RS34905	258.36342409067	-0.968388017386716	0.36332206078464	-2.66537081534592	0.0076903472234409	0.0371912766279098
gene-BTH_RS07590	103.461755295024	-1.05183448808743	0.39471348556267	-2.66480504609064	0.0077032966072981	0.0371912766279098
gene-BTH_RS15530	405.59706339797	0.467750875119948	0.175474039200325	2.66564146611997	0.00768415944265724	0.0371912766279098
gene-BTH_RS19980	217.05167032015	0.645782441696643	0.242327413420306	2.6649169921876	0.00770073282403887	0.0371912766279098
gene-BTH_RS04410	128.27047311722	-0.921638277971577	0.346131880323722	-2.66267954604357	0.00775212005361484	0.0373855013672113
gene-BTH_RS20690	4943.03687840736	0.766133281232825	0.287851104987878	2.66156102219962	0.00777792411402014	0.0374684052004292
gene-BTH_RS02035	236.704965748739	-1.18969721746209	0.447112033449959	-2.66084812856023	0.0077944105192535	0.0375062895561424
gene-BTH_RS16715	131.529313932265	-1.04880635007919	0.394407961296868	-2.65919163150401	0.00783283969305499	0.0376495609555682
gene-BTH_RS10170	601.248695354919	-0.681043001256022	0.256210862333485	-2.65813476857813	0.00785744652730467	0.0377261505450059
gene-BTH_RS14965	774.68238278637	0.530071022538314	0.199681394992302	2.65458393136101	0.00794062828134687	0.0380834983725015
gene-BTH_RS02015	271.709925437324	-0.769982171520085	0.29010416470669	-2.65415759301	0.00795066851015628	0.0380896564087883
gene-BTH_RS02780	158.435755514662	-1.19504011965809	0.450329575434156	-2.65370116654224	0.00796142991095663	0.0380992520491324
gene-BTH_RS21610	220.817678935641	-0.627301962473269	0.236740295011077	-2.64974732097853	0.00805519904949578	0.0385056218300073
gene-BTH_RS19575	77.7433436838318	-0.870299068940302	0.328615121150339	-2.64838412150287	0.00808775708768031	0.0386083610193857
gene-BTH_RS19660	950.398508304335	0.650649376655396	0.245703785764284	2.64810480893281	0.00809444258613327	0.0386083610193857
gene-BTH_RS34925	37.2731336418674	-1.30555817650542	0.493131500304881	-2.64748485079182	0.00810929930147083	0.0386368586652772
gene-BTH_RS02165	541.127858622855	0.60028452692918	0.226963168106283	2.64485436971023	0.00817260818148803	0.0388958923298391
gene-BTH_RS35560	6.8656860571057	-1.6242865915296	0.614539847685609	-2.64309401196156	0.00821522214551474	0.0390559741344143
gene-BTH_RS16115	99.0909455928505	-1.0530807085743	0.398559997717805	-2.64221375603258	0.00823660547791634	0.039114884092725
gene-BTH_RS03525	1096.67480922837	0.547390601541427	0.207492734021638	2.63811937378176	0.00833672294855025	0.0395055050299638
gene-BTH_RS28170	204.745163998683	-0.74112092085332	0.280929045974728	-2.6381071358495	0.0083370238201165	0.0395055050299638
gene-BTH_RS25680	125.791226171997	-1.17157706440972	0.44418082044508	-2.63761290556347	0.00834918267301623	0.0395200703238527
gene-BTH_RS12525	104.1201135976	0.725427378144491	0.275240786515113	2.63561003196254	0.00839861911540252	0.0396677450076015
gene-BTH_RS13505	124.135637424104	-0.855784821033165	0.324693998757966	-2.6356656553763	0.00839724264925778	0.0396677450076015
gene-BTH_RS00780	374.053769686312	-0.507813357881075	0.192754771315136	-2.63450473581714	0.00842601283635015	0.0396790701650933
gene-BTH_RS09070	389.047476822886	0.634149470027158	0.24065732945413	2.63507233071008	0.00841193556737304	0.0396790701650933
gene-BTH_RS28690	4286.58602256544	0.631283450291846	0.239629980676998	2.63440930266053	0.00842838180058534	0.0396790701650933
gene-BTH_RS28060	133.219702251207	-1.28094631766945	0.486408912777082	-2.63347624605823	0.00845157472985696	0.0397452433241922
gene-BTH_RS02225	731.887163811521	0.526336109282023	0.199994838059454	2.63174847105581	0.00849467267001321	0.0399047798213364
gene-BTH_RS02325	643.122300646815	0.490280850337544	0.186452592170515	2.62952016182844	0.00855054614736823	0.040077082960873
gene-BTH_RS07965	1034.78697433175	0.499978400825797	0.190164820651703	2.6291845101126	0.00855899082083931	0.040077082960873
gene-BTH_RS20610	922.164240041915	0.473576245326566	0.180100672912126	2.62950847250655	0.00855084011419307	0.040077082960873
gene-BTH_RS09825	40.5488738076814	-1.09768802922097	0.417574201037493	-2.62872568873673	0.00857054638673708	0.040088039550867
gene-BTH_RS08720	447.117162045889	-0.85000464258409	0.323742493791899	-2.62555783959109	0.00865071101105452	0.0404195412439174
gene-BTH_RS15255	2622.39022007834	0.54364221735417	0.207268401022176	2.62289000481075	0.00871874158866381	0.0406500813619374
gene-BTH_RS16105	354.149722179215	-0.781215873568868	0.297822877006844	-2.62308886886119	0.00871365405436858	0.0406500813619374
gene-BTH_RS22670	249.892656081184	-0.79900414452901	0.304697920872338	-2.62228289002266	0.00873428981827773	0.0406789729223856
gene-BTH_RS02140	320.937304001749	0.628076513250581	0.239806997714353	2.61909168304886	0.00881642485616701	0.0410175915768198
gene-BTH_RS03825	50.2416949377542	-1.20859980009076	0.461818874903643	-2.61704288362603	0.00886951975064295	0.0412205244821547
gene-BTH_RS03140	3032.15759189945	0.550313320333709	0.210422190469694	2.6152817775793	0.00891538712467261	0.0413894706428237
gene-BTH_RS34290	483.809846373048	0.571227535224323	0.21851558010329	2.61412726247854	0.00894557090837305	0.0414853235089795
gene-BTH_RS11640	99.8296975631908	-1.16446294033426	0.445970324491986	-2.61107718694226	0.00902575197006898	0.0418125889987221
gene-BTH_RS23250	1545.2073375119	0.6636015056396	0.254405279117318	2.60844235599994	0.0090955329581939	0.042091030178876
gene-BTH_RS05455	180.664084912151	-0.932160070366515	0.357716774760881	-2.60586065886797	0.00916437351300381	0.0423645321801983
gene-BTH_RS03175	4334.05097472582	0.601451170943031	0.230992311897374	2.60377138097239	0.00922042385389822	0.042534071145667
gene-BTH_RS25675	188.978495511346	-1.10007268740077	0.422493130861564	-2.60376466987158	0.00922060438858942	0.042534071145667
gene-BTH_RS07515	100.655661221944	-1.12069850566794	0.430558844324046	-2.60289277631115	0.00924408596104798	0.0425972181467783
gene-BTH_RS08780	330.482301293747	0.47819551716738	0.183779147590998	2.60201183559523	0.0092678653730294	0.0426616025107702
gene-BTH_RS00145	132.122849735623	-1.07852823405418	0.41484922516887	-2.5998077581443	0.00932759978320631	0.0428911829354624
gene-BTH_RS20975	9425.46605022922	0.628996160879985	0.242120441205308	2.5978647558577	0.00938054322635214	0.043086283800144
rna-BTH_RS26225	91.0997850978834	0.861109117687024	0.331511434181793	2.59752463685706	0.0093898384005831	0.043086283800144
gene-BTH_RS03130	1497.44249344765	0.444234968875118	0.171061488887175	2.59693149969083	0.0094060680145079	0.0431152748820963
gene-BTH_RS25295	3048.50946141211	0.540248679956647	0.208066353724151	2.596521111111	0.00941731184302215	0.0431213752812067
gene-BTH_RS05770	797.451142449204	0.54575900175555	0.210233875416055	2.59596128680732	0.00943266924439293	0.043146278878138
gene-BTH_RS10510	69.3631252453019	-1.24362728351609	0.479408396871264	-2.59408740362561	0.00948423727583051	0.043336588392713
gene-BTH_RS02520	86.438776354191	-1.13864862268509	0.439083090061068	-2.59324179969382	0.00950758995855329	0.0433522183644725
gene-BTH_RS33270	105.444445672852	-0.894860642165804	0.345067693004959	-2.59329012917168	0.00950625388363643	0.0433522183644725
gene-BTH_RS02960	61.549697934175	-1.17955080521986	0.455208078912412	-2.59123433845475	0.00956323464780649	0.0435434593733073
gene-BTH_RS11590	87.4268837178129	-1.07855261325512	0.416267714433609	-2.5910071231987	0.00956955107146707	0.0435434593733073
gene-BTH_RS03985	338.971155105313	0.662162287512345	0.255599155897129	2.59062783360226	0.00958010334247742	0.0435459242839883
gene-BTH_RS14930	72.8126396097889	-1.27180056167494	0.491073533300248	-2.58983731647649	0.00960212978623467	0.0435550204067996
gene-BTH_RS24125	35.8060529075104	-1.3420494805952	0.518167534232821	-2.58999144472103	0.00959783171910807	0.0435550204067996
gene-BTH_RS11170	105.4979231348	-1.08796888909135	0.420208125634606	-2.58911911198356	0.00962218049286583	0.0436005053582983
gene-BTH_RS35630	84.9766382948556	-1.04720343324209	0.404535500066319	-2.58865645430478	0.00963511664842245	0.0436136913846385
gene-BTH_RS35530	268.465756742164	-0.621235965922613	0.240055249515426	-2.58788744331413	0.0096566529123555	0.0436526948751277
gene-BTH_RS25350	111.52307829322	-1.09026562570242	0.421337128239265	-2.58763245066619	0.00966380348614895	0.0436526948751277
gene-BTH_RS06830	46.608813110409	-1.40623442089168	0.544323523093433	-2.58345333470055	0.00978166988514359	0.0440935378242224
gene-BTH_RS12855	2588.81754195199	0.522084370676701	0.202062469880717	2.58377704174804	0.00977249459621711	0.0440935378242224
gene-BTH_RS00375	249.16664870398	-0.9503587941042	0.368270711398172	-2.58059836063552	0.00986292549562577	0.0444137949337185
gene-BTH_RS01630	119.584960215886	-1.06861959798117	0.414254347450964	-2.579621926859	0.00989085354746524	0.044493498377946
gene-BTH_RS22205	347.335279862282	0.597911747509224	0.231815946998823	2.57925201113218	0.00990145230049439	0.0444951627139986
gene-BTH_RS01200	176.698612830814	-0.995475450605165	0.386167299147136	-2.57783466596915	0.00994215551390848	0.0445724536417308
gene-BTH_RS06785	93.2544589708058	-0.985117803807939	0.382186610691461	-2.57758324402218	0.00994939137611969	0.0445724536417308
gene-BTH_RS20520	69558.3277837909	0.626548775374642	0.243023463016215	2.57814108810077	0.00993334309832622	0.0445724536417308
gene-BTH_RS17450	418.028675883714	0.668658233561691	0.259589526456866	2.57582901239583	0.0100000084200004	0.0447531241018534
gene-BTH_RS35460	57.1647063518795	-1.28365457074462	0.498654713754756	-2.5742353081935	0.0100461922715153	0.0449136036804641
gene-BTH_RS13190	194.218975739559	-0.567504856008005	0.220632839739381	-2.57216857054626	0.0101063669815314	0.0451362385725477
gene-BTH_RS34280	1032.83449119427	-0.718828390154863	0.279539249878725	-2.57147570678078	0.0101266119764086	0.0451802688178232
gene-BTH_RS13275	2665.38550848885	0.7070157303989	0.275250800110822	2.56862370650417	0.0102103261815651	0.0455070890264427
gene-BTH_RS34745	658.44647302594	0.433585809413542	0.168863184909025	2.56767518418616	0.0102383041788272	0.0455850800183197
gene-BTH_RS11615	29.4904016052357	-1.50346543323656	0.586108698282477	-2.56516485362237	0.0103126794849418	0.0458692799176859
gene-BTH_RS17430	898.050586983696	0.399541753281794	0.155789746532053	2.56462162739055	0.010328837171991	0.045882126921531
MSTRG.3712.1	6.42173647308022	-1.57221985411495	0.613104476747492	-2.56435878996603	0.0103366630765748	0.045882126921531
gene-BTH_RS13035	2259.26087068018	0.543668633199909	0.212039013275738	2.5640028445752	0.0103472696544987	0.0458823883762173
gene-BTH_RS27185	78.4628870170527	-1.03633448347747	0.404255985435271	-2.5635600233887	0.0103604785052796	0.0458941766781732
gene-BTH_RS30210	180.600217069949	-0.929129524937611	0.362525194488205	-2.56293780146594	0.0103790640304629	0.0459297340106956
gene-BTH_RS10130	961.783676659873	-0.523412625286479	0.204264623428597	-2.56242425389653	0.0103944258371918	0.0459509678778296
gene-BTH_RS34160	412.353511513842	-0.567611261315168	0.221605764714808	-2.56135602810535	0.0104264446226695	0.0460457199072207
gene-BTH_RS02040	128.070673403709	-1.23901646118676	0.483803957095121	-2.56098868770344	0.0104374754705308	0.0460476858994007
gene-BTH_RS34765	757.255839647967	0.474484509746756	0.185303819392426	2.56057598436176	0.010449880904927	0.0460557061159395
gene-BTH_RS20395	158.780670861234	-0.874976016856445	0.342056374924066	-2.5579877499745	0.0105279800864654	0.0463529487612596
gene-BTH_RS27300	11957.0465047128	0.525179225893383	0.205372070645429	2.55720860311184	0.0105515920644843	0.0464099347628986
gene-BTH_RS20600	1118.38683938628	0.479685404754766	0.187808336887426	2.55412199854735	0.0106455949235567	0.0467760989065371
rna-BTH_RS20320	55.7187316621246	-1.24079362835907	0.486091865917685	-2.55259080712365	0.0106925032945846	0.0469348025544328
gene-BTH_RS31245	49.6400185346947	-1.32292520093436	0.518556585337768	-2.55116845169879	0.0107362420174628	0.0470792870725437
gene-BTH_RS07755	1072.08911238015	0.484385306159096	0.189906171101095	2.5506559547306	0.0107520407065692	0.0471010846662395
gene-BTH_RS08030	239.440034544475	0.61892712294428	0.242915409015447	2.54791215367042	0.0108369756221413	0.047392266924787
gene-BTH_RS13030	1274.91089729553	0.414496151918857	0.162687540165583	2.54780514535399	0.0108403001356697	0.047392266924787
gene-BTH_RS20470	635.691575429584	0.408214082916357	0.16040384434853	2.54491458464909	0.0109304471701135	0.0477383987851344
gene-BTH_RS16655	740.968008073029	0.460680199965877	0.181213129016483	2.54220101195855	0.0110156801605417	0.0480623958860145
gene-BTH_RS07670	35.6930446038031	-1.3490872654639	0.531084539074078	-2.5402495576617	0.0110773396230956	0.0482829933471601
gene-BTH_RS02560	595.492539822418	0.47267184922819	0.186158332178506	2.53908510941614	0.0111142782025145	0.0483955056866249
rna-BTH_RS31635	414292.211814373	0.769923833979084	0.303372772483749	2.53788046855895	0.011152606877079	0.0484653745407529
gene-BTH_RS28255	3753.15058092485	0.615092433722446	0.242364522522789	2.53788148248724	0.0111525745670983	0.0484653745407529
gene-BTH_RS20415	915.700487074968	0.519004743585289	0.204901576248184	2.53294656433806	0.0113108193964383	0.0491038566611842
gene-BTH_RS34295	34.652060610524	-1.19038629279335	0.47014134016095	-2.5319753680581	0.0113421958641931	0.0491064872713855
rna-BTH_RS22375	372.635931286052	0.604103608568499	0.238575663720553	2.53212586375153	0.0113373287413994	0.0491064872713855
gene-BTH_RS22685	1339.61539830589	0.593974743289311	0.234598330729266	2.53187966616343	0.0113452918868373	0.0491064872713855
gene-BTH_RS14750	827.193853864731	0.484220007428135	0.191305796569218	2.53113087063692	0.0113695418539858	0.0491625318735965
gene-BTH_RS10825	689.689782632354	0.560508522325962	0.221669210061361	2.52858086231645	0.0114524701772006	0.049471941679069
gene-BTH_RS10850	1049.91291143513	0.459728075518444	0.181876677674249	2.52769118832181	0.0114815291712548	0.0495482657688081
gene-BTH_RS25065	204.427248287624	-0.941259265938655	0.372437651802988	-2.52729352518999	0.0114945389998885	0.0495552474227105
gene-BTH_RS13365	202.005015182924	0.59666222816335	0.236336656480612	2.52462837144478	0.0115820695528393	0.0498831708463869
gene-BTH_RS15510	550.519504698774	-0.584585363970651	0.231795717215236	-2.52198518158051	0.0116694623978286	0.0502098530470372
gene-BTH_RS18915	188.495639763195	0.520942138191551	0.206986001764929	2.5167988837389	0.0118426407376411	0.0509046316291885
gene-BTH_RS24090	75.3909147695054	-0.909852266149193	0.361741582326546	-2.51519955294458	0.0118965026584248	0.0510856728175203
gene-BTH_RS02485	211.145586641415	-0.887919222349836	0.353435204652573	-2.512254610354	0.0119962502839174	0.0514632038807109
gene-BTH_RS07520	1813.04650880198	0.530740764876126	0.211316297333953	2.51159409649021	0.0120187239646388	0.0514690147804163
gene-BTH_RS15770	203.060866413568	0.688798130667661	0.274255551450045	2.51151937317529	0.0120212687395179	0.0514690147804163
gene-BTH_RS18460	645.544070147897	0.455253700490769	0.181324812722063	2.51070823488778	0.0120489235883934	0.0514877092297461
gene-BTH_RS27875	13376.6535885182	0.718930158705801	0.286346844484728	2.51069698358119	0.0120493075852601	0.0514877092297461
gene-BTH_RS09265	106.165870933891	-1.12304004832812	0.447438075738416	-2.50993402042226	0.0120753721459009	0.0515484483166524
gene-BTH_RS03355	99.0231854361531	-0.973924553649315	0.388156160920602	-2.5091049729558	0.0121037509393845	0.0515683805938519
gene-BTH_RS18270	1982.88894557552	0.631695066666241	0.251746443557581	2.5092512042648	0.0120987410642672	0.0515683805938519
gene-BTH_RS18345	1588.24037345165	0.594761819113125	0.237170433182064	2.50774015602761	0.01215059821038	0.0517173211498562
gene-BTH_RS02810	64.5736385758723	-1.05470996455386	0.420885724955915	-2.50592952437229	0.0122129960064511	0.0519320944555839
gene-BTH_RS22905	396.086322988965	0.462049834942089	0.184485384603098	2.50453354847671	0.0122612976489668	0.0520865671611382
gene-BTH_RS09115	64.562545622123	-0.935016309900096	0.373860472721501	-2.5009766426862	0.0123851346476191	0.0525613031386764
MSTRG.721.1	13.897589398062	-1.42183436104102	0.568601968792764	-2.50057938430957	0.0123990341110494	0.0525690042719933
gene-BTH_RS11625	43.90401095334	-1.23075251624887	0.49239487008421	-2.49952343337449	0.0124360474132901	0.0526745922568765
gene-BTH_RS00250	242.270268681357	-0.505087022274591	0.202247150106393	-2.49737522634503	0.0125116487498072	0.052943260760371
gene-BTH_RS19475	41.4289416043746	-1.30615612942448	0.523178963642973	-2.49657616263759	0.0125398736804783	0.0530111278037714
gene-BTH_RS18395	230.925089888963	-0.832049195393893	0.333335211340634	-2.49613352291074	0.0125555330764913	0.0530257950317836
gene-BTH_RS18190	135.913908106618	-0.625921478917467	0.251066925160168	-2.49304634020654	0.0126652315515235	0.0534372039273784
gene-BTH_RS16935	539.264009317037	-0.616332027693923	0.247352704965693	-2.49171331188558	0.012712860417266	0.0535861848983595
gene-BTH_RS18425	119.84167745107	-1.1922772350905	0.478737458356817	-2.49046155523903	0.0127577297185286	0.0537232568011611
gene-BTH_RS33505	8.87005435445935	-1.5337287989865	0.616269163795567	-2.48873201693291	0.0128199557231678	0.0539048071481793
gene-BTH_RS17320	55.450174988096	-1.18088420440806	0.474522292382892	-2.4885747695394	0.0128256265283599	0.0539048071481793
gene-BTH_RS21570	75.6952731991716	-1.06209800600506	0.427249566221059	-2.4858960429126	0.0129225708719415	0.0542598294333451
gene-BTH_RS02950	83.3533821264355	-1.09965130644838	0.442439532579706	-2.48542733068337	0.0129396002620381	0.054278940347026
gene-BTH_RS10845	512.254191721631	0.42907060674075	0.172691860412306	2.48460237625753	0.0129696209735299	0.0543524578370473
gene-BTH_RS33230	446.662344649287	-0.517055430369151	0.208144635150046	-2.48411605706974	0.0129873473462164	0.0543743608816565
gene-BTH_RS14085	773.448274524664	0.446403412357561	0.179886631597501	2.48158191852963	0.0130800641301873	0.0547098836214564
gene-BTH_RS04785	155.665030016079	0.652600130395873	0.263097571162791	2.48044908781039	0.0131217001144669	0.0547786904970545
gene-BTH_RS16435	1017.78413358726	0.519800033567912	0.209539429131659	2.48067886660753	0.0131132453770041	0.0547786904970545
gene-BTH_RS02175	3049.5425984419	0.424666166973537	0.171307226103743	2.47897404349051	0.013176089428722	0.0549042886864056
gene-BTH_RS21675	73.306099222657	-1.01787070123969	0.410605811061086	-2.47894860184593	0.0131770292847373	0.0549042886864056
gene-BTH_RS26735	592.014359675996	0.5613170832687	0.226519663017814	2.47800599643553	0.0132118924812259	0.0549968730079737
gene-BTH_RS16915	21.1247498098453	-1.37111622543999	0.55351514243515	-2.47710698465784	0.01324521928108	0.0550828908916809
gene-BTH_RS28685	2520.70471363056	0.439846042767918	0.177669293464651	2.47564468902124	0.0132995860605426	0.055256159850392
gene-BTH_RS34985	104.881666245461	-0.867336153234233	0.351017205171913	-2.47092205297871	0.0134765189477502	0.0558845161322341
gene-BTH_RS25885	4623.91446094768	0.442353810482424	0.179000961010216	2.47123707038187	0.0134646524459743	0.0558845161322341
gene-BTH_RS20425	232.475525867719	-0.851982384881228	0.344959851927946	-2.46980157290648	0.0135188016333864	0.0560064639097439
gene-BTH_RS11825	87.3985917306105	-1.01445000453977	0.411315267729284	-2.46635630653869	0.0136495481995084	0.0564943241368805
gene-BTH_RS14375	452.509814295578	0.624593404007429	0.253743858733762	2.46151141203688	0.0138352996188911	0.057208700895605
gene-BTH_RS14735	147.99450733842	-0.827058328386297	0.336144410021356	-2.46042564960028	0.0138772322188597	0.0573275974853178
gene-BTH_RS14205	126.410476217806	-1.02517927371953	0.416881452443732	-2.45916259337037	0.0139261531363373	0.0574751101926636
gene-BTH_RS02830	222.662074617264	-0.907394484550608	0.369348812539366	-2.45674130725382	0.0140203606663621	0.0577543266085937
gene-BTH_RS05525	61.9484676335497	-1.08371601453636	0.441071375506569	-2.4570082637798	0.0140099463896291	0.0577543266085937
gene-BTH_RS14715	663.463155299721	0.467264309925526	0.190245088820509	2.45611759453289	0.0140447190426208	0.0577999317269637
gene-BTH_RS05420	205.225045633691	-0.890112785331106	0.362512869254128	-2.45539637575493	0.0140729319646069	0.0578612987202646
MSTRG.1429.1	71.1402615673337	-0.83149736499128	0.338921175639836	-2.45336504401511	0.0141526634106426	0.0581155223373725
rna-BTH_RS34100	13.7677080049283	-1.38992340120068	0.566589294640894	-2.45314095120985	0.0141614836040494	0.0581155223373725
gene-BTH_RS34995	321.781937579658	-0.786104053293828	0.320553631213313	-2.4523323923001	0.0141933484607884	0.0581913909561072
gene-BTH_RS11340	150.834265657295	-0.850247277301945	0.347058934333048	-2.44986425413853	0.0142910080437252	0.058536614868366
gene-BTH_RS04105	64.7840699690815	0.771290628029273	0.315234618920268	2.44671930599207	0.0144163063152003	0.0589942920706692
MSTRG.918.1	311.798326150768	0.431198360750916	0.176282813648369	2.44606012252009	0.0144426914117478	0.0590316797059847
gene-BTH_RS09260	82.5767616813718	-1.23798421780717	0.506168916265241	-2.4457926554274	0.0144534094404913	0.0590316797059847
gene-BTH_RS14610	3627.05272544969	0.590093063606464	0.241299993725867	2.44547484023912	0.0144661541532367	0.0590316797059847
gene-BTH_RS12890	956.217904217797	0.472832940622671	0.193433168630103	2.4444253484099	0.0145083102680988	0.0591482189936549
gene-BTH_RS35755	10747.4896027267	0.688834971015216	0.28200126081531	2.44266628107863	0.0145792116721097	0.0593816205746043
gene-BTH_RS17840	41.6637681756309	-0.995274320936378	0.408277754445735	-2.43773830461944	0.0147794691191545	0.0601409641424902
gene-BTH_RS05435	662.691354549621	-0.854983249659462	0.351014461769531	-2.43574935730376	0.0148609778387178	0.0603597139107587
gene-BTH_RS13685	188.059854166158	0.786025190058788	0.322690372599892	2.43584952264253	0.0148568635276439	0.0603597139107587
gene-BTH_RS01265	239.068859983965	-0.823295683465091	0.338482396949854	-2.43231462221967	0.0150026690729875	0.0607650004352844
gene-BTH_RS03025	217.030152410365	-0.898241370606764	0.369219911582552	-2.43280858488026	0.0149822189141759	0.0607650004352844
gene-BTH_RS09110	133.493186264175	-0.948024815456756	0.389713160983057	-2.43262201631926	0.0149899400044281	0.0607650004352844
gene-BTH_RS00960	168.226956530269	-0.767739541013294	0.315828838710593	-2.43087219060703	0.0150625268529471	0.0608443998125585
gene-BTH_RS09060	135.704540986687	0.797418247856059	0.328007769900439	2.43109560513795	0.0150532418897544	0.0608443998125585
gene-BTH_RS11665	65.5839162042449	-1.04562661794185	0.43015189669508	-2.43083112262331	0.0150642341604886	0.0608443998125585
gene-BTH_RS08785	122.313316846779	0.639718729916108	0.263493605708056	2.42783398176615	0.0151892944857521	0.0612926076187584
gene-BTH_RS11655	61.9979978883467	-1.0566864572997	0.435398640732773	-2.42694018410647	0.0152267661191159	0.0613355120923356
gene-BTH_RS14595	4739.10908850747	0.621279237738885	0.255996230612848	2.42690775661641	0.0152281271401661	0.0613355120923356
gene-BTH_RS01270	150.039537155445	-0.785192120586927	0.323657805331104	-2.42599470074164	0.0152664931962442	0.0614331594853489
gene-BTH_RS00915	66.2361082905566	-1.14812948881227	0.473412711363178	-2.42521897121492	0.0152991557220139	0.0615076962946029
gene-BTH_RS22835	638.602874932801	0.527300392702203	0.217488693824382	2.42449565276248	0.01532966686153	0.0615208810880438
gene-BTH_RS23530	1825.73666291001	0.490500569584275	0.202312435116599	2.42447069208368	0.0153307207125148	0.0615208810880438
gene-BTH_RS08275	73.099619677715	-1.15116150862869	0.475176043037374	-2.42260005632933	0.0154098815048976	0.0617815525772392
gene-BTH_RS16535	1123.83984968768	0.47645699447041	0.196953907572207	2.41912943156882	0.0155577033701309	0.0623167676427894
gene-BTH_RS00070	302.784778111595	-0.644263352181918	0.266547762341213	-2.41706531888714	0.0156462091420004	0.0626136244413081
gene-BTH_RS33175	26.8206198810371	-1.21972587338988	0.504842695005981	-2.41605134719326	0.0156898486128109	0.0626154508859885
gene-BTH_RS35550	67.2370292778005	-1.30443723378416	0.539888830128956	-2.41612191434408	0.0156868080698804	0.0626154508859885
gene-BTH_RS28345	1453.9329794168	-0.445515740056741	0.18436301828709	-2.41651359473288	0.0156699410689511	0.0626154508859885
gene-BTH_RS16450	1824.06077882324	0.451613998108873	0.187107823184604	2.41365641704517	0.0157933473601604	0.0629582003527231
gene-BTH_RS19720	8.38531940787516	-1.46279465429505	0.606114883983531	-2.41339503937145	0.0158046792609595	0.0629582003527231
gene-BTH_RS03960	82.2147927444856	0.962778727369629	0.399398679329784	2.41057063329611	0.0159275868826401	0.0633897556628404
gene-BTH_RS26275	1753.86528845999	0.456628449281489	0.189485477868969	2.4098334839003	0.0159598028546357	0.0634599108022533
gene-BTH_RS01120	98.9946836295154	-1.0607903545556	0.440313771495564	-2.40916914988267	0.0159888856129055	0.0635174907909946
gene-BTH_RS10965	82.066633432289	0.718235129386378	0.298338980315311	2.40744648462392	0.0160645164357026	0.0637597139555716
gene-BTH_RS21055	2288.15736651596	0.426254813705414	0.177149636144574	2.40618509290949	0.0161200950654451	0.0639219813442901
gene-BTH_RS09690	28.9571197544315	-1.29516872054586	0.538344308031078	-2.40583712175349	0.0161354568597636	0.0639246241711948
gene-BTH_RS04195	116.196338629974	-0.83196393621679	0.346079672445495	-2.4039664922759	0.0162182597747855	0.0641358454730153
gene-BTH_RS11855	197.340305236827	0.546998115536467	0.227521452640024	2.40416061513947	0.0162096496471221	0.0641358454730153
gene-BTH_RS24810	426.80689385299	-0.558876075526298	0.232607322940947	-2.40265898966638	0.0162763575350728	0.0643071346753556
gene-BTH_RS35785	569.488849595939	0.585791727295165	0.24388705052464	2.40189762447425	0.0163102723303344	0.0643826539355304
gene-BTH_RS24110	98.5853741485721	-0.94093417310456	0.391969363603173	-2.40052988951747	0.0163713536814054	0.0645651754434393
gene-BTH_RS11430	89.3762856269631	-1.09152846375979	0.454989224757488	-2.39902046986186	0.0164389956863165	0.0647732166988016
gene-BTH_RS34840	84.2669790208939	0.733140014137163	0.305812885423936	2.39734834299359	0.0165142156481905	0.0649603595651531
gene-BTH_RS05620	57.6674872101705	-1.03541713022218	0.431909555839595	-2.39730081500377	0.0165163580871401	0.0649603595651531
MSTRG.1296.1	47.123958075819	0.927224981003129	0.386839850516097	2.39692208485265	0.0165334389887292	0.0649687981941932
gene-BTH_RS25580	644.416667876225	0.54404578364019	0.227021788469994	2.39644743928224	0.0165548676240244	0.0649942907621898
gene-BTH_RS11610	16.6739805041893	-1.44634604575152	0.603676996462367	-2.39589392046958	0.0165798879237509	0.0650338254899157
gene-BTH_RS18480	4325.40305391327	0.622536957012926	0.259980205605565	2.3945552145513	0.0166405377839521	0.0652129183425152
gene-BTH_RS05815	896.177635129784	0.33820705312814	0.141361785699124	2.39249279043478	0.0167343568629138	0.0655215592742349
gene-BTH_RS07065	153.48658008279	-1.09220578376999	0.456623666574166	-2.39191672206633	0.0167606448813765	0.0655654723327227
gene-BTH_RS13745	300.728183076728	0.520086857497742	0.217497772965046	2.39122842688291	0.0167921017338033	0.065629508124029
gene-BTH_RS11190	63.2746514673819	-1.02770467845667	0.429848925691696	-2.39085087115881	0.0168093790000073	0.0656380598294718
gene-BTH_RS20370	82.6428146585334	-1.04543759565146	0.437403617329457	-2.39009819359594	0.0168438687247593	0.0657137479396441
gene-BTH_RS13790	581.374643222512	0.446224985650567	0.186776170835595	2.38908948424339	0.0168901879178803	0.0658354098949634
gene-BTH_RS26715	34.4302265369722	-1.23676391077366	0.518378763516209	-2.38583058917108	0.0170405989101527	0.0663622249410603
gene-BTH_RS15925	2351.7883397627	0.517509807416565	0.216951143128702	2.38537488189017	0.0170617250083516	0.0663850659985057
gene-BTH_RS09515	179.243717082683	-0.645325485443806	0.270639218792538	-2.3844492617254	0.0171047065165299	0.0664928269409341
gene-BTH_RS01215	220.819263708046	-0.820600201334969	0.344634356616317	-2.38107485681861	0.017262203706221	0.0670451661804117
gene-BTH_RS21210	122.347174310569	-0.927038556252888	0.389410377666774	-2.38062108618526	0.0172834797559284	0.0670679187674295
gene-BTH_RS26780	126.698786415038	0.691533731821103	0.290733731905611	2.37858100361611	0.017379417976687	0.0673800964336796
gene-BTH_RS21880	128.370011223616	0.602191842511791	0.253245540817772	2.37789712137562	0.0174116830059606	0.0674450766482
gene-BTH_RS03370	33.4557705735875	-1.39209344192022	0.586595895836927	-2.3731728295406	0.0176360095346949	0.0681320084155621
gene-BTH_RS14855	94.1116028735681	-1.05017340677792	0.442497667301248	-2.37328574675393	0.0176306184050338	0.0681320084155621
gene-BTH_RS31575	52.2300581728053	-1.25373844399206	0.528293082738572	-2.3731873177156	0.0176353177291619	0.0681320084155621
gene-BTH_RS00285	260.932435775558	-0.9571743301861	0.403573480910405	-2.37174734084819	0.0177041925565384	0.068191315961736
gene-BTH_RS07165	107.443161637742	-0.981011705671013	0.413593214956452	-2.37192407949513	0.0176957263849843	0.068191315961736
gene-BTH_RS09240	71.6545207946941	-1.04442848302756	0.440400711170288	-2.37154131802415	0.0177140659854625	0.068191315961736
gene-BTH_RS21115	82.0610017662256	-0.736439404365641	0.310486505899238	-2.37188860183392	0.0176974255586264	0.068191315961736
gene-BTH_RS20530	15933.2789144405	0.531952212357237	0.224480247739343	2.36970609982095	0.0178022300612699	0.0684701156202689
gene-BTH_RS10440	933.105320976989	0.550219900790146	0.232266642262784	2.36891486194402	0.0178403596787647	0.0685561524758183
gene-BTH_RS02915	201.689570132224	-0.741949086110495	0.313544307089612	-2.36632931721016	0.0179654560292423	0.0689759344458994
gene-BTH_RS01455	93.3664152330308	-0.817750716668753	0.345718224249881	-2.36536768763944	0.0180121781892816	0.0689902666244673
gene-BTH_RS01775	81.0825977444031	-1.0344198205185	0.43733627227372	-2.3652733287832	0.0180167684794011	0.0689902666244673
gene-BTH_RS20255	769.450562561538	0.405237464990126	0.171316570299896	2.36543064270282	0.0180091161741617	0.0689902666244673
gene-BTH_RS19650	971.833010776217	0.554892449106976	0.23483682552113	2.36288515600398	0.0181332879315963	0.0693753759915954
gene-BTH_RS05135	325.614701901109	0.431359602573918	0.182609909708524	2.36219164262465	0.0181672480017462	0.0694442256657258
gene-BTH_RS03010	145.423915016289	-0.843556273588511	0.357804761877899	-2.35758816948438	0.0183940866185757	0.0702495845397755
gene-BTH_RS16250	923.597996925333	0.394274316091877	0.167305895810783	2.35660742367255	0.018442732499297	0.0703735845367913
gene-BTH_RS13390	3206.0275447795	0.489682165507125	0.207836517329461	2.35609300905906	0.0184682929204854	0.070409355130685
gene-BTH_RS00190	214.545302691385	-0.529217440441505	0.224939511401261	-2.35271001143705	0.0186371622206583	0.0709470370033105
gene-BTH_RS00335	211.85608426738	-0.92670809524601	0.393905616554847	-2.35261457643363	0.0186419455850078	0.0709470370033105
gene-BTH_RS24475	85.159528365454	0.757772081641906	0.322151996977349	2.35221910387595	0.0186617787905458	0.0709604350864285
gene-BTH_RS23275	136.094849219751	-0.904193041158293	0.384822159171126	-2.34963870871118	0.0187916410534783	0.0713295275590146
gene-BTH_RS23475	6786.98211273611	0.718495686721877	0.305772094191526	2.34977520961031	0.0187847516916658	0.0713295275590146
gene-BTH_RS33870	135.567850974234	-0.88866948993417	0.378505702930858	-2.347836460727	0.018882810076767	0.0716130983730919
gene-BTH_RS31555	352.18096724119	-0.663969517960912	0.28288769679741	-2.34711344988755	0.0189194930839052	0.0716897168249022
gene-BTH_RS22535	1020.76565229556	0.47653432238199	0.203203053383038	2.34511398548584	0.0190212634776366	0.0720126162991462
gene-BTH_RS01715	152.298684420073	-1.00282024825163	0.428140275081689	-2.34227029461382	0.0191668283474292	0.0724690860314895
gene-BTH_RS28425	305.546999751945	-0.780834782974934	0.333389709993711	-2.34210822820435	0.019175153568332	0.0724690860314895
gene-BTH_RS02585	508.529197736955	-0.465045715673798	0.198656216995933	-2.34095727134137	0.0192343682798159	0.0725667840565474
gene-BTH_RS26920	403.652528599696	-0.456807337838119	0.195126420097382	-2.34108398857592	0.0192278410804765	0.0725667840565474
gene-BTH_RS11355	64.2896117986968	-1.06441699759902	0.45509058365402	-2.33891237443892	0.0193399689367451	0.072901962629845
gene-BTH_RS20265	229.232315055515	-0.593666630949077	0.253861991002121	-2.33854082923393	0.0193592102202467	0.0729113112191108
gene-BTH_RS35000	62.1268321694603	-1.01207423205713	0.433067373005653	-2.3369902586587	0.0194396906044841	0.0731510848871159
gene-BTH_RS00830	108.842096761674	-1.05586031145156	0.452223191390968	-2.33482123772532	0.0195527612551723	0.0735129744684525
gene-BTH_RS06935	57.0560540421547	-1.07100561031421	0.458791336026858	-2.33440679065377	0.0195744315550913	0.0735308957380373
gene-BTH_RS16880	23.8335925785369	-1.24957959341153	0.535444536441182	-2.33372367886472	0.0196101953831617	0.0736016824130744
gene-BTH_RS23930	154.777223663606	0.643589837130561	0.275893170958133	2.33275015432776	0.0196612621840884	0.0737297331903316
gene-BTH_RS00970	80.4366613729523	-1.00398207111423	0.430581622507626	-2.33168815999909	0.0197171021372133	0.0737501178818458
gene-BTH_RS03435	4444.63373026026	0.535839404124907	0.229808347902352	2.3316794581918	0.0197175602520889	0.0737501178818458
gene-BTH_RS24535	176.401981205587	-0.804895779067994	0.345126423421969	-2.33217662990668	0.0196914010778326	0.0737501178818458
gene-BTH_RS22475	1204.16270382934	0.359070003563451	0.154046860538809	2.33091412773706	0.0197578881745746	0.0738374686936423
gene-BTH_RS04370	734.602980201275	-0.459221742090461	0.197251350502809	-2.32810442574851	0.0199065593619151	0.0740115668584023
gene-BTH_RS14780	168.42020852997	-0.860871527456769	0.369582781476181	-2.3293063708712	0.0198428411160044	0.0740115668584023
gene-BTH_RS22095	156.985050478335	-0.684186936290831	0.293680830047446	-2.32969559565837	0.019822245498811	0.0740115668584023
gene-BTH_RS27135	3432.2868742419	0.510329050369125	0.219198898903495	2.32815517286793	0.0199038655175036	0.0740115668584023
rna-BTH_RS27340	16.302199840611	-1.32279099848365	0.568008373225378	-2.32882306113256	0.0198684411887654	0.0740115668584023
gene-BTH_RS28020	66.9291907424538	-1.04311578735438	0.447957921825986	-2.3286021666999	0.019880151179008	0.0740115668584023
gene-BTH_RS01470	79.8694748225453	-0.86393980495496	0.371487815664397	-2.32562083741515	0.020038786955375	0.0743760437336869
gene-BTH_RS27150	918.039312556718	0.560575387733544	0.241015762780576	2.32588682692883	0.0200245889696788	0.0743760437336869
gene-BTH_RS02210	85.9082840807491	0.738038700496491	0.317741704851135	2.32276307840127	0.0201918835487933	0.0748803865620212
gene-BTH_RS01505	50.1237260374037	-1.22979171727455	0.529656520219206	-2.32186647445704	0.0202401265162471	0.0749953580457197
gene-BTH_RS10555	120.516568158362	0.645090823100115	0.278054721169974	2.32001391807252	0.0203401244347729	0.0753017372691591
gene-BTH_RS19095	602.160688876166	0.674691345649328	0.291047143755169	2.31815140648445	0.020441093910935	0.0756111892113667
gene-BTH_RS12220	550.49421224594	0.39892808573674	0.172137640353467	2.317494796127	0.0204767937985498	0.0756146460302985
gene-BTH_RS20365	241.346188787272	-0.707324855231015	0.305201037154423	-2.31757028687006	0.02047268660423	0.0756146460302985
gene-BTH_RS09510	65.301282048722	-0.770145553678858	0.332544214691296	-2.3159192662359	0.0205626771758766	0.0758673839822418
gene-BTH_RS23545	1388.22121858575	0.505304633809839	0.218337301641043	2.31433030458801	0.0206496107012327	0.0761235648731882
gene-BTH_RS14640	1032.90035390984	0.491081288547328	0.212246585567894	2.31372998172562	0.0206825382144237	0.0761803905442364
gene-BTH_RS24805	326.51675444713	-0.52575150838552	0.227286194643518	-2.31316956672235	0.0207133180984909	0.0762292163523142
gene-BTH_RS16300	122.466188678477	-0.818697461945908	0.354079467430035	-2.31218564546581	0.0207674549884386	0.0763638454773523
gene-BTH_RS07365	47.5506040108208	-1.22588425379712	0.530635740463502	-2.3102180277686	0.0208760864625228	0.0765268977852863
gene-BTH_RS10375	346.025036117005	-0.685059439964386	0.296548644096876	-2.31010815122996	0.0208821672807206	0.0765268977852863
gene-BTH_RS13540	56.4994599908588	-1.02417641608591	0.443236929226195	-2.31067482999198	0.0208508225281379	0.0765268977852863
gene-BTH_RS28970	115.564260969395	-0.889553739934088	0.385016089200461	-2.31043264135109	0.020864213708463	0.0765268977852863
gene-BTH_RS26180	13750.516057938	0.492055740836517	0.213241939082593	2.3074998424486	0.0210269710109444	0.0769926968835084
gene-BTH_RS01700	78.245703822135	-0.875153005534406	0.379686434293544	-2.30493619600274	0.0211701470579174	0.0774517575289661
gene-BTH_RS05405	144.753555929585	-0.908747613335656	0.394837748462555	-2.30157227082314	0.0213593053946135	0.0780781331651837
gene-BTH_RS20800	465.34358304798	-0.361382627591964	0.157108282216621	-2.30021372834877	0.0214361144370912	0.0782931131833308
gene-BTH_RS07575	67.7776172837368	-0.869873619318525	0.378372179596298	-2.29898937138199	0.0215055428596903	0.0784150137800947
MSTRG.3971.10	1096.72774955054	0.508740955832979	0.221265917938764	2.29922873152915	0.0214919543202134	0.0784150137800947
gene-BTH_RS14215	1050.99265467046	0.416986953528448	0.181445102403725	2.29814389037975	0.0215536009356538	0.0784587147030077
gene-BTH_RS21165	1927.84667493283	0.505436478998083	0.21990679040963	2.29841233213665	0.021538332288932	0.0784587147030077
gene-BTH_RS18705	2272.80401176737	0.594997879499735	0.258968856354902	2.29756538247334	0.0215865378141057	0.0785129092737122
MSTRG.209.1	180.781220567365	-0.920072181613815	0.400635329428647	-2.29653281682857	0.0216454350084626	0.0786613552939117
gene-BTH_RS22145	797.218462088195	0.501465249278782	0.218418223178205	2.2958947380029	0.0216819006938118	0.0787281035209359
gene-BTH_RS02565	604.53411806671	0.412125845951735	0.179678052668021	2.29369051941582	0.0218082817058724	0.0789891968530765
gene-BTH_RS21990	703.378103242916	-0.651027334335463	0.283799453434761	-2.29396965517807	0.0217922418166992	0.0789891968530765
gene-BTH_RS22470	1691.70850488163	0.437757989242163	0.190832866859259	2.29393393521155	0.0217942938087364	0.0789891968530765
gene-BTH_RS16280	345.642761536227	0.387362012248895	0.168960905940449	2.29261325330146	0.0218702806777004	0.079147854366054
gene-BTH_RS11070	158.416703394306	-0.886906658128419	0.386937211343486	-2.29212035474434	0.0218986991479511	0.0791848223554341
gene-BTH_RS22150	2765.64974759171	0.540072057157985	0.235749289750193	2.29087458855236	0.0219706680871422	0.0793790748995587
gene-BTH_RS16470	56.4344612733538	0.885092657284677	0.386685795194734	2.28891950075111	0.0220840299998612	0.079656327113927
gene-BTH_RS25415	26875.3986883697	0.601231442032366	0.262640024031156	2.28918438554911	0.0220686414415344	0.079656327113927
gene-BTH_RS34720	434.508739592921	0.429740818385435	0.187806557274325	2.28820987202126	0.0221253020901645	0.0797390754699383
gene-BTH_RS18725	832.061939962467	0.403957848163827	0.176616759776465	2.28719997284004	0.0221841536127382	0.0798849902445455
gene-BTH_RS23570	4066.32336778722	0.495778160712927	0.216943267060053	2.28528945577135	0.0222958607995563	0.0802208391051031
gene-BTH_RS28945	54.9119802838016	-1.02845342441332	0.450358765064914	-2.28363141608909	0.0223932018365969	0.0805044859414848
gene-BTH_RS05785	165.845560237537	-0.681307635388505	0.298833059947039	-2.27989378253279	0.0226139889097562	0.0812231902038155
gene-BTH_RS17595	5726.6054938974	0.667617223983458	0.292863870614227	2.2796162004663	0.0226304612705803	0.0812231902038155
gene-BTH_RS11185	35.2334632666713	-1.19001696123102	0.522499307089447	-2.27754744376589	0.0227535548547304	0.0815285322737456
gene-BTH_RS17865	522.292243968447	-0.737652803957155	0.32389138740409	-2.27746964767807	0.0227581951463126	0.0815285322737456
gene-BTH_RS18920	221.408163320776	0.513640931896913	0.225553925276699	2.2772422659761	0.0227717624626669	0.0815285322737456
gene-BTH_RS21670	129.245295740421	-0.841189028851117	0.369562784779179	-2.27617353125462	0.0228356254613351	0.0816899430565852
gene-BTH_RS12020	47.4916055947246	-1.23204750376473	0.541462800306503	-2.27540562909827	0.0228816080109291	0.0817200286104612
MSTRG.3539.2	353.12713287836	0.63806386683893	0.280382827587741	2.27568810946262	0.0228646835337894	0.0817200286104612
gene-BTH_RS14290	4164.11396756193	0.504965435903492	0.222185385078954	2.27272120407043	0.023042986025607	0.0822288672775967
gene-BTH_RS11205	576.878424167555	-0.42578072237106	0.18737511302664	-2.27234404555382	0.0230657384560912	0.0822425920360631
gene-BTH_RS28160	496.895292737568	-0.519348412794614	0.228663331185874	-2.27123610113268	0.023132689087031	0.0824137571896681
gene-BTH_RS13180	114.44899966821	-0.690116847639183	0.304023980136303	-2.26994215170061	0.0232110931572669	0.0826254134485361
gene-BTH_RS15555	165.848212278923	0.571172497176056	0.251873290470035	2.26769776227626	0.023347634345049	0.0830435072779748
gene-BTH_RS24025	51.0174388756717	0.892235802736396	0.393586397952833	2.26693759585493	0.0233940381473907	0.083140576749305
gene-BTH_RS09580	119.275531853344	-0.900585798871547	0.397583687528629	-2.26514775912857	0.0235036136870738	0.0834618118683846
gene-BTH_RS14050	2804.55505377399	0.520999586628669	0.230056827113352	2.26465605548827	0.0235337941424525	0.0835008193472011
gene-BTH_RS15605	381.37720627777	0.521418169990122	0.230314224383205	2.26394253931346	0.0235776491183201	0.0835882425955113
gene-BTH_RS07585	160.054695460202	-0.786758650302157	0.347791180956026	-2.26215813793632	0.023687634674706	0.083909780810237
gene-BTH_RS23195	454.7975234865	0.413626361324118	0.182984179122252	2.26044876288335	0.023793412998287	0.0842159044284365
gene-BTH_RS09480	137.881911249102	-0.915571126460315	0.405405531082053	-2.25840807849019	0.0239202295392786	0.0845272124255581
gene-BTH_RS26795	156.012042745624	0.572276226100782	0.253372137671562	2.25863913593611	0.0239058413083249	0.0845272124255581
gene-BTH_RS10165	124.296437555094	-0.862962839086821	0.382369009513559	-2.25688488767608	0.0240152685888719	0.0847508813063859
gene-BTH_RS10430	784.724557139933	-0.32197028312349	0.142668670964396	-2.25676934499404	0.0240224911840859	0.0847508813063859
gene-BTH_RS11645	32.2696181667106	-1.23785291949788	0.54875997645173	-2.25572740836861	0.0240877079684109	0.0848826897270818
gene-BTH_RS16670	571.651658227095	0.382422025955925	0.169547189773183	2.25554918643902	0.0240988785776887	0.0848826897270818
gene-BTH_RS02695	468.984275498278	-0.358791854254095	0.159212922942408	-2.25353474845682	0.0242254523241995	0.085259480267207
gene-BTH_RS29720	639.2484492829	-0.602685706990596	0.267816205583929	-2.25037056916156	0.024425431642272	0.0855480093751073
gene-BTH_RS10650	116.66356698427	0.590670875203462	0.262415149114817	2.2509023476576	0.0243917230252349	0.0855480093751073
gene-BTH_RS14415	4820.29052057097	-0.502644398562277	0.223243385071122	-2.25155338153533	0.0243505098929478	0.0855480093751073
gene-BTH_RS19230	178.859077256798	-0.597640806858876	0.265548112647897	-2.25059331395556	0.0244113072836926	0.0855480093751073
gene-BTH_RS26145	1070.69796720768	0.496810671159982	0.220616567482331	2.25191914111242	0.024327382290875	0.0855480093751073
gene-BTH_RS28275	139.614688229254	-0.717614728396636	0.318826477690926	-2.25080028984387	0.0243981891842634	0.0855480093751073
gene-BTH_RS35385	99.3481114296508	-0.71225009412369	0.3165483875671	-2.25005124681834	0.0244456923852904	0.0855500900048376
gene-BTH_RS28755	550.267358995522	0.518500503984861	0.2305351486956	2.2491169217302	0.0245050582241007	0.0856889093849181
gene-BTH_RS15970	3057.48584269746	0.49710725912195	0.221286872359187	2.24643809107239	0.0246759607989659	0.0862172124301217
gene-BTH_RS00825	99.1923458264965	-0.974755045565245	0.434303631549546	-2.24440915238823	0.0248060881819452	0.0866023142788617
gene-BTH_RS08295	94.3459589487315	-0.902908608502312	0.402613119891677	-2.24262092786554	0.024921269531271	0.0869346611555965
gene-BTH_RS23240	19266.747323588	0.451427959806267	0.201338186409952	2.24213780731638	0.0249524671659109	0.0869737437273337
gene-BTH_RS04315	266.151548228613	-0.448805613386196	0.200264384246819	-2.24106555478711	0.0250218289929945	0.0871406039494753
gene-BTH_RS13160	26.9983100505624	-1.14888232117695	0.512715621107039	-2.24077885260512	0.0250404034337573	0.0871406039494753
MSTRG.89.1	15.6848556411019	-1.34204426951625	0.59928119312892	-2.23942330395731	0.0251283864758157	0.0872571959140437
gene-BTH_RS14080	296.740120720718	-0.523640416518545	0.233823324790647	-2.23947040778496	0.025125324679418	0.0872571959140437
gene-BTH_RS20745	205.510616444489	0.510376299328014	0.227914157010638	2.23933566050569	0.0251340842483441	0.0872571959140437
gene-BTH_RS13535	100.815714026355	-0.912757632163538	0.407772311664896	-2.23840022005622	0.0251949677027981	0.087398811409228
gene-BTH_RS20780	82.2393449254723	-0.898877476378869	0.401704808703986	-2.23765674919079	0.0252434477623492	0.0874972093754735
gene-BTH_RS11360	57.6172387138535	-1.04695368172649	0.468237480846078	-2.23594591324622	0.0253553142878969	0.087814981809197
gene-BTH_RS10615	93.642209315263	-0.96610746489573	0.432444203835484	-2.23406269832505	0.0254789479399881	0.0881729701980493
gene-BTH_RS27435	1399.83473453856	0.365147700053393	0.163503617269808	2.23326985757654	0.0255311540016074	0.088283402151822
gene-BTH_RS06775	846.011021373627	0.468980109556721	0.210195874765905	2.23115753379567	0.0256706958206769	0.0886333805562167
gene-BTH_RS21095	95.3045776027312	-0.726534898392776	0.325636712904031	-2.23112096886599	0.0256731171266283	0.0886333805562167
gene-BTH_RS13640	106.568161869116	0.649127429568979	0.291023421242007	2.23049892960052	0.0257143384390818	0.0887052912053972
gene-BTH_RS15675	209.660318817978	-0.621673480257334	0.278822275545178	-2.22964065206692	0.0257713087713738	0.088831373340314
gene-BTH_RS09290	91.7245359339719	-0.855013265061366	0.383573022177159	-2.2290756013244	0.0258088749976175	0.0888904245761174
gene-BTH_RS09940	266.356268805461	-0.540192240911088	0.24246855182397	-2.22788578909509	0.0258881320628509	0.0890928595517415
gene-BTH_RS24490	1931.15408772593	0.486472084632697	0.218431118110728	2.22711896015701	0.0259393243602426	0.0891984671676326
gene-BTH_RS07560	150.575566345261	-0.645753631601764	0.290010298807865	-2.22665758511419	0.0259701671883553	0.089233986784633
gene-BTH_RS18485	1796.36259436012	0.562635040320162	0.252744231792441	2.22610437567655	0.026007190924434	0.0892906712875201
gene-BTH_RS16680	152.71533679013	0.525344431892525	0.236206978039623	2.22408514876474	0.0261427159031866	0.0896851846836448
gene-BTH_RS02095	153.289217227694	-0.603780962378894	0.271764396433681	-2.22170736970041	0.0263030881813219	0.0900932547942916
gene-BTH_RS04880	25.4490691566262	-1.32342619531271	0.595648273915452	-2.22182494815817	0.0262951380213277	0.0900932547942916
gene-BTH_RS02090	98.8488232342262	-0.777433969237996	0.350050942166146	-2.22091665980719	0.026356606626137	0.090205538020217
gene-BTH_RS07935	357.373614226461	0.482714964281685	0.217497995122605	2.21939960416451	0.0264595505711294	0.0904866705852304
gene-BTH_RS32780	124.937238299333	-0.685211114708016	0.308799199615017	-2.21895366167488	0.0264898772013751	0.0905192190306221
gene-BTH_RS00165	242.665749883686	-0.55723957246356	0.251173440764531	-2.21854496545261	0.0265176972396887	0.0905431577650281
gene-BTH_RS16480	230.720934734155	0.546885354738476	0.246791374002894	2.21598245460581	0.0266927037885488	0.0910692246903428
gene-BTH_RS02495	197.083085407146	-0.642745038731833	0.290196269534456	-2.21486320193898	0.0267694555377532	0.0912595075150678
gene-BTH_RS31690	78.608478364134	-0.952507838802747	0.430334576098784	-2.2134122882659	0.0268692342412616	0.0915279318320187
gene-BTH_RS05240	84.915506764636	-0.996735183085293	0.450797530098693	-2.21104845642583	0.0270324816975172	0.0919801290742779
gene-BTH_RS28290	34.7566275005271	-1.16842747992938	0.528490207221794	-2.21087820353692	0.0270442724335636	0.0919801290742779
gene-BTH_RS07345	340.662511482614	-0.677110990563124	0.306329239621768	-2.21040273987285	0.0270772238253436	0.0920202528439412
gene-BTH_RS17545	9121.12943784978	0.455399778213171	0.206064895813039	2.20998232821932	0.0271063887715547	0.0920474560158181
gene-BTH_RS01955	690.841546735247	-0.355997095076061	0.161399336215539	-2.20569119689965	0.0274056287105212	0.0929910178555126
gene-BTH_RS09805	140.275721161378	-0.655497368579259	0.297250401413853	-2.20520263542598	0.0274398783466628	0.093034661580657
gene-BTH_RS04865	276.485888546821	0.461173127167998	0.209526131080798	2.20102917373183	0.0277339586035059	0.0939585046146812
gene-BTH_RS07505	321.365349075914	-0.465363296189024	0.211613859229051	-2.19911539766076	0.0278697179452407	0.0941983473673638
gene-BTH_RS08190	28.1078827803091	-1.15095812457242	0.5233188982393	-2.19934370504258	0.0278534922480344	0.0941983473673638
gene-BTH_RS17980	252.992888443783	0.473643603059814	0.215320770603426	2.19971162899172	0.0278273612062798	0.0941983473673638
gene-BTH_RS14600	5772.09582820111	0.519263552020927	0.236309896806366	2.19738385500805	0.0279930433480311	0.0945417224875273
gene-BTH_RS01675	58.0942487779802	-0.935343174223774	0.425923148706354	-2.19603742380443	0.0280892648588518	0.0947196140589188
gene-BTH_RS16540	1106.01223391468	0.381315723666836	0.173617992375725	2.19629151592558	0.0280710845995582	0.0947196140589188
gene-BTH_RS21180	53.0904288619681	-0.784958086331379	0.357573803928222	-2.19523376071741	0.0281468336763677	0.0948402219149493
gene-BTH_RS00080	96.6823258660674	-0.880348136457911	0.401845373684809	-2.19076339833246	0.0284689185807784	0.0957236236070443
gene-BTH_RS08800	1028.59651939564	-0.497444909467528	0.227073387639724	-2.19067903393759	0.0284750273442564	0.0957236236070443
gene-BTH_RS14785	31.3479517068514	-1.10379601867592	0.50373918020068	-2.19120541355587	0.0284369310338579	0.0957236236070443
gene-BTH_RS10180	345.987709990591	-0.790809959739435	0.361226261697268	-2.1892371723576	0.0285796061648298	0.0960009936810887
gene-BTH_RS06600	133.807735976172	0.574272933093332	0.262504611188862	2.18766798225942	0.0286937959217268	0.0962462205239255
gene-BTH_RS10620	128.704802686818	-0.903153147608001	0.412846244008401	-2.18762592784936	0.0286968616136854	0.0962462205239255
gene-BTH_RS33575	36.8634941048442	-1.11118290994557	0.508235223673487	-2.1863555656651	0.0287896018068463	0.0964828720029133
gene-BTH_RS16765	2291.21345895416	0.404310445860274	0.185055112570465	2.18481100167563	0.0289027070589666	0.0967873562020821
gene-BTH_RS13155	192.687862703076	-0.774695022048587	0.354863681974096	-2.18307778845945	0.0290300819803015	0.0971391204725473
gene-BTH_RS02845	31.3246336906219	-1.27051576965778	0.582981026600684	-2.17934325764606	0.0293061779796103	0.0979162069645672
gene-BTH_RS21800	143.924725394136	-0.650224727420827	0.298360237710602	-2.17932768927312	0.0293073336707739	0.0979162069645672
gene-BTH_RS01170	169.683299477982	-0.801963295473175	0.368254445406063	-2.17774233407793	0.0294252252521509	0.098234635339107
gene-BTH_RS07235	1067.63719744139	0.389936665032202	0.179188752044139	2.17612244398104	0.0295461060994622	0.0985625471876231
gene-BTH_RS07510	142.795424295604	-0.754392257741647	0.346765149842618	-2.17551347961014	0.0295916591032023	0.0986388636773409
gene-BTH_RS22075	1594.69752654377	0.389064036905004	0.179118267165722	2.17210697189829	0.0298475952313522	0.0994158034122375
gene-BTH_RS08130	131.747910796966	0.591509879148081	0.27248660349492	2.17078517461541	0.0299474151311974	0.0996719631374971
gene-BTH_RS33305	16.5386796590939	-1.25248047989212	0.577673750951928	-2.16814504350978	0.0301476526288422	0.100027041154839
gene-BTH_RS08105	198.025016158848	-0.48300522257987	0.222753567994614	-2.1683388819682	0.0301329121529453	0.100027041154839
gene-BTH_RS08600	1301.63338916697	0.355365813477962	0.16394728500257	2.16756144191343	0.0301920701232881	0.100027041154839
gene-BTH_RS12385	56.0684552628014	-1.01764849313734	0.469358494328088	-2.16816890593225	0.0301458376727897	0.100027041154839
gene-BTH_RS17050	497.518817668945	0.55498188249737	0.255948145443573	2.16833719008026	0.0301330407860289	0.100027041154839
gene-BTH_RS18290	242.010869578813	-0.659879568686167	0.304421498873325	-2.16765100733163	0.0301852497134474	0.100027041154839
gene-BTH_RS16835	740.217950235959	0.518960512247325	0.239509369512519	2.16676497167348	0.0302527796314544	0.100151896040203
gene-BTH_RS01605	124.204444754942	-0.71227944101708	0.329179876160425	-2.16380007588906	0.0304796963239393	0.100504889639858
gene-BTH_RS03065	660.756586679008	0.346912608837929	0.16029284888431	2.1642425800811	0.03044573696578	0.100504889639858
gene-BTH_RS03135	164.218938273789	0.528503515780521	0.244225437078929	2.16399864855076	0.0304644531237323	0.100504889639858
gene-BTH_RS05630	64.2181508247615	-1.02551031741497	0.473751485177835	-2.16465879158144	0.0304138250704834	0.100504889639858
gene-BTH_RS35175	436.988433934224	0.600615513228931	0.277605038179275	2.16356128537213	0.0304980354769223	0.100504889639858
gene-BTH_RS24440	289.515074691342	0.601177497082814	0.277763716507606	2.16434855006108	0.0304376092749796	0.100504889639858
gene-BTH_RS15955	572.976885642183	-0.378271076245365	0.17499500935828	-2.16161065182667	0.0306481997259252	0.100923292057362
gene-BTH_RS11745	280.748471620653	0.475163873970039	0.219857591999021	2.16123477770171	0.0306772082263839	0.100942402257769
gene-BTH_RS12850	116.933277417344	-0.655055742424891	0.303246243100187	-2.16014462612311	0.0307614752714032	0.101143172661076
gene-BTH_RS32490	85.625640121078	-0.671172815866925	0.310770265600109	-2.1597073148902	0.0307953345720615	0.101178025217876
gene-BTH_RS17215	1297.17787541162	0.501567866948974	0.232413781812793	2.15808143147459	0.0309215011625882	0.101515871741327
gene-BTH_RS06965	85.5415490692326	-0.999036069107355	0.463326191089903	-2.15622619294903	0.0310660072217373	0.101913372107509
gene-BTH_RS26400	196.316418556686	-0.754093753028316	0.349791217714608	-2.155839583267	0.0310961934370412	0.101935524831296
gene-BTH_RS07710	216.262271983318	-0.466864634345237	0.216654407978489	-2.1548817709335	0.0311710872158594	0.102104088395323
gene-BTH_RS00955	49.8524012777945	-1.04289920194325	0.484400941088961	-2.15296691950836	0.0313212784647712	0.102441775429891
gene-BTH_RS01370	95.7945570420853	-1.07818288117563	0.500720392015767	-2.15326337486506	0.0312979854648787	0.102441775429891
gene-BTH_RS19275	351.35017530321	-0.570991846064687	0.265352337316038	-2.1518251990546	0.0314111243683449	0.102658445531405
gene-BTH_RS10175	471.391035073328	-0.681216715381706	0.317401812955942	-2.14622818010263	0.0318547783415509	0.104030244583894
gene-BTH_RS07260	334.140941268291	-0.516349401176518	0.240669519557416	-2.14547069411228	0.031915232107445	0.10414948212107
gene-BTH_RS34955	128.781142073212	-0.926108926770189	0.431879770237918	-2.14436746194434	0.0320034552564653	0.104318781418385
gene-BTH_RS25690	102.516221286329	0.755941996345357	0.352548322629339	2.14422235995188	0.0320150742973665	0.104318781418385
gene-BTH_RS00850	16.1476078048215	-1.31248649557269	0.61234518604147	-2.1433768493508	0.0320828504965289	0.104416926213646
gene-BTH_RS04605	90.6161088491753	0.582488704636371	0.271778509544679	2.14324784403387	0.0320932023787689	0.104416926213646
gene-BTH_RS17445	152.913175083911	0.693971069181967	0.324162926533188	2.14080948923972	0.0322894044214151	0.10497676325348
gene-BTH_RS23000	228.276544292698	0.454141909210185	0.212292274519085	2.13922956093891	0.0324170812100278	0.105313146574773
gene-BTH_RS00005	518.56207542341	-0.499634904822798	0.233606867580246	-2.1387851735616	0.0324530707763355	0.105351386475418
gene-BTH_RS04925	495.794962863686	0.331584205422482	0.15509659221361	2.1379206382936	0.032523184902177	0.105500264224064
gene-BTH_RS11265	78.1662315697752	-1.02279332408875	0.478731367356042	-2.13646607227238	0.0326414435446128	0.105740450529744
gene-BTH_RS18495	220.72118505678	-0.508740273468274	0.238161615629986	-2.1361136307484	0.0326701529912588	0.105740450529744
gene-BTH_RS23315	6692.84113366049	0.580379073514429	0.271680024400463	2.13625964881001	0.0326582559195583	0.105740450529744
gene-BTH_RS12440	154.259865487195	-0.639943162620274	0.299843317870691	-2.13425854264411	0.0328216228745093	0.106142680962419
gene-BTH_RS19505	114.403549853354	-0.736853770121532	0.345293187901151	-2.13399451810927	0.0328432295575668	0.106142680962419
gene-BTH_RS09465	49.5388458970727	-1.0838380080656	0.508150004264902	-2.13290957191567	0.0329321449864731	0.106351025011996
gene-BTH_RS02650	226.422817087717	0.466246962901415	0.218639871619973	2.13248827602597	0.0329667272776776	0.106383726749182
gene-BTH_RS19270	2090.56359924885	0.442541657047036	0.207811513092257	2.12953387645358	0.0332101151980271	0.107089696895047
gene-BTH_RS15250	256.73895731631	-0.72430146386911	0.340213726089834	-2.12896014571104	0.0332575578889301	0.107094771436957
gene-BTH_RS22490	193.115580511713	-0.732884005255294	0.344251641835299	-2.12891941879519	0.0332609278646734	0.107094771436957
gene-BTH_RS07355	400.042352092234	-0.733981446870836	0.344918480849604	-2.12798527078889	0.0333383048179018	0.107187626675067
gene-BTH_RS23790	487.121380670087	0.370194956824908	0.173965732395755	2.12797630732673	0.0333390480210036	0.107187626675067
gene-BTH_RS03660	271.916967981358	-0.436972666712609	0.205655720025626	-2.12477759752153	0.0336051749837196	0.107883772087956
gene-BTH_RS06755	484.494019168194	0.522211863266436	0.245742619778108	2.12503579451527	0.0335836262455992	0.107883772087956
gene-BTH_RS22085	596.824272062595	-0.588712902331066	0.277290052966244	-2.12309419697335	0.0337459592055447	0.108195060033568
gene-BTH_RS23515	264.984819815072	0.567925313614182	0.267507787187968	2.1230234812384	0.0337518842449545	0.108195060033568
gene-BTH_RS04620	1187.64839919953	0.472679659139935	0.222689838476783	2.12259195288435	0.0337880598714761	0.108231266893167
gene-BTH_RS06800	9.36312040000571	-1.31148499220493	0.618354048506098	-2.12092893282317	0.0339277834322701	0.108598865290931
gene-BTH_RS08255	185.323954871208	-0.86683967835691	0.408942700144356	-2.11970938239249	0.0340305612726528	0.108847751129441
gene-BTH_RS07435	1162.44259667393	0.534814049101179	0.252456594413926	2.11843960876816	0.0341378543829594	0.109107976137427
gene-BTH_RS15210	141.206385884253	-0.659211872008556	0.311220089812588	-2.1181533377409	0.0341620835630289	0.109107976137427
gene-BTH_RS01650	204.268565309088	-0.694159968470845	0.327907585859113	-2.11693781542795	0.0342651257388061	0.109356784272786
gene-BTH_RS09100	112.072919622627	-0.926914999461798	0.438151762712836	-2.11551128705443	0.0343863939637601	0.109663353183546
gene-BTH_RS34845	90.9678920782214	-0.884354311218306	0.418212799528475	-2.11460364727095	0.0344637425506289	0.109674713256697
gene-BTH_RS06750	129.810068760586	0.552100534869427	0.261161072761509	2.11402307790949	0.0345132962777926	0.109674713256697
gene-BTH_RS08710	1103.55995474608	-0.583287762955306	0.275917781971398	-2.11399119979796	0.0345160189536594	0.109674713256697
gene-BTH_RS31895	32.3990456154671	-1.06870189214169	0.505447367114733	-2.11436830355297	0.0344838226704201	0.109674713256697
gene-BTH_RS27700	5022.84369244965	0.556044436191471	0.26289127303248	2.11511180944669	0.034420418942044	0.109674713256697
gene-BTH_RS12355	98.5955102431747	-0.616586857245861	0.291748797523007	-2.11341696171768	0.034565095453839	0.109731080553559
gene-BTH_RS12915	94.592657070568	0.619992595951101	0.293432232158762	2.11289874800002	0.03460943506195	0.109731080553559
gene-BTH_RS33650	46.6016994695169	-0.965165246063718	0.456761246652426	-2.11306290351328	0.0345953842680953	0.109731080553559
gene-BTH_RS14555	402.003316194261	0.470075969262207	0.222666661112282	2.11111967509661	0.0347620266992223	0.110134607532132
MSTRG.1942.1	325.849608339022	0.395621753799627	0.187441422469584	2.11064208000142	0.034803087870325	0.110184448497754
gene-BTH_RS27395	1011.66297414208	0.340966012370238	0.161663914430751	2.10910402343555	0.0349356036550883	0.110523546108825
gene-BTH_RS21445	55.6737466319839	0.732438450162878	0.347744287380176	2.10625588037951	0.035182131493695	0.111222581393585
gene-BTH_RS11705	421.85777735518	0.454478597295044	0.215846945950982	2.10555954494836	0.0352426298717195	0.111332926610007
gene-BTH_RS08900	194.834717751948	0.492485009767052	0.234023928312806	2.10442160046462	0.0353416868285596	0.111564831425424
gene-BTH_RS13385	194.937901189048	0.548374670596115	0.260693727242696	2.10352077280938	0.0354202713965209	0.111731820576407
gene-BTH_RS00925	63.503393503948	-0.934300453456561	0.444586814810178	-2.10150283888979	0.0355968490487742	0.112207458958092
gene-BTH_RS05035	36.4854822429006	-1.20220236185346	0.572438302588481	-2.10014311833657	0.0357162532992112	0.112502318502222
gene-BTH_RS14945	160.266058013576	0.507747188870739	0.242171849140675	2.09664001275307	0.0360254544287967	0.11339415829614
gene-BTH_RS12970	475.334343231606	-0.391870423169171	0.186988214524546	-2.09569583925692	0.0361091811958554	0.113575515691953
gene-BTH_RS02425	14.0754200704998	-1.26160534520365	0.602204363549932	-2.09497875067961	0.0361728814722716	0.113606277524124
gene-BTH_RS02865	54.9562027548131	-1.05031607300255	0.501337177110064	-2.09502929556722	0.0361683883424481	0.113606277524124
gene-BTH_RS17785	574.853055217892	0.335731907394389	0.16027653648502	2.09470403314941	0.0361973104938933	0.113606277524124
gene-BTH_RS07945	186.109869132903	-0.704484433070501	0.336377473131515	-2.09432702645657	0.036230858383392	0.113629584691965
gene-BTH_RS21485	205.579476480602	0.509699542537823	0.243451849652771	2.09363594182913	0.0362924232754528	0.113740663723501
gene-BTH_RS11015	78.6697222324697	-0.81897441528155	0.391423582388189	-2.09229707184414	0.0364119494932221	0.113996986579605
gene-BTH_RS13025	147.260604895548	0.612889837149333	0.292949754310413	2.09213296181811	0.0364266232978508	0.113996986579605
gene-BTH_RS28525	415.80832129708	-0.351425680678439	0.168078672913097	-2.09084040579104	0.0365423727038571	0.114277010252896
gene-BTH_RS02710	81.7144493919013	-0.966739454653208	0.462664404546098	-2.08950471476542	0.0366623139840165	0.114487484443986
gene-BTH_RS20195	593.120292017471	0.403887004116715	0.193270858181655	2.0897460068041	0.0366406218531925	0.114487484443986
gene-BTH_RS19705	8.35377005322602	-1.28505688550281	0.61551206161198	-2.08778505840705	0.0368172279785176	0.114888767364815
gene-BTH_RS04190	5604.40534732973	-0.318958699949852	0.152818576940278	-2.087172294992	0.0368725628890236	0.114978959546418
gene-BTH_RS09270	115.145349689463	-0.962704419731567	0.461398273900258	-2.08649332732371	0.0369339590083932	0.115087909517558
gene-BTH_RS22815	21.6664580564582	-1.07288685796711	0.514497930485588	-2.08530840338757	0.0370413151244713	0.115339814453436
gene-BTH_RS08375	136.956256436803	-0.793555440481078	0.380726969277867	-2.08431633300428	0.0371314026348046	0.115372572472429
gene-BTH_RS24130	39.0948889581582	-1.00626335295711	0.482709804649541	-2.08461345360009	0.0371044022851301	0.115372572472429
gene-BTH_RS27270	1317.10707398248	0.381116318871819	0.182836695208908	2.08446295989084	0.0371180760656323	0.115372572472429
gene-BTH_RS18810	887.224447561708	0.409079987747457	0.196653523320102	2.08020675572427	0.0375065728671151	0.116455097767274
gene-BTH_RS33470	57.5842579195014	-0.920145046869206	0.44256169612315	-2.07913394884757	0.0376050405263583	0.116677550848544
gene-BTH_RS12620	148.694710922916	-0.502110512485979	0.241547504908747	-2.07872365593538	0.0376427573977951	0.116711329066578
gene-BTH_RS08115	337.989824504488	-0.486881330027267	0.234499189403327	-2.07626018352607	0.0378698937095778	0.117290699014904
gene-BTH_RS09830	69.5256395778254	-0.902475139669506	0.434694719555581	-2.07611249704659	0.0378835476128598	0.117290699014904
gene-BTH_RS34560	111.488351569425	-0.769724880950998	0.370937255931241	-2.07508107811549	0.037979021093367	0.117502661277487
gene-BTH_RS34170	5.72391356435815	-1.26083328539804	0.607833301253221	-2.07430768073824	0.0380507449437533	0.11764089588154
gene-BTH_RS07640	60.4933473490278	-1.03643399149335	0.49990541583619	-2.07326017814732	0.0381480725848955	0.11785803675021
gene-BTH_RS10805	3622.08095619748	0.396372104309318	0.191344858606534	2.07150642664711	0.0383114944979738	0.118273036405035
gene-BTH_RS16010	105.8479341366	0.555093172581036	0.268000971368794	2.07123567405723	0.0383367773174941	0.118273036405035
gene-BTH_RS16305	219.61124415377	-0.61535802543799	0.297192752926038	-2.07056874496241	0.0383991155214385	0.118381397957659
gene-BTH_RS10915	2152.63832416669	0.374996877623478	0.181218703074875	2.06930560290202	0.0385174182112891	0.118575946112765
gene-BTH_RS16210	327.454983528163	-0.419391592124358	0.202700376280611	-2.06902226734777	0.0385439971961955	0.118575946112765
gene-BTH_RS25420	3982.09792351218	0.319919289363612	0.154618594162118	2.06908678155601	0.038537943912904	0.118575946112765
gene-BTH_RS12550	130.825731742353	-0.565193440211501	0.273279415318091	-2.06818885188856	0.0386222681465702	0.11873276780041
gene-BTH_RS35665	9.99448746914672	-1.1844280815076	0.572909988258289	-2.06738947789755	0.0386974689285414	0.118879936327087
gene-BTH_RS34330	34.5094386638556	-1.02852803580817	0.497679691505855	-2.06664658687619	0.0387674676032865	0.119010927363653
gene-BTH_RS17705	471.039647999378	0.389613781597908	0.188556540405666	2.06629682937374	0.0388004606247402	0.119028211366445
gene-BTH_RS15995	6233.0668592597	0.531090869583375	0.257311026007376	2.0640035439762	0.0390173803717801	0.119609305579453
gene-BTH_RS03775	157.564374820824	-0.726237005616875	0.352566221691873	-2.05985985308477	0.0394119406788422	0.120733761938707
gene-BTH_RS14395	1412.45248767637	0.403222378007627	0.195892193452179	2.0583892134837	0.0395527863422974	0.121079958190706
gene-BTH_RS01125	79.4090721172398	-1.00622228945011	0.488998947461941	-2.05771872244862	0.039617142072181	0.121111877736859
gene-BTH_RS27125	534.677873807072	0.415797236479687	0.202068885282882	2.05770045149505	0.0396188970159885	0.121111877736859
gene-BTH_RS04120	289.851326863702	-0.621793946223937	0.302277150581855	-2.05703257764288	0.0396830922859548	0.121132564660857
gene-BTH_RS07910	274.591693486769	0.510652076309199	0.248312601973925	2.05648876557147	0.0397354280617702	0.121132564660857
gene-BTH_RS35095	14.7844520966846	-1.26149916392657	0.613278559582865	-2.05697581338014	0.039688552469842	0.121132564660857
gene-BTH_RS13675	732.911879407861	0.592788291512104	0.288254989884671	2.05647191658078	0.0397370505220788	0.121132564660857
gene-BTH_RS10385	134.315333263981	-0.782020943351649	0.380634511938727	-2.05451927984275	0.0399254593077484	0.121621672260998
gene-BTH_RS19935	76.6289412665055	-0.673389165657323	0.328102039385762	-2.0523772632379	0.0401330124394662	0.122168372366465
gene-BTH_RS34180	65.3805292170098	-0.882886901122581	0.430280532513684	-2.0518866981148	0.0401806748899118	0.122227927112669
gene-BTH_RS18390	147.295465767378	-0.536105818204907	0.261783387559038	-2.04789854392118	0.0405699415792082	0.123325818217719
gene-BTH_RS35375	405.996291243301	-0.652558072417109	0.318715266957102	-2.04746411631716	0.0406125366513586	0.123369088291487
gene-BTH_RS11155	46.9782048130853	0.794236583813535	0.388285805938695	2.04549476613867	0.0408061046799318	0.123870589921635
gene-BTH_RS11215	493.38239312642	0.467902564746314	0.22884792825748	2.04460039603185	0.0408942704354506	0.124038127855792
gene-BTH_RS19950	208.725906249078	-0.655395588532136	0.320617519943215	-2.04416648425268	0.0409371029751373	0.124038127855792
gene-BTH_RS20325	814.804406406214	0.334567048952878	0.163677071788897	2.04406790331873	0.0409468394484867	0.124038127855792
gene-BTH_RS18110	1494.36254985284	0.49065739033015	0.240267946442683	2.04212587486029	0.0411390468489951	0.124533649125351
gene-BTH_RS17585	267.647022212325	-0.486965558431266	0.238502448338479	-2.04176335221588	0.0411750111461991	0.124555840393579
gene-BTH_RS23350	1040.29450656297	0.385202021491715	0.188911349964248	2.0390623515454	0.041443805044302	0.12528182900814
gene-BTH_RS17200	854.254481172389	0.494067561710141	0.242350888575861	2.03864555485419	0.0414854152098198	0.125320525112997
gene-BTH_RS21750	1714.217811482	0.373592012241874	0.183288946782849	2.03826809417202	0.0415231288547498	0.125347404939737
gene-BTH_RS24010	275.526021570145	0.505435849134536	0.248122541289013	2.0370412398195	0.04164590948997	0.125630864272794
gene-BTH_RS11975	300.115867101226	0.545754602032436	0.267986175085671	2.03650282279661	0.0416998899390538	0.125636802930611
gene-BTH_RS27215	223.102027794225	-0.589913111859067	0.289677831663172	-2.0364454831497	0.0417056421682303	0.125636802930611
gene-BTH_RS08650	77.7475939899853	0.638311316805146	0.31352477040347	2.03591989233806	0.0417583999719909	0.125708678116374
gene-BTH_RS16575	588.969175815564	0.460026328712252	0.226056048429469	2.0350100424576	0.0418498625182868	0.125896889318498
gene-BTH_RS15545	575.201493873476	0.453216168381893	0.222801353201857	2.03417152485282	0.0419343044827641	0.126041700684644
gene-BTH_RS28455	48.7287670272836	-0.890220881944454	0.43767934327379	-2.03395681250503	0.0419559500210033	0.126041700684644
gene-BTH_RS07040	63.4298244169248	-0.823630811535563	0.405213560567674	-2.03258452254588	0.0420945165017729	0.126370701713397
gene-BTH_RS06730	96.5250359121004	0.589791834609257	0.290315636367895	2.03155380119402	0.0421988476986327	0.126596543095898
rna-BTH_RS17820	95.4536489951425	-0.739930570314966	0.364471663330555	-2.03014567320119	0.0423417341137177	0.126850236497708
gene-BTH_RS22435	226.305831095611	0.505570609662471	0.249031056428808	2.03015084508948	0.0423412085608387	0.126850236497708
gene-BTH_RS25255	340.649545214466	-0.459916344596165	0.226644520653961	-2.02924095967165	0.0424337535322697	0.127038422481331
gene-BTH_RS10005	43.3696367457938	-0.969323950712162	0.478309049381697	-2.02656410528965	0.0427070105699146	0.127768566698163
gene-BTH_RS27065	4731.73164441624	0.455905787699389	0.225043599977655	2.02585537977822	0.0427796068770515	0.127897793756133
gene-BTH_RS20885	185.264904875627	0.479138073061339	0.23655068670125	2.02551968773806	0.0428140289447736	0.127912792520443
gene-BTH_RS09845	25.5880802082449	-1.06881687947802	0.527857839379626	-2.02481956265756	0.0428858955511032	0.128039564617226
gene-BTH_RS01260	238.571837511312	-0.437513925414959	0.216148240046014	-2.02413827344521	0.0429559265626608	0.12807284478929
gene-BTH_RS16195	1709.31937860983	0.42883679744374	0.211856171636423	2.02418836388532	0.0429507743809857	0.12807284478929
gene-BTH_RS20110	136.672642355275	-0.775467058446693	0.38396567513427	-2.0196259943692	0.0434221967319748	0.129374353276774
gene-BTH_RS21975	1245.32372232726	0.394543610550332	0.195462804329561	2.01850992521886	0.0435381815377228	0.129631135995273
gene-BTH_RS18690	173.769252338755	-0.566455720896684	0.280749037627762	-2.01765863805999	0.0436268253441716	0.129717491624844
gene-BTH_RS28935	347.82244054776	0.466080263773194	0.230989895713507	2.01775173902527	0.0436171234020234	0.129717491624844
gene-BTH_RS28070	115.862519646618	-0.646321608718635	0.320495898015212	-2.01662989361554	0.0437341509908774	0.1299477847065
gene-BTH_RS07060	46.1762126961756	-1.02537305359475	0.508643096190429	-2.01589889113696	0.0438105496019281	0.129966635839478
gene-BTH_RS13585	46.6157024297986	-0.919851141184876	0.456340618590609	-2.01571173748636	0.043830127534831	0.129966635839478
gene-BTH_RS26600	88.6256444651418	-0.732357332323051	0.363285780690852	-2.01592622461123	0.0438076908960229	0.129966635839478
gene-BTH_RS03470	332.263467155366	0.436754434838357	0.21674602790555	2.01505162082453	0.0438992405887487	0.130002742001411
gene-BTH_RS14370	3524.50366406124	0.461633258881297	0.229128024084655	2.01473940486101	0.0439319610901319	0.130002742001411
gene-BTH_RS20705	1232.69799165705	0.35984104210317	0.178602816306031	2.01475569952152	0.0439302528865596	0.130002742001411
gene-BTH_RS11505	120.692384020126	-0.49079228177506	0.243821576767464	-2.012915707797	0.0441234977893296	0.13048077184472
rna-BTH_RS15455	95.7931989564564	-0.641610159105985	0.319536272581941	-2.00794155205479	0.0446495029797267	0.131946561115361
gene-BTH_RS25035	927.854940435526	0.419105700947202	0.208764081949132	2.00755655395415	0.0446904352574022	0.131977863794772
gene-BTH_RS24075	213.019927992552	0.490878102171415	0.244897573293112	2.00442207560748	0.0450248665189776	0.132785199564442
gene-BTH_RS27325	2800.3174266079	0.404628291314151	0.20185596214624	2.00453970748215	0.0450122778531875	0.132785199564442
gene-BTH_RS27870	14597.2483074784	0.575043035605185	0.287076310610808	2.00310166443785	0.0451663773855544	0.133112291075313
gene-BTH_RS09170	82.7422131721281	-0.847156262438197	0.423324272106723	-2.00119936006085	0.0453709099136483	0.133624548493142
gene-BTH_RS14220	348.741121351192	0.394937611381211	0.197491404731099	1.99977113899692	0.0455249824063214	0.133987600451623
gene-BTH_RS03615	67.9587807379242	-0.84909611552338	0.424850428056173	-1.99857658001727	0.0456541864781845	0.134205555879413
gene-BTH_RS27335	851.289375632975	0.309768371327226	0.154999190616135	1.99851605737985	0.0456607408509268	0.134205555879413
gene-BTH_RS05665	89.5805106363986	0.584265610709463	0.292443194354774	1.99787726980122	0.0457299674879301	0.134227637363357
gene-BTH_RS15935	2098.04036599786	0.343954028657112	0.172143714146624	1.99806324827027	0.0457098035253008	0.134227637363357
gene-BTH_RS31235	56.2150240130181	-0.807916918470177	0.404624364433877	-1.99670852643923	0.0458568553547541	0.134509319482927
gene-BTH_RS14800	149.818930278617	-0.745242576856903	0.373342821532458	-1.9961347423205	0.0459192582856031	0.134510958614393
rna-BTH_RS25055	296.194495285866	0.649731263043575	0.325480053019818	1.996224521335	0.0459094894884363	0.134510958614393
gene-BTH_RS04650	449.204680888445	0.30900355778421	0.154826350911607	1.99580727676405	0.0459549044447632	0.134524787573836
gene-BTH_RS15585	3886.95834927746	0.361930746843046	0.181424818316649	1.99493514835082	0.0460499534192654	0.134712372141092
gene-BTH_RS35620	372.007046541174	0.508312128213787	0.255214480054547	1.99170567479222	0.0464033607226879	0.135019812136249
gene-BTH_RS11490	578.039806268528	0.319954166799229	0.160638165653444	1.99176930026385	0.0463963760828739	0.135019812136249
gene-BTH_RS13300	146.87853711624	-0.497368527184472	0.249686861869098	-1.99196915472959	0.0463744423322927	0.135019812136249
gene-BTH_RS15180	1405.14001360784	0.407415467478606	0.204423639688929	1.99299585947383	0.0462619004789238	0.135019812136249
gene-BTH_RS17645	2867.68037610358	0.450345879156122	0.225937443387928	1.99323260634976	0.0462359822117102	0.135019812136249
gene-BTH_RS17950	3227.92555556274	0.407478670071586	0.204487503766042	1.99268249925819	0.0462962249327474	0.135019812136249
gene-BTH_RS19265	2330.40925932002	0.43888431008578	0.220192602730827	1.99318371572314	0.0462413335942943	0.135019812136249
gene-BTH_RS26750	428.789123174241	0.345709439829286	0.173513640033575	1.99240497612979	0.0463266418109657	0.135019812136249
gene-BTH_RS21930	840.446284009183	0.334797244242917	0.168213836043795	1.99030740940805	0.0465570823112188	0.135376542816712
gene-BTH_RS01275	91.8259345833175	-0.707753447320985	0.355995775161204	-1.98809507500615	0.0468011759670103	0.135995401106543
gene-BTH_RS25910	22.9484829146808	-0.970687750901132	0.48834313305379	-1.98771659761255	0.046843042224951	0.136026190706633
gene-BTH_RS13145	65.177934271901	-0.792114176035761	0.399364722940483	-1.98343551779812	0.0473188030710375	0.137316072954645
gene-BTH_RS11535	281.988068454013	0.360677576966255	0.181871348927539	1.9831467633198	0.0473510384171055	0.137316812923125
gene-BTH_RS18265	1845.14999585586	0.484972585881456	0.244581395033436	1.98286785393123	0.0473821922293359	0.137316812923125
gene-BTH_RS26190	6374.36270302397	0.448483127900864	0.226742227892095	1.97794267115649	0.0479351744018752	0.138826903227801
gene-BTH_RS04600	66.4856914408238	0.715450640626117	0.361910160701569	1.97687359547796	0.0480559201434404	0.139075610141915
gene-BTH_RS33820	55.6428702172196	-0.918830531878353	0.464850171618329	-1.97661652716947	0.0480849925640091	0.139075610141915
gene-BTH_RS35790	350.946170312775	0.486562267438274	0.246276987470103	1.97567085920823	0.0481920674354263	0.139292686607378
gene-BTH_RS12980	140.202337556266	-0.671047120942035	0.339722173583056	-1.97528207789467	0.0482361459310668	0.139327513147504
gene-BTH_RS01235	79.9301825066221	-0.849398233659224	0.430277624847378	-1.97407019237988	0.0483737621251127	0.139632292796443
gene-BTH_RS15215	240.948866315371	0.365143888230874	0.185042370264975	1.97329880560868	0.0484615289310725	0.13970023250508
gene-BTH_RS18160	1796.70621679305	0.418906005434918	0.212261047458156	1.97354159159842	0.0484338908279377	0.13970023250508
gene-BTH_RS04350	47.2019366514399	-0.689182090978217	0.349367663856945	-1.97265563552675	0.0485348097095135	0.139818822673102
gene-BTH_RS26910	482.583641535285	0.355717525075117	0.180611397344573	1.96951870316619	0.0488935569811581	0.140759081977523
gene-BTH_RS13090	797.708708305866	0.51026133213219	0.259117209023303	1.96922980938059	0.0489267072316667	0.140761360091105
gene-BTH_RS11660	81.9718078128562	-0.831858531703512	0.422546497773644	-1.96867927219015	0.048989933016341	0.140850104838786
gene-BTH_RS35075	137.906689795228	-0.731479230280991	0.372113061124335	-1.96574457255232	0.0493281232952552	0.141728755835112
gene-BTH_RS10600	252.436816705134	0.410064258227973	0.208865958166018	1.96328909616775	0.049612591712942	0.142451996007457
gene-BTH_RS19965	457.854435437186	0.437455384218028	0.222877276590319	1.96276350335227	0.0496736604063068	0.142533260400682
gene-BTH_RS03305	331.980712913772	0.415549531592192	0.211909454566939	1.96097683532533	0.0498817251860654	0.142885003110345
gene-BTH_RS06450	1211.02892388875	0.311838386628873	0.159031042097717	1.96086488848676	0.0498947861435896	0.142885003110345
gene-BTH_RS26405	94.2565468611227	-0.691377599639342	0.352506961740354	-1.96131615734894	0.0498421536351197	0.142885003110345
gene-BTH_RS24630	38.0602852970811	-1.03322456228848	0.527267350532315	-1.95958380742779	0.0500444555152469	0.143219329928503
MSTRG.2412.1	319.619598293019	0.747491354776557	0.381916904666873	1.95720939723408	0.0503228544308986	0.14373238133579
gene-BTH_RS19015	2269.81717804726	0.328264858137637	0.167682044746264	1.9576625430252	0.050269623225533	0.14373238133579
gene-BTH_RS34685	1880.8151594431	0.415230054024539	0.212141531878893	1.95732561345689	0.0503091979656928	0.14373238133579
gene-BTH_RS05085	163.717604179412	0.464114543582166	0.237210857078874	1.956548487272	0.0504005764588653	0.143859913120777
gene-BTH_RS13670	2283.22031333873	0.387190072597587	0.197936694463651	1.95613084095779	0.0504497428932787	0.143867373817402
gene-BTH_RS27560	1238.2301705583	0.318951159211962	0.163065924371457	1.95596449988782	0.0504693361943345	0.143867373817402
gene-BTH_RS06950	380.498495499548	-0.550629495198468	0.281789043154524	-1.95404863522859	0.0506954657427793	0.144322824594954
gene-BTH_RS20750	98.9303337816359	-0.761727475736623	0.389804597421677	-1.95412645406183	0.0506862642745967	0.144322824594954
gene-BTH_RS28175	738.573748045663	-0.484450640438361	0.248411348498152	-1.95019528442343	0.0511528476390078	0.145529684257478
gene-BTH_RS16330	9.78598870944142	-1.17802880845063	0.604258573122129	-1.94954421972682	0.051230467372266	0.145655250372129
gene-BTH_RS10450	93.6426449399157	-0.601091009235832	0.308464284405155	-1.9486567477171	0.0513364303084046	0.145861183436682
gene-BTH_RS14030	962.496459710522	0.386438352001953	0.198375709287902	1.94801245267946	0.0514134731454735	0.145897773070344
gene-BTH_RS20400	180.24713801643	-0.531381464104986	0.272784759497103	-1.94798809539295	0.0514163876130661	0.145897773070344
gene-BTH_RS00055	181.947882496785	-0.614241065476807	0.315429721526024	-1.94731511826202	0.0514969673050728	0.145955221995945
MSTRG.2337.1	31.2515867592248	0.842396523994607	0.43260639521702	1.94725860114022	0.0515037392560405	0.145955221995945
gene-BTH_RS33430	87.0491023840008	-0.635547591261266	0.326502781953863	-1.9465304015421	0.0515910597154764	0.146107493334845
gene-BTH_RS01495	48.4316119632308	-1.0441228793606	0.536832421148454	-1.9449698606632	0.0517786058565947	0.146543224122438
gene-BTH_RS25330	603.968366543299	0.418050395333822	0.215109742981375	1.94342845442393	0.0519644120503802	0.146973467112584
gene-BTH_RS21440	332.853212339486	0.447822996450591	0.230663122236667	1.94145900787345	0.0522026269282644	0.147551284690026
gene-BTH_RS14340	806.837889636885	0.38438091179039	0.198041426778572	1.94091164683519	0.0522689950643059	0.147642940603721
gene-BTH_RS01175	657.614240301584	-0.59370255799551	0.306002835804494	-1.94018645753606	0.0523570337315983	0.147795650053506
gene-BTH_RS12300	298.702633546158	-0.563607290495705	0.290636087804023	-1.93921991846982	0.0524745652153198	0.147998794452431
gene-BTH_RS18420	2393.20940831645	0.43678065656461	0.225256684796406	1.93903526973855	0.0524970436414026	0.147998794452431
gene-BTH_RS12800	964.4055393187	-0.352042399274353	0.181645365666292	-1.93807531495796	0.0526140345961903	0.148232545656365
gene-BTH_RS05640	1863.94671448912	0.417473236737159	0.215460464683148	1.93758626368455	0.0526737196675626	0.148304647607701
gene-BTH_RS20770	804.65196300764	0.439123366350115	0.226749566622034	1.93660068635141	0.0527941740109114	0.148547643562396
gene-BTH_RS18445	998.280604067552	-0.33362649639301	0.172397751152831	-1.93521373777811	0.0529640726201203	0.148929357399821
gene-BTH_RS04935	1567.17725719634	0.334164136846429	0.172848463033892	1.93327803430284	0.0532019562476204	0.149366601545559
gene-BTH_RS08300	167.365277272925	0.427669517842191	0.221233866027129	1.93311053828326	0.0532225821599117	0.149366601545559
gene-BTH_RS22845	890.632085484867	0.432011861297982	0.223460045296593	1.93328458662301	0.0532011495129538	0.149366601545559
gene-BTH_RS19385	281.0819704322	0.498982939835411	0.258187046473236	1.93264126396495	0.053280405444714	0.149432471750165
gene-BTH_RS15940	2313.52718608496	0.426179786753065	0.220734586838688	1.93073406780839	0.0535159476006875	0.149996373751927
gene-BTH_RS14260	1368.77992405198	0.348342103525799	0.180506860960973	1.92979979636958	0.0536316487476798	0.150223871250745
gene-BTH_RS00240	171.488867172558	-0.485471538131079	0.251642623683599	-1.92921028649535	0.053704761682962	0.15023518541536
gene-BTH_RS22210	301.308927659807	0.422039425039286	0.218753697585281	1.92929047462045	0.0536948116031696	0.15023518541536
gene-BTH_RS00225	152.341826285721	-0.53358347946875	0.276797320483563	-1.92770464156439	0.053891874441103	0.15052235961628
gene-BTH_RS01500	66.1905821054307	-0.999715562353135	0.518549368826365	-1.92790816545741	0.0538665499160533	0.15052235961628
gene-BTH_RS22665	12242.0094398581	0.337405396785165	0.175043730330565	1.92754916813064	0.0539112267315319	0.15052235961628
gene-BTH_RS22140	5851.6189133563	0.444984768162757	0.231088015547213	1.92560729343337	0.0541534273435457	0.151101609329329
gene-BTH_RS21470	192.620259796915	0.406429633945152	0.211149066594705	1.92484693633661	0.0542485100567109	0.151269883811982
gene-BTH_RS25405	4084.961853266	0.425172484990667	0.220921417131716	1.9245417239795	0.0542867160468314	0.151279445742291
gene-BTH_RS03325	169.585090992336	-0.803394154783493	0.41760245295443	-1.92382527712585	0.0543764879193675	0.151432600799775
gene-BTH_RS03640	137.679429185606	-0.702686008943178	0.365351335125354	-1.92331583707525	0.0544403968438591	0.151513580467554
gene-BTH_RS15720	54.8080057917321	0.720904569928533	0.374893747964961	1.92295703473804	0.0544854459629746	0.151542001239731
gene-BTH_RS03400	1073.45872289283	0.441922755539767	0.230323499686576	1.91870458785636	0.0550217305704152	0.152740604965734
gene-BTH_RS04730	113.963492143902	-0.7231836783783	0.376862227132516	-1.91896036883529	0.0549893495927295	0.152740604965734
gene-BTH_RS04805	358.530522318836	0.47505116737098	0.247552021873305	1.91899530359767	0.0549849282074004	0.152740604965734
gene-BTH_RS08595	1234.35676927999	0.372092663231908	0.194325446528302	1.91479124262666	0.0555191317550114	0.154023101488711
gene-BTH_RS16750	233.164390325801	0.433001883962872	0.226347042209527	1.91299996561054	0.0557480568543554	0.154461176634679
gene-BTH_RS19390	449.466530182792	0.451049868607017	0.235762355171195	1.91315474550419	0.055728245004572	0.154461176634679
gene-BTH_RS00195	273.843723169054	-0.418461268566449	0.218874941821214	-1.91187380832414	0.0558923818757773	0.154565709573828
gene-BTH_RS02790	39.8752608822956	-0.823916390872763	0.43091645815689	-1.91200956769395	0.0558749668720269	0.154565709573828
gene-BTH_RS28990	592.362238989795	0.298705407887677	0.156225227595772	1.91201774825106	0.055873917627101	0.154565709573828
gene-BTH_RS02580	196.94253257234	-0.573423821997818	0.300038481316208	-1.91116759251121	0.0559830471013662	0.154718078075567
gene-BTH_RS07580	150.933954229189	-0.560486391137643	0.29350524649709	-1.90962988848378	0.0561808839958939	0.155067795293235
gene-BTH_RS20575	2687.67467934612	0.390632385520415	0.204558157891111	1.90963973056676	0.0561796158911367	0.155067795293235
gene-BTH_RS03655	5332.8106025138	-0.397040211915395	0.208259975637397	-1.90646431557586	0.0565899911899636	0.155841306079232
gene-BTH_RS16770	1225.13696303158	0.355099897405517	0.186271853273526	1.90635295223095	0.0566044284149855	0.155841306079232
gene-BTH_RS17060	905.793340201496	0.415364734475132	0.217877382583485	1.90641511087538	0.0565963697451673	0.155841306079232
gene-BTH_RS22985	41.1518970352325	-1.03656763506058	0.543665200205497	-1.90662862855444	0.0565686951329173	0.155841306079232
rna-BTH_RS14605	1162.19226867426	0.669839918052497	0.351754719282566	1.90428125433169	0.0568735642666584	0.156483241340901
gene-BTH_RS15065	431.246330356159	0.437051037862517	0.229771130160863	1.90211467191956	0.0571561647545092	0.157161388547481
gene-BTH_RS20915	1858.5455734116	0.332988738211868	0.175184234587194	1.90079169507763	0.0573293023093653	0.157537880635337
gene-BTH_RS13570	224.077972633652	-0.741707913571298	0.390395481444727	-1.89988857152362	0.0574477441205576	0.157664155788281
gene-BTH_RS25290	3207.1898674615	0.449840737854143	0.236764486915258	1.89995021514839	0.0574396532882126	0.157664155788281
gene-BTH_RS35145	1060.15747916778	-0.287483478228591	0.15142202886174	-1.89855782800986	0.057622637679869	0.15804443499838
gene-BTH_RS18470	204.574054653278	0.375194310209829	0.197721960055885	1.89758542806161	0.0577507154920063	0.158295912029129
gene-BTH_RS13110	124.147072427052	-0.785904731219538	0.414317514289822	-1.89686581936236	0.0578456496673982	0.158456282149359
MSTRG.538.1	369.164327789257	0.468011561883255	0.246777308800134	1.89649349917459	0.0578948187980734	0.158491165369175
gene-BTH_RS12885	1652.27007283827	0.281081941310633	0.148329617952992	1.89498190037618	0.0580947995972233	0.158938602671649
gene-BTH_RS22060	55.0664795056357	-0.782003000661258	0.4127914712452	-1.89442625425937	0.058168454338854	0.159040085715911
gene-BTH_RS19540	904.739214112454	-0.357166384076837	0.188577589505765	-1.89400227785772	0.0582247075215675	0.159093893039459
gene-BTH_RS15965	505.598417410632	0.369937385977264	0.195469835502955	1.89255485392615	0.0584170923470343	0.159482511909549
gene-BTH_RS18935	729.837335473796	0.458367910164041	0.242217582758103	1.89238082943715	0.0584402583870854	0.159482511909549
gene-BTH_RS34190	117.314119976003	0.558105272840365	0.295175112091374	1.89075992513758	0.0586563989965331	0.15967167436478
gene-BTH_RS04945	169.370907398149	0.510100010728151	0.269756582977759	1.89096408731648	0.0586291383604173	0.15967167436478
gene-BTH_RS11495	1815.67135609638	0.42556098840558	0.225002240477976	1.89136333710079	0.0585758591706978	0.15967167436478
gene-BTH_RS25670	98.0987405702613	-0.887056007254016	0.469110023803392	-1.89093381561548	0.0586331797071846	0.15967167436478
gene-BTH_RS05565	70.2228040462916	-0.785565076598374	0.415683534370653	-1.88981523597687	0.0587826751392013	0.159915345125407
gene-BTH_RS13050	1232.42845179449	0.49453748760325	0.261912113178489	1.88818104516698	0.0590016495744376	0.160374979871927
gene-BTH_RS17130	1253.05300181439	0.331234853871529	0.175441785110769	1.88800435234055	0.0590253661551621	0.160374979871927
rna-BTH_RS26285	422.405731188527	0.396506243892667	0.2101047993915	1.88718318211206	0.0591356915390939	0.160574443317764
gene-BTH_RS28050	2421.07275785996	0.393800857517506	0.208755670659257	1.88641992945088	0.0592383890389307	0.160752958402588
gene-BTH_RS31335	10.5890262863441	-1.06876028608328	0.566858883084436	-1.88540802301247	0.059374771668346	0.161022603963407
gene-BTH_RS34410	858.711948578275	0.365024131181972	0.193695928663937	1.88452144399632	0.0594944769770838	0.161246713302377
gene-BTH_RS13170	109.911214751411	-0.741624771596875	0.393672368430552	-1.88386290496714	0.0595835220258425	0.161387497392537
gene-BTH_RS14270	455.863380983497	0.46287578171953	0.245946811048381	1.88201578929387	0.0598338718715882	0.161964743398512
gene-BTH_RS17270	1064.02324787391	0.326240326574778	0.173525342418634	1.8800730891959	0.0600981174898394	0.162578862612439
gene-BTH_RS09550	72.0642934267679	-0.955993291952703	0.508933786274796	-1.87842371195321	0.0603232242379548	0.163086404869549
gene-BTH_RS16995	2056.34692023653	0.337259008119054	0.179731838900846	1.87645667112498	0.0605925990579874	0.163712922920649
gene-BTH_RS18605	458.819992913385	0.325195620061522	0.173403252555327	1.87537208944662	0.0607415520894959	0.164013501917633
gene-BTH_RS29655	26.3104095869185	-1.03921239935382	0.5543167996771	-1.87476259056045	0.0608253918230875	0.164137999026322
gene-BTH_RS08080	230.864792482353	-0.566309069823101	0.302558633074758	-1.8717333036178	0.0612435096224282	0.165084113424457
gene-BTH_RS21110	115.6710467114	-0.458290882832174	0.244856316368534	-1.87167270025576	0.0612518986361087	0.165084113424457
MSTRG.4426.1	726.587596774968	0.443756754202105	0.237211626745494	1.87072092666948	0.0613837726677746	0.165234784099517
gene-BTH_RS28995	2665.0559421028	0.32285997880829	0.172572644060238	1.87086418340784	0.0613639085564772	0.165234784099517
gene-BTH_RS14420	395.974973946906	0.360214986467301	0.192615277274404	1.87012677065137	0.0614662157331886	0.165354383697817
gene-BTH_RS13740	272.620704911572	-0.512615578806148	0.274560585495932	-1.86703993903649	0.0618960106838674	0.166407692506071
gene-BTH_RS12500	69.8654662421369	-0.782500081265492	0.419640490339303	-1.86469156165745	0.0622246502511495	0.167187911422174
gene-BTH_RS27090	399.584765562036	-0.441484972651166	0.23698379286624	-1.8629331875887	0.0624716668456581	0.167747994307786
gene-BTH_RS03705	464.722858917541	0.351071197925927	0.188719059584108	1.86028479953007	0.0628452429708612	0.168647012290713
gene-BTH_RS11375	504.178005593781	-0.407307001910825	0.219177012683873	-1.85834726426489	0.0631197159833334	0.169279139659371
gene-BTH_RS24145	38.021024175117	-0.846000513512835	0.455389218175963	-1.85775262071738	0.0632041521677712	0.169296836163673
gene-BTH_RS34090	148.256829316221	-0.68638627734445	0.369417003495013	-1.85802567518719	0.063165368318258	0.169296836163673
gene-BTH_RS10040	147.883040644556	-0.797103990629189	0.429242475815806	-1.85700166115722	0.0633109177472876	0.169478456738893
gene-BTH_RS03090	368.123284125819	-0.480934498662334	0.259095182039562	-1.85620780315745	0.0634239442975891	0.169676603748163
gene-BTH_RS20455	1583.4100179089	0.330898651893462	0.178298227966017	1.85587179226779	0.0634718344723063	0.169700356456381
gene-BTH_RS19075	490.139873865015	0.596210041662089	0.321346058462261	1.85535196702003	0.0635459817714741	0.169740671241712
gene-BTH_RS20950	4140.53251383915	0.495412442418262	0.267037171138163	1.85521903301597	0.063564954816724	0.169740671241712
gene-BTH_RS14580	698.041392222236	0.349466443877029	0.18851294422803	1.85380608906254	0.0637669070393325	0.170175488111102
gene-BTH_RS26390	670.094814826288	-0.339748785940201	0.183397294585267	-1.85252888658203	0.0639499134799458	0.170559241960616
gene-BTH_RS05735	123.201142353878	0.521712067516666	0.281776003198713	1.85151347735153	0.0640957176638709	0.170843365096715
gene-BTH_RS14995	260.618500471423	-0.433940454328014	0.234440533487203	-1.85096172523298	0.0641750596330879	0.170900102948333
gene-BTH_RS23320	2921.3107675539	0.437818340104982	0.23655382336837	1.85081912382873	0.0641955789005923	0.170900102948333
gene-BTH_RS12780	4947.01138409874	-0.37690546446124	0.203902434683801	-1.84845985309455	0.0645358470323295	0.171595925788896
gene-BTH_RS27720	1308.83997646562	0.460851608767401	0.249291635564132	1.84864449111789	0.0645091638534572	0.171595925788896
gene-BTH_RS18380	632.967445198911	0.396659186965065	0.214623425079362	1.84816353023157	0.0645786895157943	0.171604947705379
gene-BTH_RS06945	655.227576172195	-0.468193534216115	0.253395153256769	-1.84768148955749	0.064648433304506	0.171685399801344
gene-BTH_RS35160	154.29980048839	-0.4699969242015	0.254484478039015	-1.84685890402103	0.0647675921689737	0.171792088984778
gene-BTH_RS16065	1635.89226522192	-0.258927527334437	0.140179666315739	-1.84711188248395	0.0647309266971254	0.171792088984778
gene-BTH_RS32870	32.702815826157	-0.908845780188071	0.492480455101939	-1.84544537914697	0.0649727771168925	0.172231310456114
gene-BTH_RS08310	76.4934496996263	0.538990448849658	0.292220578212062	1.84446438422457	0.0651154917080209	0.172399506348077
gene-BTH_RS22460	309.399561171283	0.396822291850281	0.215113325261265	1.84471274091608	0.0650793364945469	0.172399506348077
gene-BTH_RS15330	40.4933804888495	-0.865930757543799	0.470357920713872	-1.8410038811073	0.0656209899536815	0.173632181446785
gene-BTH_RS20930	1422.72306154722	0.376886876815151	0.20485943803256	1.8397340168201	0.0658072968300002	0.174019295568694
gene-BTH_RS27035	957.253063900831	-0.298676990888908	0.162438262002951	-1.83871082592279	0.0659577302429768	0.174311133995716
gene-BTH_RS25450	431.66312813822	0.416552230989311	0.226589870099184	1.83835328034292	0.0660103647249073	0.174344314847205
gene-BTH_RS08810	200.848199902148	0.41502251205443	0.225816118585235	1.83787815792157	0.0660803613110356	0.174423283800367
gene-BTH_RS21965	1152.00005120553	0.376513732222603	0.204905197855835	1.83750210420483	0.0661358061231273	0.174463769942755
gene-BTH_RS14920	141.958679967324	-0.697637653047127	0.379772437487956	-1.83698863893789	0.066211572588316	0.174557782278288
gene-BTH_RS25050	4619.12547019567	0.334695636427682	0.182380491325757	1.83515042642291	0.066483404046704	0.175168266264786
gene-BTH_RS07495	742.73797628786	-0.354697226883069	0.19336771448423	-1.83431462604372	0.066607304295729	0.175176404889009
gene-BTH_RS20685	4390.54958288815	0.449292286573313	0.244927655601088	1.83438773163726	0.0665964594338621	0.175176404889009
gene-BTH_RS26520	1131.84614163003	0.353968999154003	0.192948675998014	1.83452411540594	0.0665762314472396	0.175176404889009
gene-BTH_RS08760	155.236520671145	-0.62974192405267	0.343581259093406	-1.83287623345448	0.0668209788883681	0.175556674020462
gene-BTH_RS11815	409.82936445841	-0.392157187181427	0.213966392967065	-1.83279804712972	0.0668326096960656	0.175556674020462
gene-BTH_RS06725	33.2371379345159	0.725118474908231	0.396131823411737	1.83049791017306	0.0671755189869583	0.175838045709674
gene-BTH_RS07095	22.0208853894411	-0.924172990039625	0.504690182103276	-1.83116894841935	0.0670753298967216	0.175838045709674
gene-BTH_RS16760	586.14684645466	0.347257728059212	0.189711381889742	1.83045278886342	0.0671822602228685	0.175838045709674
gene-BTH_RS17955	448.896198474349	0.361763763586542	0.197626052070097	1.83054693344897	0.0671681954186505	0.175838045709674
gene-BTH_RS21945	2527.76481054005	0.369193685518598	0.201690687734297	1.83049445497932	0.0671760351818134	0.175838045709674
gene-BTH_RS27410	3.89594435033704	-1.1365984324164	0.620509541326747	-1.83171789749788	0.066993460778305	0.175838045709674
gene-BTH_RS05980	19.3873034546491	0.874613031552206	0.478283806481175	1.82864863852887	0.0674522613382042	0.176226628721434
gene-BTH_RS18720	515.647400154096	0.296656584861661	0.162203388194305	1.82891731278938	0.0674119962503667	0.176226628721434
gene-BTH_RS27360	2754.17901311365	-0.2522248580456	0.137902080977678	-1.82901415451756	0.0673974878357635	0.176226628721434
gene-BTH_RS02275	1621.76804387152	0.353310115045038	0.193300746973401	1.82777418389209	0.0675834492399213	0.176357531009993
gene-BTH_RS07985	289.617603183247	0.356813783465802	0.195207982578483	1.82786471512427	0.0675698577809817	0.176357531009993
gene-BTH_RS23130	211.727805807753	0.386464942388841	0.211583460240028	1.82653663925536	0.0677694675130351	0.176736920672484
gene-BTH_RS25890	2129.2129823159	0.393127289385843	0.215264818391615	1.82624960419987	0.0678126725502526	0.176743634268184
gene-BTH_RS20670	351.987816785059	-0.552940694592739	0.3029332053932	-1.82528915532728	0.0679574058264195	0.177014799607739
gene-BTH_RS28505	8301.04544912123	-0.533520065642112	0.292344829807501	-1.82496836353636	0.0680058035824358	0.177034856722678
gene-BTH_RS18580	1721.02084270144	0.359374170967811	0.196986378520467	1.82436051501131	0.0680975872381776	0.177167765840953
gene-BTH_RS21630	1066.66028626118	-0.344391554489439	0.188901375871444	-1.82312888352816	0.0682838729180766	0.177546232632178
gene-BTH_RS15630	311.970935511992	0.381691588526873	0.20951236451084	1.8218093687121	0.0684839157178167	0.177959996040922
gene-BTH_RS07325	55.8601606650304	-0.888594661474969	0.488114539977729	-1.82046341318886	0.0686884630518561	0.178278528804042
gene-BTH_RS12270	493.485938994124	0.41947590940612	0.230407246494599	1.82058470724336	0.068670009211065	0.178278528804042
gene-BTH_RS00365	576.824211778311	-0.58964702042246	0.324042338890872	-1.81966042598228	0.0688107334286391	0.178295364502242
gene-BTH_RS03440	2075.01429401768	0.441575011298383	0.242770320507938	1.81890031027884	0.0689266405088089	0.178295364502242
gene-BTH_RS34270	18.8370384577533	-1.07627282851006	0.591846603224141	-1.81849962920622	0.0689878033389011	0.178295364502242
gene-BTH_RS15505	90.7442317167881	-0.685673707064969	0.376868496059144	-1.81939778526185	0.0688507643659176	0.178295364502242
gene-BTH_RS20100	70.5720451823129	-0.592779812945326	0.325995227949255	-1.81836960213908	0.0690076611822646	0.178295364502242
gene-BTH_RS21870	291.67176266065	0.412629591793067	0.226711408023738	1.82006540998529	0.0687490444238521	0.178295364502242
gene-BTH_RS26585	471.300138622725	0.362750796908316	0.199503243339151	1.81827017364148	0.0690228491544313	0.178295364502242
gene-BTH_RS27400	1169.28802502874	0.395584592144453	0.217487073717878	1.81888783265161	0.0689285445109193	0.178295364502242
gene-BTH_RS19280	125.59025245781	-0.561834503557007	0.309149689673307	-1.81735425369737	0.0691628876102643	0.178551074839555
gene-BTH_RS30750	515.009747690094	0.322015618611088	0.177235229532843	1.81688267879843	0.0692350794380134	0.178631432713736
MSTRG.1835.1	186.624877023488	-0.712964869547481	0.392481136410005	-1.81655830919396	0.0692847720167602	0.178653680066928
gene-BTH_RS16215	476.849217300842	-0.345299622929553	0.190258696122814	-1.81489535020601	0.0695399932548516	0.179099449768268
gene-BTH_RS23220	1742.50004992298	0.331314423665242	0.182534274004779	1.81508062237434	0.0695115206076381	0.179099449768268
gene-BTH_RS05865	12.3578888426749	-1.06551208189979	0.587453006543259	-1.81378266862497	0.0697111917998232	0.17943413273919
gene-BTH_RS17390	337.473219188214	0.397612443382944	0.219273428048004	1.8133179515755	0.0697827960927277	0.179512219398797
gene-BTH_RS18035	4868.76920043152	0.475407869061305	0.26224067600231	1.81286853095634	0.069852100905771	0.179584301974057
gene-BTH_RS25590	537.061619336202	0.401218626905338	0.221361433621047	1.81250464609925	0.0699082566971333	0.1796225142543
gene-BTH_RS04260	1520.86969783501	-0.444940263025646	0.245634586874868	-1.81139093108377	0.0700803588027323	0.179958418413155
gene-BTH_RS22830	21.5932975621771	-1.01899134706923	0.56296666820542	-1.81003850604067	0.0702898160217183	0.180389793330074
gene-BTH_RS12450	225.984997743734	-0.430064686205761	0.237703940218093	-1.80924508786509	0.0704129357652783	0.180574131258974
gene-BTH_RS18055	1806.16712106417	0.330732735446572	0.182822155015109	1.80904078840576	0.0704446668382708	0.180574131258974
gene-BTH_RS03180	1530.07754595254	0.426093445359072	0.235651398963384	1.80815156300125	0.0705829148710078	0.180715526597342
gene-BTH_RS23045	36.4866268840785	-0.956742188911809	0.529050465496481	-1.80841384954451	0.0705421140149218	0.180715526597342
gene-BTH_RS08135	685.395952469013	0.287756165233543	0.15918198639729	1.80771814541473	0.0706503790053021	0.180781852160626
gene-BTH_RS15685	248.080264479369	0.377553982983173	0.209084564071283	1.80574775885633	0.0709577489514723	0.181461615484365
gene-BTH_RS00230	104.060918166821	-0.718947145307266	0.398273235117027	-1.8051605830254	0.0710495570593397	0.181562982952709
gene-BTH_RS11695	47.5478056771037	-0.81461345976277	0.451319274109927	-1.80496049358698	0.0710808643605662	0.181562982952709
gene-BTH_RS27255	1185.9859276534	0.279621009189601	0.154960924853001	1.80446141151297	0.0711590032923396	0.181655906292064
gene-BTH_RS00340	254.441468758069	-0.710531338670965	0.394306250668143	-1.80197837966552	0.0715488072115656	0.182543877636546
gene-BTH_RS11635	15.5593327969408	-1.00100440956169	0.556324241283575	-1.79931833862233	0.0719683388251554	0.183506608375982
gene-BTH_RS04725	40.7593818437759	-0.913014119099751	0.507527596944998	-1.7989447758024	0.0720274167695402	0.183549656091095
gene-BTH_RS01755	54.3453483698426	-0.861468066009484	0.479271840289278	-1.7974518709247	0.0722639123056657	0.184044507335858
gene-BTH_RS01210	127.691163319969	-0.678583813348531	0.37763826680634	-1.79691486005183	0.0723491371499814	0.18410062635351
gene-BTH_RS19420	222.4992134707	-0.41798484929687	0.232629985592848	-1.79677975834307	0.072370591049311	0.18410062635351
gene-BTH_RS34535	14.5431924343077	-1.10172806258034	0.613918230813943	-1.79458437179761	0.072719944955902	0.18466535934511
gene-BTH_RS18930	520.955365557161	0.2841864223436	0.158339837560587	1.79478788611779	0.0726875015935473	0.18466535934511
MSTRG.2947.1	284.720602841008	0.430938099847876	0.24011812084822	1.79469212205053	0.0727027664060134	0.18466535934511
gene-BTH_RS34035	277.311415611636	-0.401297223508681	0.224004189280581	-1.7914719577232	0.0732175907043204	0.185820606513299
gene-BTH_RS28000	521.012892215271	-0.270279528512544	0.150897337305805	-1.79114842805212	0.0732694795258448	0.185843869351268
gene-BTH_RS01665	27.5602187867644	-0.986868104069955	0.551112445611357	-1.79068375597145	0.0733440578867525	0.185853267167754
gene-BTH_RS18790	246.482291888644	0.385618728871028	0.215358115008735	1.79059297976947	0.0733586344200078	0.185853267167754
gene-BTH_RS03665	43.3150551575018	-0.822177100793182	0.459311948650131	-1.79001896904592	0.073450861981264	0.185978608625436
gene-BTH_RS08945	249.598131936545	0.365509627797337	0.20426177497231	1.78941766195308	0.0735475769929269	0.186115159929745
gene-BTH_RS21060	7293.22249978312	0.540857333831486	0.302363250922723	1.78876676375502	0.0736523856595608	0.186272021871564
gene-BTH_RS23190	1248.04933820796	0.3740847007933	0.20922765189094	1.78793145844935	0.0737870667557179	0.186504207081565
gene-BTH_RS08385	329.364688551911	0.308672649806991	0.172979132855346	1.78445020917707	0.0743505386192971	0.187819304874531
gene-BTH_RS34255	439.809248061131	0.30528762940687	0.171288155532298	1.78230437742851	0.0746996092557111	0.188482192727577
gene-BTH_RS27605	161.475337995885	-0.546595235841416	0.306637527965037	-1.7825451420406	0.0746603766027633	0.188482192727577
gene-BTH_RS23110	160.085359428124	-0.535451448133946	0.300712223477417	-1.78061085093921	0.0749760458848763	0.189070028753166
gene-BTH_RS10485	89.8009326347772	-0.683330835023331	0.384604623510068	-1.77670988140225	0.0756159856600193	0.190573312642575
gene-BTH_RS04175	91.7020230264206	-0.512735555289688	0.288639653408246	-1.77638640164414	0.0756692508780104	0.190597128731526
gene-BTH_RS14690	758.536971897072	0.281327798943572	0.158398087398352	1.77608078206189	0.0757196033091412	0.190598946584066
gene-BTH_RS20660	548.13183801095	0.294096130951517	0.165633415040606	1.77558453938426	0.0758014201357321	0.190598946584066
gene-BTH_RS27710	2257.0860287682	0.374261596957873	0.210754071832518	1.77582142875651	0.0757623545719609	0.190598946584066
gene-BTH_RS02595	128.21538343152	-0.615217129465329	0.347167177486205	-1.77210626280987	0.0763769195375664	0.191923852027133
rna-BTH_RS20190	248.443521368711	-0.58663953792565	0.331085469813692	-1.77186736178958	0.0764165774048263	0.191923852027133
gene-BTH_RS22400	84.5563968904637	-0.715718282785769	0.403998590676872	-1.77158608792826	0.0764632907389314	0.191930360481449
gene-BTH_RS26575	132.713707643789	-0.572901586162163	0.323449040173431	-1.77122673128038	0.0765230057642036	0.191969478128192
gene-BTH_RS32550	8491.37318232047	0.444624941035492	0.251294955343421	1.76933492527881	0.0768379983395656	0.192648583733205
rna-BTH_RS17810	143.51071787158	0.631907364470229	0.35721825824927	1.7689671506916	0.0768993566841205	0.192691360354795
gene-BTH_RS16160	3632.69040625411	0.402332457718361	0.227507875359431	1.76843310185519	0.0769885267940586	0.192695786213846
gene-BTH_RS18490	708.984978337206	0.480052159388776	0.271457311999375	1.76842596669446	0.0769897187217617	0.192695786213846
gene-BTH_RS20245	142.900966589773	-0.64997362831197	0.367863015541574	-1.76689039357509	0.0772465861461048	0.193227515661619
gene-BTH_RS20550	1522.85182969467	0.41610933080775	0.235577462432174	1.76633760509902	0.0773392261993699	0.193310137530731
gene-BTH_RS23760	598.932822002923	0.333196253620764	0.18865542969972	1.76616307387021	0.0773684941243686	0.193310137530731
gene-BTH_RS26730	80.8712834703495	0.493516781622024	0.27950254555073	1.76569691216802	0.0774467111130699	0.193394485270869
gene-BTH_RS33110	73.8854378277137	-0.662874628426011	0.375644191558947	-1.76463430906529	0.0776252454353468	0.193531519295202
gene-BTH_RS14265	865.076189347416	0.312578427468822	0.177159856289711	1.7643863232631	0.0776669592274553	0.193531519295202
gene-BTH_RS28155	178.691833212397	-0.429843661846153	0.24366902934852	-1.76404717085054	0.0777240377491307	0.193531519295202
gene-BTH_RS28340	106.743601100651	-0.543355622967749	0.308008686551655	-1.76409188017048	0.0777165113254833	0.193531519295202
gene-BTH_RS28460	4674.13059247071	0.486098345832886	0.275409940304332	1.76499927815147	0.0775638870307387	0.193531519295202
gene-BTH_RS35265	103.347229248201	-0.65623090944094	0.37217759772675	-1.76321980003412	0.0778634255738682	0.193656890363823
gene-BTH_RS22390	98.9738333981331	-0.640372899209242	0.363151864442332	-1.76337494561021	0.0778372725789159	0.193656890363823
gene-BTH_RS03230	9077.42122848452	0.356804355853707	0.202451981290462	1.76241473943291	0.0779992501126322	0.193883850279971
gene-BTH_RS17995	181.303874944697	-0.570562894849474	0.323851176373053	-1.76180584316367	0.078102107173319	0.194028650030804
gene-BTH_RS05780	21.709466424888	-0.851148994124505	0.48348812875309	-1.76043411100828	0.0783342299850426	0.194494235408068
gene-BTH_RS35210	5.31298042465663	1.09173556232959	0.620355183835416	1.75985562912493	0.0784322881599788	0.194626613517346
gene-BTH_RS00300	168.159060446504	-0.704391271805391	0.400369431938192	-1.75935327628642	0.0785175227632247	0.194727037639696
gene-BTH_RS13165	113.548772246394	-0.585721060881141	0.333024082530265	-1.75879490885741	0.0786123498471232	0.194851123552699
gene-BTH_RS12825	214.013031266195	-0.385600840536064	0.219512067499622	-1.75662707261745	0.0789813953378976	0.195543010654442
gene-BTH_RS22960	130.661794003454	-0.515015427526228	0.29315168263763	-1.75682234839104	0.0789480945659113	0.195543010654442
gene-BTH_RS23505	3962.86603502549	0.467247911462683	0.266143759323544	1.75562227215203	0.0791529266900786	0.195744872712815
gene-BTH_RS25495	428.200690723901	0.40218535275532	0.229060887865058	1.75580107325984	0.0791223810802812	0.195744872712815
gene-BTH_RS10220	985.025015798938	0.446667467726788	0.254570078629948	1.75459531666359	0.0793285531172543	0.196067730715941
gene-BTH_RS19245	60.8970210918179	-0.643880367470058	0.367105604773196	-1.75393772009517	0.0794411793657638	0.19623459979618
gene-BTH_RS08085	1467.84550467443	0.284112791954608	0.16203626483548	1.75339015770992	0.0795350592810711	0.196354998792656
gene-BTH_RS03110	145.950758294284	-0.556627910592854	0.317953645170894	-1.75065742773188	0.0800049367642661	0.197402992016198
gene-BTH_RS27575	219.764205408136	-0.443659457273342	0.25351713733001	-1.75001761989691	0.0801152733795818	0.197563174150329
gene-BTH_RS05045	122.205633590318	-0.614491392885744	0.351385435821847	-1.74876739398298	0.0803312351179883	0.197871388880662
gene-BTH_RS05140	143.333790386867	0.397499974833338	0.227269066226447	1.74902806366651	0.0802861685337592	0.197871388880662
gene-BTH_RS10365	131.099447705217	0.416218031691857	0.238148985533018	1.74772120385182	0.0805123153266056	0.198093083524171
gene-BTH_RS16290	77.96145031421	-0.67740736999677	0.387544486214311	-1.74794738176759	0.0804731391735352	0.198093083524171
gene-BTH_RS17900	2711.04641613389	0.357741480409397	0.204919963297503	1.74576197776314	0.08085232045616	0.198817181449574
gene-BTH_RS15960	1208.71200026272	0.342713874441741	0.196416786737853	1.74482985967561	0.0810144895061323	0.199103406413376
gene-BTH_RS03115	705.373500067631	0.300763783299062	0.17249164681402	1.7436425986665	0.08122143035867	0.199386694164907
gene-BTH_RS18240	879.878473108507	0.442023624580113	0.253484456283886	1.74378986017618	0.0811957392365719	0.199386694164907
gene-BTH_RS23610	8129.50549058157	0.419027848475445	0.240396567170388	1.74306918525358	0.0813215304638789	0.199519829395303
gene-BTH_RS09045	82.7754633128487	-0.559179256316172	0.320983250733731	-1.74208235176743	0.0814940352348081	0.199633275383679
gene-BTH_RS11685	55.0953818736207	-0.79506601903804	0.456356333021742	-1.74220441682829	0.0814726814061632	0.199633275383679
gene-BTH_RS34800	287.234089709356	-0.629318164912211	0.361258311182172	-1.74201712578694	0.0815054476049227	0.199633275383679
gene-BTH_RS17790	613.634006125123	-0.291928236152652	0.16762622005429	-1.74154279717161	0.0815884782960516	0.199724187162535
gene-BTH_RS26775	132.707253686303	0.605858501722245	0.348079517592058	1.74057498675432	0.0817581052966251	0.199914422732051
gene-BTH_RS26855	14.3272460164425	0.97648386384386	0.560929328713838	1.74083224723309	0.0817129876602935	0.199914422732051
gene-BTH_RS08640	76.0781464378408	-0.644998401712111	0.370860353359052	-1.73919480977156	0.0820005021073313	0.200281967527732
gene-BTH_RS13955	646.659953895839	0.366948034115573	0.210956301186939	1.73945045514617	0.0819555598600548	0.200281967527732
gene-BTH_RS08590	1332.33036465914	0.260863476987081	0.150209572121905	1.7366634715887	0.0824465889759238	0.201258508442912
gene-BTH_RS35300	30.9824015204536	-0.841856096245003	0.485568596241143	-1.73375317671269	0.0829618868243414	0.202402808573127
gene-BTH_RS23725	355.424214598714	0.352291471026749	0.203279822710112	1.73303708321871	0.0830890778491218	0.202599489150045
gene-BTH_RS02460	65.5501291408611	-0.672587719175918	0.388783909395596	-1.72997828079234	0.0836341557676945	0.203700211416277
gene-BTH_RS27260	6542.61008151519	0.339346208642088	0.19614183118693	1.73010625315657	0.0836112932254357	0.203700211416277
gene-BTH_RS10350	93.8854872265784	-0.576853865955553	0.333794713470573	-1.72816956852856	0.083957827883354	0.204374119357913
gene-BTH_RS20105	70.9506232216992	-0.706184494400923	0.40898255693524	-1.72668609559488	0.0842240541480691	0.20490751428641
gene-BTH_RS23965	503.395664736836	0.35198361236127	0.203956790063526	1.72577540689691	0.0843878258729478	0.20519119203316
gene-BTH_RS11540	357.211563435346	0.294354885591938	0.170664830830466	1.72475421069232	0.084571776864478	0.205434485612776
gene-BTH_RS12380	110.573238337429	-0.66467716462718	0.385388092655036	-1.72469564393661	0.0845823364902256	0.205434485612776
gene-BTH_RS02825	403.026817045981	-0.344970959878752	0.200102105979676	-1.7239746587864	0.0847124180158336	0.205520924912926
gene-BTH_RS17420	57.7175730516391	-0.802978790600215	0.465731445453886	-1.72412405998839	0.0846854494793656	0.205520924912926
gene-BTH_RS02130	171.233070132158	0.410283056878123	0.238119360898005	1.7230142703678	0.0848859444495863	0.205827122829264
gene-BTH_RS04610	134.642010737581	0.462355071651422	0.268619067159927	1.72122953347966	0.085209180630879	0.206467649882955
gene-BTH_RS07015	445.815709637959	-0.36621017265711	0.212809614473531	-1.7208347168105	0.0852808206898722	0.206467649882955
gene-BTH_RS08315	44.5810704629152	-0.777045480889695	0.451568371334885	-1.72077038653674	0.0852924981240622	0.206467649882955
gene-BTH_RS28025	674.637660180222	-0.411560524403924	0.239214289733787	-1.72046797397403	0.0853474103303132	0.206485670153984
gene-BTH_RS14140	63.9603902264271	-0.688218224660663	0.400337666696464	-1.71909435936857	0.0855971917247674	0.206974866038209
gene-BTH_RS20500	278.95033122094	0.482602126007192	0.281043201326769	1.71718128646731	0.0859460536564855	0.207702963003173
gene-BTH_RS12870	2450.51260073784	0.355337192227938	0.207020413357178	1.71643552664956	0.0860823588890908	0.207916857949775
gene-BTH_RS09450	2146.04094041842	0.396465683511781	0.231036139601987	1.71603318941696	0.0861559680214225	0.20797916808723
gene-BTH_RS03625	94.0995103927122	-0.674292062741923	0.393044075955082	-1.71556348000773	0.0862419674737363	0.208071302557267
gene-BTH_RS06650	113.232995364424	0.474325987636224	0.276562296764958	1.71507827778614	0.0863308763126902	0.208170350310534
gene-BTH_RS13610	4691.15305119017	0.355887951673792	0.207711262586521	1.71337821186056	0.0866429820250796	0.208807186597837
gene-BTH_RS21140	388.770571474182	0.334956017595039	0.195588375993498	1.71255585048763	0.0867942814170067	0.209055993446279
gene-BTH_RS11940	415.244780767528	0.423234680494292	0.24720323324497	1.71209201003808	0.0868797135827536	0.209145962415594
gene-BTH_RS22870	130.600774909895	0.459002368568747	0.268169915478709	1.71161022200937	0.0869685232746627	0.209243958099991
gene-BTH_RS08500	45.7209998802811	-0.783034603092841	0.457691427373685	-1.71083519651227	0.0871115402087677	0.209472194531863
gene-BTH_RS08055	916.166601752397	0.289337333622761	0.169157175221917	1.71046444375285	0.0871800230128608	0.20952104978229
gene-BTH_RS08140	606.89340022148	-0.398053430596667	0.233007718586276	-1.70832723058176	0.0875756413502122	0.210355626655673
gene-BTH_RS17570	3618.77413182795	0.318580686873705	0.186787133991434	1.70558153586915	0.0880860195505178	0.211257036790833
gene-BTH_RS18030	5292.10570511395	0.468126358232177	0.274476448530922	1.70552468431345	0.0880966125835796	0.211257036790833
gene-BTH_RS24470	278.228923273107	0.424728929879764	0.249014495930063	1.70563937771338	0.0880752430531316	0.211257036790833
gene-BTH_RS02355	102.231222923157	0.529077171353477	0.3103780556557	1.70462170798691	0.0882650000626364	0.211544215026153
gene-BTH_RS22405	807.524862250171	0.26822009794139	0.157562412551841	1.70231017409143	0.0886972385853505	0.212463099034292
gene-BTH_RS23675	3503.5433510891	0.385191369814472	0.226349579545088	1.70175429788127	0.088801437053846	0.212595625307777
gene-BTH_RS21025	1473.49220810691	0.267326641553656	0.15717590427151	1.70081185657993	0.0889783221417163	0.212901925916648
gene-BTH_RS00930	23.0047416238624	-0.926293840928316	0.545203842714627	-1.69898626597385	0.0893217713838165	0.213371209395935
gene-BTH_RS17765	381.710007217421	-0.291564787291127	0.171608020656197	-1.69901608430794	0.0893161530811976	0.213371209395935
gene-BTH_RS19000	348.384289320779	0.37184802504375	0.218881210048472	1.69885768157716	0.0893460022233925	0.213371209395935
gene-BTH_RS23540	2968.65057505163	0.343603623266812	0.20227125649009	1.69872689392052	0.0893706536826192	0.213371209395935
gene-BTH_RS04835	8.51755384000724	-1.00485927662271	0.592357747316631	-1.69637230402524	0.0898153953588239	0.214109326244816
gene-BTH_RS05915	253.427171880715	0.417062534876317	0.245864794368362	1.69630847697317	0.089827475953285	0.214109326244816
gene-BTH_RS12040	59.1311083531446	-0.82716355292215	0.487491838990121	-1.69677415448777	0.089739366853917	0.214109326244816
gene-BTH_RS24320	23.4750969076202	-1.01997602043009	0.601515373289344	-1.69567739366731	0.0899469919870279	0.214276788139963
gene-BTH_RS14245	469.20407718594	0.373499941480024	0.220369650489617	1.69487922066483	0.0900983351403049	0.214519845572155
gene-BTH_RS27690	3792.67153357927	0.452337449254621	0.266981130453307	1.69426748806778	0.0902144656339422	0.214678843275519
gene-BTH_RS09585	145.391009132039	-0.490222705806403	0.289395489550661	-1.69395420283696	0.0902739859042993	0.214703028257902
gene-BTH_RS10050	212.600119144468	-0.539377374484135	0.318578271359597	-1.69307646809129	0.0904409128135735	0.214919398822386
gene-BTH_RS16865	65.174379711798	-0.680595018655044	0.40207483678546	-1.69270731811103	0.0905111916136095	0.214919398822386
gene-BTH_RS22795	134.329304933045	-0.704759841602446	0.416353249034075	-1.6926968703558	0.0905131812971521	0.214919398822386
gene-BTH_RS06740	31.0687251273993	0.724502595982196	0.428241285183186	1.69180931649848	0.0906823366679195	0.215140655791719
gene-BTH_RS13140	246.546156360897	0.351537482226306	0.207834503748298	1.69142984387251	0.0907547364086908	0.215140655791719
gene-BTH_RS15525	286.135626976862	0.372850543717302	0.220414334338502	1.69158936435003	0.0907242957680562	0.215140655791719
gene-BTH_RS26305	1313.69049766381	0.24202578427477	0.143160332252942	1.69059250188906	0.0909146577180427	0.215402375312356
gene-BTH_RS27695	8460.17448830623	0.429531176637781	0.254120964320999	1.69026265812217	0.0909777157259291	0.215434438436468
gene-BTH_RS07160	193.798319538288	0.350595319360838	0.207605596203926	1.68875659313373	0.0912660853273173	0.215999712281736
gene-BTH_RS17700	1192.30580221532	0.267087615009543	0.158205475423387	1.68823243503277	0.0913666192454777	0.216120061836774
gene-BTH_RS21635	526.55739674653	-0.322829687697292	0.19129364257005	-1.68761325969877	0.0914854922095133	0.216283636473578
gene-BTH_RS07530	53.0784973034636	-0.700037418085613	0.415032411282175	-1.68670542120545	0.0916600091614542	0.216460933687473
gene-BTH_RS18560	2267.4972161882	0.363956406918389	0.215762345758939	1.68683931219872	0.0916342540238444	0.216460933687473
gene-BTH_RS22175	325.878644941107	-0.323901086772885	0.192116826007334	-1.68595897352853	0.0918037017295473	0.216682638374135
gene-BTH_RS00330	162.81865197992	-0.751913102176434	0.446241884145011	-1.68498997716694	0.0919905052689048	0.217005801474911
gene-BTH_RS09230	160.827199605585	-0.468689475451813	0.278285231320128	-1.68420535013104	0.0921419896525963	0.217245341457341
gene-BTH_RS03425	5784.2651528466	0.357087050124903	0.212085069605862	1.68369725784334	0.0922401915728592	0.217359064648937
gene-BTH_RS00265	101.60090689575	-0.632028034902191	0.376025020259837	-1.68081377793811	0.0927990915982686	0.218369111318691
gene-BTH_RS23285	57.474852418116	-0.623252939602369	0.370827361314321	-1.68070915100056	0.09281942225937	0.218369111318691
gene-BTH_RS27515	348.2329577888	0.469000382099834	0.278966361937984	1.68120765113643	0.0927225878930573	0.218369111318691
gene-BTH_RS09285	112.650351667748	-0.765965632580644	0.456561211790625	-1.67768442171542	0.0934087222001351	0.219618913429951
gene-BTH_RS20540	1703.09853509525	0.377945876563155	0.225307788694989	1.67746476387818	0.0934516341974341	0.219618913429951
gene-BTH_RS13595	176.349111439906	-0.560711034436516	0.334421970921105	-1.67665728687663	0.0936095175410555	0.219871167010579
gene-BTH_RS12505	120.228314372676	-0.595845101966412	0.355631626019545	-1.67545588854256	0.093844818965467	0.220304890717637
gene-BTH_RS00205	185.465193207456	-0.530614342450881	0.316882092139336	-1.67448510223028	0.0940352998817164	0.220632985159367
gene-BTH_RS18450	3.38698866692687	-1.01108322543773	0.604095752388942	-1.6737135155136	0.0941869162609297	0.220869587997329
gene-BTH_RS03420	715.843808450363	0.289672705914604	0.173122074022592	1.67322802450254	0.094282415399645	0.220912633832074
gene-BTH_RS35060	75.5957434675789	-0.653276219483756	0.390457648743838	-1.6731039117442	0.0943068416152097	0.220912633832074
gene-BTH_RS34240	104.205623434633	0.482187229780727	0.288416455291432	1.67184368621928	0.0945551497450779	0.221255998596605
gene-BTH_RS18825	657.040635018527	0.34189820236651	0.204478623415056	1.67204863108119	0.0945147328598657	0.221255998596605
gene-BTH_RS15145	2066.58660096239	0.387939569760859	0.232230141943298	1.67049620051294	0.0948212305361165	0.221759329479627
gene-BTH_RS08390	754.613467568384	0.344838507172867	0.206522368392326	1.66973926290533	0.0949709619179022	0.221990158163823
gene-BTH_RS06685	1370.02005138988	-0.269672260836647	0.16160789838703	-1.66868243154067	0.0951803326955487	0.22212148456311
gene-BTH_RS11005	84.4732635480289	-0.650686616654906	0.389924817997106	-1.66874891420668	0.0951671508057659	0.22212148456311
gene-BTH_RS24930	118.663631022951	-0.532500684368323	0.319084670588786	-1.66883819077154	0.0951494517426041	0.22212148456311
gene-BTH_RS01350	26.4582018988076	-0.895796333442617	0.53720709685582	-1.66750651412753	0.0954137302084813	0.222546770191364
gene-BTH_RS05605	33.4336672275226	-0.764137940113721	0.45884925407705	-1.66533547417603	0.095845844926309	0.223315171627983
gene-BTH_RS10535	70.1950172851057	-0.683436844945202	0.410352117822442	-1.66548877235458	0.0958152817840035	0.223315171627983
gene-BTH_RS14170	56.5891797535044	0.593463513639434	0.356546901589642	1.66447530743785	0.0960174816160477	0.223595313185122
gene-BTH_RS09520	711.716585557597	-0.308538145778447	0.185506614703978	-1.66321910553322	0.0962685845841685	0.224060108582736
gene-BTH_RS07480	294.532486105623	0.34443684320901	0.207351913822559	1.6611220839937	0.0966889299738642	0.224918099137064
gene-BTH_RS27320	2111.3697966702	0.337281438412782	0.203319937084933	1.65887046419795	0.0971418974601073	0.225851017611687
gene-BTH_RS04405	692.36162345361	0.368062240760859	0.221971130579212	1.65815365178542	0.0972864570399304	0.226066286390864
gene-BTH_RS12285	545.201149855017	0.285891321370654	0.172491595469289	1.65742174621809	0.097434237849293	0.226288806537333
gene-BTH_RS10640	421.674984768203	0.310364534747236	0.18775255310353	1.65305094187505	0.0983204963647849	0.228225271711214
gene-BTH_RS24030	44.9830795350465	0.626050367726787	0.379227766388202	1.65085582653756	0.0987680175475434	0.229141800710301
gene-BTH_RS14105	116.70626676939	0.502701064523345	0.304689544674722	1.64987960141532	0.0989675636177419	0.22948235700276
gene-BTH_RS14645	778.922790165248	0.333353164357047	0.202257988880743	1.64815820725678	0.0993202104161587	0.230177365642137
gene-BTH_RS25195	51.0766745868426	-0.761234693260497	0.461993233994943	-1.64771827214428	0.0994104967118502	0.230263930083359
gene-BTH_RS24635	56.2756722167117	-0.710170183685626	0.431227290663521	-1.64685816287949	0.0995872029880517	0.230550469929763
gene-BTH_RS00075	116.351696819248	-0.679028288093397	0.41312772885885	-1.64362796457411	0.100253073902248	0.231968548656797
gene-BTH_RS00315	188.991616585296	-0.678130776183299	0.412768522777546	-1.6428839380002	0.100406948870421	0.232201077930002
gene-BTH_RS09790	170.972967134979	0.415923486056921	0.253470621456748	1.64091397916856	0.100815272777905	0.233021485963809
gene-BTH_RS21765	696.465822363236	0.272977314778549	0.166439025762307	1.64010401724167	0.100983541300085	0.233162635167394
gene-BTH_RS24655	381.420735509441	0.31609453604056	0.192721159425684	1.64016518467683	0.10097082604023	0.233162635167394
gene-BTH_RS26280	96.3018336625572	-0.477726877613777	0.291500688696693	-1.63885334113516	0.101243807032515	0.233639554690418
gene-BTH_RS03385	83.1912364671381	-0.745029383202517	0.455098448831557	-1.63707300061194	0.101615217237351	0.234372319714993
gene-BTH_RS03055	82.2350791845644	0.589998133037332	0.360691109162552	1.63574348812529	0.101893283767584	0.234838577358263
gene-BTH_RS12925	340.117408220262	0.317564349579172	0.194158849205817	1.6355903986768	0.101925341161471	0.234838577358263
gene-BTH_RS05100	104.91577384009	-0.51110291565911	0.312674303269232	-1.63461758870225	0.102129238157084	0.235183793532723
gene-BTH_RS34055	114.575855934395	-0.430104351179561	0.263182026211448	-1.63424667471023	0.102207065643813	0.2352384844183
gene-BTH_RS16830	70.6892383942077	-0.659501260463268	0.40379595012853	-1.63325377645156	0.102415634037846	0.235469348871368
gene-BTH_RS35705	12.3104326707263	-0.969791677399087	0.593745815998835	-1.6333448611636	0.102396486669355	0.235469348871368
gene-BTH_RS10945	108.389571823973	-0.655518008993182	0.401462229018474	-1.63282610818916	0.102505574393946	0.235551636879908
gene-BTH_RS02515	18.5956883230903	-0.938732450264152	0.575198652385044	-1.63201434212637	0.102676464893168	0.235819758334362
gene-BTH_RS15105	475.014770822311	-0.333821618848813	0.204625912971422	-1.63137509810614	0.102811196015451	0.235880117440513
gene-BTH_RS18415	932.654659981303	0.32618893599645	0.199918688928801	1.63160801896125	0.102762087865072	0.235880117440513
gene-BTH_RS19185	8404.91271485358	0.303668399281782	0.186178587308562	1.63105974576173	0.102877713449724	0.235908304431366
gene-BTH_RS03015	418.219261164156	-0.465591345064395	0.285697846007673	-1.62966347688841	0.103172640535122	0.236255717794686
gene-BTH_RS09375	104.966068795783	-0.634137666360822	0.389036360173544	-1.63002158995612	0.103096934030546	0.236255717794686
MSTRG.1757.1	30.5163090075553	0.682498889589596	0.418821150043759	1.62957121319754	0.103192152599978	0.236255717794686
gene-BTH_RS25130	179.009707487437	-0.355509599501165	0.218325821014179	-1.6283442693573	0.103451907569911	0.23660136589333
gene-BTH_RS29160	843.506784809131	0.285080530964907	0.17504658116017	1.6285981084318	0.103398124972505	0.23660136589333
gene-BTH_RS17560	1247.20561146856	0.331148926697699	0.203494755001326	1.62730939524973	0.10367140349901	0.236978773105988
gene-BTH_RS17550	1449.35917755313	0.269871381308305	0.165891614269365	1.62679338854406	0.103780986286153	0.237104669298721
gene-BTH_RS08905	237.931599496791	0.444585894330069	0.273437119325323	1.62591639140669	0.103967442664275	0.237281414265266
gene-BTH_RS09930	139.429428002914	-0.422520388462598	0.259850491178402	-1.62601343005549	0.103946798409884	0.237281414265266
gene-BTH_RS23205	494.180300911477	0.346756456338401	0.213452368617065	1.62451444593938	0.104266059830863	0.237838154307423
gene-BTH_RS17015	226.53274913691	-0.395520074829715	0.243773122710331	-1.62249254730063	0.104697927574912	0.238573067025075
gene-BTH_RS17625	2905.5852393312	0.417215274762579	0.257142918185907	1.62250346113341	0.104695592626479	0.238573067025075
gene-BTH_RS04080	82.2596668592935	-0.644858677244783	0.398257552515322	-1.61920012105727	0.105404211978793	0.240056713145418
gene-BTH_RS16580	1220.88898692545	0.379704107353539	0.234946932863766	1.61612710889787	0.10606683419418	0.241439418495386
gene-BTH_RS16400	389.154553207968	0.316089191871431	0.19561582231225	1.6158672040694	0.106123027675906	0.241440988697799
gene-BTH_RS18900	818.540583642413	0.363166025107037	0.224977345061843	1.61423375765772	0.10647673231887	0.242098707600285
gene-BTH_RS20345	1286.97000741468	0.303705831499651	0.188167512895285	1.61401841809251	0.106523431344125	0.242098707600285
gene-BTH_RS11210	311.018078093087	-0.292837204561798	0.181530711910138	-1.6131551596997	0.106710802528581	0.242271394049754
gene-BTH_RS14335	859.64617384581	0.301951739843349	0.187167096400001	1.61327362368243	0.106685074338457	0.242271394049754
gene-BTH_RS09160	540.13410194189	-0.366371612813695	0.227176568556227	-1.61271743446999	0.10680591102381	0.242360830961697
gene-BTH_RS17325	65.8613517326643	-0.808577052206579	0.501666509639858	-1.6117820039194	0.107009385593492	0.242695947513917
gene-BTH_RS35520	356.359318917969	0.303758747270745	0.188622487462484	1.61040579708801	0.107309295859277	0.243249315783144
gene-BTH_RS11770	141.707545125523	-0.584295049078987	0.36313440578781	-1.6090324677756	0.107609242368314	0.243802189740712
MSTRG.2812.1	24.4082699803894	-0.837055452676987	0.520314916034062	-1.60874775425848	0.107671509171505	0.243816275323293
gene-BTH_RS15500	787.969401986747	0.328071150830485	0.204066832187201	1.60766523062174	0.107908517423389	0.244225832878118
gene-BTH_RS13115	201.788444121644	-0.376181610602704	0.234071666788324	-1.60712151010952	0.108027715580479	0.244241456743807
gene-BTH_RS24830	268.574827883436	0.386575711570615	0.240503599360956	1.60735936010017	0.107975559648335	0.244241456743807
gene-BTH_RS19695	4718.5615498781	0.346570926981296	0.215825751561948	1.60579043266679	0.108319963467596	0.244774982381322
gene-BTH_RS20440	266.368733793681	0.412835152689436	0.257166084236763	1.60532503309944	0.108422292882365	0.244879010404095
gene-BTH_RS33300	14.2782157773012	-0.945241185328943	0.589251872316234	-1.60413777153288	0.108683687714951	0.245047267290227
gene-BTH_RS07385	42.1515871335049	-0.863159679934304	0.538227491184405	-1.60370790060326	0.108778453594811	0.245047267290227
gene-BTH_RS14875	243.498097591255	0.398516587244257	0.248370879961331	1.60452218595957	0.10859899813903	0.245047267290227
gene-BTH_RS23330	2662.22539883697	0.396525676550994	0.247240044136987	1.60380846854765	0.108756277341331	0.245047267290227
gene-BTH_RS34830	319.383791347096	-0.36272675699967	0.226111116368802	-1.60419692240181	0.10867065290471	0.245047267290227
gene-BTH_RS14435	35.4086362505317	0.625571917305193	0.390154710814827	1.60339449957865	0.108847584648182	0.245062266890117
gene-BTH_RS15740	38.9677954329776	-0.828848409640706	0.517089207143389	-1.60291183453548	0.108954120497813	0.245062266890117
gene-BTH_RS20570	1369.98541242939	0.286875657878528	0.17895517720372	1.60305872320169	0.108921689889633	0.245062266890117
gene-BTH_RS02760	744.480702773444	0.360175252002538	0.224822841023091	1.60204030143692	0.109146697823667	0.245368545495066
gene-BTH_RS01225	15.5286264505551	-0.966737406740343	0.603643198208834	-1.60150467960031	0.109265184378611	0.245508033082107
gene-BTH_RS07400	44.6928235182816	-0.697329672674709	0.435586081445595	-1.60089980460454	0.109399112892513	0.245682055282618
gene-BTH_RS22285	900.87709090053	-0.219622240148674	0.137376654968131	-1.59868676522676	0.109890219792035	0.246657614084289
gene-BTH_RS04090	80.8612583740394	-0.570112793354328	0.356676066309917	-1.598404959583	0.109952881581422	0.24667098240288
gene-BTH_RS16560	2227.81765226977	0.35010162611804	0.21921525473839	1.59706780687252	0.110250593343546	0.247211381981663
gene-BTH_RS24520	157.275877313687	-0.369115339337306	0.231497167777178	-1.59447021698593	0.110830756309487	0.248384229750782
gene-BTH_RS18000	83.6911870896342	-0.53977550732173	0.338623303678072	-1.59402941693255	0.110929446326774	0.248477390072846
gene-BTH_RS19315	144.973690351118	-0.542283932456943	0.340532802361425	-1.59245725726413	0.111281999754315	0.249138805420108
gene-BTH_RS27795	9356.65197104114	0.372151096560018	0.233915802741386	1.59096175717321	0.111618182585178	0.249762908562512
gene-BTH_RS08665	116.017924712332	0.506516722372989	0.318608484594928	1.58977788371506	0.111884880759822	0.250230967252045
gene-BTH_RS10840	176.409499523726	0.433653255875395	0.273011383414785	1.58840723215028	0.112194283157765	0.250665193495777
gene-BTH_RS21585	171.425007848973	0.41152705805293	0.259040340488988	1.58866011863671	0.112137147422906	0.250665193495777
gene-BTH_RS07775	109.972958685386	-0.426048884494574	0.269101852112223	-1.5832253890133	0.113370101618718	0.252475450444253
gene-BTH_RS07835	77.0106483898863	0.504345845210442	0.318585585156866	1.58307804467083	0.113403677106913	0.252475450444253
gene-BTH_RS08870	88.2172518702243	-0.524850758312691	0.331383999168819	-1.58381442564857	0.113235955532535	0.252475450444253
gene-BTH_RS18220	124.753691104869	-0.456468208083337	0.28828346129621	-1.58340060866106	0.113330184353597	0.252475450444253
gene-BTH_RS20765	667.709117360744	0.247123160154383	0.156056604204097	1.58354823504416	0.11329656178016	0.252475450444253
gene-BTH_RS22940	713.135230983782	0.301585775579089	0.190362585163649	1.58427022473888	0.113132238563527	0.252475450444253
gene-BTH_RS35430	192.678556686642	-0.419078476403739	0.264729060619088	-1.58304674002807	0.11341081153289	0.252475450444253
gene-BTH_RS35580	287.848611047352	0.336697642723556	0.212920091128389	1.58133335815891	0.113801836164012	0.253163074662585
gene-BTH_RS10420	4864.52270879655	0.309586738325404	0.195825839352994	1.58092894864271	0.113894284394179	0.253163074662585
gene-BTH_RS22530	2897.35617226071	0.300232878589485	0.189895923110391	1.58103909589967	0.113869098814924	0.253163074662585
gene-BTH_RS17735	306.254256908666	-0.29124982596125	0.184379778158897	-1.57961913648824	0.114194114122708	0.253699896033596
gene-BTH_RS13015	126.11042441608	0.48663482850859	0.308277964641052	1.57855858778362	0.114437339769266	0.254110478813837
gene-BTH_RS08790	555.683393256326	0.368991002200624	0.234078022766786	1.57635901841264	0.114943087348415	0.255103280594696
gene-BTH_RS03060	177.868900911146	0.37420463881849	0.23755420389609	1.5752389672808	0.115201295773674	0.255459132663725
gene-BTH_RS16675	4159.00017845778	0.414564284891401	0.263269102919209	1.57467883733634	0.115330595050819	0.255459132663725
gene-BTH_RS17340	1664.558932046	0.298846467776191	0.189786524914332	1.57464534382032	0.115338330241737	0.255459132663725
rna-BTH_RS19175	110.679847031328	-0.676984060554746	0.429909208072148	-1.57471402762123	0.115322468437528	0.255459132663725
gene-BTH_RS11160	106.676064392292	-0.583238014741112	0.370724544274437	-1.57323820002961	0.115663673130037	0.256049352730615
gene-BTH_RS33140	7.79220306156929	-0.949078521003751	0.604357114324415	-1.57039356120542	0.116323579492128	0.257374709609943
gene-BTH_RS20010	1448.05668731471	0.325208656044152	0.207119757031917	1.57014792168782	0.116380702023623	0.257374709609943
gene-BTH_RS07490	172.806895521078	0.342825874290044	0.218627307144474	1.56808350597987	0.116861645312449	0.258306990400992
gene-BTH_RS28500	1943.62914795278	-0.409565492423984	0.261441962505657	-1.56656371646966	0.117216704414582	0.258960215441053
gene-BTH_RS34610	10.2231739133704	0.891010251594804	0.569024471166393	1.56585577025958	0.1173823864188	0.259194609604965
gene-BTH_RS07870	870.316631841439	0.245914893866534	0.15710047414526	1.56533514748754	0.117504346016908	0.259332270509159
gene-BTH_RS27880	5821.72651344909	0.388206891649154	0.24817048516067	1.56427502407396	0.117752994912911	0.259749253484362
gene-BTH_RS05295	371.265399115753	-0.430219397657413	0.27510514457639	-1.56383625002677	0.11785602882965	0.259844767059796
gene-BTH_RS28180	14.1645134709007	-0.840695799463929	0.53811186113114	-1.56230676219762	0.118215739756374	0.26050580949353
gene-BTH_RS26830	272.446803024403	0.283966578179466	0.18184514060229	1.56158463865979	0.118385870585196	0.260748626352204
gene-BTH_RS23765	2802.00987654483	0.307507188392065	0.197041154725317	1.56062416920334	0.11861245269721	0.261115470259545
gene-BTH_RS01705	72.7438576603604	-0.734312676156862	0.471096757753114	-1.55873005719494	0.119060284590287	0.261883254183606
gene-BTH_RS12280	395.228915763277	0.365170601959976	0.234364401533125	1.55813169393971	0.119202032938745	0.261883254183606
gene-BTH_RS20165	1484.35250329159	0.224924639623681	0.144347302372696	1.55821851829929	0.119181456615872	0.261883254183606
gene-BTH_RS20810	55.6764180456804	-0.531730245555389	0.341240395373264	-1.55822772674307	0.119179274489365	0.261883254183606
gene-BTH_RS10935	279.239276547627	0.317290998543314	0.203764095734589	1.55714870865473	0.119435182783401	0.262263021255827
gene-BTH_RS04415	44.3415684391123	-0.619166573602816	0.397953174352801	-1.55587796129477	0.119737114938723	0.262793365279236
gene-BTH_RS20210	3098.03476245437	0.336087284388068	0.216153252737112	1.55485647397044	0.119980255598698	0.263061548313677
gene-BTH_RS23290	58.8653703158469	-0.669928150238293	0.430807092485647	-1.55505367001499	0.119933287698418	0.263061548313677
gene-BTH_RS07110	40.0511355428308	0.579655489420288	0.372922102379143	1.55436077862439	0.120098383292205	0.263187892856974
gene-BTH_RS03200	636.903940509956	0.327946220462491	0.211037801447717	1.55396909090591	0.120191789631919	0.263259962184716
gene-BTH_RS25305	124.65538220159	-0.486717054645367	0.313751137531424	-1.55128379286472	0.120833689061871	0.264532736496799
gene-BTH_RS13810	164.24797976675	-0.611040508252692	0.393993682219573	-1.55088910261297	0.120928262377153	0.264591069513434
gene-BTH_RS16590	406.563116034095	0.344597317158047	0.22226186138423	1.55041137067745	0.121042811110744	0.264591069513434
gene-BTH_RS20740	1518.19270454791	0.274951506107788	0.177318963828138	1.55060406496779	0.120996597400933	0.264591069513434
gene-BTH_RS25030	311.749739101554	-0.344437177443638	0.222325696718709	-1.54924591501192	0.121322615775643	0.265069502071344
gene-BTH_RS09820	133.616705977391	-0.50566235334378	0.32665665823012	-1.54799340715583	0.121623883830658	0.265594324630201
gene-BTH_RS19195	362.971851524164	-0.271774819557832	0.175739665682218	-1.54646259569692	0.121992886832231	0.266266461475265
gene-BTH_RS20335	307.346755479856	-0.393067133946784	0.254258718047965	-1.54593375190633	0.12212056813839	0.266411470111331
gene-BTH_RS13760	237.681134835736	0.30860403766105	0.199667739014429	1.5455878810685	0.122204129882387	0.266460132826257
gene-BTH_RS04165	99.6616425595656	-0.457121254781582	0.295920699008448	-1.54474241346845	0.122408581399993	0.266772208962911
gene-BTH_RS10905	591.936545915437	-0.249340114661862	0.161443526106099	-1.54444170463669	0.122481363409199	0.266797161156743
gene-BTH_RS27210	242.423427114425	-0.371086526930634	0.240620557724599	-1.54220624555014	0.123023482869083	0.267843919159414
gene-BTH_RS11740	53.3298590176663	-0.677148088687325	0.439497305115683	-1.54073319860082	0.123381733421594	0.268489514949441
gene-BTH_RS28830	3.24228381990712	-0.796447672797052	0.517762990536453	-1.53824759079797	0.123988088746912	0.269674093024533
gene-BTH_RS34740	217.202468445711	0.341147202024065	0.221897119080876	1.53741158712261	0.124192550672294	0.269868748979087
gene-BTH_RS34585	222.442807346097	-0.452329179554087	0.29422188477927	-1.53737435233083	0.124201663323249	0.269868748979087
gene-BTH_RS20635	1185.29699239217	0.195828538507909	0.127429171778292	1.53676380200149	0.124351160681816	0.270058686453271
gene-BTH_RS08585	6469.84210978879	0.27471616944393	0.178795471269067	1.53648281745634	0.124420008788261	0.270073372369728
gene-BTH_RS18945	505.465023433311	-0.232180390615924	0.151188268587159	-1.53570374729224	0.124611055604064	0.270353163031262
gene-BTH_RS16410	312.415149404827	0.327846841702421	0.213623071993639	1.53469772081633	0.124858095964527	0.270633418963032
gene-BTH_RS20920	604.493715153396	0.278146540832374	0.181241802936555	1.53467101036145	0.124864660197427	0.270633418963032
gene-BTH_RS16815	1969.04083804118	0.31039102420587	0.202361539095745	1.53384395865368	0.12506804563563	0.270939242288343
gene-BTH_RS00090	108.581425546199	-0.542615606708891	0.353915725271891	-1.5331774429973	0.125232140510752	0.271156927465532
gene-BTH_RS16260	185.939276793193	0.343529586205503	0.224137020534765	1.53267668761671	0.125355535892686	0.271156927465532
gene-BTH_RS34545	4.10947403619628	-0.948187715449209	0.618613431138879	-1.53276289799201	0.125334285312462	0.271156927465532
gene-BTH_RS26810	196.63849713107	0.34355251577251	0.224260346591488	1.53193607784047	0.125538209523365	0.271417103094751
gene-BTH_RS21860	997.899499301241	0.298353252884061	0.194811141631588	1.53149994597477	0.125645879768001	0.271514941376456
gene-BTH_RS16690	367.678558257771	0.273207710898386	0.178575256062774	1.52993038857716	0.126033960453299	0.272083239688264
gene-BTH_RS23085	380.348614170227	0.321488756619632	0.210111269154895	1.53008811908432	0.125994918670901	0.272083239688264
gene-BTH_RS19685	480.742347187961	0.311644403806682	0.203761090494054	1.5294598348048	0.126150488889704	0.272199715610224
gene-BTH_RS14315	1413.93491284389	0.307264306172059	0.201048400340523	1.52831012657467	0.126435556834649	0.27267955985658
gene-BTH_RS10235	1009.84494704897	-0.286059648829536	0.18732781977429	-1.5270537455366	0.126747647381971	0.273081855429209
gene-BTH_RS15020	5079.65870859175	0.291577536706396	0.190920925200426	1.52721623572849	0.126707250376857	0.273081855429209
gene-BTH_RS08060	10761.9920168758	0.303437364446989	0.198804843142517	1.5263077078533	0.126933249971105	0.273346355135795
MSTRG.879.1	206.861989222894	-0.538687523952489	0.353040332921906	-1.52585263982189	0.127046567655175	0.273455007075711
gene-BTH_RS07225	35.9693727342636	-0.628133544532659	0.412191805449976	-1.52388654074999	0.127537056197311	0.274374972531308
gene-BTH_RS15765	179.549427475177	0.410110852439507	0.269288918516779	1.52293995125519	0.12777372939035	0.274748256474554
gene-BTH_RS17055	452.811487325745	0.343409162749732	0.225566175906537	1.52243199304857	0.127900873549028	0.27488577072049
gene-BTH_RS18360	137.711225750189	0.399549169899797	0.262573433814961	1.52166639288179	0.128092692481031	0.275162080144438
gene-BTH_RS07605	277.638968018646	-0.363861848622436	0.239278600581579	-1.52066188843487	0.12834470736331	0.275389220403073
gene-BTH_RS24170	22.5351156988468	-0.736799565977834	0.484570244885423	-1.52052168649367	0.128379912527325	0.275389220403073
gene-BTH_RS27445	1910.20422479812	0.272771570320252	0.179397375711585	1.52048807424465	0.128388353787916	0.275389220403073
gene-BTH_RS27925	6.77447196655292	-0.915984378288473	0.603175103661068	-1.51860441972614	0.128862097983496	0.2762691602899
gene-BTH_RS05945	25.462301394312	-0.693011597489926	0.45654549473949	-1.51794641602009	0.129027907412737	0.27634500828487
gene-BTH_RS09300	177.922251982497	0.329165946087556	0.216883599572849	1.51770787065433	0.129088059042495	0.27634500828487
gene-BTH_RS22965	568.575163571755	-0.228417164377281	0.150482119522111	-1.51790236011209	0.129039014916418	0.27634500828487
gene-BTH_RS17150	53.9596080622907	0.511029420295399	0.336884867824798	1.51692601568903	0.129285364403496	0.276631251920908
gene-BTH_RS12005	303.432166786124	0.286188903640721	0.18872905292104	1.51640088905896	0.129418014403691	0.276642930052115
gene-BTH_RS16055	408.156104976444	0.340776984552633	0.224706817532584	1.51654047836452	0.129382743034606	0.276642930052115
gene-BTH_RS25575	1133.50826138707	0.361062721613928	0.238156492219236	1.51607339463814	0.129500794871479	0.276683918315783
gene-BTH_RS06555	6.85180914389789	0.928137761820532	0.612826037527818	1.51452076932746	0.129893810225621	0.277387370879456
gene-BTH_RS34595	48.315825772191	-0.626317813532689	0.413725292490767	-1.51384946702688	0.130064023114918	0.277614573380712
gene-BTH_RS25710	7.22730275306163	0.895007683692704	0.591738199087252	1.51250618106663	0.130405141395514	0.278206162369046
gene-BTH_RS24695	59.5252069953655	0.484680965003337	0.32054375634539	1.51205866721387	0.130518938500973	0.27831244239178
gene-BTH_RS33710	62.4017400101346	-0.517630915494416	0.342711485495472	-1.51039850545439	0.130941769765138	0.278804061908149
gene-BTH_RS23660	1139.14410026765	0.285548774264434	0.189037758108232	1.51053830262284	0.130906123519705	0.278804061908149
gene-BTH_RS24880	452.158111471878	0.336382238349254	0.222691530465593	1.51053000374986	0.130908239401507	0.278804061908149
gene-BTH_RS07255	237.035791362191	-0.472343638894464	0.313093534428394	-1.50863428003011	0.131392268812824	0.279626403784631
gene-BTH_RS14625	313.147204656069	0.274869717874733	0.182472550853781	1.50636200671624	0.131974268356805	0.28072766129687
gene-BTH_RS10410	345.593969586516	-0.469299205443603	0.311676118858851	-1.50572718616319	0.132137222017594	0.280799665743299
gene-BTH_RS27370	1054.89392602901	0.222584881187494	0.147816957931258	1.50581424690804	0.132114864960742	0.280799665743299
gene-BTH_RS20560	1715.23682680435	0.313790430456612	0.208465013932403	1.50524265217165	0.132261703108695	0.280880951207744
gene-BTH_RS27050	429.518899764435	-0.301234389245838	0.200145672162042	-1.50507570806704	0.132304613568889	0.280880951207744
gene-BTH_RS00235	152.376996808069	-0.417919302621957	0.278002322000213	-1.50329428767015	0.132763172521818	0.281716975838981
gene-BTH_RS17715	173.404902108675	-0.39359837295289	0.26188272017694	-1.50295663909004	0.132850225878408	0.281764252838165
MSTRG.1679.2	3.23766426424846	-0.831776480287439	0.553730865385895	-1.50213132819998	0.133063195519069	0.282078411553581
gene-BTH_RS27100	79.5645401132952	-0.475041830631809	0.3163014171096	-1.50186437662151	0.133132138318337	0.282087092881035
gene-BTH_RS17245	1048.79980424727	0.303639571204184	0.202340851616282	1.50063404783926	0.13345023992295	0.282623438979957
gene-BTH_RS03390	88.4986305909623	-0.504683237670838	0.336594736118886	-1.4993794718542	0.133775215984715	0.282952509558492
gene-BTH_RS18355	1945.61254073946	0.329016968915525	0.219392254318045	1.49967449825535	0.133698739530133	0.282952509558492
gene-BTH_RS23820	128.471634514595	-0.372134710466676	0.248208789459971	-1.49928095325042	0.13380076141651	0.282952509558492
gene-BTH_RS03020	598.247693717495	0.298009447467109	0.198849012238596	1.49867200300463	0.13395874324104	0.28314894708383
gene-BTH_RS23915	883.495789566582	-0.318753536598619	0.212936209087167	-1.4969437934726	0.134407883738645	0.283960317757701
gene-BTH_RS02080	193.002765809717	-0.331724476789443	0.221701523361486	-1.49626611382622	0.13458432184731	0.284068646948458
gene-BTH_RS03300	521.206538025635	0.299540926496736	0.20019507731279	1.49624521500459	0.134589765830062	0.284068646948458
gene-BTH_RS23925	34.19075932977	0.586143597899224	0.392038497236034	1.49511744900482	0.134883792757474	0.284551163188658
gene-BTH_RS06895	8.19486896643013	-0.917727368820683	0.614403000607294	-1.49368959447394	0.135256769504692	0.285036244927117
gene-BTH_RS11225	123.866105908649	-0.42012583296574	0.281305715761577	-1.49348487935389	0.135310309373447	0.285036244927117
gene-BTH_RS14400	671.933805851049	0.320236579654238	0.214366575166676	1.49387365733321	0.135208644869994	0.285036244927117
gene-BTH_RS07830	169.498051846866	-0.445141685142852	0.29814364873225	-1.49304433294373	0.13542558256191	0.285140989421253
gene-BTH_RS25780	236.04849855359	0.316699020991688	0.212253917236184	1.49207621284692	0.135679166974907	0.285536708437757
MSTRG.827.1	4.1075245507323	0.927229728614218	0.622149773198603	1.49036416721191	0.136128508925968	0.286343817131509
gene-BTH_RS28225	489.20547723928	0.310927799416725	0.20871887238127	1.48969662335445	0.136304022866461	0.286574431836204
gene-BTH_RS02530	76.126292222104	-0.565501550788943	0.379958230242564	-1.488325573124	0.136665053941136	0.287056004173801
gene-BTH_RS19655	862.799561550369	0.313973859608439	0.210925133216784	1.48855593840372	0.136604341603695	0.287056004173801
gene-BTH_RS08625	131.356073966894	-0.422093763915204	0.283755153374517	-1.48752809912178	0.136875387528099	0.28735904234905
gene-BTH_RS09445	113.366242907804	-0.433097296308957	0.291392254138733	-1.48630339399055	0.137198889396387	0.287899261396181
rna-BTH_RS22165	952.45005130659	0.5009812604048	0.337320034264766	1.48518086539614	0.137495919343555	0.288383437388845
gene-BTH_RS03000	584.113522761356	0.302793792003134	0.203971556630169	1.48449027406377	0.1376789014869	0.288489027682089
gene-BTH_RS06780	309.08731515703	0.318058897885728	0.214248763573119	1.48453084433871	0.13766814661877	0.288489027682089
gene-BTH_RS08345	49.7508868761406	-0.672742070414544	0.453480498592599	-1.48350827103356	0.137939420584362	0.288787426221307
gene-BTH_RS34465	635.118512460761	0.272011944907482	0.183425853151193	1.48295314010763	0.138086861273637	0.288787426221307
gene-BTH_RS19510	174.689972688855	-0.392436882715491	0.264631593523054	-1.48295552126244	0.138086228588592	0.288787426221307
gene-BTH_RS20590	189.4314681991	0.306028247292872	0.206330144845521	1.48319697794035	0.138022083909767	0.288787426221307
MSTRG.4257.1	484.945376785141	0.455323493098703	0.307219714428896	1.48207771739233	0.138319617009622	0.28913519173083
gene-BTH_RS24985	182.330477430249	0.409175157198085	0.276191777690608	1.48148927755715	0.13847624009442	0.289323556393242
gene-BTH_RS11620	51.7743474695347	-0.82627031723713	0.557839345543794	-1.48119763124931	0.138553917251869	0.289346874721858
gene-BTH_RS04230	71.8900126189224	-0.527115763215654	0.356456545781757	-1.47876583963304	0.139202908692035	0.290142720694601
gene-BTH_RS06970	12.4576444994885	-0.919554160117564	0.622217626209708	-1.47786581636896	0.139443697553425	0.290142720694601
gene-BTH_RS07310	311.267262624634	-0.385524991153482	0.260701004180475	-1.47880132784834	0.139193420871932	0.290142720694601
gene-BTH_RS09855	748.214639502294	-0.236732183370374	0.160222255385199	-1.47752372353787	0.139535303837495	0.290142720694601
gene-BTH_RS10070	75.3023759739683	-0.571601590711094	0.3865557166862	-1.47870427479698	0.139219369311469	0.290142720694601
gene-BTH_RS14730	1362.68489345761	0.301169531618972	0.203831651917616	1.47754055263555	0.13953079622591	0.290142720694601
gene-BTH_RS26725	221.173156043646	0.288774079191977	0.195379444472822	1.47801668681756	0.139403311884632	0.290142720694601
gene-BTH_RS35405	19.8017904166148	-0.845408084553146	0.572022363976589	-1.47792837796766	0.139426949695194	0.290142720694601
gene-BTH_RS27520	7.91098781456683	0.86464981603165	0.584729202325437	1.47871837526326	0.139215599130803	0.290142720694601
gene-BTH_RS23600	2407.34064522416	0.297182063076684	0.201374604548425	1.47576733294202	0.140006363131411	0.29098312452061
gene-BTH_RS10625	35.7737676136324	0.633325853714727	0.429268096171285	1.47536203916263	0.140115235391522	0.291070331400727
gene-BTH_RS32345	127.731715340751	0.379872867177862	0.257560390709842	1.47488853441682	0.140242513342821	0.291195672096072
gene-BTH_RS27545	1158.13392009551	0.209913384387123	0.142355021367819	1.47457660692379	0.140326407950558	0.291230856195099
gene-BTH_RS26790	171.34931276231	0.357451489688917	0.242806405310944	1.472166639225	0.140975883755928	0.292299854308049
gene-BTH_RS26935	50.1011687801954	-0.529155365796982	0.359382579078811	-1.47240126984825	0.1409125504665	0.292299854308049
gene-BTH_RS04930	765.323043452996	0.22961885630673	0.156055814947382	1.4713892999383	0.141185865458921	0.292595766911055
gene-BTH_RS02910	109.462595329733	-0.468628597080363	0.318652704218221	-1.47065626896244	0.141384098361929	0.292688124235305
gene-BTH_RS22715	3682.20627389184	0.305480532087299	0.207726338978515	1.47059122877478	0.141401697446591	0.292688124235305
gene-BTH_RS26765	700.680462083362	0.424924925882148	0.289019425014724	1.4702296423865	0.141499569026861	0.292688124235305
gene-BTH_RS28265	261.472948679793	-0.309326144873553	0.210366756552116	-1.47041362401251	0.141449763712598	0.292688124235305
gene-BTH_RS33220	30.9623014660809	-0.821777807809676	0.559566118233066	-1.46859822464697	0.141941796686491	0.293463315392697
gene-BTH_RS23510	6001.2764085194	0.32371208017185	0.22053112494449	1.46787479659994	0.142138235408792	0.293729845144059
gene-BTH_RS14040	265.725461400706	0.31630075978745	0.21564911976939	1.46673800535655	0.142447339951674	0.294089192591259
gene-BTH_RS29195	2216.04838885452	0.289541263284233	0.197390379005838	1.46684587537911	0.142417986904663	0.294089192591259
gene-BTH_RS10140	608.675636151103	-0.268334789689893	0.183044309594213	-1.46595537596749	0.142660444233147	0.294389436629121
gene-BTH_RS02690	658.828757633515	0.30187763642876	0.20614432676147	1.46439943883618	0.143084841363612	0.294985336460526
gene-BTH_RS13690	788.139686526987	0.312120690805631	0.213110585587189	1.46459496578097	0.143031456309763	0.294985336460526
gene-BTH_RS02125	325.67613451738	0.298874889127263	0.204133005368734	1.46411839960614	0.143161600761585	0.295003772294124
gene-BTH_RS13395	423.551989628408	0.321107550414937	0.219514680049863	1.46280672591918	0.143520272150204	0.295602833263914
gene-BTH_RS07290	342.707038502497	-0.444547182626536	0.304067163250764	-1.46200325570808	0.143740317708917	0.295915940385134
gene-BTH_RS25320	340.387341538279	-0.311283212732983	0.21315907585835	-1.46033290620869	0.144198602526591	0.296718978708927
gene-BTH_RS17665	1888.51980951058	0.28398140080735	0.194564573213728	1.45957404329409	0.144407177330406	0.296897775579015
gene-BTH_RS19395	109.586932284385	0.476426716244127	0.32642695327578	1.45952015133266	0.144421998419585	0.296897775579015
gene-BTH_RS34335	85.7923121083774	-0.620493680848409	0.425457057557231	-1.45841670699032	0.144725718367546	0.297381613083999
gene-BTH_RS24415	107.531816925073	0.454993622380997	0.31219673826057	1.45739390140983	0.145007679563338	0.297694595140583
gene-BTH_RS35770	20.0102866373706	-0.749751000763961	0.51445561702957	-1.45736770276311	0.145014907379976	0.297694595140583
gene-BTH_RS18620	122.082005669431	0.399017410005346	0.274013944452406	1.45619381087612	0.145339049976522	0.298219277074468
gene-BTH_RS24900	109.787866837568	-0.400278149700513	0.274959939890092	-1.45576897442047	0.145456495198922	0.298319544608823
gene-BTH_RS12245	2163.54263910825	0.304465213737733	0.209193140123496	1.45542637563542	0.14555125889628	0.298373221582854
gene-BTH_RS07730	924.826035921349	0.302638212747456	0.208137202776898	1.45403228596213	0.14593735524334	0.299023784883904
gene-BTH_RS07645	27.946376067939	-0.738190244977254	0.508340268473865	-1.45215771946111	0.146457755884589	0.299948793831432
gene-BTH_RS14915	181.91815971087	0.499878440446345	0.344358640550265	1.45162159906186	0.146606849683473	0.300112845234404
gene-BTH_RS23010	4474.47577492354	0.288216091633821	0.198812268004978	1.44968967220174	0.147145077052281	0.301072946931995
rna-BTH_RS20385	854.61145082217	0.60167136977757	0.415702672011797	1.44735988071901	0.14779615601665	0.302120901631781
gene-BTH_RS27555	1491.29746696506	0.216963267187266	0.149882665775792	1.44755409882967	0.147741796234065	0.302120901631781
gene-BTH_RS33245	88.6985597161142	0.523669098589302	0.362050715402191	1.44639708281635	0.148065859608128	0.302530056033516
gene-BTH_RS18760	426.471287169858	0.303422969413312	0.20997393267994	1.44505065719665	0.148443657224774	0.303017320003645
rna-BTH_RS22360	91.010443432419	0.42958698214209	0.297261691634275	1.44514747184651	0.148416467168751	0.303017320003645
gene-BTH_RS16695	1526.35712072362	0.250536588207366	0.173644359430506	1.44281443422084	0.149072751939543	0.304158757475146
gene-BTH_RS05740	229.196216156676	0.361698588874015	0.250899587931194	1.44160694665312	0.149413287639148	0.304289436780011
gene-BTH_RS07395	73.7682432110568	-0.502206508300957	0.348488378220128	-1.44109973154896	0.149556509387509	0.304289436780011
gene-BTH_RS12935	179.252404682912	0.422193715496289	0.292865577027111	1.44159555992204	0.149416501748525	0.304289436780011
gene-BTH_RS13665	2077.06968787073	0.292504825696457	0.202959014345273	1.44120144966239	0.149527778966436	0.304289436780011
gene-BTH_RS17635	3991.43885321254	0.338549279682745	0.234809608817546	1.44180334607094	0.149357858678298	0.304289436780011
gene-BTH_RS27355	2515.06067683119	0.256137006866086	0.177677336156232	1.44158513633311	0.149419444039984	0.304289436780011
gene-BTH_RS25115	1185.08265144704	0.297967594873215	0.206826578631037	1.44066394583051	0.149679645342542	0.304397595717652
gene-BTH_RS08670	100.149156466473	0.400911563620718	0.278381261121405	1.44015283933165	0.149824162533851	0.304406869230383
gene-BTH_RS18525	265.12103827262	0.352965371516175	0.245052744495246	1.44036489876172	0.149764189057101	0.304406869230383
gene-BTH_RS28880	51.2808382624186	-0.545876499625641	0.37944261910755	-1.43862727099434	0.150256155447993	0.305142052380378
gene-BTH_RS23305	6227.98520927339	0.381707039148913	0.265482135156705	1.4377880414575	0.15049420343999	0.305482867458683
gene-BTH_RS06035	31.3861882608113	-0.823117324675878	0.572666935951054	-1.43734040329898	0.150621293813231	0.30559824071248
gene-BTH_RS11485	414.234223795804	0.355202040169554	0.247410322730586	1.43567995162573	0.151093432590128	0.306413254903057
gene-BTH_RS08685	190.419947917387	0.380790426449217	0.265431341261783	1.43460988683195	0.151398295655219	0.306888437138958
gene-BTH_RS25210	104.450121418869	-0.638264051402596	0.445134411670875	-1.43386814110098	0.151609894957111	0.307174216610822
gene-BTH_RS09540	21.4425740807467	-0.752261412040167	0.525256550491839	-1.43217902058673	0.152092594187205	0.308008745211518
gene-BTH_RS14345	4685.37673700295	0.314651458660329	0.219776287495728	1.43168975254642	0.152232630405761	0.308148879602168
gene-BTH_RS05650	114.596760661106	-0.474966215190008	0.331839214849339	-1.43131430504876	0.152340155931261	0.308223106186504
gene-BTH_RS15785	140.161651417174	0.438417545420425	0.30643449556529	1.43070558884587	0.152514610801233	0.308432615985757
gene-BTH_RS18800	1685.59600096333	0.28121157277723	0.1968389735178	1.42863767145077	0.153108400752143	0.309489564717389
gene-BTH_RS26925	11.6273141407784	-0.803013714861606	0.562637537277547	-1.42723096426729	0.153513332061556	0.310163954699381
gene-BTH_RS06680	1140.44197839803	-0.262421577300476	0.184258932115154	-1.42420003355101	0.154388575199014	0.311787512588539
gene-BTH_RS22565	2471.40760045864	0.31931036701536	0.224296504507693	1.42360830685352	0.154559889859959	0.311988640784603
gene-BTH_RS25370	50.3385689616051	-0.485474992055126	0.341128890185931	-1.42314241338668	0.154694875303201	0.312116283659056
gene-BTH_RS18565	387.604187804032	0.37195269332425	0.261477681349683	1.42250264498416	0.154880384216283	0.312200959842831
gene-BTH_RS22885	354.300693394157	0.249419480915991	0.175337401388367	1.42251156308365	0.154877797140286	0.312200959842831
gene-BTH_RS06860	64.8796888120285	-0.561843694088771	0.395188683875032	-1.42170997554788	0.155110462997635	0.312478895834308
gene-BTH_RS18765	391.952161005169	0.36503224500895	0.25678778096991	1.4215327677594	0.155161934483242	0.312478895834308
gene-BTH_RS04365	564.263480166246	-0.264043035790409	0.186121033307238	-1.41866306617018	0.15599726984644	0.313320997056184
MSTRG.862.1	12.5612660262522	0.753393802965385	0.531263110111384	1.41811804476209	0.156156303820186	0.313320997056184
MSTRG.1408.1	18.0033126919791	-0.780883696986844	0.550294845302727	-1.41902782417899	0.155890904312163	0.313320997056184
gene-BTH_RS10970	75.9895191790003	0.475408889378974	0.334922846703312	1.41945792608203	0.155765554835411	0.313320997056184
gene-BTH_RS16240	1005.95861105981	0.276459859212805	0.194846671221413	1.41885851823791	0.155940268053198	0.313320997056184
gene-BTH_RS20300	1439.69174717729	0.284525540755671	0.200614650014807	1.41826900844315	0.156112241213846	0.313320997056184
gene-BTH_RS23645	1477.34223505464	0.306816398725382	0.216121952389656	1.41964476691479	0.155711125529042	0.313320997056184
gene-BTH_RS27635	631.303775568009	0.33531668616248	0.236400090429255	1.41842875590112	0.156065625110202	0.313320997056184
gene-BTH_RS34325	20.8249779098304	-0.700074444856792	0.493805698180766	-1.41771236629294	0.156274758185929	0.313414107011892
gene-BTH_RS19285	69.9073791651299	-0.467061451743299	0.329975397265579	-1.41544325914512	0.156938573666222	0.314600366565929
gene-BTH_RS13075	678.636120792743	0.289823078872717	0.204823478558551	1.41498953592798	0.157071564111855	0.31472192717023
gene-BTH_RS09315	196.303260105784	0.3168915901309	0.224020281811028	1.4145665185718	0.157195631321369	0.314825504718212
gene-BTH_RS06710	24.010583005965	0.691181477093601	0.489740210828339	1.41132270091636	0.158149483826749	0.316590084973013
gene-BTH_RS19050	239.090514933267	-0.369073996820624	0.261592278070979	-1.4108749674961	0.158281484458284	0.316708582057743
gene-BTH_RS02655	27.6657269882385	0.584972531902091	0.41513102422589	1.40912747485667	0.15879747803298	0.316760704213413
gene-BTH_RS05255	107.245767510847	-0.438980676134851	0.311429965611074	-1.40956466817027	0.158668265842164	0.316760704213413
gene-BTH_RS10895	27.7584357941524	-0.671219407465259	0.476147243203032	-1.40968874029382	0.158631610911121	0.316760704213413
gene-BTH_RS11480	238.773327890257	0.277610146143067	0.197039250320922	1.40890784800956	0.158862418646945	0.316760704213413
gene-BTH_RS18305	269.942236324219	-0.270449656365951	0.191969696796581	-1.4088143122533	0.158890081975556	0.316760704213413
gene-BTH_RS18845	136.398722318935	-0.401525120083875	0.284925075296915	-1.40923054829573	0.158767007574517	0.316760704213413
gene-BTH_RS19750	644.307070553522	-0.333840065710634	0.236816990582176	-1.4096964279883	0.158629339927643	0.316760704213413
gene-BTH_RS23080	187.033407468539	0.365951763261104	0.259524855520022	1.41008367976096	0.15851497565497	0.316760704213413
rna-BTH_RS28870	194.209738232285	-0.359524416692221	0.255305107123863	-1.4082147464359	0.159067490980277	0.316969118536053
gene-BTH_RS16525	1201.92768936491	0.325791907248997	0.231503090162101	1.40728966952827	0.159341511343036	0.317369768471706
gene-BTH_RS28445	223.688084067542	-0.26975009499182	0.191725793983035	-1.40695776706857	0.159439912366219	0.317420420500253
gene-BTH_RS02350	72.4711909653396	0.453871948266086	0.32277600096267	1.40615147009823	0.159679151317957	0.317665495284437
gene-BTH_RS12460	211.253341267306	-0.412781087027435	0.293574821384572	-1.40605071334339	0.1597090662499	0.317665495284437
gene-BTH_RS04235	81.3632097048044	-0.548451836876401	0.39024535864774	-1.40540258768707	0.159901597705884	0.317883900966993
gene-BTH_RS08020	128.483528870745	0.408767020283824	0.290898208292022	1.40518919894301	0.159965025107298	0.317883900966993
gene-BTH_RS04765	71.3948815933819	0.495103736785712	0.352891777066294	1.40299029039915	0.160619734352968	0.319039198372333
gene-BTH_RS02535	74.4543742978519	-0.517887651100503	0.370020973237525	-1.39961701783877	0.16162803511286	0.320648952596313
gene-BTH_RS15550	1352.17344049603	0.306195659363142	0.218865269446236	1.39901438057242	0.161808670744281	0.320648952596313
gene-BTH_RS17575	1105.30891332744	-0.240722361359172	0.172044232437229	-1.39918878970267	0.161756377358912	0.320648952596313
gene-BTH_RS18275	187.062489669372	0.370997577735244	0.265133309281311	1.39928694263613	0.16172695360947	0.320648952596313
gene-BTH_RS20305	2339.05581980965	0.273792732005957	0.195733762116489	1.39880176544613	0.161872436758966	0.320648952596313
gene-BTH_RS23265	42.0251667804779	-0.690110048511609	0.493079642446572	-1.39959144345812	0.161635697731166	0.320648952596313
gene-BTH_RS19410	89.8305770619098	0.407309562149985	0.291271846447124	1.39838287537318	0.161998122785568	0.320751858951852
gene-BTH_RS04005	771.784970046637	0.359103075877011	0.256898614765805	1.39783967385102	0.162161217559899	0.320928706271866
gene-BTH_RS25245	328.811389404562	0.298871106619899	0.214042377552006	1.39631744908684	0.162618921561364	0.321688180441989
gene-BTH_RS19635	27907.1819888315	0.286689511141505	0.205401945487753	1.39574876207099	0.162790164744008	0.321829934978544
gene-BTH_RS27565	319.551451988891	-0.264343807258597	0.189413907401595	-1.39558816395744	0.162838548709834	0.321829934978544
gene-BTH_RS22105	416.336956240316	0.231903165178279	0.166227644640351	1.39509385265022	0.162987539707762	0.321978109776915
gene-BTH_RS03215	1244.97366254406	0.298842394071602	0.214369266559839	1.39405428244157	0.163301213297083	0.322158856164313
gene-BTH_RS14035	354.701170318368	0.334282508627776	0.239732265748713	1.39439932119179	0.163197052982902	0.322158856164313
gene-BTH_RS14305	1312.69996314908	0.31118181846161	0.223201084017753	1.39417700335568	0.163264160560112	0.322158856164313
gene-BTH_RS05845	115.312435431934	-0.43345609546113	0.311312955331151	-1.39234840066342	0.163816921547995	0.32295842008557
gene-BTH_RS07130	11.3259296572337	0.815407382904971	0.585687499431722	1.39222261649112	0.163854996121575	0.32295842008557
gene-BTH_RS34760	206.388854405673	-0.287128864937581	0.20646126269431	-1.39071543586706	0.164311734960318	0.323419025826871
gene-BTH_RS12930	760.517732755397	0.262389749340458	0.188672379392069	1.39071627858788	0.164311479312936	0.323419025826871
gene-BTH_RS20655	304.057553441161	0.293305081857102	0.210867483513537	1.39094504742962	0.164242091187347	0.323419025826871
gene-BTH_RS15980	376.23253152385	0.384293809309638	0.276480682480201	1.38994813620354	0.164544626966485	0.32373094857721
gene-BTH_RS23025	10161.3409444462	0.274687096459178	0.198221216110401	1.38576032298273	0.165820101555687	0.326092876024971
gene-BTH_RS06420	98.0351670682752	0.379592913702956	0.27416209619045	1.38455650499282	0.166188118959555	0.326401556102476
gene-BTH_RS17440	77.0046039249848	0.414329752775732	0.299260807131013	1.38451057707113	0.166202171670571	0.326401556102476
gene-BTH_RS27155	824.001368412992	0.297707083837849	0.214972980263323	1.3848581504205	0.16609584576284	0.326401556102476
gene-BTH_RS28040	311.191387912179	0.260446740905432	0.188530766310253	1.3814548468807	0.167139151981874	0.328093551949979
gene-BTH_RS26785	52.6975835043213	0.51929548291002	0.376358960005889	1.37978775077361	0.167652005210766	0.328951837017064
gene-BTH_RS15120	8538.91428750578	0.269273425896398	0.195222840812815	1.37931312122737	0.16779823269937	0.329090312102011
gene-BTH_RS15600	723.472897408466	0.312937036930189	0.226945351576716	1.37890921649657	0.167922746166621	0.329186095459577
gene-BTH_RS14100	206.236138549792	0.368926638539229	0.267684765878109	1.37821305343622	0.168137518205025	0.329239909317221
gene-BTH_RS19040	456.795857371792	0.306293598822694	0.222257220399473	1.37810415460149	0.168171133037369	0.329239909317221
gene-BTH_RS23640	7187.89269719053	0.292822636839913	0.212485284731541	1.37808430927286	0.168177259425946	0.329239909317221
gene-BTH_RS21915	479.201141906474	0.21793401603403	0.158299737916465	1.37671747851557	0.168599612709689	0.329918270484547
gene-BTH_RS18195	283.193575535292	0.282184513210219	0.205065516483451	1.37607003873316	0.168799950433741	0.330013386241247
gene-BTH_RS23385	1175.5720320862	-0.216589939311787	0.157377323461555	-1.37624617414908	0.168745431056217	0.330013386241247
gene-BTH_RS11460	71.5652113971553	-0.580970913374022	0.423066049855433	-1.37323926978435	0.169677975289066	0.331452993345528
gene-BTH_RS12845	238.230691410999	-0.307387027880037	0.223846458894887	-1.37320478241015	0.169688693374825	0.331452993345528
gene-BTH_RS14850	62.4770547298328	-0.544431613703073	0.396994556850719	-1.3713830688812	0.170255572612793	0.332411014751189
gene-BTH_RS12250	470.632591949295	0.262177199525967	0.191380461781513	1.36992667425622	0.170709792113171	0.333148315698651
gene-BTH_RS16545	137.890992806039	0.361310519734176	0.263903912705126	1.3690987603427	0.170968405779096	0.333503392439043
gene-BTH_RS17300	131.417098600557	0.382918855325181	0.279866005344139	1.36822210634093	0.171242563996129	0.333888459606975
gene-BTH_RS05830	176.019976722336	-0.476600453868556	0.348588560442776	-1.36722918635993	0.171553479765978	0.334195090453204
gene-BTH_RS22035	2063.38137240567	0.24435577673729	0.178719890097471	1.36725563452407	0.171545192505196	0.334195090453204
gene-BTH_RS07240	134.385090539655	-0.453165785772006	0.331560858281893	-1.36676502805625	0.171698967790184	0.334328786878827
gene-BTH_RS10820	225.004213742345	0.305655590426746	0.22372879778499	1.36618796262647	0.171879974718731	0.334531494419006
gene-BTH_RS18280	197.767519483943	0.311887716784599	0.228813394506347	1.36306581814181	0.172861768317875	0.336291901691752
gene-BTH_RS28700	1428.95128068625	0.220106639437504	0.161592607450612	1.36210834709611	0.173163694447131	0.336728686117577
gene-BTH_RS02670	170.34760867085	0.323160911231165	0.237436299333119	1.36104257073926	0.173500236666954	0.337081746092563
gene-BTH_RS27130	62.0521403829837	0.463178592549594	0.340262501967902	1.36123901361686	0.173438168812673	0.337081746092563
gene-BTH_RS14845	38.0102949902536	-0.678322468756034	0.498516826691478	-1.36068118955558	0.173614461581039	0.337153083873893
gene-BTH_RS04625	174.214489525712	0.303571792494459	0.223377331720796	1.3590089475771	0.174143753413647	0.338025887166567
gene-BTH_RS26460	127.190304339624	0.420167829469325	0.309226484438988	1.3587705148594	0.174219319316653	0.338025887166567
gene-BTH_RS35280	5.55543581734438	-0.840538973659318	0.619781301032823	-1.35618640358884	0.175039866917712	0.339466527459674
gene-BTH_RS15130	1382.81195427433	0.284806984873095	0.210304357323128	1.35426097917455	0.175653130509927	0.34050406315427
gene-BTH_RS11795	32.6598835693151	-0.774933596740896	0.572927481320578	-1.3525858367881	0.176187979652936	0.341236737083826
gene-BTH_RS35190	75.8600421153468	-0.515800927962239	0.381332857652516	-1.35262649837601	0.176174982624029	0.341236737083826
gene-BTH_RS07125	14.2863592992366	0.775674262124231	0.573672619128547	1.35212007033304	0.176336907767725	0.341373185932178
gene-BTH_RS27885	4261.72345441909	0.375256172022473	0.277583785923685	1.3518663230771	0.176418082544161	0.341378407058318
gene-BTH_RS23215	2076.7270685188	0.243562320437256	0.180223815445886	1.35144359159563	0.176553377908645	0.341488303202582
gene-BTH_RS09435	112.581189045373	-0.453335527105652	0.335510422892494	-1.3511816509227	0.176637250911871	0.341498685096285
gene-BTH_RS16515	716.712307245679	0.334911869204336	0.248039906751857	1.3502338135427	0.176940995123076	0.34193395325872
gene-BTH_RS17640	4631.89052198287	0.281938736326059	0.209017366014193	1.34887708950898	0.177376448191705	0.342340732033735
gene-BTH_RS22385	144.178978476517	-0.382159555424995	0.283223003786161	-1.34932385546455	0.177232966494722	0.342340732033735
gene-BTH_RS23380	1076.52975373675	0.281783634115601	0.208907750436412	1.34884241262926	0.177387588506676	0.342340732033735
gene-BTH_RS02510	52.582546387218	-0.493245385137408	0.366474968324583	-1.34591835123796	0.178328849828322	0.343699821335047
gene-BTH_RS05885	6.31452552213258	0.827956093820034	0.615088709210148	1.34607590973867	0.178278036873772	0.343699821335047
gene-BTH_RS20615	122.024121888041	-0.418978346532718	0.311269374712772	-1.3460313817231	0.178292396161959	0.343699821335047
gene-BTH_RS34550	149.587004065565	0.366520694869727	0.272500704556453	1.34502659531215	0.178616646162047	0.344102041986229
gene-BTH_RS10340	1880.90366063582	0.209581169819901	0.155866547293529	1.34461931350296	0.178748203082788	0.344203047104971
gene-BTH_RS30675	222.397156940244	-0.321069146343447	0.238845653775703	-1.34425366871008	0.178866372137169	0.344278194157826
gene-BTH_RS06045	43.7201358106488	-0.699980834523883	0.521461755961832	-1.34234356886398	0.179484622797924	0.344857822071983
gene-BTH_RS14775	220.77178100381	-0.497620379877705	0.370592015622821	-1.3427714545911	0.179345989197515	0.344857822071983
gene-BTH_RS15085	124.44686294231	-0.389829658028951	0.290309845988547	-1.34280550045254	0.179334961868128	0.344857822071983
gene-BTH_RS15890	210.227882705444	0.306644288125694	0.228435251913955	1.34236850729676	0.17947654064022	0.344857822071983
gene-BTH_RS16200	1745.88853127634	0.243639008633146	0.181633151184351	1.34137962725682	0.179797228645312	0.345305935808877
gene-BTH_RS17140	1840.75451909058	0.326450663559467	0.243550962977587	1.34037927655211	0.180122069618909	0.345777141589697
gene-BTH_RS13560	85.1135974723306	-0.383378109741377	0.286281119261979	-1.33916658817637	0.180516446858888	0.346338731091707
gene-BTH_RS20910	3725.31435945315	0.337487572047823	0.252092363058658	1.33874571983482	0.180653466861399	0.346338731091707
gene-BTH_RS21565	189.497608195401	-0.453407402261339	0.338637446640685	-1.33891690585073	0.180597725369676	0.346338731091707
gene-BTH_RS20390	1793.15100280793	0.217973943803031	0.16307573158041	1.33664244023674	0.181339378755936	0.347500571624812
gene-BTH_RS17210	282.591189606799	0.298661221740074	0.223714834857908	1.33500856985979	0.181873541623684	0.348370720415248
gene-BTH_RS26250	287.627740053777	-0.256895883664428	0.192505662611965	-1.33448481555711	0.182045019966174	0.348545702840165
gene-BTH_RS18205	132.719131315223	0.32778167897947	0.24576687256213	1.33370976959723	0.182298991757864	0.348878404815973
gene-BTH_RS27275	822.518037725845	0.221547690864783	0.166154524381432	1.33338343743314	0.182406004846408	0.348929692648141
gene-BTH_RS12945	3660.40232245486	0.276890621511608	0.207799787024291	1.33248751347007	0.182700041881529	0.349031700564185
gene-BTH_RS16375	833.550890330984	0.232193249354524	0.174233148845003	1.33265828514115	0.18264396852398	0.349031700564185
gene-BTH_RS28285	620.048500207494	-0.238303578220675	0.178816950513582	-1.33266772269766	0.182640870047883	0.349031700564185
gene-BTH_RS05265	155.941632500332	-0.399156222291846	0.300012557588906	-1.330465049529	0.183365094428046	0.350122129862951
gene-BTH_RS08940	48.0854561460407	0.473243861842393	0.355817594723757	1.33001815778616	0.183512288755754	0.350122129862951
gene-BTH_RS13100	160.037242451713	0.302877246985004	0.227686609687037	1.33023741449407	0.183440060457567	0.350122129862951
gene-BTH_RS09185	883.18676802854	0.236400467292399	0.177902422483455	1.32882095697367	0.183907046380389	0.350567770269365
gene-BTH_RS34485	207.113872024933	-0.38741525925774	0.291514704555374	-1.3289733011878	0.183856778446053	0.350567770269365
gene-BTH_RS01420	58.9646201545172	-0.432100256183532	0.325570035944965	-1.32721137843464	0.184438769501943	0.351273488324628
gene-BTH_RS03075	372.858804642776	0.250955359166005	0.189074158889307	1.32728533946792	0.184414311610515	0.351273488324628
gene-BTH_RS17065	153.292304722068	-0.313163621258483	0.236049575730336	-1.32668580441018	0.184612638723987	0.351450756432973
gene-BTH_RS22570	18049.0491947515	0.331676163402549	0.250090018919319	1.3262271114848	0.184764481598349	0.351585955797383
gene-BTH_RS09760	1650.78006054559	-0.250481684033239	0.188963566204817	-1.32555544470272	0.184986992740733	0.351855451868031
gene-BTH_RS34360	196.850432546319	-0.302445606148017	0.228241326518295	-1.32511325079323	0.185133591830723	0.351980386566279
gene-BTH_RS05520	1649.01193051105	0.254891372309653	0.192635597181697	1.32317897646527	0.185775865706492	0.35268386981208
gene-BTH_RS15895	218.505729445271	0.311114403002614	0.23517634192855	1.32289838531945	0.18586917237573	0.35268386981208
gene-BTH_RS19080	409.52114792949	0.446723096998654	0.337715678475068	1.32277867292334	0.185908991604391	0.35268386981208
gene-BTH_RS22440	270.489217754455	0.318449728179232	0.240695105947003	1.32304197431147	0.185821419533127	0.35268386981208
gene-BTH_RS27295	1264.01102398498	0.255613980320774	0.193143041302627	1.32344390249227	0.185687800043178	0.35268386981208
gene-BTH_RS14240	392.715361056523	0.223991828354701	0.169368120921801	1.32251469246754	0.185996820152337	0.352696672913105
gene-BTH_RS24595	12.2717517242852	0.718783166719959	0.544040853443495	1.32119336658348	0.18643689755787	0.35337712609008
gene-BTH_RS15560	3652.78956865158	0.252579971678343	0.191306628633085	1.32028865639976	0.186738661455731	0.353671507364925
MSTRG.3639.1	42.2119936516128	-0.489204905147113	0.370542334434032	-1.3202402524244	0.186754816647639	0.353671507364925
gene-BTH_RS22485	1538.64658193291	0.211746114245429	0.160472460350167	1.31951684284878	0.186996383082941	0.353974876593035
gene-BTH_RS05400	118.240023987525	-0.447778118625511	0.33977958632048	-1.31784879566946	0.187554269513164	0.354410795393609
gene-BTH_RS07050	17.0922121752127	-0.748251181261169	0.567617367894975	-1.31823165319285	0.187426112451798	0.354410795393609
gene-BTH_RS15625	161.014750798828	0.321850098211091	0.244159012800794	1.31819872024828	0.187437133826252	0.354410795393609
gene-BTH_RS25905	480.029199570827	-0.292742350522794	0.222096029933701	-1.31808907439805	0.187473831472177	0.354410795393609
gene-BTH_RS28490	3560.05029609027	-0.251479512127483	0.190860268713658	-1.31761059450655	0.187634037193444	0.354410795393609
MSTRG.4420.1	26.5669971142691	-0.695702501652459	0.52825380013457	-1.31698532310649	0.187843544266161	0.354652524981685
gene-BTH_RS10715	5.12064387152365	0.817474168092255	0.621383304628287	1.31557150313408	0.188317903446111	0.355317337491308
gene-BTH_RS34570	143.910179147541	-0.385459487597464	0.293025022573279	-1.31544905009288	0.188359029943668	0.355317337491308
gene-BTH_RS02755	212.923169245602	-0.41815546817006	0.318310477552464	-1.3136717062703	0.188956706387402	0.355799957672611
gene-BTH_RS07905	204.618628962768	0.349014240359667	0.265530273793679	1.31440470185654	0.188710049033313	0.355799957672611
gene-BTH_RS10075	92.3902793472093	-0.541506603826959	0.412230057713471	-1.31360291103116	0.188979868588852	0.355799957672611
gene-BTH_RS10890	151.901970644593	-0.346561596115639	0.263829956521684	-1.31357940047705	0.188987784677424	0.355799957672611
gene-BTH_RS25125	356.942482706024	0.241141056788402	0.183590511740925	1.3134723276369	0.189023839581932	0.355799957672611
gene-BTH_RS17135	2273.51710802889	0.349910535009716	0.266557307957432	1.31270283936689	0.189283100477569	0.356133861192658
gene-BTH_RS12445	128.288094575114	-0.351062508739557	0.267598119835505	-1.31190200048998	0.189553202465402	0.356487864558797
gene-BTH_RS00010	700.950314493635	-0.283307659690865	0.216056964354536	-1.31126372407035	0.189768679709123	0.356738874993382
gene-BTH_RS27790	7851.52047355598	0.333874883726295	0.254854357237304	1.31006150864202	0.190175028453653	0.357348325604056
gene-BTH_RS14280	2940.49843434702	0.21836300392435	0.166811866623548	1.30903759033606	0.190521617817738	0.357827191620872
gene-BTH_RS17025	562.811559861779	0.217005814344286	0.165802291232888	1.30882277157121	0.190594391490933	0.357827191620872
gene-BTH_RS15395	380.654959005646	0.233926953013598	0.17877367956655	1.30850891239007	0.190700753656288	0.357872423815727
gene-BTH_RS14635	296.818795015254	0.263919693019456	0.20178241016141	1.307942019368	0.190892975921622	0.358078674109122
gene-BTH_RS07750	732.666931701152	0.238971774705748	0.182938900933416	1.30629283048293	0.191452994303291	0.358819700654596
gene-BTH_RS19380	60.8492611739637	0.445014873701086	0.340659564140948	1.30633312710093	0.19143929630937	0.358819700654596
gene-BTH_RS26580	121.93609147803	-0.418136996191633	0.320235067942882	-1.30571894851383	0.191648151761705	0.359030775264176
gene-BTH_RS16020	40.4784949757959	0.52687816675975	0.403813805554433	1.3047552102295	0.191976215044906	0.359490544746165
gene-BTH_RS25045	258.974463279226	0.302926081331658	0.23241773583775	1.30336904040374	0.192448800879881	0.360220431939535
gene-BTH_RS02890	1369.62157134586	0.23256849835116	0.178645264997767	1.30184529858134	0.192969275075027	0.361039288850051
gene-BTH_RS16235	191.832968082665	0.331941874249225	0.255095553233492	1.30124523944718	0.193174524679528	0.361267920187424
gene-BTH_RS25465	77.3711154587156	-0.530277228930261	0.407796342158723	-1.30034817409879	0.193481663965813	0.361686823485726
gene-BTH_RS28680	1219.88734917618	0.324207629612404	0.249482103223614	1.29952259269601	0.193764645185869	0.362060226184935
gene-BTH_RS19255	504.000566877584	0.269914350475606	0.207827589591773	1.2987416685426	0.194032598978163	0.362405240684848
gene-BTH_RS10610	116.598781585998	0.359410172926946	0.276903516307748	1.29796175115198	0.194300478702	0.362749820752661
gene-BTH_RS00185	1740.26324381425	0.255526831660033	0.197198296652746	1.29578620098327	0.195049153411609	0.363991341630416
gene-BTH_RS15225	531.488809643889	0.268827805646485	0.207544500300685	1.29527790549504	0.195224378252155	0.364162112091285
gene-BTH_RS07070	84.9569753523204	-0.440527264400939	0.34060213368672	-1.2933778765054	0.195880397957392	0.365229203221027
gene-BTH_RS13660	280.153515624206	0.255185201406884	0.197485936356429	1.29216898233359	0.196298630847798	0.36548701412809
gene-BTH_RS17565	1075.62220450111	0.220754171553339	0.170861446532237	1.29200692159474	0.196354747590194	0.36548701412809
gene-BTH_RS24480	434.224729099957	0.339559297562953	0.262738717369998	1.29238393550035	0.196224217182311	0.36548701412809
gene-BTH_RS27420	2065.12776494003	0.207783433395086	0.160741141416689	1.29265869063632	0.196129131037949	0.36548701412809
gene-BTH_RS01680	142.164255010786	-0.473298319258841	0.366570794650175	-1.2911511941657	0.196651255038173	0.365725933910241
gene-BTH_RS11500	4684.97122326736	0.272242677991832	0.210846234420987	1.29119060977991	0.196637590424661	0.365725933910241
gene-BTH_RS16370	1937.22322907989	0.268804009132358	0.208228808441474	1.29090691698363	0.196735956614354	0.365727098834377
gene-BTH_RS08355	11.7855233741494	-0.735842582632294	0.570408192241532	-1.29002807575511	0.197040910247673	0.36604832502035
rna-BTH_RS26955	12.4820025739123	0.702874922139832	0.544896389592358	1.28992398475178	0.197077052229347	0.36604832502035
gene-BTH_RS22895	27761.0989134794	0.269323242764541	0.208946986327917	1.28895490429267	0.19741376467002	0.366517232742034
gene-BTH_RS19220	8124.08327443133	0.294389438320066	0.228493944637319	1.28839054701139	0.197610047668487	0.366725131125391
gene-BTH_RS20535	2457.24756201085	0.237132135530364	0.184271396493157	1.2868635069967	0.198141866846492	0.367555275386883
gene-BTH_RS27705	6419.25166335771	0.31484262707816	0.244724575499267	1.28651822742299	0.19826226165391	0.367621840662621
gene-BTH_RS14350	7488.73221623863	0.271281877576776	0.211004671329883	1.28566763885837	0.198559079812177	0.367858601866683
gene-BTH_RS15125	1993.26077771506	0.238353147154536	0.185363443451556	1.28586922381397	0.198488706132337	0.367858601866683
gene-BTH_RS05955	459.791014620114	0.240049807117097	0.186802887352284	1.28504334445536	0.198777137869378	0.367949170098637
gene-BTH_RS22990	110.260719489476	0.385112404077595	0.29965708676442	1.28517702763478	0.198730429319889	0.367949170098637
gene-BTH_RS02315	7.30318451164215	0.796332687441767	0.621035791838645	1.28226536683842	0.199749572708025	0.369434796462546
gene-BTH_RS34530	12.1405380687984	-0.74891413922046	0.583998318711126	-1.28239091659253	0.199705549011629	0.369434796462546
gene-BTH_RS26240	556.942339651369	-0.224897980669723	0.175615436939915	-1.28062762925944	0.200324490579754	0.370340643443234
gene-BTH_RS02115	40.482004810055	-0.569660245013261	0.444998114651549	-1.28014080567359	0.20049561973962	0.370441001720962
gene-BTH_RS07380	62.4153318224974	-0.483995461908099	0.378124779263636	-1.27998874564803	0.200549094035141	0.370441001720962
gene-BTH_RS28250	657.493174620446	-0.25799512508713	0.201756209351757	-1.27874688920886	0.200986202054974	0.37109082297926
gene-BTH_RS19025	257.857653604988	0.296920608192319	0.23230284136515	1.27816175836437	0.201192396867837	0.371313927185019
gene-BTH_RS08090	507.176601566927	0.309668534826442	0.242442305791365	1.2772875336903	0.201500753169745	0.371725308010343
gene-BTH_RS20695	47.8842661674459	-0.542868398676742	0.425506864269167	-1.27581584285168	0.202020625803702	0.372526376535016
gene-BTH_RS29140	153.972987959777	0.301710707450742	0.236575684266083	1.27532425146195	0.202194497394666	0.372689010028304
gene-BTH_RS17020	301.710368328261	0.270047405781081	0.211809736627928	1.2749527480668	0.202325967245924	0.372773383108754
gene-BTH_RS23035	729.321785156972	0.219311599732023	0.172128159439587	1.27411807833218	0.202621572370447	0.373159966050569
gene-BTH_RS25110	47.8784212850017	-0.583391406839927	0.458606926389828	-1.27209462672622	0.203339500100072	0.374323667133014
gene-BTH_RS01425	78.3883824945809	-0.419960284408963	0.330265841733938	-1.27158255968622	0.20352147659036	0.374341827978041
gene-BTH_RS33115	19.7227828822921	-0.747744489160363	0.588031847048507	-1.27160542904861	0.20351334683256	0.374341827978041
gene-BTH_RS11440	96.3461725608432	-0.43153327384019	0.339468583187528	-1.2712023887106	0.203656657009827	0.374432146235311
gene-BTH_RS20205	929.436764139619	0.257766391823806	0.202871829754396	1.27058740553515	0.203875469826891	0.374676085233196
gene-BTH_RS15030	2235.31460716843	0.230458746278983	0.181521765794539	1.26959290678031	0.204229677368291	0.375168537395298
gene-BTH_RS12990	1003.45758816992	0.22949758935745	0.180966173835056	1.2681794862206	0.20473386101633	0.375935962609132
gene-BTH_RS22100	2466.89474032946	0.275645559963168	0.217480107186152	1.26745183055859	0.204993776972556	0.376095710599165
gene-BTH_RS28165	2649.25948867692	-0.291510789729104	0.229969603850327	-1.26760573940385	0.20493878129728	0.376095710599165
gene-BTH_RS00220	575.809534928874	0.248182260393736	0.195938387163948	1.26663419040024	0.205286121210394	0.376156119319803
gene-BTH_RS15910	386.287754296875	-0.207278113238799	0.163603350012408	-1.26695518901709	0.205171313221486	0.376156119319803
gene-BTH_RS27640	1269.81760337746	0.258474227275782	0.204052749151547	1.26670298905808	0.205261510832345	0.376156119319803
gene-BTH_RS03520	2676.88490481511	0.239601695410683	0.189319546111494	1.26559407273022	0.205658449255531	0.376679686004868
gene-BTH_RS32805	15.5313641976227	-0.718839220006547	0.568676931520346	-1.26405552988539	0.206210096537628	0.377531111085304
gene-BTH_RS17895	935.462538400175	0.253525578408555	0.200652089354058	1.26350829051772	0.206406569063499	0.377731836527649
gene-BTH_RS01655	32.3787357633046	-0.583094357576918	0.462957837163422	-1.25949775718148	0.207850599817653	0.379764234888255
gene-BTH_RS02360	108.229599997471	0.351466773851644	0.279070354655393	1.25941995625314	0.207878685044555	0.379764234888255
gene-BTH_RS35445	109.933912509883	-0.437917053504586	0.347786801219589	-1.25915374582628	0.207974804720255	0.379764234888255
gene-BTH_RS12205	490.644633884354	0.22530623979039	0.178799359339793	1.26010652735178	0.207630935896896	0.379764234888255
gene-BTH_RS35185	134.054147773262	-0.30381662920315	0.24132146881603	-1.25897057851394	0.208040959020394	0.379764234888255
gene-BTH_RS22120	1048.82814914464	0.305616738588354	0.242593158182094	1.25979125247611	0.207744676213642	0.379764234888255
gene-BTH_RS17860	760.986717852229	0.24215724365762	0.192388796596522	1.25868682554043	0.208143471838643	0.379791989302892
gene-BTH_RS01685	16.5326920404855	-0.663646402633286	0.527744521133458	-1.25751452844635	0.208567381536272	0.380405916009552
gene-BTH_RS14165	169.250297490347	0.332364737437384	0.264571023412536	1.25624013223527	0.209028920352995	0.381087931071051
gene-BTH_RS15575	2687.86159902049	0.223902274699608	0.178353621670768	1.25538395353093	0.209339411640857	0.381394714961645
gene-BTH_RS28045	132.990550260024	-0.419480954368143	0.334169851638524	-1.25529263729602	0.209372546972048	0.381394714961645
gene-BTH_RS34835	47.7645170147786	-0.617041786769522	0.491934489331735	-1.25431698762926	0.209726811782439	0.381720347804858
gene-BTH_RS21775	139.011157645231	-0.308713600314948	0.246108390494979	-1.25438063974193	0.209703686056137	0.381720347804858
gene-BTH_RS17670	2230.74636620688	0.240492844710677	0.191911263671787	1.25314606401621	0.210152554595965	0.382335262439335
gene-BTH_RS14160	93.3479538337427	0.34270378118793	0.274019973256377	1.25065256052445	0.211061265381306	0.383799940638124
MSTRG.2633.1	126.10014988361	0.387315808335864	0.309740375157341	1.25045308716733	0.211134082286674	0.383799940638124
gene-BTH_RS16455	136.113109748492	0.348488252197178	0.278825241414037	1.24984470713574	0.211356281039017	0.384043367802725
gene-BTH_RS23605	1799.39788684616	0.226045953939174	0.181004359585382	1.24884259394065	0.21172265154642	0.384548448528989
gene-BTH_RS25185	345.710739451489	0.315700489254829	0.25321438022124	1.24677156557615	0.212481269313682	0.385765242702218
gene-BTH_RS23850	210.126728852132	0.295933512672124	0.237455580011083	1.24626893441843	0.212665678827396	0.385938966582885
gene-BTH_RS04585	2873.15504670563	0.264323046065379	0.212160867353472	1.24586145108938	0.212815264522564	0.386049374759447
gene-BTH_RS35215	7.76721736799737	0.731404753104178	0.587685750764273	1.24455076910237	0.213296926434278	0.386761829924597
gene-BTH_RS26130	197.740860072987	0.257635639072218	0.207262051309201	1.24304298565427	0.213851993696325	0.38760673857459
gene-BTH_RS26745	12.0401698531527	0.691022913635007	0.556145493207134	1.2425218258087	0.214044092799176	0.387793337641156
gene-BTH_RS01135	29.3968334876671	0.512269574978198	0.412934370559667	1.24055930312582	0.214768593881303	0.388904399215454
gene-BTH_RS03445	16704.4148381207	0.281250617729819	0.226834581791939	1.23989303354015	0.215014960945556	0.388904399215454
gene-BTH_RS16820	158.499878018406	0.319038763359373	0.25721328519152	1.24036658184984	0.21483983566326	0.388904399215454
gene-BTH_RS19905	328.724414246414	0.318323976305379	0.256714938041902	1.23999007900904	0.21497906369393	0.388904399215454
gene-BTH_RS11000	245.895822547246	-0.255663826822413	0.206465758461179	-1.23828681679671	0.215609730262368	0.389818090873358
gene-BTH_RS26395	3716.6454449133	-0.305681482530193	0.24691298856373	-1.23801297091868	0.215711251349145	0.389839610871948
gene-BTH_RS15670	513.789184087844	0.252769474383388	0.20424017347915	1.23760898787717	0.215861080183948	0.389948379900405
gene-BTH_RS34205	39.4602401958936	-0.652540894420004	0.527706131599951	-1.23656113761947	0.216250055122481	0.390488891566124
gene-BTH_RS03295	192.281891021882	0.258569947962502	0.209313022301905	1.23532661809044	0.216708971116752	0.390992959086633
gene-BTH_RS10560	16.3294724813711	0.700630214985393	0.567108401693624	1.23544319374041	0.216665605749498	0.390992959086633
gene-BTH_RS01160	113.784306856564	0.34908236973027	0.28276331301463	1.23453911332623	0.217002081270579	0.39119728699835
gene-BTH_RS25265	425.899993939599	0.235425210300313	0.190683990625752	1.23463542758748	0.216966217694624	0.39119728699835
gene-BTH_RS16710	157.742974064976	-0.343368904809654	0.278320732654802	-1.23371658853576	0.217308530320135	0.391425303061113
gene-BTH_RS21780	1433.70782352693	0.2874186548142	0.232937733757432	1.23388619859031	0.217245313038072	0.391425303061113
gene-BTH_RS19205	668.7838777392	-0.188278649357308	0.152671600127144	-1.23322641015429	0.217491304618868	0.39159237379639
gene-BTH_RS10930	156.35278056521	-0.357871296860589	0.290287324543773	-1.23281751079912	0.217643856710754	0.391704913815383
gene-BTH_RS13285	311.334372226216	0.291463792341651	0.236521337980933	1.2322938591069	0.217839332913872	0.391732574690097
gene-BTH_RS26675	234.535495226457	0.291110357554316	0.236220014504533	1.23236956938181	0.217811062896004	0.391732574690097
MSTRG.1507.1	156.886214953342	0.423902551963482	0.344186688832406	1.23160646741307	0.218096123865485	0.391955600767372
gene-BTH_RS23670	1768.94653205403	0.222534627771657	0.180705095838926	1.23147953707967	0.218143565392599	0.391955600767372
gene-BTH_RS25820	367.067172654501	-0.458614937801379	0.372595316194837	-1.23086608410708	0.21837295433874	0.392205760269827
gene-BTH_RS04790	59.9093373704155	0.468208569184394	0.380480607660762	1.23057143979819	0.218483192509074	0.392241802482241
gene-BTH_RS34600	1006.5778061195	0.235986573701788	0.19191490947274	1.22964169042483	0.218831310906324	0.392704703977932
gene-BTH_RS04375	517.122669970116	-0.252228719838317	0.205237370892221	-1.22896097694982	0.219086437342083	0.392838418152539
gene-BTH_RS18700	2580.40786429661	0.238225735165947	0.193833799360665	1.22902061431857	0.21906407715915	0.392838418152539
gene-BTH_RS18065	535.662719819855	0.2494009814917	0.203347221438469	1.22647843293578	0.220018686453741	0.394185043687715
gene-BTH_RS19110	138.241899332814	0.45565695668088	0.371444856515518	1.22671494486516	0.219929748624489	0.394185043687715
gene-BTH_RS27850	5211.20104943425	0.287068141763452	0.234212709064695	1.22567277800522	0.220321838199366	0.394565663304752
gene-BTH_RS01400	45.0801468459712	-0.490238758759913	0.400274637579955	-1.22475598684912	0.220667172599339	0.395021481813632
gene-BTH_RS16595	201.857452815058	0.324244973746963	0.264988895807832	1.22361721142498	0.221096663705692	0.395627514240955
gene-BTH_RS09745	957.584213318505	0.205927508270305	0.168395316245737	1.22288144861344	0.221374476364325	0.395799002131038
gene-BTH_RS20125	1113.61955283132	0.170779634415007	0.13963374052993	1.22305421144541	0.221309221327769	0.395799002131038
gene-BTH_RS34225	29.2864461365747	0.576151105157711	0.471977319917526	1.22071777783388	0.222192894266744	0.396247944267158
gene-BTH_RS10320	4132.18431567868	0.170899120153991	0.139960365853338	1.22105368267665	0.22206569491172	0.396247944267158
gene-BTH_RS16310	201.859726886114	-0.302939049805238	0.248055069125154	-1.22125724289227	0.221988636773634	0.396247944267158
gene-BTH_RS20250	71.6658469157308	-0.413215020203192	0.33819158204288	-1.22183709513739	0.221769237501024	0.396247944267158
gene-BTH_RS20310	3391.90001310857	0.188391571170465	0.154219959111426	1.22157710490864	0.221867591044971	0.396247944267158
gene-BTH_RS22335	766.850178499389	0.217776114210379	0.178427185734847	1.22053213647615	0.222263214715372	0.396247944267158
gene-BTH_RS28960	115.731562373584	-0.421132541063149	0.344993658409073	-1.22069647020524	0.222200964729848	0.396247944267158
gene-BTH_RS10540	66.29696517023	-0.532640855048911	0.436854560706334	-1.21926357867869	0.222744167560513	0.396478255116099
gene-BTH_RS14380	1031.67873927773	0.204766268618555	0.167947228589373	1.21922981604659	0.222756978276723	0.396478255116099
gene-BTH_RS34565	286.01294912105	0.328266269443211	0.269191959052941	1.21945050141209	0.222673252119644	0.396478255116099
rna-BTH_RS21560	202.660897316187	-0.402191890010775	0.329762150715289	-1.21964236689498	0.222600478289674	0.396478255116099
gene-BTH_RS16110	114.175092043383	-0.352605675732484	0.289446147911436	-1.21820821688867	0.223144857933416	0.397006188961293
gene-BTH_RS13080	694.342116878235	-0.188503592220548	0.154830305066624	-1.21748511791302	0.223419695295965	0.397332655166577
gene-BTH_RS08630	282.312185432162	0.245162540707266	0.20151778943816	1.2165801410922	0.223764002324511	0.397457496983104
rna-BTH_RS10305	248.071154138622	-0.283995255490484	0.233381289437492	-1.21687242441322	0.223652758897662	0.397457496983104
gene-BTH_RS20185	2258.85710113386	0.190197262332161	0.156308170861763	1.21680946865132	0.223676716602819	0.397457496983104
gene-BTH_RS23575	5383.49982833905	0.271754401289763	0.223509326167117	1.21585262659945	0.224041067129515	0.397787200821793
gene-BTH_RS16790	1006.42382769842	0.190055995064136	0.156385376484437	1.21530541625194	0.224249626917009	0.397995053891876
gene-BTH_RS01430	63.9567187152924	-0.374157873623886	0.308088683140986	-1.21444861203378	0.224576461775833	0.398046148734751
gene-BTH_RS11150	46.6612553811394	0.449758269691205	0.370393795227362	1.21427052905982	0.224644435665245	0.398046148734751
gene-BTH_RS14870	91.0458167301418	-0.468390814418801	0.385664537249453	-1.21450319948873	0.224555628804788	0.398046148734751
gene-BTH_RS17710	313.164610684347	-0.25563207459615	0.210402334787247	-1.21496786076371	0.224378349559426	0.398046148734751
gene-BTH_RS17730	72.7744336959501	-0.409382999530567	0.337326241215144	-1.21361148203548	0.224896120377551	0.398329854903236
gene-BTH_RS15990	395.342536762986	0.264416178215961	0.218021631635671	1.21279790556663	0.225207096386602	0.398556090025109
gene-BTH_RS19945	189.067470021709	-0.320987700776948	0.2646492304415	-1.21287978144301	0.225175786809917	0.398556090025109
gene-BTH_RS16385	1331.18637924891	0.278108586141161	0.229382338690431	1.21242371025125	0.22535022935671	0.398647213380109
gene-BTH_RS20020	2499.55540308922	0.237682061874338	0.196430657605066	1.21000491864264	0.226277005510495	0.400123973158802
gene-BTH_RS18170	1438.17588357176	0.226376935511185	0.187126933287585	1.2097506838488	0.226374574989254	0.400133848518186
gene-BTH_RS16735	1209.69337736506	0.279634009274888	0.23123210714267	1.20932171890106	0.226539269934883	0.400262316903631
gene-BTH_RS19125	225.493830825689	0.422223413020153	0.349367391282011	1.20853698300461	0.226840779214824	0.40063231408221
gene-BTH_RS03795	16.2048113237677	-0.658058430132671	0.544839954595762	-1.20780134529765	0.227123683901489	0.400969165978684
gene-BTH_RS03050	159.757399030184	0.299842120391287	0.248341055459897	1.20738038998835	0.227285684085856	0.401092383680923
gene-BTH_RS03505	991.636890704262	0.218582684413266	0.181199709149588	1.20630814165831	0.227698699574159	0.401495477562867
gene-BTH_RS07675	21.854297438022	-0.599402723584869	0.496883392868747	-1.20632472766745	0.227692306798855	0.401495477562867
gene-BTH_RS17825	26.637803292412	0.634315558984065	0.526269701207004	1.20530510787388	0.228085538474817	0.401833525884486
MSTRG.2814.1	4.99865308884712	0.746390759353127	0.619363804077694	1.20509263608743	0.228167542283835	0.401833525884486
gene-BTH_RS27595	2059.73348095894	0.206890110889014	0.171631356266162	1.20543305949394	0.22803616548263	0.401833525884486
gene-BTH_RS04220	18.3920535347574	0.587938433028928	0.488003994983893	1.2047820080824	0.228287467427464	0.401882024811602
gene-BTH_RS35695	295.573584981815	0.254876170891598	0.211749326273812	1.20366933570319	0.228717408812615	0.40240713389706
gene-BTH_RS23565	8536.46140479685	0.296151644678366	0.246068908266761	1.20353134723267	0.228770768305156	0.40240713389706
gene-BTH_RS15235	524.47550258313	0.251462592481249	0.209013803782792	1.20309083864418	0.22894117021121	0.402544094752935
gene-BTH_RS08050	553.755404846053	0.185095732221007	0.154005330933314	1.20187873432223	0.229410514730246	0.403206359222856
gene-BTH_RS18940	204.256758109525	-0.275851028713984	0.229786058946276	-1.20046894915621	0.22995726491213	0.40391365334862
gene-BTH_RS23200	563.872977614586	0.250548349710446	0.208727266155556	1.20036234041279	0.22999864812518	0.40391365334862
rna-BTH_RS25060	539.205047492886	0.280269841087954	0.233564447535782	1.19996790626714	0.23015180499418	0.404019512398985
gene-BTH_RS18260	6484.26554994593	0.190304462090383	0.158628061766737	1.19968976466614	0.230259849623011	0.404046125800765
gene-BTH_RS12840	1757.58330630127	0.173480281615554	0.144724524306164	1.19869305114147	0.230647321023324	0.404562841311072
gene-BTH_RS13945	2096.41145740692	0.185732869319064	0.154992370613909	1.19833556054014	0.230786407997485	0.404643641591721
gene-BTH_RS11345	97.7921617929665	-0.438355289783331	0.366274169321224	-1.1967955332359	0.231386259720272	0.405531921749872
gene-BTH_RS11680	50.3562652559215	-0.480511058574178	0.402096481247407	-1.19501433358359	0.232081429968881	0.406586476183903
gene-BTH_RS17845	1216.00690205854	-0.159786542404191	0.133739200911536	-1.19476220371531	0.232179951386894	0.406595325496373
gene-BTH_RS20730	483.171875778142	0.246153820136801	0.206243155927093	1.19351267211901	0.232668652265376	0.407287178009813
gene-BTH_RS27380	573.729009865564	-0.186734574455204	0.156576359515715	-1.19261027036755	0.233022041694062	0.407741706101838
gene-BTH_RS23580	1647.44456409822	0.214518750441172	0.180180312431303	1.19057819107158	0.233819217425643	0.408972093205286
gene-BTH_RS07950	101.200745885994	-0.337824177086377	0.283990380245493	-1.1895620435958	0.234218571726164	0.409444961565691
gene-BTH_RS18955	782.894728065768	0.239965655979909	0.201788915549241	1.18919146439117	0.234364332583862	0.409444961565691
gene-BTH_RS23425	254.709645942731	-0.250576331879841	0.210714940145803	-1.18917211900806	0.234371943516913	0.409444961565691
gene-BTH_RS00210	735.794003856926	0.217516291957621	0.183096056332502	1.18799004366655	0.234837332284013	0.409928730110537
gene-BTH_RS18350	4033.99208262527	0.282280296565365	0.237592145239537	1.18808766291821	0.234798874342587	0.409928730110537
gene-BTH_RS05375	213.963153531443	-0.239810162229308	0.202016591497181	-1.18708151866157	0.23519546744382	0.410389203120986
gene-BTH_RS10885	353.447075042297	0.211402579919988	0.178348908051039	1.18533150682083	0.235886400947344	0.411100097804866
gene-BTH_RS35180	31.1963408845855	-0.534683285953005	0.451050063085483	-1.18541893619394	0.23585184834935	0.411100097804866
gene-BTH_RS19745	1654.61507652674	-0.204729718435179	0.172714423603712	-1.18536549619576	0.235872967722743	0.411100097804866
gene-BTH_RS09190	522.853578734057	0.227057663117947	0.191720752437764	1.18431447942316	0.236288599242136	0.411471339753119
MSTRG.3300.1	47.6370667229577	0.456470678971456	0.385405789278386	1.18438978258767	0.236258802894554	0.411471339753119
gene-BTH_RS11195	177.889147734433	-0.296843291264836	0.250785545583145	-1.18365390865966	0.236550091224606	0.411736364254073
gene-BTH_RS15245	3611.40152124383	0.249041305016189	0.210436353783419	1.18345191093979	0.236630094398893	0.411736364254073
gene-BTH_RS07705	93.3568415039899	-0.351045042904329	0.296785379502758	-1.18282458351715	0.236878675513048	0.411858489127833
gene-BTH_RS15190	1189.53670605709	0.211122379869709	0.178494191356371	1.18279692053504	0.236889641332836	0.411858489127833
gene-BTH_RS26455	197.254400718548	0.326909565897206	0.276511974690154	1.18226187586821	0.237101807759072	0.41206267029643
gene-BTH_RS23990	64.9381977282696	0.374402467568825	0.3169373768912	1.1813137069578	0.237478124103856	0.412551852975948
gene-BTH_RS35735	858.713094350836	0.245055314812189	0.207597384611054	1.18043546295785	0.237827064361715	0.412993105777828
MSTRG.1237.1	63.4054071026762	0.409951998586287	0.347688473183367	1.1790784860736	0.238366924467804	0.413765411586172
gene-BTH_RS03095	444.198455560395	-0.231270945578269	0.196335167889852	-1.1779394800427	0.238820734289412	0.414387791846407
gene-BTH_RS11755	207.847038982134	-0.250608371325092	0.212873701058401	-1.17726318506737	0.239090476179846	0.414690419211455
gene-BTH_RS24555	26.6387517713704	0.559876030621469	0.475703490314586	1.17694328929817	0.239218142227902	0.414746480148017
gene-BTH_RS17920	1987.91237356287	0.223897269554594	0.190278977396405	1.17667896169188	0.239323668052163	0.414764125907135
gene-BTH_RS28085	134.629122193557	0.279930247629371	0.238123048904256	1.17556972715365	0.239766858632499	0.415366720450566
gene-BTH_RS22465	1249.78757632683	0.234178761229649	0.199509972244043	1.17376970482056	0.240487281660872	0.416448915296494
gene-BTH_RS02795	49.1790256453221	-0.526577612627504	0.448806818347825	-1.17328345091987	0.240682156451596	0.416454805316008
gene-BTH_RS17910	9.91799643576786	0.683476200701973	0.582452493202269	1.17344540315088	0.240617238899862	0.416454805316008
gene-BTH_RS07175	377.945040574986	0.260258541745322	0.222628768488816	1.1690247559286	0.242393657402285	0.41910716601653
gene-BTH_RS17225	1282.12821985717	0.249372172798912	0.213322791617967	1.16898982479802	0.242407730964963	0.41910716601653
gene-BTH_RS16005	86.5616266893728	0.413336738080297	0.353773052944176	1.16836693648773	0.242658785779545	0.419275185521444
gene-BTH_RS23960	283.605010613563	-0.265196446862255	0.226999186598765	-1.16827047195991	0.242697682101838	0.419275185521444
gene-BTH_RS02300	5.67976667079891	0.72653099991722	0.622290876077704	1.16751028794852	0.243004356076203	0.419638328277684
gene-BTH_RS23835	285.192867182571	0.244471577023967	0.209463081575564	1.16713444290551	0.243156080342486	0.419733710115006
gene-BTH_RS07760	865.932213960524	0.243221889809854	0.208518977512775	1.16642567842513	0.243442381451481	0.420061229398628
gene-BTH_RS20220	115.793911524419	-0.339477041851299	0.291199895259389	-1.16578696413646	0.243700589050574	0.420340032660585
gene-BTH_RS09620	11.7673717159808	-0.702566690232218	0.602781861975339	-1.16554052892348	0.243800264738462	0.42034528403183
gene-BTH_RS16080	9582.95456547144	0.256377866190008	0.220028548137891	1.16520273555292	0.243936938598939	0.420414295921309
gene-BTH_RS04905	445.48990377367	0.228411952699752	0.196253791168968	1.1638600780104	0.244480720443296	0.421184607496371
gene-BTH_RS15135	445.767545930145	0.263424022807469	0.226428552904546	1.16338694669183	0.244672543197502	0.42134820384368
gene-BTH_RS23225	988.035741402675	0.212701987865885	0.18292953495173	1.16275366862989	0.24492945991733	0.421623724036559
MSTRG.80.1	7.697614719289	-0.702275147821001	0.604900176402166	-1.16097692680138	0.245651282761746	0.422699003169935
gene-BTH_RS08675	121.931090196403	0.28458741736593	0.245275662543818	1.1602758072872	0.245936531120787	0.423022503114047
gene-BTH_RS15590	1590.20465374974	0.25900873682526	0.223300456171207	1.15991136456378	0.246084895235503	0.42311039299385
gene-BTH_RS08180	78.8921158139676	-0.411762678739882	0.355263026480251	-1.15903611704094	0.246441463501197	0.423265993870394
gene-BTH_RS08325	29.4475941353074	-0.628999802278992	0.542721832106519	-1.15897272795825	0.246467301718094	0.423265993870394
gene-BTH_RS15390	251.84297947367	0.272554027278584	0.235138147751236	1.15912296615916	0.246406065749902	0.423265993870394
gene-BTH_RS21895	5200.13129591615	0.212870917022285	0.183846040511012	1.15787599466704	0.246914645089833	0.42386689271538
gene-BTH_RS18310	93.1165040305941	-0.399727421181295	0.346610941104742	-1.15324524929091	0.24880973562827	0.426951617350285
gene-BTH_RS01910	74.0178177045319	-0.382309106066443	0.331661478179003	-1.15270880466891	0.249029926325127	0.427160954067154
MSTRG.3811.1	26.5077386510052	0.518797501747628	0.450186105168882	1.15240673977045	0.249153972742512	0.427205274509235
gene-BTH_RS03785	47.3862927842979	-0.605509162903854	0.525782582584612	-1.15163412208774	0.249471453578082	0.427581096558179
gene-BTH_RS11295	562.351409489744	-0.275916436075669	0.23966850559718	-1.15124194306703	0.249632714276304	0.427631165185301
gene-BTH_RS18590	1002.86120161285	0.210507512610203	0.182877473802439	1.15108497636845	0.249697278062222	0.427631165185301
gene-BTH_RS24620	24.1123668016517	-0.588827223229092	0.512810015166187	-1.14823659018881	0.250870907908547	0.429472038332223
gene-BTH_RS16190	32.2705398959218	-0.477900649690423	0.4172850098569	-1.14526196341035	0.25210065728555	0.431407497715242
gene-BTH_RS18785	625.537068951813	-0.171537111554043	0.149904624029678	-1.14430834048242	0.252495785567513	0.431509476604051
gene-BTH_RS20115	1206.27795136825	0.200592196042021	0.175318217168536	1.14416059712259	0.252557040789406	0.431509476604051
gene-BTH_RS34620	1159.52365275992	0.243880891325922	0.213146677049275	1.14419279109635	0.252543692105738	0.431509476604051
gene-BTH_RS28220	72.9651424288795	-0.357935336147898	0.312745921374952	-1.14449241919535	0.2524194799937	0.431509476604051
gene-BTH_RS13305	374.929089248859	0.197435285119422	0.172647067624541	1.14357740236161	0.252798937714211	0.431753191620265
gene-BTH_RS12790	6063.34199213086	-0.236190487356511	0.206657665847179	-1.14290697317355	0.253077217043167	0.432058828154544
gene-BTH_RS18535	280.196729531989	-0.265543595820732	0.232486822612063	-1.14218772847969	0.253375995710005	0.432060204366335
gene-BTH_RS23410	744.006912467163	0.211838054430029	0.185441069825647	1.14234702501016	0.253309801784135	0.432060204366335
gene-BTH_RS24860	307.343490186933	-0.218364569817334	0.191165153061656	-1.14228229528269	0.253336698059595	0.432060204366335
gene-BTH_RS22260	772.5839247874	-0.202978061124321	0.177754725213623	-1.14189966472275	0.253495728029449	0.432094990959288
gene-BTH_RS14145	1182.33484291874	0.229396927052098	0.201034184623047	1.14108417671469	0.253834895320694	0.432503640675683
gene-BTH_RS18815	1292.97833021956	0.211288177255845	0.185353049199782	1.13992285623588	0.254318441832872	0.433157878611196
gene-BTH_RS12410	38.6339134932345	-0.591791023601217	0.519418958806104	-1.13933273625872	0.254564399334166	0.433407098670694
gene-BTH_RS20290	106.467364718713	0.323088371066271	0.283896355009407	1.13805043765203	0.255099421905533	0.434148077186646
gene-BTH_RS22850	869.559844447994	0.171305116602186	0.150688981770688	1.13681249013196	0.255616680824761	0.434858256389407
gene-BTH_RS06460	147.903901635743	-0.325129218917858	0.286198148071114	-1.1360283814173	0.255944686407502	0.435246046079997
gene-BTH_RS05625	69.7095322317087	-0.3757331888403	0.331058374622673	-1.13494542848688	0.256398184103784	0.435846854572668
gene-BTH_RS08065	632.34245482748	-0.230082943299892	0.203137153820465	-1.13264825745881	0.25736199463087	0.437244982397349
gene-BTH_RS14385	778.811582771267	0.233709365240491	0.206364765135568	1.13250614797036	0.257421701130945	0.437244982397349
gene-BTH_RS01620	21.7443687767658	-0.510645544677442	0.451916287838581	-1.12995605252413	0.258494743136252	0.438896226636493
gene-BTH_RS34490	61.654467353961	-0.437447425209097	0.388141794071134	-1.12702994599166	0.259729820030985	0.440649265653192
gene-BTH_RS21120	248.674297383146	0.251601943833218	0.223217549149124	1.12716022907827	0.259674742235365	0.440649265653192
gene-BTH_RS20555	33765.3450605339	0.269942435369431	0.239654671720289	1.12638086055961	0.260004344518226	0.440943040411027
gene-BTH_RS20785	75.1773140560857	0.376163595434559	0.334162040660861	1.12569217823375	0.260295835663913	0.441265348845683
gene-BTH_RS24945	55.3719954745034	-0.487099364875809	0.432857874422755	-1.12531016219906	0.260457624950783	0.441367615323688
gene-BTH_RS23525	941.250523333916	0.209447671424943	0.186454326623603	1.12331891256005	0.261302074320462	0.442626177295176
gene-BTH_RS08950	43.1308498669573	-0.468762362593306	0.418007896262449	-1.12141987456378	0.262109180213467	0.443820527025528
MSTRG.18.1	23.6441032426023	0.487665336553856	0.435124484276008	1.1207490136191	0.262394712573081	0.444131128285176
gene-BTH_RS22560	1840.235732036	0.21453426990593	0.191505802867618	1.12024944776337	0.262607477689989	0.444318369487146
gene-BTH_RS07785	179.265754448519	-0.245169695592486	0.219048254668275	-1.11924971036071	0.263033623576897	0.4448663540278
gene-BTH_RS04575	387.311198616806	0.265099306023957	0.237039766877325	1.11837481750964	0.26340694494947	0.445100218767135
gene-BTH_RS06850	105.52821428387	-0.418988098664512	0.374857198674325	-1.11772723091955	0.263683508911013	0.445100218767135
gene-BTH_RS33335	330.993757697554	0.27975612579497	0.250201603150642	1.11812283483465	0.263514535063293	0.445100218767135
gene-BTH_RS17780	1427.42146500897	0.199990586886841	0.178919942762932	1.1177657660657	0.263667046152962	0.445100218767135
gene-BTH_RS20350	222.879621813386	-0.229589034055187	0.205272688291915	-1.11845874853401	0.263371115293834	0.445100218767135
gene-BTH_RS03925	28.2561698851752	0.561022324841213	0.502482693421477	1.11650079134294	0.264207831647236	0.445812283811278
gene-BTH_RS33215	152.469078772614	-0.326582971743831	0.29279367888186	-1.11540308175712	0.264677729525417	0.446372694496419
gene-BTH_RS10830	78.8025048583378	0.340527065043081	0.305338179222386	1.11524561360231	0.264745184322014	0.446372694496419
gene-BTH_RS11035	131.842463592313	0.300814005927064	0.269894550758846	1.11456124283089	0.265038486575512	0.446694078498054
gene-BTH_RS14425	140.755903913496	-0.260142792486053	0.233881482681706	-1.11228469010557	0.266015764386994	0.44816753488901
gene-BTH_RS27965	396.036492245733	-0.17891491037505	0.160949066628512	-1.11162440468205	0.266299674985707	0.448472158802874
gene-BTH_RS15425	539.969618590293	-0.226331300883567	0.203688500949868	-1.11116385965878	0.266497824290714	0.448632173244816
gene-BTH_RS17220	217.893185773847	0.268188531664974	0.24154618322496	1.11029919034242	0.2668701218909	0.448768470897049
gene-BTH_RS18060	5148.23877672729	0.191957878139933	0.172894989987507	1.11025703031536	0.26688828372659	0.448768470897049
gene-BTH_RS20155	252.490130177788	0.210933885226906	0.189945648565133	1.11049601199248	0.266785345658903	0.448768470897049
gene-BTH_RS29200	1226.43032851565	0.214962485124658	0.193949807102076	1.10834080392523	0.2677146596211	0.449984068528511
gene-BTH_RS01330	70.5533630587645	0.451552315734885	0.407623997335929	1.10776676222709	0.267962558048643	0.450226777717883
gene-BTH_RS18370	4459.16472447687	0.216836524461251	0.195828542828814	1.10727742406172	0.268174001977467	0.450289858505747
rna-BTH_RS27910	862.585786206808	0.317191979225338	0.286480994136342	1.1072007767272	0.268207131813423	0.450289858505747
gene-BTH_RS10285	246.161162729262	0.228712916622553	0.206651191672369	1.10675827597046	0.268398452113621	0.450437217088831
gene-BTH_RS31825	642.911129237361	0.248968915767124	0.225274183062763	1.10518174955609	0.26908084329273	0.451060373149663
gene-BTH_RS23550	1018.64872811797	0.214607022186791	0.194146629990411	1.10538628559965	0.268992243769179	0.451060373149663
gene-BTH_RS23625	1205.14461698652	0.258656901510963	0.234001040293086	1.10536645985418	0.269000830873277	0.451060373149663
gene-BTH_RS18870	551.607154958807	0.258311992213176	0.234004884315764	1.10387436129159	0.269647642033032	0.451836380140097
gene-BTH_RS13370	358.547582992074	0.257050323752608	0.232958766450495	1.10341554288421	0.269846749967968	0.451995903873955
gene-BTH_RS20900	219.646416965787	0.277045454792148	0.251593087853613	1.10116481003383	0.270824934201004	0.453459762807685
gene-BTH_RS02110	53.7199450558784	0.369935232058681	0.336247873149072	1.10018608770404	0.271251050968095	0.453533844164236
gene-BTH_RS02730	22.8904308999737	-0.518318440321323	0.470992132980673	-1.10048216101009	0.271122097950316	0.453533844164236
gene-BTH_RS13750	464.467269576188	0.212116903909801	0.192815081846036	1.10010535420241	0.271286221267894	0.453533844164236
gene-BTH_RS20240	42.7498751121538	-0.414686690697855	0.376904220118881	-1.10024422270214	0.271225727290966	0.453533844164236
gene-BTH_RS27535	38.2087798308302	0.481022221050208	0.437429617284958	1.09965626935785	0.271481915144135	0.453686642672681
gene-BTH_RS03510	737.985864692371	0.202313524171562	0.18420076898977	1.098331593734	0.272059720887487	0.454477644339696
gene-BTH_RS03965	15.2144180761958	0.591825647742205	0.539010274725202	1.09798583717895	0.272210673701126	0.454555251669827
gene-BTH_RS18510	532.826357810534	0.166222652898218	0.151590774403775	1.09652222275394	0.272850303616172	0.455320366604511
gene-BTH_RS28550	7.97227369569332	-0.671669222332646	0.612580654410174	-1.09645842959139	0.272878205916773	0.455320366604511
gene-BTH_RS06910	36.9194996050007	-0.554258557394863	0.505651356883979	-1.09612789494014	0.27302280873483	0.455386970090687
gene-BTH_RS19740	4859.66324577932	0.207435696493019	0.1893701598221	1.09539801142847	0.273342304933305	0.455745123211911
gene-BTH_RS12360	210.344751790219	0.245480126400702	0.224232935334257	1.09475499678391	0.273623987243189	0.456039978738649
gene-BTH_RS04640	64.6354945788635	-0.431112464351872	0.394389878487669	-1.09311239427599	0.274344454783253	0.457065637038357
gene-BTH_RS00360	105.745597010456	-0.46104186653257	0.421976683737196	-1.09257663823839	0.274579724593686	0.457282466302655
gene-BTH_RS16155	567.373932282877	0.217598865099407	0.199235014792324	1.09217180186036	0.274757594231646	0.457403572486667
gene-BTH_RS20675	6040.37018836514	0.246854593029787	0.22612064280322	1.09169419461014	0.274967537754418	0.457577960685431
gene-BTH_RS14990	1373.37563189708	0.224478606628563	0.205838546203388	1.09055670460652	0.275467989232415	0.458235469660041
gene-BTH_RS21375	45.0874760259172	0.444812627825004	0.408006476191108	1.09020972406491	0.275620770851197	0.458314355199811
gene-BTH_RS21770	415.022482161733	-0.193869810482633	0.177907207888652	-1.08972431630747	0.275834601399576	0.458494656510568
gene-BTH_RS16530	990.339132645729	0.239060755226548	0.219614231176655	1.08854856056323	0.276353011160462	0.459180900896872
gene-BTH_RS19640	130080.149192337	0.225567494826783	0.207453514938553	1.08731584949812	0.276897246388809	0.459716354775033
gene-BTH_RS22840	475.372995272534	0.205233524295479	0.188789802661782	1.08710068765291	0.276992313992037	0.459716354775033
rna-BTH_RS28200	320.888497704239	0.455221630465589	0.418648534671174	1.08735990398997	0.276877783993907	0.459716354775033
gene-BTH_RS11850	145.631466429505	-0.360431390305703	0.332186915840563	-1.08502584875648	0.277910206929224	0.461039771125167
gene-BTH_RS20130	1901.22023860452	0.194727000706882	0.179501780081208	1.08481932947287	0.278001682680762	0.461039771125167
gene-BTH_RS28280	1142.99852209791	-0.21081709725583	0.194705928505958	-1.0827461642976	0.278921107194703	0.462388268405854
gene-BTH_RS28510	7812.83458277165	-0.266655623227799	0.246576588155974	-1.08143123084793	0.279505335604879	0.463180270430943
gene-BTH_RS02785	162.094396210297	-0.338609030742335	0.31322469471427	-1.08104193716661	0.279678459309874	0.463290669458473
gene-BTH_RS14330	248.035659706531	0.280510474833666	0.259784190881896	1.07978269917584	0.280238957109936	0.464042429930804
gene-BTH_RS11765	223.09224386784	0.208780522131804	0.193618045166045	1.07831128009146	0.280894864783088	0.464861516290377
gene-BTH_RS14320	207.273141758127	0.282416039433064	0.261934427125111	1.07819366294363	0.28094733938561	0.464861516290377
gene-BTH_RS12290	150.912282816251	-0.29191803453733	0.27093006396552	-1.07746637735442	0.281271963878428	0.465044866161597
gene-BTH_RS18585	599.967477559342	0.240169666921508	0.222871531406703	1.0776148277244	0.281205682269568	0.465044866161597
gene-BTH_RS04355	62.9501323141461	-0.358020035568706	0.332420625017398	-1.0770090921704	0.281476203784178	0.465205731938136
gene-BTH_RS08655	2.8906785576399	0.665973991096314	0.618529118511531	1.07670596446447	0.281611646903458	0.465252815810878
gene-BTH_RS20080	84.2752426097297	-0.332405604942018	0.308858472268035	-1.07623923184321	0.281820278201468	0.465420732792857
gene-BTH_RS07780	458.086716725176	-0.175533795394866	0.163218317127947	-1.07545402062481	0.282171507196918	0.465773133275883
gene-BTH_RS20640	1126.44589847167	0.148542817612492	0.138142931218359	1.07528352194651	0.282247811336834	0.465773133275883
gene-BTH_RS18850	859.064913361652	0.197276924601776	0.183553889909673	1.07476297396289	0.282480861384803	0.46598094312624
gene-BTH_RS09630	103.691317274157	-0.37517144835986	0.349209253488927	-1.07434566699349	0.282667784473763	0.466112533154234
gene-BTH_RS23980	138.749474669182	0.25043745053912	0.233997460797107	1.07025712879965	0.284503585851154	0.468961954699704
gene-BTH_RS03730	53.8461778434008	-0.435461456324675	0.407058650672178	-1.06977570825628	0.284720278997238	0.469141368802268
gene-BTH_RS12225	2752.86756283954	0.164963633241406	0.15425175278883	1.06944414088597	0.284869586352797	0.469209655673861
gene-BTH_RS10395	584.199358145658	-0.254749302058114	0.238567378320938	-1.06782957439976	0.28559739492697	0.470230381503528
gene-BTH_RS22875	2299.69617012104	0.195928575123204	0.183591203711386	1.06720023161466	0.285881428001848	0.470519943930397
gene-BTH_RS02445	69.6393809999412	-0.435844937694715	0.408706044512355	-1.06640198633407	0.28624196416564	0.470757105527613
gene-BTH_RS20525	10639.8984110696	0.196987638123804	0.184700100531475	1.06652696753803	0.286185494773188	0.470757105527613
MSTRG.4469.2	18.952622900519	-0.564397137526376	0.530305381521057	-1.06428702629329	0.287198693392611	0.472152046960641
gene-BTH_RS28745	1502.95702400004	0.209571240532595	0.197209412685117	1.06268376178989	0.287925387198489	0.473167901138431
gene-BTH_RS10225	736.302659199062	-0.178916628832976	0.168517272509925	-1.06171092237704	0.288366939325429	0.473357051345516
gene-BTH_RS18610	123.528542040128	-0.253690059516498	0.23892782925969	-1.06178531108138	0.288333159686495	0.473357051345516
gene-BTH_RS33885	108.795503361088	-0.357241639544224	0.33643862825958	-1.06183300470656	0.288311503589126	0.473357051345516
gene-BTH_RS25260	478.407966807069	-0.23022482159939	0.217349928153873	-1.05923578422535	0.289492411913756	0.475025270397902
gene-BTH_RS16365	343.084420514157	0.263862177972844	0.24937007941975	1.05811482510979	0.290003096373734	0.475504511581508
gene-BTH_RS18960	1256.75066443211	0.177054623194133	0.167306931828851	1.05826232815777	0.289935862583271	0.475504511581508
gene-BTH_RS03040	745.172799065943	0.203776349329469	0.192683815181228	1.05756858269496	0.290252172100553	0.475554406266443
rna-BTH_RS27950	2.81891867678875	0.551552060260708	0.521425773148316	1.05777675110015	0.290157234455821	0.475554406266443
gene-BTH_RS07055	39.6364508774393	-0.522590721751013	0.494280043095955	-1.05727659663888	0.290385370991144	0.475593510471188
gene-BTH_RS28335	166.022868596816	-0.242716188957902	0.229638742353844	-1.05694791074891	0.290535360903731	0.475660075246982
gene-BTH_RS15310	256.543721185133	-0.198165557951582	0.187662639502811	-1.05596701867029	0.290983283260472	0.476122710006814
gene-BTH_RS22545	1442.41048589994	0.176057259080626	0.166744608027051	1.0558497882706	0.291036847335199	0.476122710006814
gene-BTH_RS22605	955.718350828837	0.162940691424777	0.154514863017534	1.05453086028551	0.29163993942138	0.47692997612143
gene-BTH_RS18755	505.339709499371	0.193330149909964	0.183499047625701	1.05357576734849	0.292077188544909	0.477465528061012
gene-BTH_RS15100	528.471437322678	0.214769328659449	0.203913964863261	1.05323501901141	0.29223329237714	0.477541255387138
gene-BTH_RS04385	383.168195354599	-0.23947061207009	0.228393200201068	-1.04850149592575	0.294407613440707	0.479637339339692
gene-BTH_RS05835	472.691992958359	-0.219914007813572	0.209585928430483	-1.04927849622555	0.294049960071775	0.479637339339692
gene-BTH_RS12515	245.833167006259	0.229475597064301	0.218906202517306	1.04828275501312	0.294508352500303	0.479637339339692
gene-BTH_RS15155	726.712815339476	0.195414208834064	0.186337479148385	1.04871124009599	0.294311039441937	0.479637339339692
MSTRG.2279.1	102.23320193867	0.272764634457007	0.259990822330234	1.0491317809309	0.294117470823753	0.479637339339692
gene-BTH_RS18530	277.702334146077	-0.228683443303362	0.218138445839234	-1.04834084804978	0.294481596048412	0.479637339339692
gene-BTH_RS18695	2360.07943930173	0.244082918542884	0.232811615708229	1.04841383364987	0.294447982699214	0.479637339339692
gene-BTH_RS24865	153.391282314626	-0.248805671777445	0.236999232231236	-1.04981636199855	0.293802551085522	0.479637339339692
gene-BTH_RS27280	5415.0403070746	0.174930546127981	0.166661474497706	1.04961597546881	0.293894709111768	0.479637339339692
gene-BTH_RS02575	154.783906663828	-0.348820939306601	0.332935355036321	-1.04771371988579	0.294770524470502	0.479732917243437
gene-BTH_RS05635	171.078028008315	0.263931526654158	0.25192555882701	1.04765680736424	0.29479675441875	0.479732917243437
MSTRG.1905.1	19.0485861610723	0.52760574682214	0.503711006215886	1.04743740023821	0.29489788981815	0.479732917243437
gene-BTH_RS23495	2524.66070258405	0.27963185253921	0.267059842832198	1.04707562759599	0.295064699160768	0.479824837887605
gene-BTH_RS28215	629.125810031148	0.233969909833088	0.223530486890732	1.04670245695595	0.295236830211497	0.479925340590437
gene-BTH_RS11985	106.456266488202	0.277906843938271	0.265676689757758	1.04603397532416	0.295545346409191	0.480247387702645
gene-BTH_RS22680	564.614170708923	0.187559450276745	0.17952356556971	1.0447622833333	0.296132850728638	0.481022367688415
gene-BTH_RS08185	64.5504375861506	-0.453289053222741	0.434222439884273	-1.04390978352834	0.296527131295734	0.481426967691512
gene-BTH_RS17655	9993.39715474459	0.218485071161871	0.209327972504674	1.04374522213935	0.296603281244426	0.481426967691512
gene-BTH_RS21420	280.911559673222	0.229702180870517	0.220260241723169	1.04286719688257	0.297009804073009	0.481906992807754
gene-BTH_RS10580	42.6330653838005	0.399535147536327	0.383312181747695	1.04232311562514	0.297261898801725	0.481909912529093
gene-BTH_RS13805	56.0338024352898	-0.461325892785643	0.44297375890105	-1.04142939286093	0.29767630688866	0.481909912529093
gene-BTH_RS34525	227.91712217166	-0.269558289575709	0.258721537007925	-1.0418857768592	0.297464639114454	0.481909912529093
gene-BTH_RS18405	713.507621178574	0.163091152904232	0.156539824422299	1.04185087408977	0.297480823226499	0.481909912529093
gene-BTH_RS18910	3626.71133441921	0.225972179751157	0.216972190260408	1.04147992182753	0.297652866946112	0.481909912529093
gene-BTH_RS21465	161.107004295269	0.24564391793566	0.235698135282268	1.04219712065808	0.297320297729674	0.481909912529093
gene-BTH_RS24825	407.000974763248	0.217640572815432	0.209180490178084	1.04044393733921	0.298133697645448	0.482470827662834
gene-BTH_RS03980	70.0535367783031	0.326554818123308	0.3143254749646	1.03890662428836	0.298848165288285	0.482908439451723
gene-BTH_RS04595	170.92086864074	0.260669357383592	0.250854752656978	1.03912465130782	0.298746767538716	0.482908439451723
gene-BTH_RS13785	387.042254553958	0.187834099289992	0.180779982931447	1.03902045040694	0.298795225349536	0.482908439451723
gene-BTH_RS17960	7392.64542633362	0.192729017640369	0.185457681881074	1.03920751993416	0.298708233880095	0.482908439451723
gene-BTH_RS15755	34.8667349802737	0.521132227652242	0.501951206087323	1.0382129205634	0.299170938649396	0.483250495033373
gene-BTH_RS28205	339.361607394733	0.257437583926724	0.248243049029566	1.03703843847029	0.299717943507619	0.483954363124775
gene-BTH_RS02920	141.120394037341	0.310098153323206	0.299501619534142	1.03538055588997	0.300491222656851	0.48497605305869
gene-BTH_RS27350	4964.00066705241	0.245676693004687	0.237322015385625	1.03520397214513	0.300573664148558	0.48497605305869
gene-BTH_RS03935	6.96005934059113	0.637385798170683	0.615937634658504	1.03482197272143	0.300752059439051	0.48508396683718
gene-BTH_RS04770	28.2509085783509	-0.449368993446	0.434741265922862	-1.03364697273926	0.301301231384752	0.485571317384584
gene-BTH_RS21875	131.595785921281	0.291776038310434	0.28232954127559	1.03345911657762	0.301389093549052	0.485571317384584
gene-BTH_RS22975	96.4405039529797	-0.299986239921312	0.29020786676429	-1.03369437660684	0.301279062827713	0.485571317384584
gene-BTH_RS27390	342.445623391827	0.182519787776127	0.176769501073644	1.03252985762565	0.301823967963612	0.48609191434347
gene-BTH_RS23020	4049.27527822161	0.185182790949572	0.179438475791741	1.03201272822055	0.302066154872828	0.486301914765656
gene-BTH_RS12950	415.219342144142	0.183283750477796	0.177693359204608	1.03146089025618	0.302324739414299	0.486538148890937
gene-BTH_RS22610	11809.8930955346	0.209200648700892	0.202923420155995	1.03093397765557	0.302571781637395	0.486755639838265
gene-BTH_RS23945	108.093724892683	0.273646713852136	0.265572054161674	1.03040477928279	0.302820030649032	0.486974910655559
gene-BTH_RS04285	196.21902560606	-0.284001581553694	0.275718634647088	-1.03004130249378	0.302990617461548	0.487069174411579
gene-BTH_RS27780	5473.82810994337	0.261729185903808	0.254207920038778	1.02958706347105	0.303203890574209	0.487231963057928
gene-BTH_RS02260	385.470059553142	-0.289417207260066	0.28122507331847	-1.02913016910238	0.303418511061036	0.487396795832904
gene-BTH_RS04780	34.6183671063246	0.452681692567509	0.440330340194893	1.02805019605769	0.30392621634498	0.488032130343545
gene-BTH_RS09810	89.8999210401832	0.289673789596212	0.28197270258289	1.02731146292807	0.304273826440701	0.488049832233426
gene-BTH_RS13965	11.5521844079787	0.610811973635956	0.594492125867616	1.0274517475644	0.304207795354035	0.488049832233426
gene-BTH_RS23440	560.928685978515	0.237424103912963	0.231004959132457	1.02778790898955	0.304049605033502	0.488049832233426
gene-BTH_RS28980	1734.19011159002	0.153053793672286	0.149141322848091	1.0262333117977	0.304781622962172	0.488684135600977
gene-BTH_RS07210	219.703378569775	0.201979368823548	0.196919951825885	1.02569275967595	0.305036428240114	0.488912477098193
gene-BTH_RS17855	1776.15196936461	-0.164379694879766	0.160349788173209	-1.02513197399553	0.305300920553038	0.489156171051829
gene-BTH_RS11290	488.914013739791	0.214196420940265	0.209158235550305	1.02408791304203	0.305793752891898	0.489765399513902
gene-BTH_RS01660	35.6030672844539	-0.463648580818385	0.453160472393165	-1.02314435848703	0.306239596322312	0.489989113861604
gene-BTH_RS14095	617.741867249609	0.210705890864466	0.205933224692464	1.02317579486811	0.306224735234636	0.489989113861604
gene-BTH_RS26550	861.871591387216	0.188403707926806	0.184153954321634	1.02307717811886	0.306271356457403	0.489989113861604
MSTRG.2357.2	3.50749614388529	0.62147119699269	0.608127199381134	1.02194277385576	0.306807986132256	0.49066718370416
gene-BTH_RS23060	2929.82480848079	0.220390617909588	0.215752478167037	1.02149750390797	0.307018791092952	0.490823866686637
gene-BTH_RS17615	1286.87768910215	0.228346767653147	0.223690186029184	1.02081710291642	0.307341099813873	0.491158627549724
gene-BTH_RS08450	60.2400673619777	-0.432229761619689	0.423659275696729	-1.02022966665575	0.307619550898753	0.49142307984193
MSTRG.667.1	18.1573130474619	0.508945165842983	0.499510904207507	1.01888699837383	0.308256616873863	0.492260015932931
gene-BTH_RS35165	58.697326999925	-0.419941261147136	0.412326383867083	-1.01846808154413	0.308455562009322	0.492396952198367
gene-BTH_RS07475	175.005084732451	0.235621878317058	0.231483278982114	1.01787861029593	0.308735647845035	0.492663267837822
gene-BTH_RS17755	4569.88568173314	0.128596417616946	0.126623880942955	1.01557791989396	0.309830423788988	0.494123432946881
gene-BTH_RS18440	6473.0006609475	0.187440294830661	0.184642443009954	1.01515280980417	0.310032991337878	0.494123432946881
gene-BTH_RS19700	2267.33545437129	0.191525092331614	0.188663083581649	1.01516994578713	0.310024824246321	0.494123432946881
gene-BTH_RS26535	1425.04344766348	0.265886025304893	0.2619562547745	1.01500162893142	0.310105051021836	0.494123432946881
gene-BTH_RS16850	45.4364850278907	-0.359629999080241	0.354751798771076	-1.01375102346504	0.310701570604216	0.494561126615496
gene-BTH_RS17260	836.41853382196	0.181843149184959	0.179319702361727	1.01407233443953	0.310548237972783	0.494561126615496
gene-BTH_RS20480	236.276804105088	-0.281118643013801	0.277316441238094	-1.01371069727684	0.310720818170149	0.494561126615496
gene-BTH_RS16000	128.223075601871	-0.293091052832044	0.289420722367374	-1.01268164364544	0.311212248541044	0.495116344346926
gene-BTH_RS24445	14.4315452765333	0.552208485702468	0.545501414778135	1.01229524020036	0.311396910008506	0.495116344346926
gene-BTH_RS25755	142.677665390478	0.348622322049019	0.344398094133578	1.0122655380137	0.311411107616825	0.495116344346926
gene-BTH_RS01005	20.6367246916043	-0.467885572429813	0.46280482455522	-1.01097816531942	0.31202688038522	0.495729628959544
gene-BTH_RS04020	97.260101552021	0.27125063743722	0.268327642821094	1.01089337865229	0.312067463471392	0.495729628959544
gene-BTH_RS16600	2274.26828436803	0.204999974004116	0.202820763107679	1.01074451581311	0.312138724993147	0.495729628959544
gene-BTH_RS20515	1205.12456065982	0.170562911614938	0.168895848774516	1.00987036006224	0.312557404887591	0.496213398270445
gene-BTH_RS22500	293.569137970368	0.190593764020503	0.189025346875717	1.00829739064474	0.313311715304052	0.497229464273122
gene-BTH_RS16395	3982.45235658415	0.157504540184529	0.156385818176605	1.00715360267938	0.313860965528381	0.497375300564102
gene-BTH_RS19100	200.213149161826	-0.437769883815072	0.434461126964282	-1.00761577191936	0.313638954326904	0.497375300564102
gene-BTH_RS22585	1561.44787980893	0.184037749505227	0.182680455407569	1.00742988128987	0.313728237765407	0.497375300564102
gene-BTH_RS23095	4970.71817997062	0.20214642452619	0.200698942204121	1.00721220703095	0.313832808164965	0.497375300564102
gene-BTH_RS07230	159.01408706108	0.2251922403382	0.223850174623228	1.00599537488515	0.314417794922976	0.497770346080431
gene-BTH_RS13325	550.314600710402	-0.178164398970028	0.177063630072354	-1.0062167984313	0.314311293187093	0.497770346080431
gene-BTH_RS13495	46.6018298142303	-0.439894143410114	0.437362945778646	-1.00578740758882	0.314517845991417	0.497770346080431
gene-BTH_RS20805	251.590785415551	-0.197360410293187	0.196270439090263	-1.00555341501235	0.314630442594772	0.497770346080431
gene-BTH_RS25280	7468.65910608198	0.201230429238767	0.200140573209972	1.00544545272013	0.314682402694525	0.497770346080431
gene-BTH_RS26505	14.5801821922265	-0.552144273489318	0.55033933241612	-1.0032796875798	0.315725933820445	0.499239480959265
gene-BTH_RS05660	20.4140633767904	0.455534368479897	0.454590650102518	1.00207597401567	0.316306900802373	0.499706708073316
gene-BTH_RS34310	34.4906126409904	0.446908127489972	0.446036783889461	1.00195352408587	0.316366040007796	0.499706708073316
gene-BTH_RS12860	617.550567474018	0.207749619974609	0.207280360728183	1.00226388667396	0.316216159408614	0.499706708073316
gene-BTH_RS04290	124.586540977896	-0.247556046026571	0.24730768349767	-1.00100426531593	0.316824746289952	0.500068086488131
gene-BTH_RS26495	304.333592533407	0.187519239287787	0.187325993641668	1.0010316008065	0.316811530979042	0.500068086488131
gene-BTH_RS01285	86.7275004632728	-0.392465486458823	0.392266027199337	-1.00050847956656	0.31706449608655	0.500092689042117
gene-BTH_RS17965	1332.24938264192	0.16384054177707	0.163791445397703	1.00029974935045	0.317165468468899	0.500092689042117
gene-BTH_RS28230	2479.77429311851	0.206828396832535	0.206774860014248	1.00025891357529	0.31718522507292	0.500092689042117
gene-BTH_RS34510	12.9442418981442	-0.576092432446687	0.576229564545299	-0.999762018287416	0.31742569078183	0.500262830547209
gene-BTH_RS20230	440.822093430862	0.162744346091265	0.162815868974624	0.999560713069256	0.317523143710539	0.500262830547209
MSTRG.2297.1	32.823795500792	0.426600100187245	0.427006677066027	0.999047844212706	0.317771514885109	0.500472878258589
gene-BTH_RS27730	6775.2700259198	0.222442149979903	0.22276797191061	0.998537393289023	0.318018841502037	0.500681129400601
gene-BTH_RS35495	38.179986763298	-0.430808257923305	0.432000349221874	-0.99724053163217	0.318647771507247	0.500892154004656
gene-BTH_RS02255	350.774578215892	-0.261062302281291	0.261836941400694	-0.997041520897476	0.318744356396272	0.500892154004656
gene-BTH_RS02745	202.494316434396	0.231181310053137	0.231914918451968	0.996836734765803	0.318843764238826	0.500892154004656
gene-BTH_RS06005	7.2372132279546	0.591478115961407	0.592863747147634	0.997662816805896	0.318442889430336	0.500892154004656
gene-BTH_RS17745	161.084686780595	-0.218484674779999	0.219128222153803	-0.997063147012838	0.318733859773151	0.500892154004656
gene-BTH_RS20150	100.818362745661	-0.274422200874115	0.275217591832883	-0.997109955968034	0.318711140981985	0.500892154004656
gene-BTH_RS08360	34.058170994814	-0.435161120919062	0.437462570061666	-0.994739094724653	0.319863175008017	0.501902962962838
gene-BTH_RS09335	28.3813291448059	-0.486334257737691	0.488992776813509	-0.994563275365452	0.319948716389874	0.501902962962838
gene-BTH_RS16660	177.831579994395	-0.282022724547071	0.283491571960295	-0.994818726344957	0.319824436762786	0.501902962962838
gene-BTH_RS20485	97.2715386987925	-0.341188624264312	0.342972080252546	-0.994799996585959	0.319833547917574	0.501902962962838
gene-BTH_RS05090	86.3295958932922	-0.376674429422773	0.379739815384365	-0.991927667741426	0.321232811290704	0.50355413661786
gene-BTH_RS13905	191.809805899129	-0.236667760428008	0.238586673994625	-0.991957163681903	0.321218421968582	0.50355413661786
gene-BTH_RS07955	160.793650586728	0.231258642441446	0.233285218138268	0.991312884232463	0.321532823583291	0.50375639824205
gene-BTH_RS19520	137.198734653039	-0.297757445604518	0.300404402062086	-0.991188689515205	0.321593452394982	0.50375639824205
gene-BTH_RS24115	103.678638425071	-0.359736058002113	0.363482247130766	-0.989693611838751	0.322323898354507	0.504718847315373
gene-BTH_RS25140	89.2669345113747	0.302229515027921	0.305579509430983	0.989037241373613	0.322644921118435	0.505039728990713
gene-BTH_RS15315	219.875497395034	-0.235456163764238	0.238389067469831	-0.987696987379825	0.323301070377298	0.505884768396133
gene-BTH_RS03030	190.706981928352	-0.276817937273	0.280393119320353	-0.987249394507187	0.323520392394613	0.506045921221348
gene-BTH_RS03415	2138.39098645139	0.205993480479002	0.208782173590863	0.986643049720684	0.323817657991021	0.506146896248991
gene-BTH_RS22275	101.188458843838	-0.261167269990145	0.264680227404113	-0.986727541197839	0.32377622467142	0.506146896248991
gene-BTH_RS26595	224.303341025806	0.193218106580161	0.195906031772453	0.986279517950655	0.323995967777034	0.506243699651616
gene-BTH_RS22310	121.909416384735	-0.308169818938564	0.312614750838442	-0.985781439014131	0.324240375827474	0.506443674990848
gene-BTH_RS04635	75.5282104654738	-0.377060260334308	0.382873368572121	-0.984817151792269	0.324713894095958	0.506889344082177
gene-BTH_RS05920	91.8111269777186	0.280814687570662	0.285357050907863	0.984081825478819	0.325075282254965	0.506889344082177
gene-BTH_RS06440	86.01741268776	-0.310172404959271	0.31505977713549	-0.984487476565066	0.324875886033734	0.506889344082177
gene-BTH_RS21500	796.282231906011	-0.170847580409812	0.173623015010931	-0.984014592760389	0.325108337928569	0.506889344082177
gene-BTH_RS24375	5517.84244564897	0.192817826730082	0.19593540537407	0.984088742726023	0.325071881441656	0.506889344082177
gene-BTH_RS20360	133.370650993094	0.247643942365193	0.251809193164608	0.983458702412459	0.325381731062377	0.507133833794819
gene-BTH_RS32340	86.2801294986739	-0.349094165353972	0.355108789514504	-0.983062587189816	0.325576636213266	0.507255862295024
gene-BTH_RS16465	232.379196218291	0.253687790443069	0.258416307375304	0.981701940638879	0.326246709077658	0.508117860539854
gene-BTH_RS23950	144.449795873153	-0.268976753663686	0.274228626906907	-0.980848559457638	0.326667427764076	0.508591020319875
gene-BTH_RS23430	1297.26312799665	0.224036422607236	0.228494855983313	0.980487817299473	0.326845380334969	0.508686012328127
MSTRG.723.1	14.2220904312524	0.513547881930937	0.52421234973104	0.979656206486599	0.327255850247025	0.509142685470157
gene-BTH_RS06030	30.1446981702557	-0.490654522449291	0.501013299071016	-0.979324347994489	0.327419743725457	0.509215547088215
gene-BTH_RS07880	910.581182918299	0.194753493371783	0.199453055060587	0.97643775530349	0.328847579371495	0.511192496858176
gene-BTH_RS22970	376.879371609185	0.178017530865621	0.182342776048162	0.976279591238656	0.328925930737019	0.511192496858176
rna-BTH_RS26950	220.835058614798	0.407216792647435	0.417341611673565	0.975739732768252	0.329193457130846	0.511425549471136
gene-BTH_RS18575	411.797369368641	0.203992926041723	0.209167802094194	0.975259691020034	0.329431459797613	0.511612584833851
gene-BTH_RS08765	171.989785123234	-0.25682497255203	0.263684905678044	-0.973984354135198	0.330064307784752	0.512046982476345
gene-BTH_RS10060	126.170213310133	-0.292883096872587	0.300583650552629	-0.974381328905	0.329867236548406	0.512046982476345
gene-BTH_RS18325	157.367676834798	-0.283914272934959	0.291437859700214	-0.974184593679787	0.329964892811475	0.512046982476345
gene-BTH_RS12640	256.650932435931	-0.242506811553651	0.249130110578736	-0.973414297413914	0.330347435850676	0.512115500605109
gene-BTH_RS21205	153.110500012331	-0.23120544635161	0.237634036194945	-0.972947520707592	0.330579385218195	0.512115500605109
gene-BTH_RS24915	1498.63759069948	0.22200019672384	0.228151859410379	0.973036982024007	0.330534922190757	0.512115500605109
gene-BTH_RS28675	2269.9483737191	0.257969837783198	0.265126506226656	0.973006590154587	0.330550026771656	0.512115500605109
gene-BTH_RS26465	40.7138037225853	0.408197497034695	0.419985646386609	0.971932018502693	0.331084369672137	0.512715204013455
gene-BTH_RS14200	12.2231473531462	-0.540169303361243	0.558047000061059	-0.967963815417232	0.3330624414025	0.515590863285848
gene-BTH_RS16380	252.399625181293	0.267328936898158	0.276242817226795	0.967731720889166	0.333178371654372	0.515590863285848
gene-BTH_RS35610	26.6815576740047	-0.417279821451864	0.431530710667863	-0.966975955908345	0.333556053580989	0.51599176140729
gene-BTH_RS02610	98.0847312337082	-0.301685863694696	0.312226932290448	-0.966239079638571	0.333924562013106	0.516194685414716
gene-BTH_RS16510	445.975074388889	0.185613929540941	0.192065745789823	0.966408293043871	0.333839915951196	0.516194685414716
gene-BTH_RS03970	31.9284632075885	0.477611370674803	0.494440868763368	0.965962566705586	0.334062912585104	0.516225104705222
gene-BTH_RS12865	628.677012441094	0.149148014583579	0.154611102512051	0.96466561689484	0.334712322080793	0.516839625679011
gene-BTH_RS14300	722.292268123636	0.171794264634792	0.178089710951531	0.96465014018439	0.334720076497498	0.516839625679011
gene-BTH_RS29175	401.759210963856	0.166189068832839	0.172313672032023	0.964456661349279	0.334817026474357	0.516839625679011
rna-BTH_RS26965	274.365674694421	-0.218910810646079	0.22706623400582	-0.964083504553424	0.335004062069304	0.516944898900841
gene-BTH_RS05985	15.8658264677485	0.547771691999168	0.568736114370193	0.963138577204228	0.335477984457841	0.517492635599861
gene-BTH_RS06100	12.7411705441704	-0.579512018187895	0.603087210492008	-0.960909148968887	0.336597850229329	0.519036032788933
MSTRG.132.1	12.4608693970964	-0.586311553115596	0.610455795026896	-0.960448828386933	0.336829373352135	0.519089771123509
gene-BTH_RS20235	317.998886957752	0.175694151146056	0.182945113470239	0.960365367586805	0.336871361811877	0.519089771123509
gene-BTH_RS14830	73.4600129830855	-0.280914612162123	0.292596372336011	-0.960075512622992	0.337017211662683	0.519130619947829
gene-BTH_RS16345	669.365558994782	-0.161274753501368	0.168410236403603	-0.957630349231653	0.338249189780103	0.520843885148123
gene-BTH_RS35545	10.4140332312619	-0.577845781395607	0.603590228243839	-0.957347807098971	0.338391732773375	0.52087899418407
gene-BTH_RS08335	15.7238474888358	0.49342754078965	0.5159246246535	0.956394630554881	0.338872896459895	0.521435125433513
gene-BTH_RS22625	1848.49684352985	0.206079698660402	0.215814116431349	0.954894434470213	0.339631084557414	0.522416979428836
gene-BTH_RS01780	14.1167024339122	0.528078976351797	0.553294335477224	0.954426861963662	0.339867614451228	0.522596013737307
gene-BTH_RS10240	599.067539335759	-0.185453899674371	0.194380471718923	-0.95407680634987	0.340044765438399	0.52268365005549
gene-BTH_RS04900	126.293194693904	-0.286008427811004	0.300722490809911	-0.951070959277842	0.341568355644054	0.524825043058689
gene-BTH_RS23100	1415.7652100817	0.170552891074632	0.179368378350381	0.950852612055573	0.341679200446485	0.524825043058689
gene-BTH_RS06415	178.312929808971	-0.250478364283311	0.263535375398714	-0.950454427244736	0.341881399744704	0.5249502608152
gene-BTH_RS14680	576.42884686178	0.209537508321521	0.220636666700368	0.949694860129844	0.342267322184484	0.525192473676595
gene-BTH_RS21910	823.548475280707	0.185064678226366	0.194872881185248	0.949668712756609	0.342280612154747	0.525192473676595
gene-BTH_RS07525	344.195128938172	0.194378796656028	0.204800614849296	0.949112368627718	0.34256346435096	0.525441138902213
gene-BTH_RS03340	148.17460080815	-0.32999589688732	0.348752681683476	-0.946217518082974	0.344037652858062	0.52751631650778
gene-BTH_RS00565	11.7944455509524	-0.547051767241506	0.578445817523657	-0.945726895534399	0.344287900758991	0.527714012791265
gene-BTH_RS22575	7140.89076942767	0.21714368345985	0.229769512906347	0.945050023013093	0.344633338328787	0.528057422236782
gene-BTH_RS23590	3780.93853741403	0.19477030421426	0.206268482212809	0.944256253426606	0.345038715165107	0.528492398228245
gene-BTH_RS20000	4252.33605004824	0.222920651762368	0.23631318574148	0.94332718279308	0.345513576107134	0.529033458664566
gene-BTH_RS17850	861.571908930837	-0.196493504134377	0.208451353456708	-0.942634820431547	0.3458677229094	0.529203163790324
gene-BTH_RS19260	1560.57007024098	0.203940146033868	0.216305998743271	0.942831670035743	0.345767009830812	0.529203163790324
gene-BTH_RS04015	1032.44279030407	0.204507933780293	0.217177483765859	0.941662690966502	0.346365362197792	0.529778243867931
gene-BTH_RS15050	8257.14973342586	0.197897186087912	0.210422358219736	0.940476039534049	0.346973434360029	0.530521771341345
gene-BTH_RS21665	1048.53036575486	0.195620527738171	0.208325014716104	0.939016027454761	0.347722515509494	0.531480303045081
gene-BTH_RS27175	1366.39216148654	0.186394232404269	0.198591696625147	0.938580190268976	0.347946327517234	0.531635589989451
gene-BTH_RS10065	70.8822013290844	-0.282036670241056	0.300610967458191	-0.938211511794829	0.348135723539825	0.531738201333651
gene-BTH_RS17880	35.4054047413913	0.400422092581442	0.427413474197829	0.936849483589527	0.348835987336316	0.532060499618855
gene-BTH_RS20175	527.992775500619	0.155748400237977	0.166195656297599	0.937138814019814	0.348687158183621	0.532060499618855
gene-BTH_RS22800	103.622419518402	-0.333787623735138	0.356280921274843	-0.936866398966243	0.348827285097572	0.532060499618855
MSTRG.3779.1	14.4211199349412	0.485532270480301	0.517987727992438	0.937343192206649	0.348582052071363	0.532060499618855
gene-BTH_RS12075	488.693332721757	0.2126593822188	0.227136935912808	0.936260680651404	0.349138987241346	0.532335995268088
MSTRG.2030.1	40.6481487571991	0.337823403702755	0.36117299599109	0.935350669769033	0.349607610458335	0.532863737033553
gene-BTH_RS27810	13175.8587790224	0.219195375469326	0.234407852322077	0.93510252876747	0.349735463486959	0.532871897081706
gene-BTH_RS14960	115.693687321459	0.242730769902964	0.259995202022749	0.933597112617969	0.350511755295869	0.533867694515766
gene-BTH_RS15040	1150.14558149959	0.202322155967935	0.217022891432337	0.932261821011699	0.35120123338674	0.53473061436203
gene-BTH_RS09180	894.743028048573	0.163127695686537	0.175144615466427	0.931388585667402	0.351652593112193	0.534856216796517
gene-BTH_RS09330	52.8837130557128	-0.37129144192424	0.398510849175722	-0.931697198940047	0.351493034470375	0.534856216796517
gene-BTH_RS16085	807.132043583037	0.141076024283303	0.151440902219608	0.931558266066885	0.351564859600808	0.534856216796517
gene-BTH_RS22295	30.8077258243026	0.43874571315135	0.471586117009373	0.930361809490312	0.35218378513055	0.535476919020584
gene-BTH_RS02305	3.09209289778541	0.56278023479847	0.605533795922621	0.929395251904959	0.3526842875733	0.536050541909103
gene-BTH_RS34990	23.3290574611385	-0.430922659775622	0.464540167049919	-0.927632722294422	0.3535981178417	0.537223724788981
gene-BTH_RS07455	205.11646909379	-0.198867017047556	0.214427990156336	-0.927430308433916	0.353703160412791	0.537223724788981
gene-BTH_RS12235	447.071743867404	0.205913478513727	0.222236791465254	0.926549907223266	0.354160273601337	0.53773025834758
gene-BTH_RS17675	1667.02762307775	0.230395349108115	0.248812572727436	0.925979529822651	0.354456618427372	0.537992425038056
gene-BTH_RS16840	901.461223692088	0.133652467383558	0.144470005427192	0.925122602358554	0.354902137265193	0.538411542661511
gene-BTH_RS22345	4191.0256138129	0.2182363716553	0.235938269939885	0.924972331580225	0.354980299851314	0.538411542661511
gene-BTH_RS10940	53.4018391732387	0.314333326615819	0.340022212850459	0.924449388117071	0.355252390945608	0.53863642405486
gene-BTH_RS00215	678.268739556846	0.145068256590145	0.157192688014713	0.922868985970692	0.356075484691593	0.539508310138777
gene-BTH_RS20510	567.209778894585	0.215398360068839	0.233368673226302	0.922996034947517	0.356009271540896	0.539508310138777
gene-BTH_RS16485	130.368794579394	0.301033448984721	0.326397444351516	0.922291072415754	0.356376769489153	0.539608322601771
gene-BTH_RS18235	129.166078866802	0.236498397244099	0.256431736197847	0.922266489907595	0.356389588697675	0.539608322601771
gene-BTH_RS13135	76.632381325222	0.28113487868422	0.305400716449584	0.920544267061763	0.357288411383941	0.540592900702659
MSTRG.1954.1	16.4430486084884	-0.508608755556896	0.552369039813383	-0.920777087232709	0.357166819896456	0.540592900702659
gene-BTH_RS16430	2761.71546874325	0.183388893322128	0.199291182256156	0.920205757455001	0.357465246197019	0.540672399498273
gene-BTH_RS02435	50.2933941896282	0.313743184470543	0.341272071145067	0.919334487049713	0.357920644526827	0.541032727782047
gene-BTH_RS03950	32.4333210796126	0.396853635555135	0.43184611192466	0.918970032603582	0.358111246963514	0.541032727782047
gene-BTH_RS16040	195.360018589671	0.204044377649738	0.222059046246351	0.918874421460731	0.358161260264407	0.541032727782047
MSTRG.3737.1	10.7242259624055	0.523614403233063	0.569890356294109	0.918798497728634	0.358200978393631	0.541032727782047
gene-BTH_RS10665	81.6574184855959	-0.364542809818937	0.396982517932066	-0.918284290496942	0.358470049547725	0.541251202892261
gene-BTH_RS02045	85.0041427525807	-0.377136272011846	0.411249909835354	-0.917048886801785	0.359117023301519	0.541288652585449
gene-BTH_RS06545	17.8923923856479	0.453695578414054	0.494717066912113	0.917080911006156	0.359100243151582	0.541288652585449
gene-BTH_RS23635	720.635972120315	-0.150574026363251	0.164082134608498	-0.917674716522447	0.358789188237086	0.541288652585449
gene-BTH_RS26300	330.971582402638	-0.173424979409651	0.18895364797763	-0.917817577304365	0.358714378335141	0.541288652585449
MSTRG.4065.2	22.5218139187903	0.436833867906796	0.476337205271685	0.917068545291653	0.359106722521706	0.541288652585449
gene-BTH_RS08850	36.7564777097786	-0.399927596865259	0.436461002068042	-0.916296289863974	0.359511513437381	0.541695560600141
gene-BTH_RS19440	595.579440799433	0.147292592667464	0.161154040443121	0.913986346618781	0.3607240199925	0.543334309891751
gene-BTH_RS12240	825.057596012956	0.209108210334399	0.229126434206269	0.912632412138664	0.361435901649763	0.543963969702731
gene-BTH_RS18255	64.314709084683	0.324558873870991	0.355569192633932	0.912786823478075	0.361354669646316	0.543963969702731
gene-BTH_RS22180	177.900568138066	-0.212046728322558	0.232385607158153	-0.912477889296502	0.361517203772551	0.543963969702731
gene-BTH_RS05600	110.099588328231	0.269102161619918	0.295097053832407	0.911910702343875	0.361815727195999	0.544120275219617
gene-BTH_RS29150	405.292359451447	-0.152125228872443	0.16683960905133	-0.911805234604933	0.36187125430123	0.544120275219617
gene-BTH_RS29025	82.4479590239571	-0.36718890498085	0.4028520165284	-0.911473419309457	0.362045984662079	0.544194897470644
gene-BTH_RS14310	4392.21752424429	0.191638746414932	0.210307075504969	0.911232995631687	0.36217262220377	0.544197204347634
gene-BTH_RS08150	117.221012014473	-0.238768855254003	0.262354151618435	-0.910101303070917	0.362769087429254	0.544905224557063
gene-BTH_RS23900	78.6705263694924	-0.255528386473463	0.280987795675914	-0.909393185062686	0.363142617823394	0.545278007432435
gene-BTH_RS26415	2072.24087642794	0.207126163506706	0.227873733021512	0.908951465183364	0.363375745765716	0.545439784016861
gene-BTH_RS21650	1637.4342917101	0.15035791768757	0.165472926496309	0.908655698978789	0.363531895590892	0.545485941987024
gene-BTH_RS29960	229.134553857488	0.199006856454785	0.219455108247931	0.906822621007101	0.364500605519797	0.546116647423444
gene-BTH_RS10515	36.5518171936267	-0.451562727660453	0.49804385030245	-0.906672630103213	0.364579941176479	0.546116647423444
gene-BTH_RS15005	209.801045525552	0.200523665016359	0.22110873821301	0.90690067989615	0.364459321596804	0.546116647423444
gene-BTH_RS18830	795.262751791063	0.177686175965757	0.195822255879123	0.907384991394641	0.364203243394619	0.546116647423444
gene-BTH_RS26485	2.9702821549631	0.549905613217222	0.606287395010815	0.90700485898674	0.364404227728477	0.546116647423444
gene-BTH_RS20435	643.525247160836	-0.194675893980794	0.215258432095537	-0.904382198112415	0.365792774365562	0.547744774006951
gene-BTH_RS23800	4916.11205270856	0.189368405901935	0.209471540245719	0.904029280921878	0.36597987527209	0.547836358373568
gene-BTH_RS31910	113.234152409619	-0.291001012660882	0.32210348437751	-0.903439505546686	0.366292681044449	0.54811598298705
gene-BTH_RS13070	668.154705503521	0.180587956170159	0.200176033789392	0.902145740184651	0.366979453831542	0.548205615695448
gene-BTH_RS15520	139.699705594911	-0.248662207212619	0.275636054876199	-0.902139625109295	0.366982701817275	0.548205615695448
gene-BTH_RS16810	185.547112304375	0.21240397073975	0.235371777369573	0.902419028795622	0.366834316513407	0.548205615695448
gene-BTH_RS26710	31.1313768093372	-0.404528427381805	0.448172087500182	-0.902618522358648	0.366728392652023	0.548205615695448
gene-BTH_RS27305	17049.0157983875	0.164429250971983	0.182222682022399	0.902353368675427	0.366869183832127	0.548205615695448
gene-BTH_RS14710	1220.29841418948	0.175332514613852	0.195103281487734	0.898665123809692	0.368831059104905	0.550662758286986
gene-BTH_RS28015	598.599900367189	-0.202664834074122	0.225541042710976	-0.898571859197401	0.368880753482362	0.550662758286986
gene-BTH_RS14590	465.940959406307	0.227021665879346	0.252952493461988	0.897487361252128	0.369458914543929	0.551336630623016
gene-BTH_RS24895	570.00710899704	0.18797326968461	0.209600430273255	0.896817193741206	0.369816471703631	0.551680950586693
gene-BTH_RS20180	268.145396294739	-0.201068491789297	0.224715199000649	-0.894770325654368	0.370909876227961	0.553122372845948
gene-BTH_RS01885	792.050041162129	0.133273368683051	0.149018777745519	0.894339429562648	0.371140309517868	0.553244662116076
gene-BTH_RS22215	4708.10238281157	0.129091269602101	0.1443745596382	0.894141391153685	0.371246245682029	0.553244662116076
gene-BTH_RS23680	723.855327021669	0.170908217940734	0.191330740957807	0.893260628611806	0.37171761690862	0.553757408750855
gene-BTH_RS19150	127.160075585634	-0.338822731736151	0.379734645314158	-0.892261835777032	0.372252605121476	0.554364543744752
gene-BTH_RS10785	266.562264653309	-0.177211702042916	0.19916695676631	-0.889764571995971	0.373592313515608	0.555104537494802
gene-BTH_RS35130	175.861704619077	0.196849047781713	0.221260593611539	0.889670612234347	0.373642778341329	0.555104537494802
gene-BTH_RS12600	1215.77719704635	-0.160809614445502	0.180642172640608	-0.890210807890561	0.37335270238375	0.555104537494802
gene-BTH_RS21490	57.5214413168473	0.283934386639436	0.319014755991575	0.890035276759846	0.373446944346046	0.555104537494802
gene-BTH_RS35290	105.354751145187	0.236416990378446	0.265449742383035	0.890628064868507	0.373128737886344	0.555104537494802
gene-BTH_RS25145	44.4525209040151	0.350414243006923	0.393756498559745	0.889926247029936	0.373505489385634	0.555104537494802
gene-BTH_RS28775	83.087931998887	0.25269783280336	0.283674345203854	0.890802559610269	0.373035101750903	0.555104537494802
gene-BTH_RS15070	1994.13730218173	0.133660813016591	0.150574365776373	0.887673093141884	0.374716623419651	0.556319901663987
gene-BTH_RS18400	1793.5297558811	0.161518368477139	0.181952370941793	0.887695871403669	0.37470436732387	0.556319901663987
gene-BTH_RS17315	17.318628744524	0.446047181590871	0.502776121066992	0.887168588365473	0.374988141322622	0.55653306542252
gene-BTH_RS26385	5345.47639823057	-0.176078253478209	0.198643686567388	-0.886402465242591	0.375400691255774	0.556955322974972
gene-BTH_RS08770	195.489255660566	0.204402229765609	0.231005403888386	0.88483743810759	0.376244314260065	0.557826437297642
gene-BTH_RS12395	748.510835091186	0.17432177043331	0.196994696746259	0.884905905146504	0.376207382859411	0.557826437297642
gene-BTH_RS04380	35.1251685441474	-0.348369932710876	0.393918027926472	-0.8843716408326	0.376495626602333	0.558000330578623
gene-BTH_RS20700	284.502647657092	-0.244519930355955	0.276561014390537	-0.884144610529464	0.376618154156054	0.558000330578623
gene-BTH_RS14650	1192.39331874955	0.187929963410357	0.212738824031255	0.883383483321061	0.37702911161387	0.558419011072637
gene-BTH_RS12215	623.69500961369	0.142819298094618	0.161751555059403	0.882954714359117	0.377260739707498	0.558446694795131
gene-BTH_RS29165	287.587584310139	0.189237574641663	0.214342767882234	0.882873616457332	0.377304560000664	0.558446694795131
gene-BTH_RS17870	1367.75636841343	0.118497366544055	0.134546874501563	0.880714375440048	0.378472434065696	0.559984723872713
gene-BTH_RS15055	576.499739809396	-0.147826266769392	0.167980539975924	-0.880020190377878	0.378848371958704	0.560350363148712
gene-BTH_RS24675	261.312005648519	0.230237766407545	0.261775040872158	0.879525281098077	0.379116531762176	0.560556394685746
gene-BTH_RS07925	21.7842139901093	-0.448081594713823	0.509826205877092	-0.878890864275904	0.379460452567107	0.560683752943925
gene-BTH_RS27740	6358.24372529645	0.178018521931291	0.202500295744972	0.879102528104388	0.3793456871318	0.560683752943925
gene-BTH_RS21710	357.280163667065	-0.156011151725479	0.177906790908651	-0.876926344006654	0.3805266461744	0.562068221004631
gene-BTH_RS03955	13.1805225956285	0.480057093154196	0.548612596573829	0.875038408071976	0.381553007840268	0.562999116009185
gene-BTH_RS08160	2496.89412186434	0.134829669323193	0.154002351707064	0.875503963599591	0.381299754534498	0.562999116009185
MSTRG.1313.1	300.573469247017	0.220769108117424	0.252295193910003	0.875042860293942	0.38155058542792	0.562999116009185
gene-BTH_RS19960	183.612745048712	0.197564088103228	0.225835276782125	0.874815001970787	0.381674573128985	0.562999116009185
gene-BTH_RS21070	748.972516983942	0.135526633857536	0.154986202688985	0.874443218210207	0.381876930035524	0.563106659543909
gene-BTH_RS23365	39.179222898751	0.407519493894365	0.466240404077609	0.874054437003558	0.382088608802244	0.563227871328283
gene-BTH_RS34900	50.5120565858439	-0.375174104099953	0.431107536276641	-0.870256426830832	0.38416028543225	0.565542988375725
gene-BTH_RS20160	5602.47915905564	0.160630450034345	0.184582474538423	0.870236735291511	0.384171044330526	0.565542988375725
gene-BTH_RS23415	19.6914962984765	-0.445851020514988	0.512224136245004	-0.870421733312722	0.384069973932133	0.565542988375725
gene-BTH_RS27645	196.5061481517	-0.212309610387727	0.243971834990117	-0.870221804071472	0.384179202448337	0.565542988375725
gene-BTH_RS24660	446.225708302646	0.229594635424475	0.263917991046198	0.869946889616501	0.384329429110962	0.565572739050299
gene-BTH_RS08230	130.816881521647	-0.210585265948316	0.242277929820638	-0.869188811808883	0.384743865934533	0.565908628858076
gene-BTH_RS14185	255.502601565683	-0.1614711826125	0.18580119888066	-0.86905350226622	0.384817867623492	0.565908628858076
gene-BTH_RS17930	2518.21290512551	-0.117845057659123	0.135819445206645	-0.867659689522549	0.385580659550806	0.566838752634676
gene-BTH_RS23015	5732.08360241252	0.182181627268836	0.210065128407146	0.867262589703771	0.385798149342162	0.566966874877839
gene-BTH_RS08125	30.1921839401151	-0.36910576916795	0.425838185306234	-0.86677470904239	0.386065461954252	0.567168105201282
gene-BTH_RS09795	161.062124223688	0.190317908350004	0.220007640712979	0.865051357913026	0.3870106008827	0.568364656934417
gene-BTH_RS15115	986.721196790295	0.159547751192908	0.18453909507552	0.864574257978318	0.387272506454086	0.568557341571136
gene-BTH_RS18770	148.987727567646	0.203621622895374	0.236021347005018	0.862725450384979	0.38828843596019	0.56985651026546
gene-BTH_RS23435	8149.89791445216	0.159989992539383	0.185508922535704	0.862438260933731	0.388446393620513	0.569896058094176
gene-BTH_RS27095	103.925422834066	0.221533450508426	0.257130809081265	0.861559341332805	0.388930053097659	0.570413260611873
gene-BTH_RS35710	42.6049168358529	0.351434827151452	0.4081122848865	0.861122882515506	0.38917036758105	0.570573339729547
gene-BTH_RS00180	4674.45150771375	0.166055257636581	0.192992279218672	0.860424356398371	0.389555164456346	0.570945069199833
gene-BTH_RS17290	67.3168371183438	-0.298408615125602	0.347769792992595	-0.858063641921757	0.390857322314277	0.572660610329102
gene-BTH_RS04255	215.957682734935	-0.247492437392441	0.288642527664038	-0.857435802670446	0.391204079753956	0.572782816199834
gene-BTH_RS26270	97.0221907668821	0.235754179178745	0.274926263310356	0.857517853478441	0.391158752247397	0.572782816199834
gene-BTH_RS16425	562.916878838508	0.143386568387176	0.167302622037	0.857049140302568	0.391417727411076	0.57290279752294
gene-BTH_RS29170	1997.59212048455	0.175732604585688	0.205451253433581	0.855349391394683	0.392357751819837	0.5740855097263
gene-BTH_RS14045	344.327186040839	0.19521391273852	0.228380019927314	0.85477666917032	0.392674796615692	0.574356208903248
gene-BTH_RS19345	7175.23450456179	-0.137669278582685	0.161568044452888	-0.852082347402731	0.394168388846885	0.576347055960992
gene-BTH_RS14230	184.639409701315	0.182006076164595	0.213708362598005	0.851656313080066	0.394404874579769	0.57649906062567
gene-BTH_RS18365	167.23037269406	0.220800159337101	0.259384366488042	0.85124698271775	0.394632169015999	0.576637532824855
gene-BTH_RS20725	717.120511424479	0.137159581445892	0.161284288301445	0.850421221374875	0.395090941819271	0.577114035229626
gene-BTH_RS14980	273.953675377914	-0.153056827897908	0.180119252270095	-0.849752738637812	0.395462570534388	0.57746296805122
gene-BTH_RS07025	742.141572835875	0.174424677930699	0.205385691476523	0.84925428191592	0.395739814346299	0.577673890069261
gene-BTH_RS10880	86.5880856371926	-0.252031706141134	0.296997775411015	-0.848597959336051	0.396105042876898	0.578013061561391
gene-BTH_RS19465	117.833157611218	-0.256818770083152	0.30294144282652	-0.847750534515741	0.39657691639998	0.578507574225323
gene-BTH_RS11630	65.194583458689	-0.399644314929014	0.471920879035047	-0.846846013141398	0.397080957287591	0.579048663828703
gene-BTH_RS17230	5430.14478257217	0.145446629505417	0.171940707781964	0.845911543471461	0.397602092373069	0.579559546435957
gene-BTH_RS23310	4339.97269603392	0.206400207922387	0.24404685588333	0.845740082064652	0.397697757726743	0.579559546435957
gene-BTH_RS22690	185.294290647736	0.22566197412852	0.266984681748764	0.845224425050988	0.397985547530592	0.579784705880133
gene-BTH_RS08380	163.352769964257	-0.229572088529719	0.271886413697332	-0.844367636498682	0.398464001318794	0.580287380561351
gene-BTH_RS21005	3760.41171219941	0.142541408699854	0.168896379933948	0.843957749453242	0.398693015732164	0.58042657912815
gene-BTH_RS13010	212.835843485824	0.166991743447088	0.198039811025318	0.843223100358038	0.399103681309197	0.58083004807461
rna-BTH_RS17620	259.682799329466	-0.243810371485457	0.289533755194428	-0.842079264028244	0.39974358726242	0.58156675738847
gene-BTH_RS15045	679.671174893245	-0.131543874334297	0.156327461980095	-0.841463634527928	0.40008824931472	0.581873582253103
MSTRG.992.1	4.09884026682827	0.521408049004973	0.621016526633203	0.839604143599445	0.40113037520458	0.582268452298863
gene-BTH_RS17250	4.17382951774329	0.523005365181094	0.622355458984135	0.840364389242749	0.400704109252437	0.582268452298863
MSTRG.3313.1	115.638843702653	0.262964100763621	0.31309715587768	0.839880196376983	0.400975562309259	0.582268452298863
gene-BTH_RS22615	2084.66539072681	0.166434650725224	0.198063943206011	0.840307670498669	0.400735901773178	0.582268452298863
gene-BTH_RS24870	597.499723640867	0.14285487763758	0.170157259694525	0.839546181538421	0.401162885411423	0.582268452298863
gene-BTH_RS26690	162.129826488584	-0.188464589167716	0.224426606027217	-0.839760456676249	0.401042709009588	0.582268452298863
gene-BTH_RS16285	99.8539729455399	-0.217674711144222	0.259471101609833	-0.838916973002794	0.401515902533162	0.582586449639511
gene-BTH_RS04210	26.6928694658883	-0.391131958735001	0.46699221125269	-0.837555636497241	0.402280317501461	0.583500960697351
gene-BTH_RS21595	1884.35617392422	0.156968726442648	0.187471746806992	0.837292707387272	0.402428057428259	0.583520683270975
gene-BTH_RS20280	106.262787027245	0.259135047283561	0.309716734674801	0.836684035028493	0.402770195372057	0.583822175897517
gene-BTH_RS21035	490.089189613731	0.164463568409823	0.196627461645736	0.836422171314696	0.402917443968598	0.583841066376883
gene-BTH_RS00305	106.812405551124	-0.319918978943182	0.383171842170964	-0.834922986852568	0.403761071291648	0.584868684688202
gene-BTH_RS09460	49.1387531510718	-0.314033230269504	0.376326584691495	-0.834469960518316	0.404016208073297	0.585043443781239
gene-BTH_RS25170	56.7776360242347	0.298240682074481	0.357915273558635	0.833271738054571	0.40469149169969	0.585826285821515
gene-BTH_RS19690	796.159672901325	0.125052288591555	0.150173054496102	0.832721216273861	0.405001976081105	0.586080703909783
gene-BTH_RS19225	1261.4864514296	0.174680733217298	0.210021786131035	0.831726729094251	0.40556320982316	0.586697692960009
gene-BTH_RS19645	763.723892917682	0.121829228761034	0.146696752626253	0.830483474105419	0.40626548758142	0.587204955935583
gene-BTH_RS20005	1545.8511704607	0.159575411913635	0.192169446463332	0.830389090724074	0.406318831578415	0.587204955935583
gene-BTH_RS27735	1291.5590506176	0.159945526835241	0.192591587556687	0.830490723215846	0.406261390671553	0.587204955935583
gene-BTH_RS26160	68.2709908665059	0.310454007300305	0.373977780495651	0.830140247607345	0.406459493821938	0.587213151154244
gene-BTH_RS04915	142.796463763505	0.219547824322247	0.264801393157909	0.829103735837689	0.40704570998226	0.5873226086317
gene-BTH_RS07735	1410.6083396985	0.129190539206692	0.155880096527809	0.828781493496472	0.407228062111115	0.5873226086317
gene-BTH_RS13045	2930.44148452187	-0.167922643552175	0.202528465808147	-0.829131069956588	0.407030244253752	0.5873226086317
gene-BTH_RS13935	3334.48106124428	0.136266084087597	0.164505856671587	0.828335761684363	0.407480375367924	0.5873226086317
gene-BTH_RS33810	66.9328286729233	0.263995254558381	0.31831446214797	0.829353629668455	0.406904332330226	0.5873226086317
gene-BTH_RS23360	6702.36357637965	0.199450576207271	0.240620527289367	0.828900919028471	0.407160475304978	0.5873226086317
gene-BTH_RS23555	187.465246290488	0.17477821029659	0.210961350259146	0.828484507147358	0.407396165381759	0.5873226086317
gene-BTH_RS02060	77.6469294445586	-0.343720247326337	0.415173200421712	-0.827896037068874	0.407729379460033	0.587486850165997
gene-BTH_RS13630	78.8748868699428	0.267592482027479	0.323754168214977	0.826529843624421	0.408503596031363	0.588212725169291
gene-BTH_RS27745	7634.93681689887	0.178948821109399	0.216496285400697	0.826567628068981	0.408482171968154	0.588212725169291
gene-BTH_RS05555	27.8943662067207	-0.431041575455153	0.521779518740283	-0.826099070534244	0.408747894896399	0.588347641661674
gene-BTH_RS08250	268.574310240845	-0.204602986633537	0.247737054715829	-0.825887701249336	0.408867797872009	0.588347641661674
gene-BTH_RS24815	325.018543446823	0.16857985994658	0.204300765033738	0.825155304331537	0.409283424932465	0.588750958484201
gene-BTH_RS04860	166.315767388988	0.224860097853021	0.272599139841878	0.824874568509099	0.40944280598902	0.588785522661897
MSTRG.1664.2	45.891730990335	-0.353554129914796	0.429643292295522	-0.822901547062	0.41056398287723	0.590148420165607
gene-BTH_RS11945	59.2085322858486	0.286632108279003	0.348391723033088	0.822729385714426	0.410661900653171	0.590148420165607
gene-BTH_RS16700	335.490231035623	-0.184095038876796	0.223894072851723	-0.822241681220008	0.410939360741216	0.590200895961321
gene-BTH_RS21450	13.8134726171551	-0.438539423669417	0.533380805894326	-0.822188235540484	0.410969773302722	0.590200895961321
gene-BTH_RS28740	773.032470137225	-0.131745680549788	0.160317733801195	-0.821778585725028	0.411202923522875	0.590340830800167
gene-BTH_RS11020	178.172438646598	0.171372155778729	0.20862069914589	0.821453271321305	0.411388130573107	0.590411866708352
gene-BTH_RS04580	1247.69205431559	0.16972719695589	0.207173080563819	0.819253140871291	0.412642001545501	0.590659500817738
gene-BTH_RS07630	47.4264458134717	-0.363110118867384	0.443233496606806	-0.819229867884963	0.412655277090609	0.590659500817738
gene-BTH_RS10980	184.764669714397	0.235888526331371	0.287633465678772	0.820101116449398	0.412158465832398	0.590659500817738
gene-BTH_RS11990	234.868376387045	0.157973304505126	0.192693953139542	0.819814539747012	0.412321841040995	0.590659500817738
gene-BTH_RS14055	191.157661923751	0.218793443757792	0.267274948921613	0.818608121114858	0.413010032076321	0.590659500817738
gene-BTH_RS16145	840.652215879031	0.172716255277015	0.210650553377124	0.819918355342764	0.412262652121194	0.590659500817738
gene-BTH_RS20075	2124.65040417345	0.138299678408536	0.169010039108341	0.818292683311444	0.413190082985834	0.590659500817738
rna-BTH_RS20275	292.987858169058	-0.175726094646147	0.214695242289482	-0.818490865341154	0.413076955876375	0.590659500817738
gene-BTH_RS21885	11191.8506111313	0.176388822607627	0.215276740923312	0.819358477144829	0.412581918032324	0.590659500817738
gene-BTH_RS25070	105.589603755589	-0.223728237611847	0.272753478505865	-0.820258054406576	0.412069012960029	0.590659500817738
gene-BTH_RS25160	137.677868324573	0.234056769371746	0.285933195490328	0.818571516225589	0.413030923648232	0.590659500817738
rna-BTH_RS25355	95.1451089329391	0.267365271613244	0.326712447672575	0.818350428696223	0.413157118625376	0.590659500817738
gene-BTH_RS11830	39.7306854600884	-0.350753241181909	0.428900224176544	-0.8177968240873	0.413473211837026	0.590676016910037
gene-BTH_RS14490	81.5458420379053	0.245801215219072	0.300514094044078	0.817935731104242	0.413393886245891	0.590676016910037
gene-BTH_RS12540	308.481753074105	0.186634394211114	0.228376558080417	0.8172222043271	0.413801455522259	0.590782251122387
rna-BTH_RS17815	6463.30238680811	0.188531781704045	0.230707077432507	0.817191149063035	0.413819199809176	0.590782251122387
gene-BTH_RS05940	51.0334621294744	0.280568428629117	0.343575564748907	0.816613453969474	0.414149364029264	0.591036309533695
gene-BTH_RS20095	206.418886181645	-0.158958201956596	0.194718145404982	-0.816350225737767	0.41429985586062	0.591036309533695
gene-BTH_RS21370	214.704825394711	-0.312221837942797	0.382546625942514	-0.816166753983383	0.41440476875351	0.591036309533695
gene-BTH_RS21955	4673.89936406625	0.152312590318322	0.186824026069377	0.815273032718825	0.414916041452802	0.591571543860927
gene-BTH_RS03195	502.938046773666	0.168188298232284	0.206516841047313	0.814404759337529	0.415413113034875	0.592086186665042
gene-BTH_RS22510	978.588093809	0.157810986967469	0.194107604706076	0.813007750038598	0.416213614770821	0.593032828120889
gene-BTH_RS10550	81.3664316584247	0.245349717236497	0.302220317180421	0.811824034616531	0.416892608756582	0.593490762072804
gene-BTH_RS14460	32.9387329973941	0.357162604422852	0.439999594281803	0.811733940359279	0.416944314688388	0.593490762072804
gene-BTH_RS16505	99.9596204467916	0.21384893446733	0.263439229138604	0.811758124128193	0.416930435027279	0.593490762072804
gene-BTH_RS03125	1924.38447292651	0.173471077702411	0.213784770240141	0.811428604140295	0.417119578107122	0.593546013989526
gene-BTH_RS00245	242.491061253659	-0.161439250525233	0.199131964686314	-0.81071489843202	0.417529415570911	0.593934910965814
gene-BTH_RS14430	48.3868972772018	0.3268907322025	0.403622484189334	0.809892275597709	0.41800209172967	0.594412912397537
gene-BTH_RS30120	56.2761667712765	-0.362707023674083	0.44813727821643	-0.809365882520738	0.418304720613452	0.594648867538731
gene-BTH_RS20260	250.239275780446	0.164426874741114	0.203222793025105	0.809096619003763	0.418459572881771	0.59467466254025
gene-BTH_RS17720	136.079736342837	-0.188528581174522	0.233493364177902	-0.807425863421454	0.419421171125709	0.595846536380416
rna-BTH_RS10460	4762.40404724824	0.221425442157201	0.274549729730022	0.806503952398494	0.419952329996517	0.596017173078254
gene-BTH_RS13620	398.58031596531	0.184935471036388	0.229230319244939	0.806767061379779	0.419800699510253	0.596017173078254
gene-BTH_RS21720	1035.38705403822	0.159960864028258	0.198312828948426	0.806608754846908	0.4198919281784	0.596017173078254
gene-BTH_RS28480	323.118318511485	-0.1509331013658	0.187448716316333	-0.805196772385944	0.420706138719532	0.596892271177418
gene-BTH_RS05615	35.787933134374	-0.425852570305391	0.529264976241516	-0.804611280590508	0.421044030465647	0.597176893552516
gene-BTH_RS10355	395.007080270039	-0.173404514229643	0.215667412722198	-0.80403669725016	0.421375781654097	0.597222378140709
rna-BTH_RS10475	10.9295535458902	0.496099212880865	0.617159768507962	0.803842437883189	0.421487977216546	0.597222378140709
gene-BTH_RS27425	2197.73601636379	0.148775160961349	0.185057069778819	0.803942054951835	0.421430440643584	0.597222378140709
gene-BTH_RS18550	341.81797814999	-0.140777888835666	0.175358226097181	-0.802801738868231	0.422089336965039	0.597490600650153
gene-BTH_RS18865	2504.67463486247	0.171881311191841	0.213996531549449	0.803196715139861	0.421861043835967	0.597490600650153
gene-BTH_RS28295	2119.23871483423	0.131348766254494	0.163599026848474	0.802870095163526	0.422049822391462	0.597490600650153
gene-BTH_RS19210	590.610372686562	0.1379260340049	0.171998404406953	0.801902985556559	0.422609078984773	0.597642878278207
gene-BTH_RS22245	175.21900220459	-0.200336344378574	0.249796723466623	-0.801997486589698	0.422554412144013	0.597642878278207
gene-BTH_RS23905	184.709218706451	-0.190253798643692	0.237175953821613	-0.802163101183468	0.422458617611379	0.597642878278207
gene-BTH_RS14355	75.9191564021966	-0.277494494967708	0.346391115906134	-0.801101651356741	0.423072800292943	0.597673089873656
gene-BTH_RS14925	169.242000823499	-0.311212561544756	0.388382218881	-0.801304865195467	0.422955174994687	0.597673089873656
gene-BTH_RS15915	398.708454203942	0.15222390918873	0.190078096560014	0.800849292704633	0.42321889850653	0.597673089873656
gene-BTH_RS25120	468.203853761416	0.128494625760009	0.160430336450059	0.800937208032397	0.423167998257566	0.597673089873656
gene-BTH_RS28195	3216.48694047842	0.196441849243945	0.245344033474267	0.800679138033935	0.423317422965686	0.597673089873656
gene-BTH_RS18995	446.802473083786	0.150251687322082	0.187796872460105	0.800075556923883	0.423667022084649	0.597972597685991
gene-BTH_RS22805	164.280784615111	-0.254821005597271	0.318792663719889	-0.799331460843063	0.424098241030168	0.598387073785673
gene-BTH_RS20475	21.6465223664551	0.366113341134061	0.458186094423118	0.799049437750874	0.42426174624974	0.598423669321131
gene-BTH_RS06670	2188.91054833056	-0.133678974352247	0.167602404523986	-0.797595802589551	0.42510508761616	0.598941886327411
gene-BTH_RS10390	272.055671728103	0.201061222972463	0.252009673385424	0.797831370008402	0.424968354315811	0.598941886327411
gene-BTH_RS14495	2328.74624297276	-0.168290748944854	0.211031630731321	-0.797466940674486	0.425179895397481	0.598941886327411
MSTRG.3455.1	131.842103745991	0.205118899659544	0.257141382553036	0.797689184148484	0.425050881933043	0.598941886327411
gene-BTH_RS03975	20.8669755582505	-0.415355230870961	0.521714050077809	-0.796135796628468	0.425953109855658	0.599807573694899
gene-BTH_RS04095	228.182998324585	0.196059078006176	0.246398919238022	0.79569780018711	0.426207705774172	0.599807573694899
gene-BTH_RS17605	1259.01358083039	0.124053345974899	0.155905232037236	0.795697131865791	0.426208094319755	0.599807573694899
gene-BTH_RS02615	8.2429588033786	0.466881024696189	0.58706916396998	0.795274310677409	0.426453953576566	0.599959475439217
gene-BTH_RS30560	45.5632331392239	-0.346867195298938	0.43642726297881	-0.794788100384506	0.426736774117806	0.600163261368398
gene-BTH_RS24845	403.549144645335	-0.177647094049158	0.224793767689893	-0.790266989493346	0.429371860889532	0.603674077204094
gene-BTH_RS07425	174.966544443569	0.174516008293224	0.220953124298905	0.789832725140101	0.429625464564437	0.603788440339704
gene-BTH_RS16245	1039.24495022018	0.186667326093233	0.236391772033921	0.789652382936778	0.4297308071935	0.603788440339704
gene-BTH_RS33615	698.740043691667	0.18758766159581	0.237850805639337	0.788677848248522	0.430300318113182	0.604393407746962
gene-BTH_RS06375	263.780810784692	0.193281586938905	0.246030886863685	0.785598870949867	0.432102526139568	0.60613555324656
gene-BTH_RS08045	435.487239151264	0.128371438610987	0.163282199296492	0.786193713485492	0.43175400848935	0.60613555324656
MSTRG.1292.1	5.56467699208398	0.485850814396741	0.61862757794208	0.785368825639761	0.43223735314272	0.60613555324656
gene-BTH_RS11810	147.653026466825	-0.193077291798833	0.245707260541563	-0.785802142652484	0.431983411126328	0.60613555324656
gene-BTH_RS29155	480.905891233424	-0.16802248041084	0.213819535327894	-0.785814449335398	0.431976200154368	0.60613555324656
gene-BTH_RS23005	121.927578610055	0.193908730754845	0.247288132323684	0.784140868115058	0.432957457439008	0.606949706690197
gene-BTH_RS11030	305.555797318454	0.179715266130529	0.229313382852189	0.78371032643293	0.433210101876571	0.607108229111819
gene-BTH_RS13185	194.305741337504	-0.232434940681341	0.297273500795204	-0.781889203240719	0.434279690710477	0.608164475115664
gene-BTH_RS22480	318.279215243824	0.135750155895964	0.173632558621727	0.781824313213671	0.434317830290839	0.608164475115664
gene-BTH_RS35340	13.7442282113307	-0.41874981364237	0.535682252751771	-0.781713061224775	0.434383223950429	0.608164475115664
gene-BTH_RS23125	490.420727488437	0.126621427794999	0.1621255446515	0.781008496021894	0.434797497782445	0.608548621413653
gene-BTH_RS02705	85.870924694137	0.214492811284862	0.274990982100107	0.779999437242559	0.43539120641623	0.609183579257189
gene-BTH_RS12960	1786.8949528366	0.122325914608588	0.156889561590315	0.779694412863598	0.435570768269855	0.609238855940151
gene-BTH_RS23940	333.483269520957	0.158531388545552	0.203464366617749	0.779160455370479	0.435885201363612	0.609286833525614
gene-BTH_RS26680	198.683311715423	0.187222027346416	0.240270792386419	0.779212593785902	0.435854492699159	0.609286833525614
gene-BTH_RS20945	1280.97727618375	0.162882824377983	0.209207820597537	0.778569481354757	0.436233362487384	0.609381864746346
gene-BTH_RS22235	525.386124914309	0.135209368587194	0.173642237140557	0.778666359140183	0.436176277797398	0.609381864746346
gene-BTH_RS27285	1462.89767286447	0.153447249811464	0.197175174777784	0.778228040037996	0.436434589191714	0.609467243333533
gene-BTH_RS14630	337.735353197133	0.138407128439089	0.17803378307808	0.777420588644053	0.43691066931422	0.609936268137631
gene-BTH_RS01165	347.256622886062	0.184208623061163	0.237477070770627	0.775690143319503	0.437931961085054	0.611165874469036
gene-BTH_RS08365	60.8014655977423	0.273049778184735	0.352464975053898	0.774686273843184	0.438525063766184	0.611797314747562
gene-BTH_RS07460	126.073939673581	0.185919579482612	0.240224015972891	0.773942516653257	0.438964785397553	0.61189825780478
gene-BTH_RS23185	951.30990352834	0.158989939709119	0.205453137686348	0.773850141689436	0.439019416691659	0.61189825780478
gene-BTH_RS27630	103.169567941547	0.207107069215471	0.267581762959643	0.773995458153502	0.438933477130507	0.61189825780478
gene-BTH_RS27010	230.828360488269	-0.194837089065381	0.251858329644089	-0.77359795620305	0.439168581093863	0.611910098577291
gene-BTH_RS03835	73.2672761243464	-0.263618914311413	0.341109764050932	-0.772827230685931	0.439624635485051	0.611957492595191
gene-BTH_RS14480	97.2748763358253	-0.319164536332297	0.412974735938231	-0.772842763873175	0.439615441490283	0.611957492595191
gene-BTH_RS22415	201.715721841808	0.172453052552987	0.223011206019674	0.773293215309429	0.439348870161698	0.611957492595191
gene-BTH_RS16665	143.42303897639	0.206907735007603	0.26797777130284	0.772107828204069	0.440050566151325	0.611962903695097
gene-BTH_RS17310	11.9050959443768	0.444174048633918	0.575246816298581	0.772145166299139	0.440028453871454	0.611962903695097
gene-BTH_RS28730	147.546215019618	-0.179161908144426	0.231928931641666	-0.772486239108942	0.439826494035433	0.611962903695097
gene-BTH_RS23920	259.420519764057	0.192764597970524	0.249970779870254	0.771148524121807	0.44061890154029	0.612557437424181
gene-BTH_RS18855	289.664784486961	-0.183749198115076	0.238465800880356	-0.77054738011371	0.440975260978212	0.61285699209432
gene-BTH_RS05725	42.1255752354037	0.311113645240905	0.403922208962836	0.770231589987987	0.441162528183113	0.61292143008513
gene-BTH_RS09245	115.106026581327	0.214570998597233	0.279102653115293	0.768788817312306	0.442018688500843	0.613379339456447
gene-BTH_RS12875	547.81971828914	-0.11885822280446	0.15469298079095	-0.768349166178928	0.442279772196844	0.613379339456447
gene-BTH_RS15205	150.169868420613	-0.236669868358714	0.308186942719963	-0.767942555482523	0.442521313580806	0.613379339456447
MSTRG.2745.1	10.3273834047361	0.43545554604526	0.56709050128386	0.767876635315552	0.44256047963834	0.613379339456447
gene-BTH_RS18520	516.870451005077	0.188495829028988	0.245101379243248	0.769052502319529	0.441862143362558	0.613379339456447
gene-BTH_RS20585	1943.74362140665	0.147872090631072	0.192657456217739	0.767538892779465	0.442761178366263	0.613379339456447
gene-BTH_RS21755	2235.99943854017	-0.150107134124639	0.195231574179785	-0.76886709926545	0.441972210573203	0.613379339456447
gene-BTH_RS22135	1929.18303182284	0.159463769253438	0.207719107198304	0.767689460080349	0.442671699447657	0.613379339456447
gene-BTH_RS23750	250.522035165715	0.144431113686043	0.188114521803049	0.767782903210729	0.442616173399605	0.613379339456447
gene-BTH_RS07305	104.63587619383	-0.239976059398637	0.312781983602084	-0.767231081007308	0.442944136482473	0.613437438299508
gene-BTH_RS34380	55.5404753670167	-0.275510617444123	0.359285170862259	-0.766829916144097	0.44318264695629	0.613572410649223
gene-BTH_RS05055	72.002121617924	-0.294958022604617	0.38490581686541	-0.766312198154581	0.443490561941289	0.613803354898062
MSTRG.3257.1	3.75010203421407	-0.475683649111165	0.622077917953093	-0.764668919090347	0.444468718421187	0.614961490181987
gene-BTH_RS27845	6680.82148220606	0.1778496064059	0.232775283328899	0.764039909489051	0.444843459872923	0.61528427677177
gene-BTH_RS17040	124.379570887304	0.20443734100309	0.267728945983935	0.76359819911052	0.445106722807822	0.615452715897657
gene-BTH_RS34460	4.34538698142651	0.462446170866222	0.607178993011408	0.76163071547097	0.446280437371693	0.616457296195336
gene-BTH_RS17555	3623.79410551217	0.150401666972723	0.197458705964684	0.76168668399773	0.446247024668244	0.616457296195336
gene-BTH_RS24920	1029.58782161149	0.190574982575847	0.250285533927052	0.7614302735986	0.446400111038002	0.616457296195336
gene-BTH_RS26365	998.46827784732	-0.112453920817631	0.14758812562653	-0.761944230541921	0.446093290072922	0.616457296195336
gene-BTH_RS14720	4766.72966931523	0.139436348026904	0.183216638671813	0.761046316741296	0.446629403191352	0.616578198629763
gene-BTH_RS10545	136.566991169	-0.238564303043748	0.313630544254377	-0.760653920398312	0.446863804490758	0.616706075360024
MSTRG.2081.1	111.450033129708	0.2248328384167	0.295793240503928	0.76010133981988	0.44719401185641	0.616847017567771
rna-BTH_RS27940	7.17239555673654	-0.454932531333291	0.598588786883814	-0.760008442025148	0.447249538714655	0.616847017567771
gene-BTH_RS15950	2516.38577446993	0.218948860536882	0.288823410604405	0.758071723059774	0.448408046684116	0.618244473545817
gene-BTH_RS23975	302.039674041895	0.152412510939506	0.201114477420516	0.757839579200568	0.448547024944965	0.618244473545817
gene-BTH_RS10290	500.409240292772	-0.140908691616508	0.186330574663894	-0.756229576765279	0.449511562622303	0.618916911869568
gene-BTH_RS16350	1577.08391576973	0.164031937063204	0.216947634379558	0.756090000853498	0.449595236635826	0.618916911869568
gene-BTH_RS25500	1415.99263645845	0.1441352634594	0.190521171916869	0.7565314763143	0.449330607829206	0.618916911869568
gene-BTH_RS27625	1164.60130701648	0.124322218734248	0.164430986705801	0.756075367696264	0.449604009542031	0.618916911869568
gene-BTH_RS03900	16.4228374088742	-0.379450057863277	0.502406866216319	-0.755264474629809	0.450090309831282	0.618998687248207
gene-BTH_RS08175	120.167896490214	0.181195042195718	0.239895080854121	0.755309535946264	0.450063278311964	0.618998687248207
gene-BTH_RS11785	37.0039233604685	-0.340719430499043	0.450979082974013	-0.755510495635727	0.449942737204123	0.618998687248207
gene-BTH_RS24980	80.3097968477271	-0.222072799737109	0.294517626327794	-0.754022102194811	0.450835950239882	0.619828186960647
gene-BTH_RS24020	44.0274039515155	-0.333085337870016	0.441974759159642	-0.753629774024504	0.451071560860742	0.619956173694859
gene-BTH_RS27680	1361.35198722118	0.115968409592907	0.153961551917785	0.753229674216541	0.451311910454894	0.620090590801891
gene-BTH_RS05820	583.240917227032	0.157758116371927	0.20988971122768	0.751623866883105	0.452277286296619	0.621220775304797
gene-BTH_RS10215	751.433972098041	-0.160856859860961	0.214658312309038	-0.749362361655855	0.453638830117485	0.622894226960562
MSTRG.2588.1	228.698550123526	0.211292432082587	0.282292386363277	0.74848788805334	0.454165928028267	0.623421201301029
gene-BTH_RS34775	55.9666465713163	-0.242674552823536	0.324337216324474	-0.748216796005178	0.454329401619604	0.623448863421224
gene-BTH_RS23470	385.052966578386	-0.132172958143321	0.176721126813188	-0.747918262670661	0.454509461187972	0.623499260853888
gene-BTH_RS22995	87.9626497265921	0.214288349422875	0.286675083553037	0.747495550596848	0.454764487597271	0.623652434126144
gene-BTH_RS24605	18.8747177592256	0.363790289053669	0.486974554193894	0.747041679941293	0.455038402013939	0.623831405219236
gene-BTH_RS20990	1860.7714125615	0.136334212757858	0.183081796710836	0.744662851289291	0.456475562015675	0.625604503707683
gene-BTH_RS27310	1501.03810699314	0.118222979723783	0.159093316031745	0.743104629865111	0.457418336804102	0.626699138613495
gene-BTH_RS22900	842.031028172678	0.110126529935775	0.148257199774346	0.742807297746025	0.4575983565643	0.626748378795562
gene-BTH_RS07180	49.6547071945982	-0.309462768306083	0.416973838026848	-0.742163512633034	0.457988272570063	0.626887660692188
gene-BTH_RS26375	458.84804648876	0.145448511218321	0.195953745239357	0.742259409436937	0.457930179732722	0.626887660692188
gene-BTH_RS07855	26.8847700611499	-0.380293100755443	0.512792649159826	-0.741611841313494	0.458322547036844	0.627147870276902
gene-BTH_RS00085	307.847763990539	-0.138119857714302	0.18672246571934	-0.73970669347259	0.459477985757112	0.628284623131031
gene-BTH_RS03480	115.577289930591	-0.189776728299623	0.256545340683111	-0.739739524383093	0.459458060582793	0.628284623131031
gene-BTH_RS04560	27.5201249784613	0.39610140662716	0.535613981466273	0.73952775755183	0.459586590989182	0.628284623131031
gene-BTH_RS19955	178.976406091803	0.18052018382323	0.244493979166944	0.738342041952566	0.460306624663115	0.629071258964671
gene-BTH_RS20505	275.137088889211	0.160513995207913	0.21749392608891	0.738015990121469	0.460504732373634	0.629144342281818
gene-BTH_RS02470	123.415354630993	-0.241476670887356	0.327438361790607	-0.737472144579619	0.460835276698014	0.629200707356045
gene-BTH_RS22225	868.186710171892	-0.112135851188028	0.15204218034951	-0.737531196476226	0.4607993790797	0.629200707356045
gene-BTH_RS27905	1245.3914189633	-0.172770432342508	0.234815919283192	-0.735769673836054	0.461870879821159	0.63041679548856
gene-BTH_RS08330	17.7938699297927	0.390075268099605	0.531014997275633	0.734584277470284	0.462592716214511	0.631102703688317
gene-BTH_RS13490	109.735938685434	-0.185234629640169	0.252269599238307	-0.734272501321837	0.462782673944429	0.631102703688317
gene-BTH_RS34590	89.5906312430258	0.207097447175403	0.282060774998565	0.734229873602441	0.462808649371433	0.631102703688317
gene-BTH_RS11025	228.020099052259	0.16157173913637	0.220267911505824	0.733523725865525	0.4632390625096	0.63149167092346
gene-BTH_RS08095	91.9199419130011	0.19706381878144	0.269056875520399	0.732424393170728	0.46390957462496	0.632013840157523
gene-BTH_RS17905	6.92966085389209	-0.449151252323003	0.613243339897887	-0.732419291170439	0.463912687729418	0.632013840157523
gene-BTH_RS18595	615.038133260042	0.142526147858768	0.194762794281319	0.73179350493863	0.464294613999911	0.632336121133254
gene-BTH_RS03495	1148.87968906103	0.121577853388019	0.166435996211471	0.730478118648948	0.465097983280183	0.633231996015273
gene-BTH_RS21625	5028.33167847622	-0.148614545427087	0.203600531356057	-0.729932011656637	0.465431743835666	0.633488136947793
gene-BTH_RS10975	522.939878689971	0.153603003549592	0.210862713592705	0.728450283753276	0.466337991770715	0.634324660476113
gene-BTH_RS19070	157.917663876412	-0.17877628136013	0.245383832896626	-0.728557701824814	0.466272260285012	0.634324660476113
gene-BTH_RS30430	726.720563558035	-0.157304275915901	0.216500622099345	-0.726576553871146	0.467485395455851	0.635686611513896
gene-BTH_RS06015	88.462635930007	0.229627252418592	0.316463671599526	0.725603830790338	0.468081672014018	0.636099741724766
gene-BTH_RS24370	9326.6193290662	0.134818463421168	0.185772940440252	0.72571636698902	0.468012666094329	0.636099741724766
gene-BTH_RS06515	380.317660234659	0.150125542735161	0.207265554668033	0.724314963842447	0.468872392333676	0.636975298766862
gene-BTH_RS23910	103.778838818002	0.198163897720654	0.27412742718448	0.722889715034955	0.469747642818205	0.637965109665685
gene-BTH_RS23715	25.2425561022724	-0.309577043640171	0.428403935455906	-0.722628850994847	0.469907938081132	0.63798362379929
gene-BTH_RS26555	22.9314164900893	0.325776367156366	0.451300241707094	0.721861716546129	0.470379500552547	0.638424595133722
gene-BTH_RS16205	262.584061935471	0.154455471665847	0.214290553248351	0.72077592467103	0.471047390253709	0.639072013461255
gene-BTH_RS26560	106.440138616966	-0.194056618503296	0.269295434529242	-0.720608646197542	0.471150332682815	0.639072013461255
gene-BTH_RS23520	772.859229718727	0.163155753516717	0.226597713590757	0.720023829593364	0.471510323743661	0.639360943979092
gene-BTH_RS20565	442.562904597243	0.115344633619042	0.160288309828152	0.719607273560404	0.471766832400834	0.639509417558002
gene-BTH_RS24495	911.792288851893	0.160688494683264	0.223536911233026	0.718845464030567	0.472236141642237	0.639946173253499
gene-BTH_RS13580	305.445381144563	0.138528657048338	0.192788201149339	0.718553605575842	0.472416007812465	0.639990543128067
gene-BTH_RS05095	534.490383749213	-0.142050431164999	0.197967304078317	-0.717544908874464	0.473037936627434	0.640633569218349
gene-BTH_RS06255	189.96433569645	-0.151130845668073	0.210765077654592	-0.717058287596157	0.47333813215145	0.640641218064346
gene-BTH_RS22710	42.1794169765813	-0.290239077145018	0.404631164855299	-0.717292938246144	0.473193363634979	0.640641218064346
gene-BTH_RS23890	32.2380118629821	0.307692786082285	0.429511491028548	0.716378473007684	0.473757683581415	0.641009618531619
gene-BTH_RS03220	2108.46759242422	0.125856017005033	0.175929051183095	0.715379388217416	0.474374645286472	0.641169014798869
gene-BTH_RS04520	57.6915816394443	-0.280510676760901	0.3921948097748	-0.715233016270591	0.474465070951163	0.641169014798869
gene-BTH_RS13780	985.570423120553	0.1294663288227	0.181005989981095	0.715259913974237	0.474448453377146	0.641169014798869
gene-BTH_RS23735	1163.357048037	0.152038029518661	0.212383230438677	0.715866451436054	0.474073815537138	0.641169014798869
gene-BTH_RS01355	11.8823536326502	0.408216715072918	0.571145217131001	0.714733666375581	0.474773630575222	0.64138673695721
gene-BTH_RS14560	1010.41774722306	0.137039170981578	0.191977781511894	0.713828287327554	0.475333365692682	0.641803732865401
gene-BTH_RS27060	1693.1452456943	0.145270249718727	0.203528970582085	0.713757109384769	0.475377385584442	0.641803732865401
gene-BTH_RS25310	155.638571708013	0.205652122330819	0.288678428272802	0.712391720993013	0.476222240784342	0.642744879743061
gene-BTH_RS20895	1091.71565151264	-0.132311663868118	0.185808399140976	-0.712086560563556	0.476411175962807	0.642800439031704
gene-BTH_RS03455	1090.55125046496	0.170306532440743	0.239278601219507	0.71174994994437	0.476619630646578	0.642806247885582
gene-BTH_RS07105	107.109842527996	0.234885989114091	0.330080380791275	0.711602393789712	0.476711024293998	0.642806247885582
gene-BTH_RS21900	513.957704371876	0.120922179914454	0.170053227864997	0.711084296561854	0.477032000465303	0.642880738957561
gene-BTH_RS23655	6256.67588180264	0.158141645834292	0.222410139786222	0.7110361334528	0.477061844909197	0.642880738957561
gene-BTH_RS29510	93.2181730719559	-0.223048345780966	0.313808674222233	-0.710778140004528	0.477221728878095	0.642897033329115
MSTRG.3971.11	23.511906607164	-0.349698451071537	0.492451267987921	-0.710117881309049	0.477631038614642	0.643249231570803
gene-BTH_RS12010	48.9881375932531	-0.302528363754711	0.426478947279189	-0.709362949061739	0.478099273898868	0.643353834184375
gene-BTH_RS16500	322.92837157832	0.176200592228131	0.248316043761471	0.709581988980892	0.477963391873784	0.643353834184375
gene-BTH_RS25200	33.119585745236	-0.345657945299468	0.487338219798833	-0.709277317593008	0.478152401360479	0.643353834184375
gene-BTH_RS16570	644.523982048841	0.130715534115725	0.184401110799458	0.708865220762594	0.4784081195353	0.64349886208366
gene-BTH_RS23585	3936.26427833784	0.140625193700976	0.198721278184034	0.707650408582541	0.479162380797963	0.644314175106998
gene-BTH_RS27085	3951.57527843124	0.151335299137494	0.21433622002934	0.706064981069362	0.480147728000483	0.645439622003121
gene-BTH_RS07120	14.0786694032099	0.395534338099567	0.560602886746379	0.705551732698282	0.480466949687701	0.645669209496911
gene-BTH_RS17925	1165.66989461255	0.143586471960854	0.204091277702836	0.703540462762554	0.481718999792821	0.647151837275717
gene-BTH_RS06855	510.397508427214	-0.147874728471617	0.210517233321242	-0.702435264508561	0.482407759646269	0.647877046761738
gene-BTH_RS24905	113.530048981237	-0.240381963533098	0.342572825081478	-0.701695948813003	0.482868800012004	0.648296074090191
gene-BTH_RS07300	46.0253156289054	0.262821409142574	0.374983314539553	0.700888276763183	0.483372741122509	0.648572308415458
gene-BTH_RS26800	95.0904902143767	0.203733714935261	0.290601893592613	0.701074973795147	0.483256227502025	0.648572308415458
gene-BTH_RS15515	145.736919164034	-0.167345437040636	0.239786922279173	-0.697892259719664	0.485244575381056	0.650728534168798
gene-BTH_RS22070	591.576191364695	0.131971264712118	0.189114654927518	0.697837323938213	0.4852789344468	0.650728534168798
gene-BTH_RS09295	595.558223231754	-0.125760559323828	0.180360335121236	-0.697273927991389	0.485631381136594	0.651000464697746
gene-BTH_RS27570	291.0117446584	-0.127116141857265	0.182571716356639	-0.696253200626943	0.486270275833539	0.651656099776923
gene-BTH_RS22055	358.288149193645	0.132371462133745	0.19020359581339	0.695946160048495	0.486462547861012	0.651712991436834
gene-BTH_RS15620	469.099456922039	0.155741148625519	0.224773474282316	0.692880461641607	0.488384572115932	0.654086480512409
gene-BTH_RS10670	296.053312859925	0.135572461808745	0.195866917885236	0.692166207915622	0.48883295728231	0.654284112054784
gene-BTH_RS25335	164.093385978049	-0.162041327837564	0.234028052105379	-0.692401301381598	0.48868534879534	0.654284112054784
gene-BTH_RS00735	551.214453067923	-0.149462014032716	0.21612151569481	-0.691564713268874	0.489210727970771	0.654369899407832
gene-BTH_RS01340	12.1383071146147	-0.388047111664393	0.562070847067291	-0.690388255660475	0.489950060315243	0.654369899407832
gene-BTH_RS04720	411.671730659196	0.168539477330125	0.244097512486398	0.690459626619574	0.489905190868518	0.654369899407832
gene-BTH_RS04870	109.313363757196	-0.251544403230636	0.364199879485501	-0.690676788762226	0.48976867911773	0.654369899407832
gene-BTH_RS14470	154.15183585086	-0.167139208988867	0.241934450835078	-0.690845013647116	0.489662944217508	0.654369899407832
gene-BTH_RS15595	783.854841390919	0.164908676505091	0.238425516013582	0.69165699738151	0.489152758421576	0.654369899407832
gene-BTH_RS31260	77.0707925714897	-0.235954345865765	0.341610452121574	-0.690711728521095	0.489746717313541	0.654369899407832
gene-BTH_RS24360	1109.39531705375	0.156889114925827	0.227523685586826	0.689550692364978	0.490476784230901	0.654872317803689
gene-BTH_RS16420	180.235238669649	-0.171332725416011	0.24876265045633	-0.68873974892018	0.490987057488754	0.655352470106192
gene-BTH_RS26245	468.09764831038	-0.139361353163442	0.202448894138001	-0.688377942279327	0.491214810539315	0.65545534535154
MSTRG.929.1	32.7778276675988	0.309039364534871	0.449551514803856	0.687439268600191	0.49180595912661	0.655640797487206
gene-BTH_RS21160	624.398824575011	0.127092404576973	0.184830348672453	0.687616538570727	0.491694290570279	0.655640797487206
gene-BTH_RS32665	269.369973767257	0.184394591874287	0.268163286490168	0.687620569868901	0.491691751272797	0.655640797487206
gene-BTH_RS19680	1462.33841765238	0.137878461469932	0.200773821092945	0.686735256217015	0.492249575484057	0.656031143797686
gene-BTH_RS25685	146.448692428898	0.213217766597674	0.310610495040623	0.6864473995632	0.492431023181929	0.656071960441467
gene-BTH_RS23355	1465.78730534679	0.164457482572649	0.239886681007911	0.685563207934938	0.492988589138965	0.656613705681108
gene-BTH_RS06520	118.13969699986	0.179178775179329	0.261669717018391	0.684751667946106	0.493500638966049	0.656908359515174
gene-BTH_RS20405	1409.61834865682	-0.0907102485634484	0.132475179844367	-0.684733915213516	0.493511843424273	0.656908359515174
gene-BTH_RS13400	132.555631035721	0.217814144731325	0.318797529155844	0.68323661512711	0.4944573392744	0.657764350410899
gene-BTH_RS15185	212.145258379011	0.166904815344038	0.244253683681636	0.683325683479083	0.494401068451507	0.657764350410899
MSTRG.1998.1	10.6744257520678	0.38453109169882	0.563538988592096	0.682350466397195	0.495017369033448	0.65830802668771
gene-BTH_RS33515	8.5418215782704	-0.407162714111273	0.597766510595605	-0.681140055346331	0.495782873926221	0.658954924919052
gene-BTH_RS27835	129.319279931893	0.215639584938647	0.316603821913366	0.681102279926531	0.495806774542542	0.658954924919052
gene-BTH_RS34725	431.457771950465	0.116902882441427	0.172003768119836	0.679653031554405	0.496724182320238	0.659972569668001
gene-BTH_RS08635	132.781785100496	-0.196624429484158	0.289917143646248	-0.678209046251078	0.497639157614752	0.660353534317814
gene-BTH_RS10860	41.0126073030916	-0.341741312015791	0.50390225441595	-0.678189686632555	0.497651430849251	0.660353534317814
gene-BTH_RS18230	41.0109912186826	-0.310376802408559	0.457580294247114	-0.678300194109629	0.497581375633188	0.660353534317814
gene-BTH_RS18385	984.837302362714	0.117264626045148	0.172984550532206	0.677890746221964	0.497840967731647	0.660353534317814
gene-BTH_RS18685	4338.12419835131	0.144920327231691	0.213821424410504	0.677763360856987	0.49792174541665	0.660353534317814
gene-BTH_RS24380	1063.65278632608	0.129250764742634	0.190366632685371	0.678957036321874	0.49716508482899	0.660353534317814
rna-BTH_RS10465	28.8890140541845	0.297014637084849	0.439362306896297	0.676013013458057	0.499032382779324	0.661423176444259
gene-BTH_RS19340	829.956545855164	-0.126623193725699	0.187303178486615	-0.676033342032941	0.49901947626068	0.661423176444259
gene-BTH_RS03865	27.2338348093866	-0.338399777246216	0.50142714019296	-0.674873276935094	0.499756279905371	0.661979237998893
gene-BTH_RS21065	408.485710157936	0.118297821052357	0.175238213437557	0.675068632187981	0.499632161565723	0.661979237998893
gene-BTH_RS11380	28.4725841278148	0.296448270952315	0.440052043223427	0.673666389049805	0.500523435038176	0.66279358977658
gene-BTH_RS03085	377.613035351035	0.129308794736303	0.192246633783446	0.672619292163845	0.501189524989697	0.663473656027141
gene-BTH_RS23615	3603.79920712061	0.139978783361565	0.208204236722206	0.672314769215433	0.501383329338744	0.663528287990124
gene-BTH_RS02685	319.430272633287	0.139434644505502	0.207911344210046	0.670644716551088	0.502446888754746	0.664217659672501
gene-BTH_RS16060	143.174436712796	-0.156658841680647	0.233382238651763	-0.671254344742156	0.502058513800075	0.664217659672501
gene-BTH_RS35285	4.99558186794213	-0.416619015339698	0.621320696215819	-0.670537804192158	0.502515015628092	0.664217659672501
gene-BTH_RS28095	294.923121392063	0.141781235666293	0.211341019070994	0.670864729854762	0.502306706876098	0.664217659672501
gene-BTH_RS20605	1580.89792339236	0.125608400446117	0.187455753231134	0.670069593923008	0.502813426889199	0.664410208678012
gene-BTH_RS21015	3235.5814655792	0.120967112808769	0.180720323662308	0.669360868536331	0.503265307277423	0.664805370985967
gene-BTH_RS18225	69.0112126059427	-0.24204358435231	0.361878180472735	-0.668853767409019	0.503588764472105	0.664828869636922
gene-BTH_RS22880	732.424925743767	0.123120108069978	0.184033039524863	0.669010892760614	0.50348852948301	0.664828869636922
MSTRG.3663.1	11.8720770910192	0.369206536054711	0.552928317841525	0.66772947621129	0.504306290944252	0.665574140050818
gene-BTH_RS22410	105.848358121095	-0.198265398011362	0.297727322175261	-0.665929470506072	0.505456182494248	0.666889412754012
gene-BTH_RS27590	1318.1558574955	0.11561826072148	0.173814974618061	0.665180091505569	0.50593531247314	0.667319165936373
gene-BTH_RS15150	893.518372874361	0.138797947006793	0.20944041527319	0.662708517005888	0.50751725396067	0.668392387141663
MSTRG.2577.1	9.59318190695676	0.396263833662407	0.597311648891765	0.663412197631878	0.507066595971012	0.668392387141663
gene-BTH_RS19735	1881.20223306074	-0.112603110939676	0.169873399439141	-0.662864882385649	0.507417094753797	0.668392387141663
MSTRG.3267.1	36.3053471898105	0.284776418535354	0.429705865414533	0.662724066520789	0.50750729331747	0.668392387141663
gene-BTH_RS24890	548.418746892979	0.117238735849209	0.176703142515094	0.663478499479399	0.507024145137621	0.668392387141663
gene-BTH_RS05810	40.7486932213402	-0.253635116584496	0.382987688891686	-0.662253967793276	0.507808472543977	0.668573503500696
gene-BTH_RS05685	77.8307917784496	0.197543992175085	0.29866268131432	0.66142844263554	0.508337590549386	0.668865250722877
gene-BTH_RS27725	13753.0810566945	0.139434643474316	0.210798650321401	0.661458900527695	0.508318063514172	0.668865250722877
gene-BTH_RS15790	62.7601222635852	0.237382148172725	0.359377842205636	0.660536405683282	0.508909663949019	0.669257113366362
gene-BTH_RS32020	5.14150586131176	-0.406583807124588	0.615584392460982	-0.660484268451231	0.508943110578373	0.669257113366362
gene-BTH_RS17660	8190.40762022097	0.148368124660859	0.225099249495143	0.659123142318875	0.509816695909485	0.670203272047827
gene-BTH_RS01690	70.8700025355804	-0.252708783862277	0.383959333029371	-0.658165493382982	0.510431795206039	0.67067722635403
gene-BTH_RS28965	99.492858352667	-0.22442946257862	0.341035826759481	-0.658081776073635	0.510485585392688	0.67067722635403
gene-BTH_RS02430	62.0281943495689	0.21956681038251	0.334003922354762	0.657377939859333	0.510937932594954	0.671068842629242
gene-BTH_RS14295	1909.12723864508	0.128056688007118	0.195097998971907	0.65637109904729	0.511585381160536	0.671513701885435
gene-BTH_RS27055	395.605943675197	0.10950581403669	0.166814490471524	0.656452648251098	0.511532925044289	0.671513701885435
gene-BTH_RS13320	2093.98094100719	0.106260550101829	0.162047784146784	0.655735903217148	0.511994063788829	0.671847414021541
gene-BTH_RS10920	208.14344140745	-0.214738175051854	0.327983197556414	-0.654723097560259	0.512646051302313	0.672283720920626
gene-BTH_RS15410	320.149369349526	-0.158800599103018	0.242537076891847	-0.654747724092636	0.512630192989479	0.672283720920626
gene-BTH_RS16095	461.787592428232	-0.148089421310043	0.226263695528437	-0.654499260096417	0.512790203681526	0.672283720920626
gene-BTH_RS16405	591.951638918775	0.14583401057954	0.224442589780948	0.649760861883975	0.515846703619509	0.675902626032204
gene-BTH_RS22185	1552.31061396473	0.109095155524401	0.167906316411154	0.649738246042265	0.5158613145809	0.675902626032204
gene-BTH_RS27890	2230.80522436108	-0.126881623557404	0.195440553765465	-0.649208268769366	0.516203767781866	0.67614766330958
gene-BTH_RS04170	50.3916092666365	-0.235662662833809	0.36349833965287	-0.648318402386267	0.516779034053988	0.676488015645898
rna-BTH_RS24925	1813.76179598554	0.224252758329858	0.346023829092619	0.648084725603777	0.51693015264528	0.676488015645898
gene-BTH_RS26820	683.942100581044	-0.0918442185911483	0.141637500080806	-0.648445634374724	0.516696762852362	0.676488015645898
gene-BTH_RS01320	91.6239102262664	-0.254674735804336	0.394449251089329	-0.645646392028925	0.518508385575467	0.676934437810063
gene-BTH_RS02365	112.982592037809	0.211228468616071	0.326525469532421	0.646897373483749	0.517698365831823	0.676934437810063
gene-BTH_RS02400	560.640503137229	-0.180450039827877	0.279198623800621	-0.646314216637182	0.518075882716661	0.676934437810063
rna-BTH_RS03235	162.206534538444	0.148923060629385	0.230869587063198	0.645052743948554	0.51889300613661	0.676934437810063
gene-BTH_RS07265	288.201011807351	0.15041679087125	0.232937520609882	0.645738782131043	0.518448539907875	0.676934437810063
gene-BTH_RS11780	301.967890054113	0.124718928698285	0.193381119107705	0.644938499031138	0.518967041548178	0.676934437810063
gene-BTH_RS13950	358.304215015012	0.107910149698548	0.167223251652861	0.645305892762803	0.518728974718422	0.676934437810063
gene-BTH_RS22125	4532.1623493305	0.150195787520794	0.232892822221207	0.644913768008423	0.518983068987715	0.676934437810063
gene-BTH_RS22600	1505.06537963705	0.145460374335047	0.225347004175871	0.645495043819279	0.518606429057751	0.676934437810063
gene-BTH_RS24165	4.30086340624499	-0.400155851210785	0.61923568924846	-0.646209283732398	0.51814382799603	0.676934437810063
gene-BTH_RS27675	1670.02272946044	-0.097665497229138	0.151070495995616	-0.646489551685675	0.51796236151083	0.676934437810063
gene-BTH_RS02700	56.0189038880211	-0.232450823026698	0.360654200987079	-0.644525482832308	0.5192347385599	0.677059686071812
gene-BTH_RS23685	334.656389038897	0.131853210377393	0.204846476302385	0.643668432854844	0.519790464032253	0.677581216224244
gene-BTH_RS13055	2263.2549790719	0.153098640628169	0.238143681975443	0.642883486801703	0.520299705166421	0.678041856642879
gene-BTH_RS09990	67.8038507282393	0.206886692241438	0.32193263102302	0.64263970876144	0.520457910781832	0.678044897244974
gene-BTH_RS14725	1738.42389588276	0.106043351295125	0.165117442857907	0.642229854458089	0.520723951442777	0.678188379873078
gene-BTH_RS15725	23.6977225503174	0.329729274721472	0.513904227227548	0.641616194714572	0.521122415247089	0.678301168858419
gene-BTH_RS23795	296.02342159279	0.117850217786314	0.1836140462757	0.641836614228081	0.52097927357307	0.678301168858419
gene-BTH_RS21920	222.288092451158	0.15188432848784	0.236965665502744	0.640955001500339	0.521551919279737	0.678657148928165
gene-BTH_RS09135	463.509594815589	0.0986450050143107	0.154041811475627	0.640378115976122	0.521926806662421	0.678941868714572
gene-BTH_RS21600	914.651436850239	0.12672657211628	0.198259963579591	0.639193964470826	0.522696757982385	0.679740178542115
gene-BTH_RS15240	4474.89350885079	0.137402948613125	0.215170981690488	0.638575645905507	0.523099028802343	0.680060004569693
gene-BTH_RS27760	5982.34672419987	0.144171779283641	0.226010058577376	0.637899835923819	0.523538884570471	0.680428487565446
gene-BTH_RS05935	91.5752978751913	0.170814064434867	0.268239805280197	0.636796109572323	0.524257660540823	0.68115914676003
gene-BTH_RS12615	331.167765647024	0.132880575712848	0.208771217783929	0.636488962048275	0.524457773089638	0.681215680185107
gene-BTH_RS13925	214.813977674811	-0.136048092728518	0.213877908465755	-0.636101660542943	0.524710163277685	0.681340062763561
gene-BTH_RS06470	39.3951431565548	-0.252723569985694	0.397771083890947	-0.635349275552117	0.525200642710354	0.681754513619349
gene-BTH_RS08620	55.3944939606021	-0.224027677811557	0.352860067691586	-0.634890990292976	0.525499513601305	0.681754513619349
gene-BTH_RS19455	464.014116130002	0.111094135839448	0.174928588200492	0.635082789967517	0.525374420791943	0.681754513619349
gene-BTH_RS27105	3033.12364917317	0.12297662587917	0.193776042181218	0.634632767265228	0.525667952149555	0.681769705381802
gene-BTH_RS27895	1964.84240350299	-0.134727997907491	0.212556833814492	-0.63384458400935	0.526182253770274	0.682233324560564
gene-BTH_RS25135	59.8722355410394	0.214463344176066	0.338500921316584	0.633567977723431	0.526362804531683	0.682264064276764
gene-BTH_RS25150	40.2572534166055	0.289029631485136	0.456816634115934	0.632703824466656	0.526927071917616	0.682792005612639
MSTRG.2846.1	5.20821844069296	-0.392287518514731	0.6207372151816	-0.631970355442545	0.527406248368329	0.683209404527169
gene-BTH_RS30310	67.5480511723649	0.221858938679134	0.351380627299712	0.631392061605886	0.527784205269783	0.683283545895863
gene-BTH_RS24685	109.317583573329	-0.168508652372748	0.266981687563239	-0.631161837018632	0.527934712127815	0.683283545895863
gene-BTH_RS27995	1088.13030734505	0.113810488197068	0.180212523083167	0.631534847023618	0.527690871823213	0.683283545895863
gene-BTH_RS01435	264.888256469182	-0.136829050603834	0.217061722232449	-0.630369321668354	0.528452977751857	0.683547562658513
gene-BTH_RS09040	320.982671393345	0.139961941047566	0.221968857458511	0.630547648215591	0.528336338471255	0.683547562658513
gene-BTH_RS05395	999.532367781578	-0.123503605429995	0.196152609466562	-0.629630193377817	0.528936564295253	0.683832261540868
gene-BTH_RS10370	360.825210354195	0.115730973613784	0.183880084640298	0.629382860249245	0.52909843623687	0.683832261540868
gene-BTH_RS24160	8.2907963002004	-0.366354032585557	0.582149900197573	-0.629312196843497	0.529144687895761	0.683832261540868
gene-BTH_RS17070	226.196272059831	0.130108493402522	0.206938013047894	0.628731722539587	0.529524706367242	0.684053458710215
gene-BTH_RS21020	1347.07325378063	0.129945256895136	0.206731434942569	0.628570381331873	0.529630356077242	0.684053458710215
gene-BTH_RS14805	240.358143245483	0.116994315595451	0.186388869000243	0.62768939058962	0.530207436806403	0.684238151626118
gene-BTH_RS16520	673.3621700038	0.112174821429552	0.178731107458182	0.627617783075608	0.530254356343008	0.684238151626118
gene-BTH_RS22525	545.668995341208	0.13318198510879	0.212278861280919	0.62739165032803	0.53040253960535	0.684238151626118
gene-BTH_RS23730	3609.60506734386	0.124948404157909	0.199023318693954	0.627807861801595	0.530129815304724	0.684238151626118
gene-BTH_RS27165	1908.25965270844	0.119310021272306	0.190328733841907	0.626862895916748	0.53074911084839	0.684482250871775
gene-BTH_RS27650	927.923693707096	0.0868119100399053	0.138998888614468	0.624551109042964	0.532265716402245	0.686234696606333
gene-BTH_RS10660	167.212627817575	0.156559632068664	0.250812092380944	0.624210860738223	0.532489115198068	0.686319304033065
gene-BTH_RS04200	267.395060419519	0.167493228407115	0.268537204830245	0.623724479864886	0.532808543493605	0.68632430091714
gene-BTH_RS22420	106.448514818528	-0.160005613282684	0.256530597831125	-0.623729156036256	0.532805471979089	0.68632430091714
gene-BTH_RS06435	196.238243499506	0.145283428463967	0.233782834852384	0.621446089297795	0.534306155132923	0.687990903651603
MSTRG.1243.2	7.22572017704103	0.373438251944143	0.601301618442739	0.621049803443536	0.534566855034377	0.687990903651603
gene-BTH_RS13280	66.109805646784	0.211246361474632	0.340284010829697	0.620794262297429	0.534734998907142	0.687990903651603
gene-BTH_RS24325	245.752799692505	-0.125010704609347	0.201335935883323	-0.620906069554282	0.534661427412429	0.687990903651603
gene-BTH_RS19325	161.006018669026	-0.159194282701632	0.256642218234585	-0.620296550570334	0.535062565505593	0.688208799511925
gene-BTH_RS23345	3023.71119070454	0.119438852445101	0.192704769837512	0.619802263046273	0.535387978584739	0.688423797470769
gene-BTH_RS19435	1082.7285421588	0.10430780334407	0.168563711112912	0.618803434353668	0.536045859475327	0.689066042765269
gene-BTH_RS23325	1515.85719713955	0.107514431349398	0.173816179005066	0.61855249588857	0.536211204637942	0.689074960169881
gene-BTH_RS10435	979.713549802649	0.124614127043821	0.201986606523884	0.616942524994031	0.537272636370812	0.689827617536314
gene-BTH_RS12455	66.3083424868074	-0.210905489285588	0.3418111951798	-0.617023351662449	0.537219323294256	0.689827617536314
gene-BTH_RS25460	78.3879819400187	-0.255925405453009	0.414783479237901	-0.617009640603892	0.537228366888333	0.689827617536314
gene-BTH_RS02235	200.803584350942	-0.160293139074018	0.260149750685296	-0.616157188895119	0.537790780552217	0.690289139982928
MSTRG.76.1	14.7974673048139	-0.333303519535642	0.542176765215794	-0.614750651299088	0.538719403873794	0.691073254748158
gene-BTH_RS11835	105.133688825313	-0.223551555696295	0.363631894789529	-0.61477433332873	0.538703761887875	0.691073254748158
gene-BTH_RS12070	644.546044882584	0.120775795920634	0.196625834244654	0.614241746943372	0.539055590332917	0.691300653876235
gene-BTH_RS19180	11788.5112405035	0.120246431967237	0.195848657462095	0.613976289270759	0.539230995599437	0.691321789230047
gene-BTH_RS12965	1047.87676734379	-0.111958129226414	0.182780737121635	-0.612526959839916	0.540189166430114	0.691938419897231
gene-BTH_RS19135	205.290927676673	-0.24954102900094	0.407319438275523	-0.612642082728551	0.540113026037776	0.691938419897231
gene-BTH_RS26265	229.882126183365	0.176571643361701	0.288060951736079	0.612966256958963	0.539898651365586	0.691938419897231
gene-BTH_RS29190	1023.36525410292	-0.0955837088638422	0.156249213647378	-0.611738815400088	0.540710576423338	0.692402416085228
MSTRG.1320.1	12.2412852043051	0.349985545040349	0.572348291372979	0.61149050379933	0.54087490317141	0.692409013771522
gene-BTH_RS13175	46.9310882054074	-0.269154312901101	0.441413986594798	-0.609754835766396	0.542024223695218	0.69367619096034
gene-BTH_RS08120	230.414480253715	-0.130879043656167	0.214826051610332	-0.609232645087039	0.542370244927347	0.693914872186458
gene-BTH_RS02480	141.034310331663	0.161783836101183	0.265697191051385	0.608903072934235	0.542588687274584	0.693990235120389
gene-BTH_RS28030	4518.88500434552	0.106738340153491	0.175545543998442	0.60803787850313	0.543162351771519	0.694519761965347
gene-BTH_RS17115	1083.1123240783	0.104318224663413	0.171716959470214	0.607501000397736	0.543518478936098	0.694770903136064
gene-BTH_RS21175	102.477871308738	-0.176145958391368	0.290300719025854	-0.606770658310635	0.544003122990247	0.695186129555692
gene-BTH_RS23465	261.745466771377	0.119702878729835	0.197358079784911	0.606526364972195	0.544165280338182	0.695189124661114
gene-BTH_RS02450	19.9880720136683	0.292303525602541	0.482301076272323	0.60606028056528	0.544474725097775	0.695367604692283
gene-BTH_RS26835	339.941919220313	0.11602766143394	0.191517109993332	0.605834441831227	0.544624696364737	0.695367604692283
gene-BTH_RS27805	17393.1241238986	0.167045573759399	0.276799087610478	0.603490333734308	0.546182544062333	0.697152014868295
gene-BTH_RS19915	1133.96936539196	0.0815609849184206	0.135313376805284	0.602756259906119	0.546670848658888	0.697366038611778
gene-BTH_RS20955	2271.36013963771	0.132320703695643	0.219444670187699	0.602979801616801	0.546522126220904	0.697366038611778
gene-BTH_RS15375	17.4631288915309	-0.310129288063323	0.515043030323866	-0.602142480926904	0.547079299231637	0.697478004588986
rna-BTH_RS28795	608.583988582115	-0.175265596450662	0.290992804294743	-0.602302166458856	0.546973019006519	0.697478004588986
gene-BTH_RS22425	2028.25865622589	-0.129077253085742	0.21449940872453	-0.601760414414517	0.547333628708754	0.69759779809056
gene-BTH_RS02135	82.7830910949784	-0.199989451528768	0.332766473688363	-0.60099038617712	0.547846389596967	0.69772833352976
gene-BTH_RS34625	914.879345206085	0.117384651008901	0.195205955365132	0.601337447873112	0.54761525223393	0.69772833352976
gene-BTH_RS26410	263.154428413351	-0.149631806740086	0.249019448296983	-0.600884018350381	0.547917238468427	0.69772833352976
gene-BTH_RS16990	429.884954414508	0.114292298011595	0.190344674687864	0.600449149412857	0.548206940570988	0.697892944537254
gene-BTH_RS16610	248.330724929382	0.126546608716792	0.210841757931359	0.600197085996551	0.548374895460863	0.697902514702971
gene-BTH_RS30480	6.69256452892264	0.369597143726568	0.616630112185161	0.599382249460412	0.548918011138113	0.698389397031527
gene-BTH_RS27770	3750.64977015038	0.136608313864866	0.228946454720525	0.59668237287895	0.550719463470775	0.700476510554934
gene-BTH_RS21355	5.02726760849044	0.365259222472846	0.613439112132618	0.595428650128005	0.551556979266202	0.701336702662373
gene-BTH_RS10800	51.076305021811	-0.206342253683255	0.347228196841962	-0.594255465310527	0.552341260340616	0.70149595729259
gene-BTH_RS11670	39.2803442718578	-0.259739988926096	0.437246764835462	-0.594035244660614	0.552488540157337	0.70149595729259
gene-BTH_RS22890	1087.99579440473	0.097667152607445	0.164393868651076	0.594104594099809	0.552442158355858	0.70149595729259
gene-BTH_RS26450	367.224491177596	0.1058663683543	0.17814063706084	0.594285336018777	0.552321284804397	0.70149595729259
gene-BTH_RS27200	212.560608529542	0.121483268090969	0.204504803008459	0.594036258825392	0.552487861857055	0.70149595729259
gene-BTH_RS13350	140.02165527409	-0.168084796592668	0.283854610901449	-0.592151017236867	0.553749466574585	0.702891794455631
gene-BTH_RS03070	265.084256997748	-0.12416216124664	0.209842740905821	-0.591691476725254	0.55405720506425	0.703077258468346
gene-BTH_RS01480	24.5618061237634	-0.339401547318442	0.574745557483947	-0.590524872961583	0.55483881531348	0.703863763958482
gene-BTH_RS16390	1217.75539682531	0.0889226215550931	0.150773454239117	0.589776376775633	0.555340582309397	0.70408963364788
gene-BTH_RS25340	2109.17710714995	0.106643811098318	0.180815892058137	0.589792246048976	0.555329941775874	0.70408963364788
gene-BTH_RS23120	700.278848386755	-0.0988391056871199	0.167701143324384	-0.589376456998482	0.555608766074765	0.704224397559798
gene-BTH_RS17760	1267.78887809452	0.0968807829194951	0.16460726568357	0.588557148538826	0.556158386730968	0.704715695391701
gene-BTH_RS18710	1401.29493779251	0.128654408228986	0.219777107023252	0.585385848287532	0.558288302173114	0.707002653407
gene-BTH_RS22855	123.486400007244	0.142333255693007	0.243064683532234	0.585577689134472	0.558159345007245	0.707002653407
gene-BTH_RS00020	255.845561297492	0.108757875926899	0.186019290932842	0.584659125306331	0.558776943305294	0.707202102388902
gene-BTH_RS05670	18.8843851743895	-0.314149352795231	0.537534574454511	-0.584426319207521	0.55893352368116	0.707202102388902
MSTRG.2048.1	27.104920956399	-0.295087915258323	0.504595778499991	-0.584800602445643	0.558681799233848	0.707202102388902
gene-BTH_RS24365	7449.41913462297	0.116161391557885	0.199745441089302	0.581547147831782	0.560871751750939	0.709448130304329
gene-BTH_RS35680	58.6991911404897	0.184346325906956	0.317159816926522	0.581241115893519	0.561077960406329	0.709502653420794
gene-BTH_RS09030	260.160210318467	-0.119904583787363	0.206457938978353	-0.580770031807472	0.561395455227691	0.709697829189322
gene-BTH_RS11450	28.2665007008107	-0.285202626490712	0.491593993224606	-0.580158892137652	0.56180747225069	0.709806129622568
gene-BTH_RS21075	198.225425749169	0.136074056643141	0.234477048798679	0.580329961249101	0.561692126460895	0.709806129622568
MSTRG.658.21	9.9000721962999	-0.334054554257612	0.576229967607621	-0.57972436880458	0.562100507275066	0.709970152917113
gene-BTH_RS22170	324.366287767091	-0.118754800668991	0.205316979627077	-0.578397368228817	0.562995870364099	0.710894640372665
gene-BTH_RS19140	227.618372911772	-0.24734689033663	0.428461973143267	-0.577290181721502	0.56374344511216	0.711425583474876
gene-BTH_RS21125	753.263499007882	0.157746149539725	0.273144739050887	0.577518535000362	0.563589221334738	0.711425583474876
gene-BTH_RS33240	18.5249891733891	-0.290909976061803	0.504274839213531	-0.576887747394868	0.564015288120991	0.711562210941505
gene-BTH_RS25235	40686.995904578	0.120237871214664	0.209245840043804	0.574624906232272	0.565545003981569	0.71326415014899
gene-BTH_RS27205	424.707327451435	0.0933470825802881	0.162510282985083	0.574407236672257	0.565692257014716	0.71326415014899
gene-BTH_RS01245	31.6702293045884	-0.277625622677731	0.483858130705055	-0.57377484237619	0.566120174960244	0.713596859193584
gene-BTH_RS17395	694.065778554767	0.101701960170882	0.177880915473591	0.571741830202023	0.567496891023068	0.715124993033125
MSTRG.942.1	5.51866067994852	0.353046120146711	0.618022283860948	0.571251440872227	0.567829212918788	0.715295315006278
gene-BTH_RS26895	255.863284400516	-0.133777557146582	0.234263005134671	-0.571057120477375	0.567960923685445	0.715295315006278
gene-BTH_RS26515	125.711985604977	-0.139880001030005	0.245588323614587	-0.569571056845216	0.56896866375802	0.716149793792646
gene-BTH_RS28705	95.5565948776162	-0.181138175962984	0.31799064407701	-0.569633664816617	0.568926190365089	0.716149793792646
gene-BTH_RS21030	1071.71622821878	0.1043452330124	0.183735530450313	0.567909934222644	0.570096126048286	0.717361338822692
gene-BTH_RS13085	14293.0949124999	0.11100468655237	0.195584056582826	0.567554884031978	0.570337249189225	0.717457210518545
gene-BTH_RS11470	124.347249510136	-0.140836271122642	0.248284351396496	-0.567237807499734	0.570552624580012	0.71752064669646
gene-BTH_RS01130	104.412328729435	-0.170546057546776	0.300987172012842	-0.566622346082907	0.570970789557824	0.717563067774124
gene-BTH_RS07215	69.0402310590366	0.175924626316584	0.310483890085736	0.566614345974617	0.570976226058252	0.717563067774124
gene-BTH_RS17195	11.6916643798412	-0.312060900217156	0.550896779664832	-0.566459837371015	0.571081227731958	0.717563067774124
gene-BTH_RS01335	20.2190001157168	0.307164792190141	0.543563943940557	0.565094126669543	0.572009743191216	0.718028765275771
gene-BTH_RS02340	20.1569128773307	-0.329814545456052	0.584553945730524	-0.56421575436272	0.572607307296931	0.718028765275771
gene-BTH_RS10605	80.4658077740765	0.180808825140492	0.320430928980039	0.564267705729977	0.572571956097631	0.718028765275771
gene-BTH_RS18375	2013.63655872762	0.111978613120697	0.198324181339326	0.564624103649295	0.572329466961087	0.718028765275771
MSTRG.3246.1	208.202835445853	-0.168759247881093	0.298638161992852	-0.565096057231735	0.572008430139913	0.718028765275771
gene-BTH_RS21495	1192.44453341374	-0.100028442866364	0.176977319916359	-0.565204868700902	0.571934425494423	0.718028765275771
gene-BTH_RS28715	80.6319114819404	-0.188338485534795	0.333702519230379	-0.564390361718462	0.572488496837255	0.718028765275771
gene-BTH_RS32675	16.7729401186493	-0.298518311825181	0.531061427280442	-0.56211635131154	0.574036748446508	0.719613791280205
gene-BTH_RS11735	802.213924373697	-0.133002390996689	0.236725055601036	-0.561843319284477	0.574222774564124	0.719639605114935
gene-BTH_RS24855	159.3723763543	-0.128538691191167	0.228917315369599	-0.56150707072392	0.574451911496271	0.719719416765201
gene-BTH_RS13755	241.570298904824	-0.137617085874224	0.245301328832586	-0.561012394548198	0.574789087734131	0.719934503784472
gene-BTH_RS14180	225.3997565412	0.124213119714894	0.221619121889708	0.560480154671451	0.575151972280965	0.720058027445255
gene-BTH_RS14275	190.281103143329	0.117997513119166	0.210566132836422	0.560382201684981	0.575218769051095	0.720058027445255
gene-BTH_RS17205	46.9995022002026	0.228575395814919	0.408376719528939	0.559717008546863	0.575672479077832	0.720418666279795
gene-BTH_RS02885	1164.8082388498	0.119376959945292	0.213674042530431	0.558687234685002	0.576375192821308	0.720883291769031
gene-BTH_RS22040	1399.12384633731	0.0992661667465658	0.177671990763669	0.558704646241089	0.576363307879564	0.720883291769031
gene-BTH_RS21105	211.333249760411	-0.110932876870313	0.198996484136017	-0.557461491603484	0.577212162332123	0.721722594465287
gene-BTH_RS14585	947.848320337343	0.0967345519276359	0.173753423058681	0.556734654343853	0.577708736126322	0.722135920157903
gene-BTH_RS09125	765.743023856496	0.0988616847962785	0.177688833333206	0.556375338516017	0.577954294245358	0.722235328919077
gene-BTH_RS07420	263.24754790814	-0.132491671848604	0.238489350924224	-0.555545441904035	0.578521637086414	0.722736680449713
gene-BTH_RS13095	503.997439535161	0.0856762247254964	0.154593460676669	0.554203420704112	0.579439637547439	0.723675688582073
gene-BTH_RS07875	49.6151429343596	-0.202693576866124	0.3685316146962	-0.550003225729265	0.582317161090596	0.726983518501556
gene-BTH_RS18975	2137.17301271179	0.0881138632662895	0.160250799847065	0.549849756446648	0.582422428040902	0.726983518501556
MSTRG.3177.1	28.4414581416618	-0.252959076609371	0.461140711638942	-0.548550735653609	0.583313802106985	0.727887274574121
gene-BTH_RS28440	562.416785872203	-0.0859296743156716	0.15683687452095	-0.547892034817316	0.583766038373301	0.728242691977017
MSTRG.2065.1	154.386464798137	0.16610886912141	0.303580969371685	0.547164960521742	0.584265406509229	0.728504531391558
gene-BTH_RS28620	11.8882264050253	0.300710809959137	0.549646289362121	0.547098772026861	0.58431087586785	0.728504531391558
gene-BTH_RS22860	421.122245221507	-0.10888222464512	0.199232299629825	-0.546508898644564	0.584716172541964	0.728800960045141
gene-BTH_RS23180	308.569939842861	0.122832384583453	0.225076158569156	0.545736986824004	0.585246743558925	0.729253318384796
gene-BTH_RS11230	51.566967242417	-0.183042776728551	0.335932788743569	-0.544879162921708	0.585836628211629	0.729779304902803
gene-BTH_RS02120	92.5608394561352	-0.214314112766653	0.394098829344876	-0.543808042066287	0.58657357415492	0.730462978995661
gene-BTH_RS13800	266.578046130004	-0.163452054043592	0.30068807365839	-0.543593405800621	0.586721298531227	0.730462978995661
gene-BTH_RS08495	92.4200694430134	0.158536199066897	0.293278758603958	0.540564887213612	0.588807525302512	0.732825519018587
MSTRG.2728.1	10.6851542226003	0.305884319155394	0.566598139189512	0.539861143195678	0.589292796672878	0.732825519018587
gene-BTH_RS20065	1230.42915041034	0.0998185704207083	0.18475120426208	0.540286439914676	0.588999508432933	0.732825519018587
gene-BTH_RS21365	79.8901519096559	0.211120585171149	0.390912824926092	0.540070756724506	0.589148236978981	0.732825519018587
gene-BTH_RS19030	3.25536468932552	0.335563697940392	0.622140537110148	0.539369608511753	0.589631847072535	0.73303759210218
gene-BTH_RS12775	2105.83304324263	0.131708211449237	0.244698977268163	0.538245859952655	0.590407323066313	0.733791958668132
gene-BTH_RS18010	1724.90086198533	0.0872454468910141	0.162555088582259	0.536713108472546	0.591465799929337	0.734897523476897
gene-BTH_RS19350	642.829178555675	-0.11076491037863	0.206642149291633	-0.536022833474831	0.591942769835301	0.735277397827152
gene-BTH_RS28785	915.231914701896	-0.0748112322724285	0.139630123125186	-0.535781467480023	0.592109591859429	0.735277397827152
gene-BTH_RS10325	398.561544451192	-0.0856725718789143	0.160792538385829	-0.532814350335953	0.594162099080202	0.737615619577306
gene-BTH_RS17610	1556.16619987646	0.0958805223486495	0.180063471537519	0.532481805054342	0.594392340334944	0.737690921671044
gene-BTH_RS08350	56.9855962376016	0.189687908859752	0.357389994718669	0.5307588675197	0.595585886887011	0.738961382760553
gene-BTH_RS05070	59.1134624645974	-0.167379836013337	0.317419122698849	-0.527314909669569	0.597974922139911	0.741080031711856
gene-BTH_RS12830	663.730970315242	-0.0932093828598461	0.176694857739634	-0.527516103480461	0.597835236598341	0.741080031711856
gene-BTH_RS15090	291.157453913681	-0.103652624718663	0.196306274636585	-0.528014832488423	0.597489041209502	0.741080031711856
gene-BTH_RS18840	1455.61131829294	0.097092924792026	0.183960300218809	0.527792815496278	0.59764314422989	0.741080031711856
gene-BTH_RS14210	707.347825132531	-0.106481406081141	0.202031426063186	-0.52705367751965	0.598156313422615	0.741093695069318
MSTRG.2875.1	6.18551606326263	0.319565452648015	0.607624715332896	0.525925698188455	0.59893983297903	0.74185315303496
gene-BTH_RS16265	223.445907228757	0.101322926346016	0.19334430263853	0.524054368105411	0.600240725686163	0.743252820021295
gene-BTH_RS17235	1300.54739279965	0.0772076909240919	0.147729818056421	0.522627672191438	0.60123337969607	0.743927556582835
gene-BTH_RS17875	11.6370320212169	0.291095122768602	0.557083765780855	0.522533846163294	0.60129868711385	0.743927556582835
gene-BTH_RS22395	259.182660597626	-0.111225497720206	0.212676495704858	-0.52297973667273	0.600988354479205	0.743927556582835
gene-BTH_RS09195	88.0657302591453	0.153338885947393	0.293643035913505	0.522194866533666	0.601534659879709	0.743990811641269
gene-BTH_RS10645	104.435319157867	0.144457899834466	0.276755680439116	0.52196905084391	0.601691879391721	0.743990811641269
gene-BTH_RS02405	239.538782872701	-0.156154810010764	0.299595858182481	-0.521218186920499	0.60221478612615	0.744366700457688
gene-BTH_RS20215	196.868569101896	0.120222898699206	0.230844729095338	0.520795511209417	0.602509230416441	0.744366700457688
gene-BTH_RS26440	181.492197960857	0.119851785429711	0.230088596291343	0.52089407020395	0.602440566467747	0.744366700457688
gene-BTH_RS20465	441.624015793636	0.0979629712447702	0.188616175037736	0.519377361062331	0.603497615343051	0.745314458691214
MSTRG.3734.1	2.65299748657365	0.316736483175355	0.610043387994255	0.519203206540348	0.603619043211298	0.745314458691214
gene-BTH_RS27855	2011.79942300743	-0.0687257404825804	0.132641513994166	-0.518131453819225	0.604366555957654	0.746025686270089
gene-BTH_RS16355	238.11227009837	0.131088137250191	0.253970041114322	0.516155908291493	0.605745522465978	0.747284273596332
gene-BTH_RS18215	155.100727073959	-0.129026624008696	0.250084291107287	-0.515932541933805	0.60590152482167	0.747284273596332
gene-BTH_RS18965	1627.88861634117	0.0815577314648472	0.158060272561493	0.515991337627977	0.605860459298817	0.747284273596332
gene-BTH_RS17240	635.379504224701	-0.0808393880737973	0.156858276155009	-0.515365781489981	0.606297439340071	0.747348784678183
MSTRG.3235.1	109.844071887444	-0.16173962737561	0.313808965184522	-0.515407924309956	0.606267996193511	0.747348784678183
gene-BTH_RS17680	7800.96560118562	0.107857570248485	0.209918646811836	0.513806524034834	0.607387266196402	0.748480058910581
gene-BTH_RS10155	1691.5754341256	-0.0848819159238613	0.165289707300293	-0.513534189818914	0.60757770103364	0.74850269031332
gene-BTH_RS11520	116.582218828713	-0.143041056418094	0.278744021844315	-0.513162777345538	0.607837461141605	0.748610689684593
gene-BTH_RS19985	689.337930289333	0.0972697389979577	0.18970302633888	0.512747428837523	0.608128008073648	0.74875653414106
MSTRG.4352.1	14.6532460333157	-0.284194832065377	0.555534529076963	-0.511570059448106	0.608951944366933	0.749558844933831
gene-BTH_RS15415	734.90986152771	-0.0774785301355931	0.151879777510587	-0.510130653372813	0.609959931214008	0.750587185510873
gene-BTH_RS28780	70.2644913069117	-0.176905590399928	0.347082180091676	-0.509693670683991	0.610266087899688	0.750751550442207
gene-BTH_RS03405	16792.2794992281	0.117344193410121	0.231107349943859	0.507747561635864	0.611630388909826	0.752217187378497
gene-BTH_RS04920	276.445576494403	-0.0919353942052012	0.181410928079168	-0.506779801959231	0.6123093298787	0.752839340014795
gene-BTH_RS02550	5.26621790828777	-0.311167524110797	0.614868870327606	-0.506071357857172	0.61280655672724	0.753237785183242
gene-BTH_RS03635	161.625697301943	0.12563822996482	0.249141056594263	0.504285530784383	0.614060743750069	0.754467904309084
gene-BTH_RS10275	492.942327048453	0.110694461319039	0.219672978023157	0.503905679775369	0.614327659094891	0.754467904309084
gene-BTH_RS24295	79.5896676834153	0.163089733824918	0.323606467705039	0.503975507601941	0.614278588342744	0.754467904309084
gene-BTH_RS20135	567.715670927549	0.0777378210877109	0.154654578229558	0.502654509020242	0.615207198324828	0.755334832828959
gene-BTH_RS00040	89.961468443424	-0.183597097845992	0.365629205756526	-0.502140132558912	0.615568951635594	0.75556572788229
gene-BTH_RS03205	309.606060254114	-0.106938366102224	0.213474400292464	-0.50094234229358	0.616411701749158	0.756224193707278
gene-BTH_RS35125	59.3299338250285	0.165165476799384	0.329922981648912	0.500618283618524	0.616639792317215	0.756224193707278
gene-BTH_RS13770	111.696926858573	0.138523774750887	0.276968529187054	0.500142652154294	0.6169746352798	0.756224193707278
gene-BTH_RS17600	8913.07625439016	0.0942143387786218	0.188290109407397	0.500367964494477	0.616816006210835	0.756224193707278
gene-BTH_RS25600	617.335751373435	0.083967929467296	0.167861327075464	0.500222004259191	0.616918766124753	0.756224193707278
rna-BTH_RS17800	2973.59135807063	-0.0970236310677493	0.194317794832413	-0.499303891089472	0.6175653143441	0.756734962646996
gene-BTH_RS14695	375.353451846475	0.0900229974449708	0.180706532079155	0.498172348332921	0.618362570480728	0.75749850227856
gene-BTH_RS14175	85.3950840695647	0.159615722676428	0.320704682183821	0.497703125472113	0.618693304830368	0.757690280408812
gene-BTH_RS16025	16.1277090303025	0.287256413956694	0.57786276031418	0.497101446371997	0.619117514724418	0.757996394329079
gene-BTH_RS34880	13.7010484804814	-0.289444008426841	0.583594513240419	-0.495967665665151	0.619917224122854	0.758761937235345
gene-BTH_RS23630	170.220825963199	0.114776240614403	0.231643689647234	0.495486152846185	0.62025699411998	0.758964254408415
gene-BTH_RS04305	796.48173115632	-0.117022213538817	0.236316885271454	-0.495191925893891	0.620464649458464	0.759004843966343
gene-BTH_RS15795	18.6164377366817	0.254901182285729	0.515461620802696	0.494510496996434	0.620945694874309	0.759379750549127
gene-BTH_RS22320	3018.85946626666	0.1086243399532	0.220040279185108	0.493656617576911	0.621548708222318	0.759903564015481
gene-BTH_RS24690	30.8564193385929	-0.218128767638423	0.442627366300418	-0.492804521920082	0.622150715311203	0.760425853218244
gene-BTH_RS23480	403.600339614069	-0.0802964720606029	0.16341102396239	-0.491377326410264	0.623159597708546	0.761445014053982
gene-BTH_RS06735	24.9299657310371	-0.227753015320108	0.464226487182597	-0.490607540949133	0.623704051839291	0.761896272255242
gene-BTH_RS15475	3476.30019623207	0.0938536020925959	0.191455869710768	0.49021010551612	0.623985230627403	0.762025758907693
gene-BTH_RS20495	97.1119819466221	0.145595093282252	0.297566778611412	0.489285443629386	0.624639625088894	0.762479735355528
gene-BTH_RS20890	132.850712332172	0.117376363406469	0.239940474643807	0.489189510776432	0.624707534898185	0.762479735355528
gene-BTH_RS15200	1094.73662453878	0.0882957370895148	0.180940439843046	0.487982328141269	0.625562358405762	0.76330890857365
MSTRG.3007.1	136.463806102755	0.160998736386242	0.330852110264082	0.486618435825406	0.626528756296986	0.764273721225993
gene-BTH_RS23395	2979.87016884512	0.0984263138019738	0.202379328377798	0.4863456885193	0.626722090825043	0.764295232713467
MSTRG.2408.1	78.5253196582988	0.166407613002124	0.344185890642268	0.483481797268328	0.628753681346327	0.766557879444093
gene-BTH_RS21150	15.1855273234238	0.24245588649912	0.503325344748721	0.48170808211568	0.630013333875008	0.76787839797038
rna-BTH_RS18015	274.344642032568	-0.170224336904025	0.353767822943372	-0.481175295954695	0.630391917025519	0.768124604778994
gene-BTH_RS26295	220.03080608508	0.101745578682524	0.21169236673215	0.480629416417555	0.630779904642134	0.768382129709685
gene-BTH_RS05560	365.302641655049	0.0913302732531987	0.19032572739624	0.479862993314917	0.631324816901898	0.768830614088258
MSTRG.3529.1	4.61446098591957	0.297707870976654	0.621215752088178	0.479234259556246	0.631771984329132	0.769159846580388
rna-BTH_RS16940	269.242027165877	0.172941955366417	0.361641433990784	0.478213885665612	0.632497980429651	0.769828263813369
gene-BTH_RS19450	136.151608306986	0.1119425440014	0.234265021592139	0.477845745987187	0.632759998852545	0.769931746855545
gene-BTH_RS33680	33.606860580451	-0.197867537037208	0.415206498118807	-0.476552120291215	0.633681084802752	0.770836890070462
gene-BTH_RS03450	7690.19360266573	0.114533606183409	0.240721389277411	0.47579322521863	0.634221696864412	0.770932053425292
gene-BTH_RS18410	1246.92703787354	0.0805588067963429	0.169326808655658	0.475759316766944	0.634245856696254	0.770932053425292
gene-BTH_RS19365	236.792431930148	0.100011153256652	0.210241750426192	0.4756959693016	0.634290992921637	0.770932053425292
gene-BTH_RS35525	10.7688661688902	-0.259355401217915	0.546059070922501	-0.474958507290732	0.634816548114629	0.770946136775458
gene-BTH_RS04615	112.80367737735	-0.143065429726221	0.30123245680423	-0.474933648398981	0.634834267110274	0.770946136775458
rna-BTH_RS12815	193.610288691327	-0.138239439536599	0.290897304015069	-0.475217328000532	0.634632077540253	0.770946136775458
gene-BTH_RS12645	953.499671895641	-0.100020543986059	0.211078241830851	-0.473855301799467	0.635603095490147	0.771271688097766
gene-BTH_RS22315	110.128690347903	-0.148147021017718	0.312425029327001	-0.474184226970686	0.635368540148829	0.771271688097766
gene-BTH_RS27115	112.56728897262	0.137363628959445	0.289911909052294	0.473811611977166	0.635634253294366	0.771271688097766
gene-BTH_RS08815	99.5106851689148	-0.153523015198288	0.324819694019578	-0.472640723530249	0.636469523436519	0.772069834620429
gene-BTH_RS17775	807.757484354882	-0.0738845456512706	0.15680436709035	-0.471189336255529	0.637505533151973	0.773110975525811
gene-BTH_RS10590	31.9194356777735	0.264056205706601	0.561025175325786	0.470667302146047	0.637878337903107	0.773132006095992
gene-BTH_RS15165	1997.2968568094	0.111954680866278	0.237790775035981	0.470811707684362	0.637775203153108	0.773132006095992
gene-BTH_RS18860	7201.04365029273	0.0937079467870782	0.199325476425185	0.47012528688098	0.638265508907114	0.773269637009351
gene-BTH_RS26260	452.969392299175	-0.079913400719781	0.170024663990473	-0.470010637540557	0.63834741758634	0.773269637009351
gene-BTH_RS11260	128.773242155439	-0.112399980960841	0.239416883025798	-0.469473913202392	0.638730927074445	0.773303515940393
gene-BTH_RS16625	199.846302731818	0.107869126666637	0.229665958042671	0.469678343216174	0.638584842831479	0.773303515940393
gene-BTH_RS20860	614.071963837739	0.0767160799850111	0.163644753309169	0.468796453498719	0.63921513518526	0.773674412369471
gene-BTH_RS21555	136.503668041478	0.119502451985811	0.255236708432748	0.468202449089717	0.639639820946381	0.773973079587415
gene-BTH_RS20410	652.281832767657	0.081336074326624	0.173969010501563	0.467531970735059	0.640119323964918	0.774337891893046
gene-BTH_RS06050	21.4843936042982	-0.219847250982325	0.47171166984272	-0.466062777407282	0.6411705658115	0.77495191491773
MSTRG.2621.1	43.5579773663454	0.188330791593277	0.404946728466268	0.465075473770532	0.641877409067491	0.77495191491773
gene-BTH_RS24590	5.58124228287313	-0.28262700492898	0.607825423717972	-0.464980558398159	0.641945379228261	0.77495191491773
gene-BTH_RS25455	47.3756145646749	-0.186048639656179	0.399558162394142	-0.465635937810356	0.641476114494432	0.77495191491773
gene-BTH_RS26445	2781.25342804587	-0.0949450567100599	0.203812682809722	-0.465844693279957	0.641326671473358	0.77495191491773
rna-BTH_RS26960	4.66887939890848	0.289865314766861	0.622391416617563	0.46572832951675	0.641409971701168	0.77495191491773
gene-BTH_RS27180	444.515951805456	-0.0894474979740265	0.192319467008453	-0.46509851220675	0.641860911389341	0.77495191491773
rna-BTH_RS27960	8.84748847932162	0.280618590438597	0.603699576532719	0.464831517772959	0.642052115255977	0.77495191491773
gene-BTH_RS25040	697.990769146292	0.106961515266644	0.230559229931373	0.463922070257096	0.642703579821894	0.775523043613104
gene-BTH_RS35395	114.494779401224	0.146134852999193	0.315315692857689	0.463455693165098	0.643037766404621	0.775711115879118
gene-BTH_RS23255	1259.70165418493	0.0990525460918949	0.214032031423906	0.46279309425286	0.64351268166037	0.776068801004328
gene-BTH_RS22280	451.192881496617	-0.0837182989648131	0.181124305403026	-0.462214603272203	0.643927431974694	0.776258049428285
gene-BTH_RS34130	365.301137206797	-0.109508658908581	0.236992518467376	-0.462076438601399	0.644026505836019	0.776258049428285
gene-BTH_RS28235	416.104385354084	-0.0759057435711185	0.164442940939203	-0.46159320149341	0.644373070831852	0.776460625517606
gene-BTH_RS25275	7343.79342653062	0.0807888837255908	0.175595094354118	0.460086222925261	0.645454332586615	0.777548143658758
gene-BTH_RS24835	199.458193016601	0.110924150829218	0.241804978191176	0.458733941951846	0.646425236814435	0.778502153970873
gene-BTH_RS29185	889.793758497831	-0.079167986603273	0.172823736314293	-0.458085146702881	0.646891269679863	0.778847778330308
gene-BTH_RS26880	814.377607062416	0.0799892671031705	0.175019841006453	0.457029709564307	0.647649691347014	0.779545145921281
gene-BTH_RS09215	81.6580114780701	-0.16558144280163	0.363451894567033	-0.455580078895671	0.648691971025194	0.780367830187941
rna-BTH_RS27920	362.961825205996	-0.150366373429511	0.329982696524209	-0.455679570514932	0.648620414851269	0.780367830187941
gene-BTH_RS04340	7.01393611944369	-0.274951303365595	0.605222188828164	-0.45429812131964	0.649614268069523	0.781261284518226
gene-BTH_RS23335	821.652681611387	0.0798552444099965	0.176000646616645	0.453721312649112	0.65002942510308	0.781544499502045
gene-BTH_RS10300	1526.49279477141	-0.0633271260649313	0.139734936009183	-0.453194654633611	0.650408581197024	0.78178428521886
gene-BTH_RS22520	2740.57318193205	0.0944271848238879	0.208591221180032	0.452690119410102	0.650771895348824	0.782004901869443
gene-BTH_RS10380	439.468050022497	-0.079586257994975	0.17609642877329	-0.451947030098128	0.651307142617496	0.782215922249064
gene-BTH_RS34415	37.4121601905304	0.179358620668862	0.396836747813111	0.45197079569186	0.651290021474863	0.782215922249064
gene-BTH_RS07375	134.392040362904	-0.134285053069517	0.297402561709022	-0.451526215167244	0.651610335383999	0.782364051592712
gene-BTH_RS21590	2232.3037691752	0.100411062187203	0.223192955854264	0.449884548564191	0.652793689449085	0.783568584189713
gene-BTH_RS22705	44.8104742674492	0.161613417204163	0.359618678735073	0.44940217725237	0.653141560976205	0.783769873171446
gene-BTH_RS03330	31.7248897387568	0.18942530602076	0.422185982273682	0.44867739331517	0.653664394894755	0.784180948094921
MSTRG.3179.1	11.1094101215481	0.254603500278215	0.568009276078252	0.448238278846593	0.653981239532859	0.784344745510873
gene-BTH_RS00465	8.07953519442372	0.267631798300112	0.600370950676827	0.445777394789667	0.655758052160402	0.784357312914592
gene-BTH_RS06380	171.49397812016	0.102594245844733	0.229726014433025	0.44659393973269	0.655168272060927	0.784357312914592
gene-BTH_RS09440	233.54372249412	0.100463839949987	0.225022631529596	0.446461048238046	0.655264243267104	0.784357312914592
gene-BTH_RS10750	172.592960057045	0.119490290622781	0.267610494968984	0.44650823816394	0.655230163126954	0.784357312914592
gene-BTH_RS17750	501.992014115606	0.072597502595826	0.162508456028583	0.446730615562905	0.655069573835113	0.784357312914592
gene-BTH_RS18075	2207.07914609201	0.0704210310511126	0.157833983931032	0.446171536048182	0.65547334208037	0.784357312914592
gene-BTH_RS19370	87.3774793555491	0.146047644623979	0.326771919189497	0.446940621416386	0.654917933270358	0.784357312914592
gene-BTH_RS19765	1162.49924160111	0.0637908487808424	0.143145018363205	0.445637923766123	0.655858811797627	0.784357312914592
gene-BTH_RS21725	903.374901568072	0.078274493984491	0.175625954506919	0.445688646670997	0.655822166748038	0.784357312914592
gene-BTH_RS27440	927.954857099993	0.0790456941655028	0.17652813127626	0.447779589542017	0.654312275066599	0.784357312914592
gene-BTH_RS27585	1346.78248079707	-0.0682339898881532	0.153170658273776	-0.445476899147305	0.655975150432939	0.784357312914592
gene-BTH_RS28625	10.8938779601747	-0.256634413026058	0.576827269486736	-0.444906866581416	0.656387060162589	0.784634160952806
gene-BTH_RS14075	33.8750420827359	0.203630718439853	0.457965708741092	0.444641846656198	0.656578601097196	0.784647504058462
gene-BTH_RS03680	57.706737733718	0.14594626412581	0.3299994324741	0.442262167033468	0.658299504664884	0.785690190508644
gene-BTH_RS06675	2245.31449463271	-0.068230498527317	0.154135650117728	-0.442665265791547	0.65800786962389	0.785690190508644
gene-BTH_RS09035	138.166554973766	0.113473756498706	0.256318752187581	0.442705637142236	0.657978664509774	0.785690190508644
gene-BTH_RS13930	755.722293174069	0.0927064216515182	0.209351335531805	0.44282698945302	0.657890879950994	0.785690190508644
gene-BTH_RS18180	182.977565479979	0.0988308340633224	0.223504823155295	0.442186583126454	0.658354194115864	0.785690190508644
gene-BTH_RS14700	147.786753433318	-0.104802109592165	0.237675192893872	-0.440946774108488	0.659251530371669	0.785877280496547
gene-BTH_RS21620	245.645008891756	0.0860556257306019	0.194913472839836	0.441506810569812	0.658846132093483	0.785877280496547
gene-BTH_RS22980	52.0807710915856	-0.177392737959025	0.402070504986386	-0.441198087795651	0.659069597440507	0.785877280496547
gene-BTH_RS27385	2777.60952586942	0.0809888876898605	0.183764114899008	0.44072199697079	0.65941426984193	0.785877280496547
gene-BTH_RS29145	830.169522257557	0.0732880336853624	0.166188673123911	0.440992952815252	0.659218098815937	0.785877280496547
gene-BTH_RS09095	8.87755836203191	0.270091761897056	0.617862435110831	0.437138991705504	0.662010551094998	0.788323541544824
gene-BTH_RS35675	365.540938913801	0.0758092252099778	0.173363677902282	0.437284361564528	0.661905135259344	0.788323541544824
gene-BTH_RS22355	1218.16012731078	0.075101246880659	0.171799246747608	0.437145379286738	0.662005918960969	0.788323541544824
gene-BTH_RS26685	98.0746962795718	-0.12231333493465	0.280497533716107	-0.43605850402394	0.662794283114348	0.789040813231367
gene-BTH_RS18070	704.008019305248	0.0703122667750611	0.161562106263249	0.435202711832032	0.663415294359283	0.789564030222403
gene-BTH_RS08210	10.9310681906637	0.246549852515046	0.567171324468696	0.434700842370697	0.663779586876392	0.789566115651022
gene-BTH_RS27655	1238.29667423086	-0.0680565412331863	0.156559725266158	-0.434700183061047	0.66378006550248	0.789566115651022
gene-BTH_RS20965	4403.68295082587	0.0838476466015869	0.193462849102519	0.433404382239583	0.664721017453339	0.790469225238388
gene-BTH_RS34420	238.524859892855	0.0971826549243864	0.225218948590966	0.431503013100758	0.666102662221738	0.791304572182223
gene-BTH_RS14135	320.186835204052	-0.0813791087181691	0.188549773718371	-0.431605443556362	0.666028201392327	0.791304572182223
gene-BTH_RS23065	387.819155581765	-0.0821329172986558	0.190327677914207	-0.431534279190221	0.666079933291274	0.791304572182223
gene-BTH_RS24850	980.908097803631	0.0947881150550908	0.219703582761126	0.431436364686642	0.666151113409494	0.791304572182223
gene-BTH_RS01970	253.389783219932	-0.12088225438237	0.280684337489616	-0.430669753301937	0.666708514605831	0.791534399163582
gene-BTH_RS17385	78.4964148441036	0.13851395329441	0.321561909930367	0.430753609233147	0.666647534200246	0.791534399163582
gene-BTH_RS07100	184.355492674344	0.110634765717995	0.25726848814421	0.4300362104821	0.667169300906356	0.791734547818674
gene-BTH_RS15195	1021.63221415354	0.0886187195492491	0.206120011007623	0.429937486981659	0.667241115472013	0.791734547818674
gene-BTH_RS11250	147.634118171667	-0.116783583510917	0.272268747778966	-0.428927610912308	0.667975905920412	0.792238414868757
gene-BTH_RS16295	28.1597338083997	-0.209251244276834	0.488216880323287	-0.428603050632481	0.668212125092751	0.792238414868757
gene-BTH_RS18430	313.418798782755	0.0799739870204101	0.186492935083488	0.428831188616383	0.668046079882912	0.792238414868757
gene-BTH_RS26290	367.634056231514	-0.0944009400174499	0.220503650122039	-0.428115090000564	0.668567330993338	0.792443566708725
gene-BTH_RS13555	476.770449630144	0.101190246049844	0.236592701849541	0.427698087298548	0.668870942613256	0.792587469454553
gene-BTH_RS05800	11.4516401146325	0.231731443468843	0.543179067911092	0.426620717105346	0.669655605651314	0.793085185021295
gene-BTH_RS14570	125.795245066305	-0.109188368984255	0.255828744522712	-0.426802583063773	0.669523124927573	0.793085185021295
gene-BTH_RS20680	2731.58342659436	0.0850990422982236	0.200345270544522	0.424761922589593	0.671010238080265	0.794473199686759
gene-BTH_RS09325	34.0861215559503	0.161262372343243	0.380423322498328	0.423902433962766	0.671636969014031	0.794998861281914
gene-BTH_RS34575	7.08210919692402	-0.262627765771807	0.620397568625618	-0.423321719899085	0.672060549493645	0.795283838492208
gene-BTH_RS17120	89.1999519006931	-0.122839117614763	0.290921897774708	-0.422240878236983	0.672849206831591	0.796000557442867
gene-BTH_RS26695	12.3473107268041	0.240845045895518	0.57423235495318	0.419420890895559	0.674908559004289	0.798219747598874
gene-BTH_RS19360	291.841102771806	0.0773056339814295	0.184998380640778	0.41787194954716	0.676040742254933	0.79934145931203
gene-BTH_RS22620	5006.60906458435	0.0866859882926215	0.2075782962747	0.417606223041282	0.67623504612599	0.799353926806537
gene-BTH_RS16015	20.760581931032	0.231393993614088	0.55511185753781	0.416842102131331	0.676793904822462	0.799582940796361
gene-BTH_RS25240	2828.40854210283	0.0897940245008526	0.215416729970334	0.416838675961791	0.676796411037288	0.799582940796361
MSTRG.629.1	51.348401238047	-0.149583920991351	0.359140004721599	-0.416505872430744	0.677039871137721	0.799653391107545
gene-BTH_RS02805	215.222447767973	0.101585479923951	0.244494070999288	0.41549261096089	0.67778132320216	0.79969257813067
gene-BTH_RS34300	12.6987604863139	0.223081208433557	0.5395012488719	0.413495258630116	0.679243795513607	0.79969257813067
gene-BTH_RS07595	1290.94435856625	-0.0668830522280724	0.161769323964063	-0.413447065173682	0.679279097975362	0.79969257813067
gene-BTH_RS08320	31.2908500666018	-0.212046392247488	0.511005879458791	-0.4149588111825	0.678172055733867	0.79969257813067
gene-BTH_RS11285	188.122568677975	-0.112064260321614	0.270942483187412	-0.413609039834845	0.679160451790031	0.79969257813067
gene-BTH_RS12520	115.135239822431	-0.117996046147634	0.284832287936736	-0.414264994331828	0.678680047448434	0.79969257813067
gene-BTH_RS13635	434.231155023992	0.080030052339511	0.193323793368462	0.413968973736095	0.678896829231196	0.79969257813067
gene-BTH_RS13900	708.883204755116	-0.0711268296054461	0.171757147083989	-0.414112779660139	0.678791513967427	0.79969257813067
gene-BTH_RS14675	1245.15740019558	0.084472522780398	0.203376819652603	0.415349806947957	0.67788584487103	0.79969257813067
gene-BTH_RS15095	196.553030472224	-0.0868111506489574	0.209521599286175	-0.414330316992219	0.678632213941811	0.79969257813067
gene-BTH_RS15220	333.214134477238	0.0726787722439325	0.175663259832955	0.413739175243847	0.67906513356516	0.79969257813067
gene-BTH_RS25250	869.752137641183	-0.0870656648362426	0.209778275803448	-0.415036611883581	0.678115101527986	0.79969257813067
MSTRG.850.1	57.7021518177994	0.136043897131427	0.3295914646626	0.412765231255894	0.679778627343948	0.80006413120838
MSTRG.900.3	21.820247887509	-0.191073030606522	0.464205726639808	-0.411612825179086	0.680623229740759	0.800270523397927
gene-BTH_RS14285	689.976595865606	0.0670065669176939	0.162826239449902	0.411521921430299	0.680689870476398	0.800270523397927
gene-BTH_RS14985	196.395374155694	-0.0929708634941713	0.225737643296835	-0.411853610839371	0.68044672394989	0.800270523397927
gene-BTH_RS23115	335.942901792025	-0.0797282599951889	0.193407828902752	-0.41222871094467	0.680171795021743	0.800270523397927
gene-BTH_RS03895	10.2963600271541	-0.244232702022302	0.594210653628643	-0.411020402496751	0.681057574383795	0.800406794052926
gene-BTH_RS20665	224.024596067988	-0.0791011140161772	0.192524809422094	-0.410861926073927	0.681173781973317	0.800406794052926
gene-BTH_RS03695	1100.86297182663	0.0669920780821263	0.163297566405072	0.410245416125475	0.681625928334444	0.800721789968899
gene-BTH_RS05050	50.7796914742115	-0.169161643276002	0.412724008896044	-0.409866253549138	0.68190406172561	0.800832253916415
gene-BTH_RS06760	825.44740196975	0.0920987537714687	0.226670587851713	0.406311002430184	0.684514102238151	0.803502570986606
gene-BTH_RS20970	2201.28918897844	0.0749494568314375	0.18448375640142	0.406265886457529	0.684547247833647	0.803502570986606
gene-BTH_RS11445	107.173347684459	-0.129156789159285	0.318928044178379	-0.404971564956033	0.685498412514439	0.803750461812665
gene-BTH_RS12415	21.1274892107365	0.218407226456582	0.539454754122986	0.404866626510051	0.685575551041594	0.803750461812665
MSTRG.2345.1	21.3837376583855	-0.202769986109712	0.500330857403129	-0.405271797870213	0.685277734341338	0.803750461812665
gene-BTH_RS24935	117.844706026106	0.107541628955815	0.265717656372942	0.404721426584004	0.685682290525701	0.803750461812665
gene-BTH_RS28735	1012.8809181982	-0.0700237168585181	0.172917931349385	-0.404953473084486	0.685511711318062	0.803750461812665
gene-BTH_RS14740	643.142229566907	-0.0791073727292716	0.195610280486457	-0.404413165466262	0.685908920474145	0.803799516180638
gene-BTH_RS10745	131.516342422585	0.10526980767785	0.26070979959833	0.403781552669048	0.686373363010293	0.804124120744385
gene-BTH_RS10950	56.2979882949071	-0.149931366909421	0.371713684182617	-0.403351755099127	0.686689472913812	0.804124120744385
gene-BTH_RS22920	566.328910264535	-0.0699919112316294	0.173555579228498	-0.403282404073454	0.686740484727676	0.804124120744385
gene-BTH_RS12610	380.685759012647	0.0807744349922765	0.200654606778491	0.402554600111653	0.687275913943543	0.804318059094541
gene-BTH_RS20980	7113.80620866338	0.0746956271262334	0.185439388215251	0.402803459637872	0.687092815851709	0.804318059094541
gene-BTH_RS16685	139.659694987657	-0.103685964751066	0.258236633601898	-0.401515320676425	0.688040760670013	0.804996586582721
gene-BTH_RS12365	265.096929474537	-0.0805345433391663	0.201607275293303	-0.399462485775887	0.689552460201264	0.805898227263702
gene-BTH_RS18295	11808.8006128223	0.0709338136531001	0.177311789349447	0.4000513102561	0.689118725096764	0.805898227263702
gene-BTH_RS21940	1276.6225141585	0.0891236353187897	0.22307931135702	0.399515467286676	0.689513429212054	0.805898227263702
gene-BTH_RS31930	142.762415448021	0.130898754951857	0.327436917053192	0.399767857973672	0.689327506669693	0.805898227263702
gene-BTH_RS20170	1230.59038617176	0.0829916952337662	0.207923546651882	0.399145246270331	0.689786184890685	0.805954849388793
gene-BTH_RS16415	1384.16173771553	-0.0549928525834044	0.138039441823457	-0.398385069201717	0.690346362107775	0.80639276991644
MSTRG.1367.1	42.666825078247	0.15055752320449	0.379636955658562	0.396582895738681	0.691675067649241	0.807727931348778
gene-BTH_RS14705	330.715430798733	0.0761366299055943	0.192367545360297	0.395787292305432	0.692261952228916	0.807979472013894
gene-BTH_RS15760	89.2713574321192	0.120149448133768	0.303457658215023	0.395934803031509	0.692153125545715	0.807979472013894
gene-BTH_RS18890	1550.9526615018	0.0780114557699151	0.197269917292234	0.395455408714698	0.692506824025443	0.808048466875182
gene-BTH_RS23485	287.502541793813	-0.0807896699490077	0.204492490958643	-0.395074017487256	0.692788263450322	0.808160082061921
gene-BTH_RS23400	2528.89975814934	0.0812417022888492	0.205849603556304	0.394665332773536	0.693089890584337	0.808295180708276
gene-BTH_RS03690	5326.42195737032	0.0721877204511401	0.183312779224931	0.393795352164528	0.693732136169637	0.808681756654651
gene-BTH_RS15300	7.50680169241987	0.24476574075958	0.622482250986988	0.393209188489291	0.694164983758269	0.808681756654651
gene-BTH_RS17335	352.381408622402	-0.0899996022384073	0.228707445811375	-0.393514089229232	0.69393981993618	0.808681756654651
rna-BTH_RS31980	482.807183122513	-0.0842901113586917	0.21422912566763	-0.393457757417473	0.693981417952312	0.808681756654651
gene-BTH_RS01670	17.7000749229934	-0.190243034830348	0.485735855945735	-0.391659443093699	0.695309860375267	0.809581877042937
gene-BTH_RS15170	1033.60970675288	0.0789258293611622	0.201437807262983	0.391812393281875	0.695196837251529	0.809581877042937
gene-BTH_RS23230	277.804852629694	-0.0738809943831137	0.188795882293384	-0.391327360987167	0.695555277017986	0.80965091116624
gene-BTH_RS22925	382.988411318866	-0.0705355570233911	0.180496966709767	-0.390785276390875	0.695955959054257	0.809900594405035
gene-BTH_RS01360	42.630888162671	0.170679299181429	0.437987241179068	0.389690116821571	0.696765705551319	0.810192680873626
gene-BTH_RS26200	127.870355443864	0.122534227684589	0.314124020560726	0.390082323108749	0.696475673640615	0.810192680873626
gene-BTH_RS28720	7.01782274134135	-0.236432064013053	0.606716092449434	-0.389691433860819	0.696764731542167	0.810192680873626
gene-BTH_RS05930	130.622047223312	0.106879190567167	0.274527439069929	0.389320611918659	0.69703899061438	0.810293856005492
gene-BTH_RS08070	152.086009011137	0.102649605311724	0.263995616132353	0.388830719295965	0.697401374798737	0.810498525347183
gene-BTH_RS14195	164.465595885437	-0.0978782419547887	0.253893279533379	-0.385509384630721	0.699860054850944	0.812921559039148
gene-BTH_RS16630	92.3683389441372	0.115097025513406	0.298372216824214	0.385749808539364	0.699681970520662	0.812921559039148
gene-BTH_RS10770	19.8673433911841	0.198439194802188	0.515909478285907	0.384639560144341	0.700504480141604	0.813452880036299
gene-BTH_RS11530	37.4323874670434	-0.167651290477852	0.436608043768324	-0.383985803447112	0.700988969648322	0.813798243386763
gene-BTH_RS28975	2303.19013018174	-0.0632315935927734	0.164801483567342	-0.383683400319242	0.701213117330722	0.813841264778186
gene-BTH_RS14615	1195.4537362522	-0.0815406077437441	0.212952264568877	-0.382905567634247	0.701789783039838	0.813859119227751
gene-BTH_RS17280	175.755000129338	-0.106118301801918	0.277105332204701	-0.382952940521286	0.701754657050196	0.813859119227751
gene-BTH_RS27755	3800.41224718198	0.0757587419893652	0.197610099376405	0.383374848899099	0.701441849066335	0.813859119227751
gene-BTH_RS16745	184.741030526837	0.0781252237737765	0.204227267694865	0.382540611033894	0.702060411965465	0.813955968030323
gene-BTH_RS25815	194.008408510632	0.110360295322125	0.288931366916421	0.381960243707458	0.702490853783624	0.814237999989013
gene-BTH_RS11545	22.4349916482307	-0.170743060757421	0.447683551108481	-0.381392303413103	0.70291217121553	0.814509308680755
gene-BTH_RS07725	433.600587535157	-0.0643861856315089	0.168936341428595	-0.381126909029951	0.70310908109494	0.814520506727827
gene-BTH_RS05975	12.9186782672879	0.213626236355482	0.562004739989447	0.380114652341709	0.703860309683001	0.814956706713084
gene-BTH_RS07150	8.26594676449393	0.236727976639134	0.622479104986328	0.380298671461965	0.703723721592257	0.814956706713084
gene-BTH_RS02635	109.843933405651	0.118337810895464	0.311677762924553	0.379679993160467	0.704182973150991	0.815113340395639
gene-BTH_RS04265	32.8544258547086	-0.1468832749101	0.387771104731851	-0.378788602651742	0.704844851585568	0.815662437988088
gene-BTH_RS21905	326.983978536282	0.0764826338523249	0.20205068470757	0.378531921151462	0.705035485110219	0.815666053252514
gene-BTH_RS21480	70.4227862516078	-0.124432914721521	0.329921845735726	-0.377158761475875	0.706055624674756	0.816412006202868
gene-BTH_RS26760	30.5305840609129	-0.159452308696179	0.422699153069742	-0.377224102622865	0.706007069832892	0.816412006202868
gene-BTH_RS21520	164.304116371239	0.0886563695638879	0.235899951033795	0.375821907445784	0.707049299972856	0.817343729705534
gene-BTH_RS07720	106.460742963307	0.0944740105479007	0.252355783252338	0.37436831972039	0.708130309328642	0.818375888836236
gene-BTH_RS34395	15.275260041765	0.20058507495339	0.536509819648021	0.373870277127424	0.708500830881408	0.818586617353021
rna-BTH_RS27915	632.798510331862	-0.104686358817491	0.280274099392569	-0.373514209997909	0.708765771302725	0.818675280182383
gene-BTH_RS35760	239.519925665562	0.0981320753791107	0.263325609778893	0.372664381035742	0.709398249607013	0.819188315845635
gene-BTH_RS03190	6723.98209987845	0.0750821865858463	0.20207710493116	0.371552168720073	0.710226307198396	0.819709322449727
gene-BTH_RS25025	80.4152167925847	-0.124000876996545	0.333605799163417	-0.371698805319038	0.710117114597304	0.819709322449727
gene-BTH_RS14390	854.973346496725	-0.0602967821530649	0.162680543306807	-0.370645320745876	0.710901721512203	0.820053696255127
gene-BTH_RS26940	58.9130282896871	0.154399051717211	0.416323918660291	0.370862794081251	0.710739728110019	0.820053696255127
gene-BTH_RS23855	201.120660731032	0.0913099430759924	0.247111538661572	0.369509022405646	0.711748349369713	0.820812651049378
gene-BTH_RS06335	2.61870365715594	-0.227454047860815	0.616139781524244	-0.369159815160978	0.712008606539503	0.820895159938203
gene-BTH_RS09610	12.774843862422	-0.197002737833361	0.534060863336759	-0.368876941482862	0.71221945122898	0.820920671130383
gene-BTH_RS34495	35.5211416707886	-0.181348465182291	0.492144747171639	-0.368486032258807	0.712510858251281	0.82103900222333
gene-BTH_RS18435	15587.1983080265	0.0571306179276825	0.155430287973904	0.3675642545118	0.713198172426803	0.82161336071414
gene-BTH_RS14405	100.879789932023	0.0972873807783853	0.264960050874759	0.367177544151254	0.713486588444458	0.821728000988455
gene-BTH_RS09130	266.16886243477	0.0865646932055268	0.236193690128818	0.366498754299131	0.713992941974042	0.822093514448672
gene-BTH_RS12265	792.000790222419	0.0790109163376804	0.215952443648522	0.3658718327183	0.714460715500492	0.822414425093184
gene-BTH_RS24670	1449.81433023614	-0.0901097421320014	0.246523059858618	-0.36552256889753	0.714721363019238	0.822496806649123
gene-BTH_RS23885	51.4583942208619	0.127894174654775	0.351510998421538	0.363841174896617	0.715976613731277	0.823723424948705
gene-BTH_RS10585	46.6478173792034	0.166376750633015	0.457800303549987	0.363426475130871	0.716286327537139	0.823861852138169
gene-BTH_RS05925	104.477034744252	-0.105538325690451	0.290732778733953	-0.363008003947943	0.71659890530302	0.82400349935716
gene-BTH_RS35595	26.5952678592839	0.177755483192237	0.490790550767349	0.362181959115385	0.717216060243269	0.824495206675005
gene-BTH_RS07980	67.6614316143311	-0.117591596059853	0.326291444063812	-0.360388230213158	0.718556827070766	0.825288797708336
gene-BTH_RS18780	494.654762870199	-0.0618012860900733	0.171502797123052	-0.360351476050453	0.718584308951962	0.825288797708336
gene-BTH_RS35490	28.1482109755724	0.169710637155713	0.471106896071043	0.360238066076029	0.718669110333227	0.825288797708336
gene-BTH_RS27550	3734.77926413855	-0.0414755601690052	0.115213256308484	-0.35998947949144	0.718855001038365	0.825288797708336
gene-BTH_RS28695	3805.95449557854	0.061759972256695	0.171436494606104	0.360249854609988	0.718660295391964	0.825288797708336
gene-BTH_RS17145	323.605609818427	-0.0796662470181527	0.221877044485518	-0.35905583294063	0.719553321622501	0.825872545925562
gene-BTH_RS27840	35223.0617835142	0.0875352178690493	0.244347655363765	0.358240465777067	0.720163366726204	0.82635469408045
gene-BTH_RS09750	4.26638064381582	-0.222459550324856	0.622430275340141	-0.357404771487519	0.720788805206751	0.826854246479263
gene-BTH_RS10330	849.881818403799	-0.0555874449590436	0.155764659426419	-0.356868144312944	0.721190518643678	0.826878955218766
gene-BTH_RS21345	111.726122661334	-0.138908855796964	0.38908851900359	-0.357010934562379	0.721083619854048	0.826878955218766
gene-BTH_RS01485	49.8362937151351	-0.164907960904978	0.463113438879964	-0.356085457817435	0.721776567405351	0.827332824298624
gene-BTH_RS11240	236.58894371416	0.0737584690608601	0.207750098309322	0.355034580782917	0.722563684882174	0.827798796217397
gene-BTH_RS13000	304.179520116777	-0.0708610815924971	0.199528400561892	-0.355142833766748	0.722482588724476	0.827798796217397
gene-BTH_RS05530	6.98982929732252	-0.216537200127319	0.610648911206726	-0.354601795161498	0.722887931104304	0.827934798344386
gene-BTH_RS21935	348.354116068132	0.0662842660514043	0.187049203523781	0.354368074296435	0.723063057220764	0.827934798344386
gene-BTH_RS14970	319.470297124129	0.0607993292785174	0.171967408502714	0.353551465407807	0.723675052841889	0.828417494700584
gene-BTH_RS20710	52.9206188449558	-0.120098367650794	0.340057193604159	-0.353171083893004	0.723960184571389	0.828525862374518
gene-BTH_RS27145	522.06783614126	0.087454693272336	0.248713544732746	0.351628188831895	0.725117122004646	0.829631636170491
gene-BTH_RS20815	130.688613495279	-0.0966812983373161	0.275688054418892	-0.350690923265085	0.72582023580921	0.830217729626627
gene-BTH_RS12400	859.048558677539	0.0631152086625293	0.180433547748518	0.349797526292045	0.726490655640802	0.830489050251739
gene-BTH_RS13260	825.378318593798	0.0791288154085054	0.226333482795522	0.349611619240594	0.72663018971451	0.830489050251739
gene-BTH_RS19530	3.00622092057175	-0.215905067268929	0.617209894867939	-0.349808175572306	0.726482663010228	0.830489050251739
gene-BTH_RS02765	566.969970486778	0.0609651324688429	0.174598653753267	0.349172981339223	0.726959448952284	0.830647124492366
MSTRG.2872.1	76.3359329063888	-0.121209671315667	0.347682444072027	-0.348621776515573	0.72737327694732	0.830895787981446
gene-BTH_RS23450	110.497169919495	0.101620463206837	0.291699072996257	0.34837430973989	0.72755909343019	0.830895787981446
gene-BTH_RS33440	45.6661653778918	0.128738397140907	0.372204954955876	0.345880395805502	0.729432602269862	0.832598220906297
gene-BTH_RS17630	1708.03554838378	0.0638686629069119	0.184639141342321	0.345910744832263	0.729409793360425	0.832598220906297
gene-BTH_RS18715	656.096457743034	0.0760842814057281	0.220163697923109	0.345580502705311	0.729658000770762	0.832637015569993
gene-BTH_RS21805	186.924114799133	0.0849349230543065	0.247311574712479	0.343432866630082	0.731272837390721	0.834260908116873
gene-BTH_RS07770	211075.632673947	0.0721992914653844	0.210646057029805	0.342751687277815	0.731785274562861	0.834526390292492
gene-BTH_RS35690	195.335142740409	-0.0755438406641849	0.220492882800495	-0.342613510716071	0.731889236543875	0.834526390292492
gene-BTH_RS02105	53.6661494400274	-0.141061211646538	0.414019745609681	-0.340711314236504	0.733320920255666	0.835283059207161
gene-BTH_RS12420	14.9034394862727	-0.186404999959758	0.545938951393695	-0.341439275369335	0.732772912134061	0.835283059207161
gene-BTH_RS12955	1923.14578737426	0.0693913103397818	0.203587105350834	0.340843346734571	0.733221516276771	0.835283059207161
gene-BTH_RS16585	2973.91231449599	0.0693968545729593	0.203481299036706	0.341047825532315	0.733067578112502	0.835283059207161
gene-BTH_RS05545	7.61784992901269	-0.202104511367706	0.595398216301562	-0.339444267440235	0.734275075368815	0.835847447897043
gene-BTH_RS14500	5570.51271971627	-0.0721355074228069	0.212538102065597	-0.33940035561503	0.734308150727191	0.835847447897043
gene-BTH_RS23405	2920.47582152175	0.0756133026466144	0.222858828314728	0.339287894576162	0.734392861117816	0.835847447897043
gene-BTH_RS07315	37.6745193205385	-0.136641504465265	0.404130395205794	-0.338112416403828	0.735278474062106	0.836163965376195
gene-BTH_RS07920	79.9304483283174	0.101480940911043	0.300137948067661	0.338114328975709	0.735277032831708	0.836163965376195
gene-BTH_RS31510	4171.84131595664	0.0774738720039386	0.228832244106929	0.33856186791463	0.734939812724653	0.836163965376195
gene-BTH_RS33975	96.2313768969452	0.0988655939701564	0.292589814200191	0.337898276604093	0.73543984632858	0.836163965376195
gene-BTH_RS22330	358.538841689637	0.0565636986695987	0.167812723582082	0.337064421947313	0.736068336824364	0.836659855026387
gene-BTH_RS22700	73.1921477050055	-0.0957823419784387	0.285701595363151	-0.335253087602438	0.737434178639155	0.837337164468892
gene-BTH_RS23935	164.405009400944	-0.0842466647293719	0.251012806905498	-0.335626957715705	0.737152192735077	0.837337164468892
gene-BTH_RS27015	967.929697942934	0.0552307798828501	0.164422914572336	0.33590682920629	0.736941127031428	0.837337164468892
gene-BTH_RS27750	9236.98531961143	0.0702859045217275	0.20952486462185	0.335453764156246	0.737282816973076	0.837337164468892
gene-BTH_RS18875	529.651860139396	0.0559431817419173	0.167040528963026	0.33490783398022	0.737694612378458	0.837414291191622
gene-BTH_RS13575	132.658990953898	0.103149008115588	0.309992658915661	0.332746615601796	0.739325558506662	0.839046746544217
gene-BTH_RS27365	1052.01926597111	0.0519519985391857	0.156907708926196	0.331099082987836	0.740569644279298	0.840239424260549
gene-BTH_RS23955	69.4098378440885	-0.111808465376686	0.338327470385019	-0.330474097327796	0.741041761571094	0.840555844285335
MSTRG.602.1	109.201174246688	-0.105576791284112	0.320230104844354	-0.329690399768713	0.741633908419342	0.841008212102226
rna-BTH_RS01760	118.44190815769	-0.128731653455939	0.392831007248227	-0.327702373490579	0.743136708622198	0.842053837589623
gene-BTH_RS03675	122.706633060843	-0.0870091740919106	0.265127627374906	-0.328178451085653	0.742776739938576	0.842053837589623
gene-BTH_RS22660	351.869464633006	0.0661246459549971	0.201631875301751	0.327947383597156	0.742951446160664	0.842053837589623
gene-BTH_RS06105	7.15941589112713	-0.199521195706423	0.617840263059447	-0.322933301106707	0.74674575569789	0.845482570870854
gene-BTH_RS20420	231.811956324971	-0.0710747684202463	0.21997929995649	-0.323097529787141	0.746621380968901	0.845482570870854
gene-BTH_RS26370	479.079344403346	0.0563262624461814	0.17439556987188	0.32297989270921	0.746710469973052	0.845482570870854
gene-BTH_RS18730	4056.32728800496	0.052463859329909	0.162794261401973	0.322270938042249	0.747247447709408	0.845830444323686
gene-BTH_RS21705	1519.67975295709	-0.0543664632742144	0.169577065159565	-0.320600331318731	0.748513286499236	0.846822573802777
gene-BTH_RS26510	72.1657407915929	0.108088424330429	0.337037468199482	0.320701508078191	0.748436604328892	0.846822573802777
gene-BTH_RS24540	158.018045611898	-0.108318247947028	0.33865872064007	-0.31984485071669	0.749085946101509	0.847250095044609
gene-BTH_RS03460	15549.0799006295	0.0691737000692752	0.218199268525344	0.317020769761382	0.75122784250728	0.848373704158307
gene-BTH_RS04320	188.749912248377	-0.096276524859634	0.303688336199057	-0.317024111181301	0.751225307103578	0.848373704158307
gene-BTH_RS05540	4.93028390380048	-0.195216510909508	0.615420894310582	-0.317208129776284	0.75108568156128	0.848373704158307
gene-BTH_RS05680	15.6118236176412	-0.158585481385376	0.49925419706287	-0.317644763566014	0.75075441489157	0.848373704158307
gene-BTH_RS12055	135.820969699538	0.11952716930356	0.37763755545701	0.316512930391446	0.751613212239044	0.848373704158307
gene-BTH_RS12295	196.887610765352	0.0703981450353472	0.221697920184399	0.31754084556496	0.750833251557233	0.848373704158307
MSTRG.2204.2	7.68825284895314	-0.185424222826832	0.585177481809952	-0.316868349501959	0.75134349885677	0.848373704158307
gene-BTH_RS16605	192.70002208715	0.0812906149871083	0.256860109250976	0.316478160910848	0.751639599040486	0.848373704158307
gene-BTH_RS28615	2981.81454912972	0.0589062930575185	0.186618732133326	0.315650483657954	0.752267814741822	0.848862514689215
gene-BTH_RS20620	940.24346937251	0.063724858717528	0.202319367129097	0.314971619483498	0.752783202306479	0.84922378890902
gene-BTH_RS14975	139.961535085551	-0.0740159110612577	0.236298353855565	-0.313230751943787	0.754105356447033	0.850494762910188
gene-BTH_RS33760	753.955332095245	-0.0565290898869712	0.180677423622979	-0.312873012872548	0.754377141571734	0.850580758381815
gene-BTH_RS11275	97.708860168039	-0.0966309699911012	0.309154544157273	-0.312565258435739	0.754610976211242	0.850623930168153
gene-BTH_RS26220	44.151741457595	0.123103402583893	0.395280880194625	0.311432727338797	0.755471677258995	0.851373522299645
gene-BTH_RS05330	265.735709991935	-0.0759417303019422	0.244807760842756	-0.310209652016387	0.756401531093965	0.851979974173679
gene-BTH_RS20775	483.887908229692	-0.0543083892531182	0.174951972924635	-0.31041884435629	0.756242465716812	0.851979974173679
gene-BTH_RS09085	3.00166761312431	0.185794244351665	0.599641929727972	0.309841982591095	0.75668112406542	0.852074266032766
gene-BTH_RS06770	170.300143260001	-0.0753500286476236	0.243754787971842	-0.30912225058048	0.75722853401518	0.852249449667796
MSTRG.4453.1	8.9847353315442	-0.178489406546876	0.577239471428029	-0.309212060819945	0.757160219963781	0.852249449667796
gene-BTH_RS04755	8.58614048523697	0.181532332345124	0.588587888187664	0.308420094922586	0.75776269321661	0.852630035047143
gene-BTH_RS22290	632.873019404822	0.0449151197500439	0.146026559151229	0.307581853678609	0.75840052989492	0.852906490445425
gene-BTH_RS26905	368.732415158594	0.0576598016791669	0.187325849604246	0.307804832066594	0.75823084453456	0.852906490445425
gene-BTH_RS06660	896.155966644027	0.057969098675563	0.189783713243935	0.305448226745641	0.760024795953691	0.853316842255257
gene-BTH_RS11080	151.203226227235	0.0693043356330159	0.226943762043798	0.305381099744178	0.760075914938876	0.853316842255257
MSTRG.1703.1	17.6781028911384	-0.153355886903868	0.502018328064727	-0.305478661496389	0.760001619432195	0.853316842255257
gene-BTH_RS16720	194.528107469688	0.0656187113859804	0.214932730740175	0.30529883075512	0.760138566376809	0.853316842255257
gene-BTH_RS17000	1371.29940151624	0.0518153547951583	0.169641291722057	0.305440699426254	0.760030528154112	0.853316842255257
gene-BTH_RS18540	967.112554118605	0.0503855829711231	0.164630928320634	0.306051745471498	0.7595652475963	0.853316842255257
gene-BTH_RS22655	896.917903771081	0.0520929792888168	0.170203742887433	0.3060624778579	0.75955707620567	0.853316842255257
gene-BTH_RS12195	1321.07350619389	0.0450103602661886	0.14760047321831	0.304947262598647	0.760406318650224	0.853368580873001
gene-BTH_RS19190	4375.30927669359	0.0435453580673835	0.143022252602008	0.304465614791834	0.760773185431149	0.853368580873001
gene-BTH_RS22495	520.842794452161	-0.0462662169193487	0.151937804777557	-0.304507604194258	0.760741200340954	0.853368580873001
gene-BTH_RS16635	4733.52641960177	0.0589879166733023	0.194446570330442	0.303363111897826	0.761613154327948	0.854090544296616
gene-BTH_RS35480	509.899857368321	-0.0578412798755165	0.190922613689545	-0.302956673165867	0.761922880588724	0.854217662515709
gene-BTH_RS24550	49.5320488954415	-0.126275952353342	0.417430227441815	-0.302507926000503	0.762264892252187	0.854380902163621
gene-BTH_RS17265	310.493770363289	-0.0578908529845844	0.191714212744862	-0.301964325731169	0.762679258183721	0.854564272444572
gene-BTH_RS19010	1267.6388452456	0.0507135806819903	0.168049364323346	0.301777878697664	0.762821395379833	0.854564272444572
gene-BTH_RS11255	961.673291675498	-0.0430596262032275	0.143074865055753	-0.300958705684945	0.76344598355227	0.855043776635524
MSTRG.4018.1	61.031735115872	-0.106720896489735	0.357872658875896	-0.298209136246824	0.765543549141861	0.857172313710964
gene-BTH_RS35515	8.9066133120026	-0.176992057438907	0.595019014507384	-0.297456136902514	0.766118290911217	0.857344559701117
gene-BTH_RS21605	479.530956273953	0.0559404269964302	0.188192228227027	0.297251525865065	0.766274486624582	0.857344559701117
rna-BTH_RS27900	620.769942060547	0.0776612522414307	0.261280749220157	0.297232966734924	0.766288654739757	0.857344559701117
gene-BTH_RS08170	219.946508269129	-0.062879030556528	0.211917545101981	-0.296714604381948	0.766684406221668	0.857566769623105
gene-BTH_RS04390	414.717614409547	0.0639197602867337	0.217027259567146	0.294524109156701	0.768357443512185	0.859217192616453
gene-BTH_RS19525	10.1775161223659	0.167494122874335	0.569233915313542	0.29424480581428	0.768570845142808	0.859234946381705
gene-BTH_RS07740	1181.47320189329	0.0521448236840477	0.177521771126259	0.293737626394909	0.768958400247888	0.859354990075307
MSTRG.1809.1	3.0516695152079	-0.180518467416892	0.614871640478062	-0.293587239243201	0.76907332789958	0.859354990075307
gene-BTH_RS07445	228.499740576685	0.0599192834545063	0.204740190761788	0.292660093905165	0.769781975389218	0.859925935527247
gene-BTH_RS00310	286.172973037469	-0.100039484780386	0.343280820919091	-0.291421712732285	0.770728810484527	0.86076259964254
gene-BTH_RS06690	953.207451526168	-0.0554608201319159	0.190937032482209	-0.290466544969916	0.7714593412617	0.861355701651439
gene-BTH_RS22865	1283.14239626408	0.044183694444682	0.152247534753651	0.290209588721256	0.771655900996703	0.861355701651439
gene-BTH_RS01765	101.053145585725	-0.0841727624269895	0.291241349311451	-0.289013777150771	0.772570834603404	0.861934632091513
gene-BTH_RS21130	728.890642077825	-0.0720200468003379	0.24916111928398	-0.28905010142555	0.772543037685138	0.861934632091513
gene-BTH_RS18680	677.589790017479	0.0591884940541244	0.204997105490929	0.288728437957109	0.772789198738033	0.861957183207806
gene-BTH_RS08605	84.1545062351297	-0.10270421647106	0.356225130139032	-0.288312664608965	0.773107413613017	0.862091066192418
MSTRG.883.1	23.2844197936033	-0.132339957314101	0.460070260739057	-0.287651623257523	0.773613424492421	0.862434237965666
gene-BTH_RS03855	64.712102869264	0.111661790787371	0.389149106140845	0.286938320107453	0.774159548425142	0.862600931262645
gene-BTH_RS24665	2443.83541488328	-0.0689252791569684	0.240038023316054	-0.287143170922615	0.774002697719375	0.862600931262645
gene-BTH_RS04300	365.739210946827	0.0666413241309487	0.232854284549038	0.286193248537432	0.77473011447196	0.863015620474527
gene-BTH_RS01745	33.2412341501479	-0.14452195941618	0.507744940103806	-0.284634957438735	0.775923826401228	0.863681843614469
gene-BTH_RS14955	436.89933118404	0.0561362683452794	0.196961887587967	0.285010816217975	0.775635855312359	0.863681843614469
gene-BTH_RS28790	758.974315174365	0.0459875857929787	0.161463261906856	0.284817643653873	0.775783854160464	0.863681843614469
gene-BTH_RS11955	4.51069446383065	0.174874857479362	0.616567470395958	0.28362647378568	0.776696646758455	0.864099849974241
gene-BTH_RS13910	3.64772979524681	-0.176609450600892	0.622469405261325	-0.283723905316675	0.776621973448972	0.864099849974241
gene-BTH_RS06425	89.4321444387409	0.0935010622639471	0.332464523621201	0.281236209041296	0.77852923412263	0.865917199803999
gene-BTH_RS20430	497.7813186353	0.0606482843699587	0.216911879071255	0.279598722899062	0.7797853870179	0.867092646607327
gene-BTH_RS08455	101.213189920751	0.071283954384599	0.255723115418832	0.278754442154545	0.780433278951185	0.86750674250091
gene-BTH_RS24080	80.9265788744731	0.0860317783563186	0.308818055299744	0.278584029916303	0.780564069974446	0.86750674250091
gene-BTH_RS28260	239.479554818939	0.0644999497734584	0.231735888646715	0.278333883241493	0.780756068250819	0.86750674250091
gene-BTH_RS28670	1404.76772558828	0.0665492527129405	0.239413555215591	0.277967772764634	0.781037097804723	0.867597389032314
gene-BTH_RS23390	326.210490117154	0.0575637227417294	0.208953881539205	0.275485299998741	0.782943417970005	0.869492945664927
gene-BTH_RS09615	8.74194338109784	-0.157608637391461	0.575361803404788	-0.273929615172208	0.784138712127625	0.870598110708313
gene-BTH_RS05080	68.5486841111545	0.0864029998342414	0.317271698176152	0.272331255296114	0.785367325823923	0.871216476785005
gene-BTH_RS15025	466.443308672074	-0.0426370420787326	0.156300644883385	-0.272788651067586	0.785015683964761	0.871216476785005
gene-BTH_RS23245	58.0438629233564	-0.0931069112431824	0.341633778129242	-0.272534266819365	0.785211246934114	0.871216476785005
gene-BTH_RS26570	736.617730887302	0.0594182482790094	0.218318712356985	0.2721628743479	0.785496786655354	0.871216476785005
gene-BTH_RS22505	868.621569162664	-0.0580341590136457	0.215711141229707	-0.269036446994855	0.787901635650271	0.873661003078939
gene-BTH_RS08235	66.1224809060996	0.0805492641384212	0.301224816304456	0.267405803833267	0.7891567312856	0.873943489079796
gene-BTH_RS11970	42.411294963813	0.109240495049822	0.408270387618132	0.267568989480565	0.789031103634003	0.873943489079796
gene-BTH_RS17005	1198.15225297615	0.0414814762571197	0.155128724831987	0.26740035607233	0.789160925311596	0.873943489079796
gene-BTH_RS27020	929.006040497193	0.048493257995241	0.181038518550103	0.267861548932309	0.788805891942455	0.873943489079796
gene-BTH_RS27660	2005.01917202299	-0.0374720929922881	0.140108599926075	-0.26745034217785	0.789122443120482	0.873943489079796
gene-BTH_RS12065	272.486597989456	-0.0749912963539996	0.282188500785306	-0.265748944926194	0.790432565662755	0.87446125651907
gene-BTH_RS14155	139.358865512151	0.0731253079612494	0.274552871545289	0.266343264048458	0.789974856124585	0.87446125651907
gene-BTH_RS16805	205.444695037478	0.0657789965157243	0.247397538496965	0.265883795430451	0.790328705410803	0.87446125651907
gene-BTH_RS19060	357.187514567985	-0.0537169218873168	0.202026314901473	-0.265890717818192	0.790323373970699	0.87446125651907
gene-BTH_RS26815	447.958060694792	-0.0426395724543366	0.161292303519801	-0.264362102368399	0.791500910937941	0.875420534599553
MSTRG.1003.1	16.8711750826496	0.128037494578368	0.485733889583788	0.263595967512334	0.792091266123807	0.875850789943712
rna-BTH_RS21080	3.97245178691376	0.163602859957046	0.622447787739184	0.262837884846976	0.792675533951553	0.87627409725267
gene-BTH_RS05655	20.6037119659622	0.123870499267514	0.472730906529745	0.262031734241433	0.793296976326957	0.876607657518917
gene-BTH_RS15485	2719.85584439063	0.0542663541497781	0.207183869043136	0.261923644926622	0.793380309805052	0.876607657518917
gene-BTH_RS23075	1561.10141396229	-0.048536304108965	0.186003048935419	-0.260943594133326	0.79413600585241	0.877219813473333
gene-BTH_RS35045	58.4089186294345	0.0888615641721833	0.343036206506	0.259044271382558	0.795601082353584	0.878615056673798
gene-BTH_RS26890	162.708971457699	-0.071264452482115	0.275387557243107	-0.258778766896879	0.795805941528816	0.878618234936637
gene-BTH_RS27045	572.041927193276	-0.0596607014620833	0.230931211474585	-0.258348367382333	0.796138061068022	0.878761879128621
gene-BTH_RS07885	24682.9623779211	-0.0486930968967874	0.188813292674588	-0.257890195160718	0.796491652111414	0.878929144262975
gene-BTH_RS00460	1667.99321029829	0.0374929564321688	0.146364914620635	0.256160819205526	0.797826661199247	0.880179045451871
gene-BTH_RS35465	495.047296294524	0.0696620362231137	0.27264311852559	0.255506306558679	0.79833207329758	0.880513316137037
gene-BTH_RS35535	61.1185507684762	-0.0841877547027248	0.330752869791631	-0.25453370897662	0.799083265404265	0.880812538122952
gene-BTH_RS07440	80.3921007332033	0.0861278621212506	0.339662690971276	0.253568803435448	0.799828700301269	0.880812538122952
gene-BTH_RS07450	4047.56998563864	0.0481718248667566	0.190753708326666	0.252534146199991	0.800628224307621	0.880812538122952
gene-BTH_RS11465	83.9685723341239	-0.0977330253895668	0.383696586635963	-0.254714346683235	0.798943734606034	0.880812538122952
gene-BTH_RS35250	396.129831187886	-0.0697643016630162	0.275814199602898	-0.252939485216711	0.800314976533744	0.880812538122952
gene-BTH_RS22265	425.069138486106	-0.0485478646164357	0.191207737843148	-0.25390115046631	0.799571925967493	0.880812538122952
gene-BTH_RS23775	2433.14345945686	0.03495053469211	0.137955561704689	0.253346325876487	0.800000600576723	0.880812538122952
gene-BTH_RS34645	90.565704078962	-0.0838861813343276	0.329977227999485	-0.254218092087429	0.799327074176134	0.880812538122952
gene-BTH_RS26155	2.89612958200333	0.156666437136953	0.61952570737969	0.25288125298235	0.800359976686136	0.880812538122952
gene-BTH_RS27375	1514.1799613014	0.0366592211645387	0.145138009012067	0.252581811022989	0.800591387058285	0.880812538122952
gene-BTH_RS19970	151.620005758576	-0.063990956687117	0.253890310502142	-0.252041744171159	0.801008797892609	0.881008412347117
gene-BTH_RS10480	87.4005300118235	-0.0707618138162573	0.281135303454043	-0.251700206081818	0.801272797695611	0.881076003532838
gene-BTH_RS19445	110.943159138057	0.0667330998097433	0.265825935675673	0.25104059030253	0.801782727258776	0.881336550954136
gene-BTH_RS20935	139.880456014654	-0.06656600015399	0.265341078965911	-0.250869561597516	0.80191495831643	0.881336550954136
gene-BTH_RS01875	143.684461719332	0.0631780725494045	0.254209412506768	0.248527668296792	0.803726165253339	0.882664379885788
gene-BTH_RS04910	450.851882716936	0.0405412096060474	0.163130373257998	0.248520301868798	0.803731864075312	0.882664379885788
gene-BTH_RS14325	111.102342521752	-0.0743185191043529	0.298504093610489	-0.248969848974096	0.803384104200575	0.882664379885788
gene-BTH_RS13615	183.67293606383	-0.0528696004182033	0.213807281324997	-0.24727689389511	0.804693939627446	0.883497889293132
gene-BTH_RS00175	476.124455544167	0.0447386561987407	0.181628528314462	0.246319543597704	0.805434882326119	0.884088250850017
gene-BTH_RS18880	779.505170715842	0.0457821197746647	0.186686163599182	0.245235741589074	0.806273903374002	0.884785943409916
gene-BTH_RS28770	606.543897602978	0.0368238749245343	0.151414084518327	0.243199799025811	0.80785062254321	0.886292612374014
gene-BTH_RS14665	1215.61164408997	0.0448566108234107	0.184874785025041	0.242632389361994	0.808290187751028	0.886551264931158
gene-BTH_RS22675	1093.63181232605	0.0421479888893498	0.174238090006369	0.24189882297154	0.808858562186912	0.88695103239553
gene-BTH_RS07415	43.4110187705864	-0.0961750487677629	0.400854643694407	-0.239924995957094	0.81038840275416	0.887733455547871
gene-BTH_RS07485	220.492390893321	0.0537005603791632	0.223458014641638	0.240316107995873	0.810085208481259	0.887733455547871
gene-BTH_RS35470	7.3058376698781	0.149051703154892	0.619622523360615	0.240552429157171	0.809902023575029	0.887733455547871
gene-BTH_RS24545	277.996665707096	-0.0907962060756084	0.378288144674731	-0.240018640165631	0.810315806160918	0.887733455547871
gene-BTH_RS23995	27.1004441501815	0.110292606200992	0.460226285312609	0.239648646156914	0.810602649258124	0.887744593220755
gene-BTH_RS20715	552.911703340659	0.0485156676808864	0.203608860567516	0.238278764223027	0.8116648907643	0.888684186968212
gene-BTH_RS23860	34.0174181085171	-0.102299191841563	0.430377980613258	-0.237696156517565	0.812116764903877	0.888955190571682
gene-BTH_RS23105	819.913323069167	0.0548664326782703	0.232762193653127	0.235718833102402	0.813650854938885	0.890410369555761
gene-BTH_RS01140	33.5631840822392	-0.117349957141655	0.504076421306247	-0.232801916894979	0.815915224352343	0.892214988922245
gene-BTH_RS11700	243.017081102057	0.0571045098179596	0.245014655322865	0.233065690469457	0.815710396346957	0.892214988922245
gene-BTH_RS21045	267.06011295308	-0.0519902482919973	0.223005097948331	-0.233134797232497	0.815656734976487	0.892214988922245
gene-BTH_RS03910	21.9929573099435	0.113713279930413	0.494192267003438	0.230099270107806	0.818014632047627	0.894285913397129
gene-BTH_RS02675	102.378525616692	-0.0647288326840489	0.281991216435666	-0.229542017308955	0.818447667181731	0.894534510613199
gene-BTH_RS09765	11.2619445996778	-0.134929595595264	0.589883490758397	-0.228739399744497	0.819071469943698	0.894766673594949
gene-BTH_RS18735	152.205434408284	-0.0601578182477424	0.262722772112964	-0.228978317196943	0.818885768812186	0.894766673594949
MSTRG.874.1	35.2989639593119	-0.0994769715665884	0.436758272085768	-0.227762077845783	0.819831209347089	0.895156411995573
gene-BTH_RS26255	109.539669199816	-0.0724765670385876	0.318227184634467	-0.22775102360233	0.819839803538015	0.895156411995573
gene-BTH_RS01640	62.7273724619083	0.0711052430812466	0.313706642992538	0.226661579120395	0.820686904972186	0.895631720177875
MSTRG.2973.1	188.39273459198	0.0886921763621572	0.391268491209257	0.226678555403336	0.820673703395921	0.895631720177875
MSTRG.838.1	15.2887272729708	0.11826530460156	0.523269524143643	0.226012215779444	0.821191919321089	0.895958076008713
gene-BTH_RS11840	68.9938616101894	0.07887276556318	0.349663936438254	0.22556734436669	0.821537941684617	0.896110844114364
gene-BTH_RS26425	1281.83792106925	0.0458771362033756	0.204089438123289	0.224789369921542	0.822143136039352	0.896546162389366
gene-BTH_RS22630	3424.88842116551	0.0440507984532067	0.196536091042234	0.224135924448301	0.822651539823233	0.896875738905029
gene-BTH_RS33435	33.8810270617968	0.0999637145291043	0.447504295728996	0.223380457982556	0.823239412362585	0.897291767421008
gene-BTH_RS13105	1120.02874783759	-0.0334257916699842	0.150161132494403	-0.222599491058247	0.823847232588597	0.897729324088276
gene-BTH_RS27860	19269.9982205105	-0.0464217790796235	0.209387691131184	-0.221702521427297	0.824545467144258	0.898265159548591
gene-BTH_RS06410	112.061563491249	-0.059955020415577	0.271907929390026	-0.220497506454022	0.825483714156419	0.899062132343621
gene-BTH_RS35740	2236.45273769245	0.0499760007628623	0.226978990373292	0.220178971986223	0.825731772720012	0.899107186816534
gene-BTH_RS27525	29.3549352633381	0.0942535489384529	0.430338542963945	0.219021861925925	0.826633017837365	0.899863270168303
gene-BTH_RS15385	20.3874376964465	0.103027951494517	0.472829414519499	0.217896662793741	0.827509627383451	0.90059216390243
gene-BTH_RS16220	346.790160513194	0.0426302868487468	0.197352502615807	0.216010875381381	0.828979270357156	0.90174039161131
gene-BTH_RS27405	369.868141246148	0.0417030470858904	0.192952448561139	0.216131214694984	0.828885468874309	0.90174039161131
gene-BTH_RS03485	703.1976783693	-0.034665535656786	0.161329037187751	-0.214874744565933	0.829864975891172	0.902027147707795
gene-BTH_RS13290	312.375182795384	-0.0405471659549983	0.188507015958897	-0.215096322801266	0.829692220790316	0.902027147707795
gene-BTH_RS19990	209.090056934423	-0.0456200922263996	0.212231046480215	-0.2149548474787	0.829802522116374	0.902027147707795
gene-BTH_RS26315	69.8948121093616	0.0628904886912985	0.293558724559343	0.214234779721511	0.830363975345566	0.902344065139448
gene-BTH_RS03080	143.000407131273	0.0507264771495458	0.23720890079154	0.213847275461744	0.830666157109096	0.902394744862948
gene-BTH_RS17970	417.312137627747	0.0380450120854674	0.178175371415815	0.213525650504638	0.830916984201846	0.902394744862948
gene-BTH_RS34540	297.794512584421	0.0549523749538441	0.257536596919603	0.213376955396359	0.831032953545051	0.902394744862948
gene-BTH_RS07890	19.6230845381121	0.106690849094821	0.503160339334604	0.212041452305069	0.83207469526385	0.902892340818637
gene-BTH_RS21135	669.976050193409	0.0528719352317183	0.24978863076901	0.211666700237495	0.832367068800874	0.902892340818637
gene-BTH_RS22230	398.227359133823	-0.0414838572933854	0.19617906203401	-0.211459147899247	0.832529006672081	0.902892340818637
gene-BTH_RS34650	64.4399163803845	0.0721920638457401	0.340190477355485	0.212210713265505	0.831942649101362	0.902892340818637
gene-BTH_RS28075	191.366987682856	0.0475861282691749	0.224526649822046	0.211939777780902	0.83215401725518	0.902892340818637
gene-BTH_RS13060	468.112851305451	0.0378252872461646	0.180803697417784	0.209206381210012	0.834287131161447	0.90387073922715
MSTRG.2365.1	38.0982249798399	0.0849557481441772	0.405900869242232	0.209301715226132	0.834212712874579	0.90387073922715
gene-BTH_RS19330	214.703590070767	-0.0412556899327665	0.196986915187871	-0.209433656511754	0.834109721190234	0.90387073922715
gene-BTH_RS27775	10191.6751106075	0.0486053894274038	0.231984540494003	0.209519950441095	0.834042362789108	0.90387073922715
gene-BTH_RS28610	403.501511159817	-0.0429086553309271	0.205332070200931	-0.208972009530406	0.834470089364652	0.90387073922715
MSTRG.681.1	34.6118914885161	0.08449931444863	0.408096259857789	0.207057311620733	0.835965099987461	0.904146218726327
gene-BTH_RS09455	36.5636913732437	0.0893410778987216	0.430708573713943	0.207428139004398	0.835675508707489	0.904146218726327
gene-BTH_RS10335	2662.21033404097	0.0346391747097607	0.167299327639088	0.207049096960432	0.835971515337308	0.904146218726327
gene-BTH_RS11800	83.9909202219835	0.0602094837885559	0.28915868886409	0.208222979655491	0.835054866632928	0.904146218726327
gene-BTH_RS15730	15.8953585315808	0.110067175384508	0.531161570897172	0.20721976403262	0.835838232825743	0.904146218726327
gene-BTH_RS25165	122.53450560973	0.0516968267930461	0.249003852116049	0.207614566416237	0.835529929831795	0.904146218726327
gene-BTH_RS03335	246.353603784171	-0.0496503024794051	0.241084521440058	-0.205945625139397	0.836833385562151	0.904459464732285
gene-BTH_RS15610	727.211055109259	0.0368227750973525	0.178850802726478	0.205885433758252	0.836880403877604	0.904459464732285
gene-BTH_RS35275	17.3399922036002	-0.0990737456855681	0.481221609501716	-0.20587966901186	0.836884907022401	0.904459464732285
gene-BTH_RS05125	284.767294835321	-0.0578032364500515	0.282468900111805	-0.20463575433321	0.837856718571516	0.904533743911209
gene-BTH_RS05490	5519.16801983898	0.0391071649154138	0.19056293910893	0.205219152781115	0.837400906135597	0.904533743911209
gene-BTH_RS09350	32.1724090883	-0.105226266170549	0.515070177960055	-0.204295008084722	0.838122970685705	0.904533743911209
gene-BTH_RS17685	7371.91353241124	-0.0434503856505445	0.212788886797121	-0.20419480690254	0.83820126935772	0.904533743911209
gene-BTH_RS23340	987.740970618998	-0.0368005420748981	0.179982530434913	-0.204467300165036	0.837988342877321	0.904533743911209
gene-BTH_RS23375	2500.73634412921	0.0432277931496827	0.211129252889995	0.204745635945606	0.837770863295489	0.904533743911209
gene-BTH_RS00455	347.728558012325	0.0449321949852983	0.222336043955634	0.202091366680359	0.839845297014145	0.90589877046432
gene-BTH_RS26500	24.3532824838301	0.100316196377946	0.49650785526122	0.202043523209051	0.839882699145426	0.90589877046432
gene-BTH_RS09275	80.6355929981695	0.07303714586171	0.363785809072074	0.200769639827374	0.840878703442334	0.906523509287274
gene-BTH_RS23280	215.250577667618	0.0481133231242485	0.239575981147052	0.200826989808784	0.840833858034894	0.906523509287274
gene-BTH_RS27665	1096.57785802578	-0.0335577476715159	0.167386236212983	-0.200480926214369	0.841104473859626	0.906542235205494
gene-BTH_RS22695	418.504626946091	0.0389138126559388	0.194997093936098	0.199560987656006	0.841823941323849	0.907092926618465
gene-BTH_RS02680	69.2257257649706	0.0621028432828428	0.312566221042094	0.198686995273489	0.842507597479466	0.907604766972679
gene-BTH_RS04565	40.2313829478108	0.106833844492095	0.539884231314917	0.19788287617124	0.843136702092273	0.908057601906756
gene-BTH_RS27025	1979.84192932087	-0.0274382231169636	0.138957093948865	-0.19745823935452	0.843468958196603	0.908190586177036
gene-BTH_RS07170	234.173082655818	0.0401475671504955	0.203747770725551	0.197045430276507	0.843791986421375	0.908313571129171
gene-BTH_RS23805	958.304777712552	0.0423393774457999	0.216114235788593	0.195912024449963	0.844679025497177	0.909043483649857
gene-BTH_RS19045	56.7393257243342	0.062571591108799	0.321969491468844	0.194340124660084	0.845909569562253	0.909917563698269
gene-BTH_RS19415	182.8709443769	0.0404887968454096	0.208216402328539	0.194455366592702	0.845819340904909	0.909917563698269
gene-BTH_RS26720	122.47558823608	-0.0462576248673971	0.238618344766806	-0.193856113253166	0.846288548288609	0.910100169358578
gene-BTH_RS13545	91.0274051587552	-0.0585359244463676	0.302702014524874	-0.193378047180316	0.846662906753993	0.910277717345494
gene-BTH_RS01315	30.8634014821688	-0.0989480210223519	0.514151539964477	-0.1924491386901	0.847390404583829	0.9106332782143
gene-BTH_RS34505	125.765069244771	0.0582893696468572	0.303777068740433	0.191882059724079	0.847834590582039	0.9106332782143
gene-BTH_RS19995	755.44213034656	-0.031684966820698	0.164840214879864	-0.192216243128475	0.847572822962512	0.9106332782143
gene-BTH_RS24430	3.35529405568505	0.119170645677349	0.621913172866124	0.191619426757186	0.848040324148536	0.9106332782143
gene-BTH_RS27345	1206.03430857192	0.0316662802376546	0.164874941338039	0.192062420041927	0.847693311308979	0.9106332782143
gene-BTH_RS13795	57.2032003982968	0.0738182814983985	0.386463740437282	0.19100959229674	0.848518077957436	0.910921431173456
gene-BTH_RS08205	34.7930232125703	0.0858925824276826	0.453705017787691	0.189313714991523	0.84984694667998	0.912116820458247
gene-BTH_RS13315	319.904724235761	-0.0485980219332498	0.257059720079223	-0.189053430534634	0.850050940261548	0.912116820458247
gene-BTH_RS15175	616.034933495867	0.0294044518246536	0.156365732364198	0.188049206050891	0.85083807833175	0.912286329983513
gene-BTH_RS22810	254.216012792662	0.0373921180464371	0.198600221104183	0.188278330399349	0.850658471408021	0.912286329983513
gene-BTH_RS24425	4.44670132413036	0.116853957682147	0.620549691167249	0.188307172407654	0.8506358631664	0.912286329983513
gene-BTH_RS08195	29.4702954951778	0.0839190468443633	0.447744930599798	0.187426012243054	0.851326629145108	0.912585223455204
gene-BTH_RS11145	28.6269351194589	0.0920559180306278	0.495202921057174	0.185895345354797	0.85252683245067	0.913421606197146
gene-BTH_RS23665	160.705819445029	0.0589807571745449	0.317026978833629	0.186043337357409	0.852410776247436	0.913421606197146
gene-BTH_RS15015	729.136435270725	0.0296911138892576	0.160364370515878	0.185147821762053	0.853113093614792	0.913824663192402
gene-BTH_RS14235	554.531993522591	-0.0278863392159172	0.151454251292356	-0.184123845834393	0.853916300006551	0.914260426141632
gene-BTH_RS18125	80.5413576324706	-0.0626336304328143	0.34057922437608	-0.183903262295447	0.854089345518703	0.914260426141632
gene-BTH_RS31985	84.734552511052	0.0544123746206725	0.296000307775943	0.183825398796071	0.854150430307953	0.914260426141632
gene-BTH_RS12835	3392.57243237991	0.0327510950721787	0.17855353796873	0.183424509224311	0.854464946508301	0.914372082979362
gene-BTH_RS02725	88.963587860577	0.0525382141743977	0.288765533665339	0.181940737551061	0.855629234066763	0.915392810671525
gene-BTH_RS04135	4.81299764054325	-0.112608588447067	0.62143378642728	-0.181207702102056	0.856204549281023	0.915743217327926
gene-BTH_RS19460	129.966772500456	0.0448641278892618	0.248253810806891	0.180718788337796	0.856588310645363	0.915743217327926
MSTRG.3822.1	4.42132446226524	0.112102677658415	0.62011042804384	0.180778571990874	0.856541383051008	0.915743217327926
gene-BTH_RS07140	3.57729659629862	0.109050337434126	0.604397261327316	0.18042824547987	0.856816381499274	0.915761980226497
gene-BTH_RS05310	121.115395945632	0.0529478195119182	0.296335432607473	0.178675290518003	0.85819267224964	0.917007645366233
gene-BTH_RS11245	121.753868259641	-0.0470415650180736	0.264166570343612	-0.178075389921158	0.858663769110098	0.917285706195709
gene-BTH_RS14465	119.937953806977	0.0562653567305588	0.320243280155881	0.175695667066523	0.860533039533736	0.917705006612344
gene-BTH_RS15075	2034.95929922401	0.0245323054473975	0.138814633518595	0.176727084353907	0.859722765484769	0.917705006612344
gene-BTH_RS20055	276.911365817477	0.0496852747382351	0.280393149349568	0.177198604364945	0.859352391873396	0.917705006612344
gene-BTH_RS23620	2416.31678508838	0.0344207959351234	0.195310297470641	0.176236462597664	0.86010817606434	0.917705006612344
gene-BTH_RS24680	470.131109336088	0.0359862461155227	0.20345655542525	0.176874350596897	0.859607086205846	0.917705006612344
gene-BTH_RS24955	144.779325532857	0.0427457069188669	0.242909193274736	0.175974018696446	0.860314353980399	0.917705006612344
gene-BTH_RS27765	19671.8138552986	0.0423554519411987	0.240773217838157	0.175914299445336	0.860361271206685	0.917705006612344
gene-BTH_RS23895	101.07249553472	0.045416730911307	0.259269316927647	0.175172023629704	0.86094446632935	0.917918732483498
gene-BTH_RS34500	87.462981762247	-0.0541141138820878	0.311243804522921	-0.173864067639948	0.861972292347445	0.918789382923643
gene-BTH_RS11775	71.8030694497821	-0.0567200032755397	0.327191614128137	-0.173354086187939	0.862373112543356	0.91899143546389
gene-BTH_RS07470	78.8326010669442	-0.0572715645296579	0.333801530106591	-0.171573702826855	0.863772682945984	0.91980689616035
gene-BTH_RS27670	748.734393472672	0.0271022404589386	0.157827315992406	0.171720847487787	0.863656995347249	0.91980689616035
gene-BTH_RS28485	508.492131731224	-0.0331811830491593	0.192949971908245	-0.171967804509131	0.863462840168936	0.91980689616035
gene-BTH_RS05510	1657.26873547775	-0.0278100602656663	0.162412550212089	-0.17123098079151	0.864042148074107	0.919868659843947
gene-BTH_RS18545	262.992200828964	-0.0324179294725502	0.189699984153444	-0.170890522828553	0.864309848733425	0.919928515290042
gene-BTH_RS05570	137.386285768911	-0.0399186305271989	0.235344756199828	-0.169617675667711	0.86531082080842	0.920543426391936
gene-BTH_RS07205	71.7607882561173	0.04952217963083	0.291511777409325	0.169880545036414	0.86510408152973	0.920543426391936
gene-BTH_RS19755	3.18857808029947	-0.104000115298299	0.614479762763929	-0.169249048708303	0.865600750946944	0.920572936866917
gene-BTH_RS25220	1470.7728260762	-0.0343009812314153	0.202911221498921	-0.169044279453996	0.865761812579899	0.920572936866917
gene-BTH_RS27615	23.3686721548538	-0.0843765113452576	0.500136708721337	-0.168706895282646	0.866027194876784	0.920630082530306
gene-BTH_RS17990	165.157412694392	-0.0383003465169614	0.228096447003586	-0.167912946563167	0.86665176485696	0.920864713446709
gene-BTH_RS22945	8.38443674506558	-0.0969870093010519	0.577688337489761	-0.167888120647357	0.866671295827776	0.920864713446709
gene-BTH_RS15930	439.55651488676	0.0285623829637251	0.170772635393089	0.167253862997308	0.867170304698397	0.921169920741886
gene-BTH_RS15160	286.481292943383	0.0344006769859293	0.206292235561281	0.166757012896446	0.867561243723534	0.921360207567718
gene-BTH_RS21505	1643.59037156337	-0.0269116041696959	0.161991174167173	-0.166130064233768	0.868054595057524	0.921659138027881
gene-BTH_RS19675	1909.70779589687	-0.0280611182080296	0.1697903502723	-0.165269216790157	0.868732087051381	0.922153386694366
gene-BTH_RS10360	400.791617508528	-0.0388993912080108	0.238686203717291	-0.162972935185163	0.870539744339502	0.923846764546678
gene-BTH_RS15495	7802.40917416317	0.032172344069092	0.198036737960841	0.16245644318507	0.870946425870998	0.923956336487203
gene-BTH_RS22590	6054.92373504335	0.0357764674939472	0.220797999783425	0.162032570625818	0.871280205119657	0.923956336487203
gene-BTH_RS28110	260.317316680018	0.0313941973257485	0.193588145977142	0.16217003973712	0.87117195229322	0.923956336487203
gene-BTH_RS12200	1273.53677073211	0.0238672038367999	0.14791937314946	0.161352791920529	0.871815545986781	0.924298714365707
rna-BTH_RS22380	305.286931661139	-0.0491478103395438	0.305507168910952	-0.160872854521686	0.872193542754064	0.924474149848972
gene-BTH_RS07335	517.898919514403	0.0262674575480277	0.165240450842037	0.158965056160118	0.873696404844498	0.925403839672565
gene-BTH_RS26435	1344.38226314909	-0.0324851167081928	0.204721920802684	-0.158679229761148	0.873921603074689	0.925403839672565
gene-BTH_RS26825	542.981285533812	-0.0280323668344693	0.176036056910966	-0.159242187801601	0.873478066849849	0.925403839672565
gene-BTH_RS27160	261.717303311483	0.0325125445202021	0.204790995300966	0.158759639174666	0.873858248699348	0.925403839672565
gene-BTH_RS16230	541.505433517862	0.0251743837209097	0.160873577325709	0.156485509549781	0.875650340239604	0.927008756398705
gene-BTH_RS26540	897.02217402736	-0.0239354276061303	0.153833216702037	-0.155593363509335	0.876353556383436	0.927527486683198
gene-BTH_RS17740	392.370265168193	-0.0268728665759493	0.173608904469684	-0.1547896788937	0.876987128188594	0.927972271374455
gene-BTH_RS17935	6931.32841649697	0.0249187942781088	0.161789494354875	0.154019853869195	0.877594081247683	0.928388680308225
gene-BTH_RS10405	260.767924956322	0.0364719887676713	0.238934059142061	0.152644578586372	0.878678568289741	0.929309937286743
gene-BTH_RS21715	3171.85141960647	0.0278651955214647	0.183067864076099	0.152212381250493	0.879019428924822	0.929444461794598
gene-BTH_RS09875	2.77537666122612	-0.0891774808890899	0.592238580532025	-0.150576952972194	0.880309442936156	0.930582278680991
gene-BTH_RS16705	1011.36886234172	-0.0198513955545023	0.132245443128441	-0.150110242628337	0.880677639102301	0.930745318293248
gene-BTH_RS01625	77.3835403063119	-0.0469186297488093	0.313198969654509	-0.149804546932467	0.880918821909643	0.93077407707237
gene-BTH_RS28760	1426.216107177	0.0298827989064404	0.200505466979858	0.149037327293636	0.881524178951902	0.931187512977361
gene-BTH_RS16740	51.203431752189	-0.0502932472572566	0.34161518577468	-0.147221930849493	0.88295685089134	0.932248131402264
gene-BTH_RS31500	1430.9725304413	-0.0335356853202691	0.227631220100952	-0.147324630186476	0.882875792514372	0.932248131402264
gene-BTH_RS05675	270.668126330453	0.0325509679340677	0.222262541255737	0.146452783947135	0.8835639608952	0.932436494394497
gene-BTH_RS17770	490.884563073492	-0.0303083127817761	0.20672467836838	-0.146611972121525	0.883438303418475	0.932436494394497
gene-BTH_RS17110	272.698710833826	0.0260622636592967	0.181188898361149	0.143840289857875	0.885626586971338	0.934282614694643
gene-BTH_RS18050	1138.66126748304	0.0274301744928368	0.190894257234713	0.143693031368199	0.885742874253036	0.934282614694643
gene-BTH_RS02230	399.735402631004	0.0352042649187083	0.24651210001026	0.142809480415943	0.886440649542003	0.934791957698839
gene-BTH_RS33750	1092.75218351109	0.0424823563291318	0.298245039397686	0.142441116254359	0.886731587392546	0.934872129218995
gene-BTH_RS34265	126.354456609351	-0.0405725293451158	0.286578095166353	-0.141575821842086	0.887415065909121	0.935366013255313
gene-BTH_RS15035	513.154382819542	0.0263218378034062	0.187354284490968	0.140492318469905	0.88827102127166	0.936041410497026
gene-BTH_RS10495	17.89076857404	-0.0691638718595821	0.500115721798562	-0.138295736056544	0.890006695265164	0.937643285154629
gene-BTH_RS13920	290.778057035872	-0.0247599568590312	0.179849879291907	-0.137670133316266	0.890501124756778	0.937709971602998
gene-BTH_RS13975	1185.20725954365	-0.026336240200794	0.191092213115834	-0.137819536292826	0.890383043970155	0.937709971602998
gene-BTH_RS02630	5.296872216322	-0.0837395078275798	0.619557412920647	-0.135160206433209	0.892485208987432	0.939431757461849
gene-BTH_RS13970	305.740279469928	0.0283724819743026	0.21008047505795	0.135055301862185	0.892568150250534	0.939431757461849
gene-BTH_RS34340	49.4862870740583	-0.0520958947606024	0.389671048270428	-0.13369198197257	0.893646145702917	0.940338832561124
gene-BTH_RS23845	23.7654413454547	-0.0605904936371964	0.456536864097239	-0.132717636629429	0.894416694242615	0.940922036264903
gene-BTH_RS00015	257.72222994291	0.031607027816742	0.239783274331163	0.13181498127801	0.895130636606112	0.941180386277332
gene-BTH_RS15080	886.281088991785	-0.0179424566732993	0.136764058981681	-0.131192776866199	0.895622809798451	0.941180386277332
gene-BTH_RS18475	261.099189112243	0.0270133300563418	0.206577697566328	0.130765955737639	0.895960455074582	0.941180386277332
gene-BTH_RS20645	1482.82299316105	0.0187120552006896	0.142900546096794	0.130944602465095	0.895819130758937	0.941180386277332
gene-BTH_RS27800	1899.25063373156	0.026355398554635	0.200184679406643	0.131655422546588	0.89525684615868	0.941180386277332
gene-BTH_RS28765	323.552094955056	-0.0262522185328471	0.199716575103036	-0.131447369950657	0.895421417913308	0.941180386277332
gene-BTH_RS21790	2222.3806872761	-0.0261426814116732	0.200609817546005	-0.130316061952841	0.896316372830939	0.941326948772232
gene-BTH_RS22270	671.710864413276	-0.0217306216075917	0.167369653514344	-0.129836091258499	0.896696107888896	0.941498447819623
gene-BTH_RS06655	31.9635173157262	-0.0509079585237273	0.393409598742686	-0.129401922796053	0.897039626302907	0.941631847108505
gene-BTH_RS28080	127.870625110213	0.0326914919856505	0.254183695051019	0.12861364683163	0.89766336738819	0.942059263724638
gene-BTH_RS05320	378.712175978243	-0.0364483314683819	0.287460226655901	-0.126794346099267	0.899103170779724	0.943115214104606
gene-BTH_RS21970	977.595758723687	0.0194206719413784	0.153025205032505	0.126911589089216	0.899010374047374	0.943115214104606
gene-BTH_RS16340	1013.49863493331	-0.0270565313314854	0.214364700426698	-0.126217288936232	0.899559926218962	0.943139474343814
rna-BTH_RS17805	61.2738485033914	0.0468540982235893	0.370954213726659	0.126306957812627	0.899488948832941	0.943139474343814
gene-BTH_RS09850	5583.41305678459	-0.0216284604114911	0.172620132507202	-0.125295121127246	0.900289914523866	0.943677380284052
gene-BTH_RS03430	596.228999582103	-0.0192442339298083	0.155513080439333	-0.123746721982757	0.90151581714502	0.943898895323513
gene-BTH_RS14940	177.765315093754	0.0290761271304638	0.235116196607226	0.123667052929735	0.901578899315328	0.943898895323513
gene-BTH_RS35715	53.108135568576	-0.0433916454304472	0.348184574288479	-0.124622538258964	0.900822384547491	0.943898895323513
gene-BTH_RS20445	409.078700312299	0.0244034245750732	0.197046737267999	0.123845869834843	0.901437312477885	0.943898895323513
gene-BTH_RS21050	410.521729812922	-0.0235220185628781	0.19021856318844	-0.123657850046822	0.901586186222804	0.943898895323513
gene-BTH_RS05645	81.0892273199606	-0.0361788213215351	0.294821589689986	-0.122714287510552	0.902333349583931	0.944453818741603
gene-BTH_RS01465	380.973842493849	0.0233304698644346	0.191339845097001	0.121932103857443	0.902952790116378	0.944854590545916
gene-BTH_RS34245	84.9968000123931	-0.0401647396007321	0.330531509803879	-0.121515614727818	0.903282647586751	0.944854590545916
gene-BTH_RS13645	111.573421039393	0.0397619814841548	0.327507065366986	0.121408011273283	0.903367871742636	0.944854590545916
gene-BTH_RS01155	54.4380363380684	0.0473790832306216	0.394042109018109	0.120238629695397	0.904294117666548	0.94502066145371
gene-BTH_RS02420	932.951346060781	0.0189924042576931	0.158084106470958	0.120141136776341	0.904371345937438	0.94502066145371
gene-BTH_RS04000	2436.66967833639	0.0233121276067786	0.193969395826587	0.12018456575294	0.904336943893695	0.94502066145371
gene-BTH_RS08485	38.7623831627569	0.0467248052764166	0.389015243015598	0.120110474114617	0.904395635317654	0.94502066145371
gene-BTH_RS16440	131.084216464039	0.0314674343465431	0.263624114827303	0.119364779535275	0.904986363616328	0.945410826544435
gene-BTH_RS14810	656.067866993606	0.0233524477331205	0.196664190094746	0.118742754956406	0.905479162594913	0.945587155332129
MSTRG.3236.1	378.379199043445	0.0360741652467163	0.304255299341792	0.118565445942132	0.905619642338133	0.945587155332129
gene-BTH_RS27865	25195.5631554158	-0.0270718193710253	0.228785052755897	-0.118328619133653	0.905807281900916	0.945587155332129
gene-BTH_RS32755	13.0548566958582	0.0650116227060859	0.553101349109275	0.117540162957082	0.906432019167665	0.945856147980264
MSTRG.2997.1	45.6948173525336	0.0426195846832771	0.362860134179763	0.117454580067379	0.906499834696488	0.945856147980264
gene-BTH_RS07405	80.2560120426046	-0.0361296292117178	0.312724100274759	-0.115531963094544	0.908023487205702	0.947218745646236
gene-BTH_RS24960	167.103180284663	0.0276910173891617	0.24097318658151	0.114913272227469	0.908513865070594	0.947503071938884
gene-BTH_RS08505	5.88745190732057	0.070051377917406	0.616608566568966	0.113607532745121	0.909548915749745	0.948355173420756
gene-BTH_RS15490	12260.2931309492	0.0214887015001863	0.190469103627653	0.112819880447353	0.910173356653973	0.948778840509174
gene-BTH_RS07860	74.5856622134974	-0.0339815504320553	0.302174480098083	-0.112456718452945	0.910461285661752	0.948851603408869
gene-BTH_RS21925	186.001546448064	0.0244985888693513	0.218857128255741	0.111938729456067	0.91087198790057	0.949052250866462
gene-BTH_RS26310	790.59981301948	-0.0211050144320103	0.189391078570564	-0.111436159460631	0.911270487510335	0.949240091156599
gene-BTH_RS00470	3.73216516592752	-0.0691260424150414	0.622471667536431	-0.111050905639807	0.911575979473591	0.949330981735724
gene-BTH_RS06405	151.945640235511	-0.0305925280016375	0.280961864678294	-0.108884983507162	0.913293717248403	0.950664673374145
gene-BTH_RS19215	748.72489294496	0.0189554918491392	0.173948144740678	0.108972084050669	0.913224632149772	0.950664673374145
gene-BTH_RS21640	499.422107419128	-0.020972096696744	0.200870468549621	-0.104406072471341	0.916847103886154	0.954135143996357
gene-BTH_RS19290	325.122676332839	0.0185153796494747	0.179171995969874	0.103338580056829	0.917694257050211	0.954560023474035
gene-BTH_RS23295	48.6471541858662	-0.0385299803277142	0.371918625901509	-0.103597877719406	0.917488471936804	0.954560023474035
gene-BTH_RS24615	45.8546006925405	0.0378423037717933	0.368895828449884	0.102582628626646	0.918294230443131	0.954727510140444
gene-BTH_RS27040	607.153718125998	-0.0195658639659747	0.19034706122657	-0.10279047041701	0.918129268706321	0.954727510140444
gene-BTH_RS03105	345.724381515769	0.0229298932835064	0.226132212577435	0.101400384412966	0.919232631330732	0.955474778085707
MSTRG.3469.1	6.75421951283059	-0.0619939177076983	0.615940547360031	-0.100649190856827	0.919828946282464	0.955866200747424
gene-BTH_RS09250	37.0232546085588	-0.0483684320778694	0.485895350697481	-0.0995449575889927	0.92070559414156	0.956291665267231
gene-BTH_RS27140	1061.46029635195	0.020083820452869	0.202248347422145	0.0993027666671056	0.920897881794122	0.956291665267231
gene-BTH_RS28665	2305.05070514577	0.0178997754727991	0.180185664467474	0.0993407301613066	0.920867740345308	0.956291665267231
gene-BTH_RS15615	151.287839072254	0.0297816358403549	0.303561808972693	0.0981073210136058	0.921847074245763	0.956820513712496
gene-BTH_RS25270	2085.67049364573	-0.0229277982590222	0.233478121843626	-0.0982010566042599	0.921772643472314	0.956820513712496
gene-BTH_RS02750	134.06081273483	0.0234905536075067	0.241041609828221	0.0974543508245208	0.922365584373279	0.956909981067983
gene-BTH_RS13255	199.976190893327	0.0232446803390302	0.238542218280101	0.0974447228110195	0.922373230027139	0.956909981067983
gene-BTH_RS10415	1627.92418473161	-0.0138873945501273	0.144504768190273	-0.0961033654740129	0.923438478419926	0.957786690778893
gene-BTH_RS01930	294.247779619588	-0.0193408613977787	0.203211904475394	-0.0951758286391168	0.924175168769036	0.958118982257271
gene-BTH_RS04735	159.743684409625	0.0293231242710512	0.308192891545274	0.0951453621270288	0.92419936771299	0.958118982257271
gene-BTH_RS34920	21.0628771539747	-0.0456596264227258	0.484081493511488	-0.0943221896204183	0.924853223724285	0.95813193989878
gene-BTH_RS13720	10.379090137014	-0.0570148286199282	0.602524803346023	-0.0946265254198759	0.924611480130009	0.95813193989878
MSTRG.2153.1	69.7297397753372	0.027784690026615	0.294648533666683	0.0942977373104662	0.924872647272408	0.95813193989878
rna-BTH_RS23055	250.803063941788	0.027228970348401	0.290365942354859	0.0937746697411371	0.925288153616872	0.958319393524223
gene-BTH_RS26475	2.99605894836287	-0.0578539769743871	0.618657920314455	-0.0935152934678032	0.925494200504658	0.958319393524223
gene-BTH_RS03410	3765.9542711647	0.0194463570212871	0.210121852262045	0.0925479992296824	0.926262656955478	0.958658709911094
MSTRG.3232.1	5.94199249882903	0.0571234241382308	0.616898669794506	0.0925977424416543	0.926223137314409	0.958658709911094
gene-BTH_RS01290	137.674160781928	0.0246740503468474	0.271213444652901	0.0909765014725771	0.927511262719533	0.959273499151869
gene-BTH_RS33180	3.65426307130009	-0.0557040099994211	0.616126395162207	-0.09041003670157	0.92796138122384	0.959273499151869
MSTRG.867.1	11.891718887618	-0.0535107023390495	0.59459403988722	-0.089995356073867	0.928290905171204	0.959273499151869
gene-BTH_RS09310	37.0869220054974	-0.0398415726887112	0.443385389865992	-0.0898576579186627	0.928400329064222	0.959273499151869
gene-BTH_RS18640	783.234348395884	0.0205882671729527	0.228219244782413	0.090212668929747	0.928118217028184	0.959273499151869
gene-BTH_RS18950	522.232363139278	0.0167804314541258	0.184496284219182	0.0909526797525669	0.92753019122741	0.959273499151869
gene-BTH_RS25225	9487.59159181375	-0.0178863288653212	0.199010018756354	-0.0898765246950668	0.928385336218832	0.959273499151869
gene-BTH_RS35720	1204.67307222869	0.019299642962788	0.226124030860214	0.0853498095243082	0.931983293689473	0.962746931263169
gene-BTH_RS13065	479.342510115637	0.0201995345541824	0.239847942080036	0.0842180857546901	0.932883038918775	0.963447582928935
gene-BTH_RS14825	2.88709361355727	-0.0509012530795997	0.614216741357953	-0.0828718099852889	0.933953469290453	0.964004671133425
gene-BTH_RS21000	2412.13790019338	0.0145778146189596	0.176265948178749	0.0827035214094586	0.934087284787905	0.964004671133425
gene-BTH_RS28035	3948.79303423149	0.0197427462496409	0.237507772471419	0.0831246322771042	0.933752439897616	0.964004671133425
gene-BTH_RS00050	243.197540588462	-0.022597517994581	0.276209028273844	-0.0818131041400172	0.934795335412254	0.964506572353725
gene-BTH_RS10810	59.4386705360657	-0.0265032463767754	0.326895967490598	-0.0810754766423897	0.93538192827542	0.964882947118348
gene-BTH_RS35645	46.2856167032629	-0.0293393044317427	0.36588884949275	-0.0801863857628272	0.936089017880778	0.965282557014133
gene-BTH_RS23445	209.756491740515	0.0168043999621575	0.209975375476508	0.0800303365288545	0.936213128285661	0.965282557014133
gene-BTH_RS22430	9233.69312053876	-0.0181184383544171	0.228939400262297	-0.0791407609771788	0.936920662597434	0.965554343117469
gene-BTH_RS28725	54.6481186131817	-0.0277370382728256	0.349472456120284	-0.0793683101116239	0.936739673970411	0.965554343117469
gene-BTH_RS35305	42.6349467964347	0.0311963559982653	0.397514040155549	0.078478626782737	0.937447331135853	0.965832992976254
gene-BTH_RS28090	345.939500326278	-0.0136357105884289	0.174274859065591	-0.0782425569674221	0.937635110192809	0.965832992976254
gene-BTH_RS03035	245.911606359622	-0.0174349476590696	0.225924386865427	-0.0771716055135506	0.938487029784296	0.966481671297748
gene-BTH_RS05110	206.973870646761	-0.0221969359737531	0.290450994694741	-0.0764223100598492	0.939083120645837	0.966866644925299
gene-BTH_RS02900	120.399220900713	-0.0263629882516839	0.34655518414543	-0.0760715449018383	0.939362178404119	0.966925100818249
gene-BTH_RS05515	1894.03475544761	0.0130532824606355	0.175723877697526	0.0742829183584496	0.940785268651875	0.967702983834395
gene-BTH_RS16725	357.248597181188	0.0183267882926457	0.246410201490825	0.0743751199494395	0.940711905364996	0.967702983834395
gene-BTH_RS22305	149.414767592932	-0.0179603804827791	0.241688724424242	-0.0743120330729739	0.940762102498898	0.967702983834395
gene-BTH_RS02665	110.272836908738	-0.021583835847323	0.299994392356044	-0.0719474643436219	0.942643716811722	0.968321622516932
gene-BTH_RS04950	14.5433504126716	0.0416444308438543	0.577751871739724	0.0720801314212185	0.942538137919487	0.968321622516932
gene-BTH_RS07895	16.0736105214038	0.036946858945722	0.512152884596745	0.0721402925901959	0.94249026089103	0.968321622516932
gene-BTH_RS08145	244.184239346341	-0.0188617330485778	0.265622335296595	-0.0710095897150997	0.943390123270519	0.968321622516932
gene-BTH_RS09340	4.81532672150797	-0.0427061819360684	0.590889726016277	-0.0722743687286449	0.942383562131413	0.968321622516932
gene-BTH_RS17125	541.310739671595	-0.0109243923285842	0.153112065962918	-0.0713489969577576	0.943120000627614	0.968321622516932
rna-BTH_RS22930	187.042224481959	-0.0167533887219003	0.233097854899608	-0.0718727708975087	0.942703159668857	0.968321622516932
gene-BTH_RS25915	10.9824583448356	0.0404914231231869	0.568024329412913	0.0712846633964379	0.943171201012336	0.968321622516932
gene-BTH_RS28300	584.297901106799	0.0127206408618129	0.178456219917083	0.0712815774520121	0.943173656992051	0.968321622516932
gene-BTH_RS05905	49.7075562092998	-0.0265324601254474	0.376997151388895	-0.0703784100959362	0.943892474879095	0.968608696797373
gene-BTH_RS06370	1766.73782972809	-0.0156230051194773	0.224127077736023	-0.0697060135584246	0.944427655299777	0.968929316168403
gene-BTH_RS15680	108.059352283748	0.0194898152387166	0.28307229907549	0.0688510154556631	0.945108209938367	0.969398894890803
gene-BTH_RS11580	25.8801772076123	-0.0324384812480093	0.489199037394821	-0.0663093726037507	0.947131521390979	0.970125745162145
gene-BTH_RS14770	470.920871917741	0.0174556577984815	0.259400134308809	0.067292400773012	0.946348926482229	0.970125745162145
gene-BTH_RS17690	9484.87149297743	-0.0152323528622984	0.227434270599648	-0.0669747475705272	0.946601806569811	0.970125745162145
gene-BTH_RS18300	15815.9634312456	0.0106312491168668	0.159794587147948	0.0665307211377798	0.946955299953747	0.970125745162145
gene-BTH_RS20995	2592.3387164042	-0.0129398544448276	0.195230320860939	-0.0662799425200175	0.947154951656006	0.970125745162145
gene-BTH_RS21230	3.5075757909434	0.0414273453341426	0.622340899018267	0.0665669657891577	0.946926444872749	0.970125745162145
gene-BTH_RS00200	169.391860234821	0.0193060877917574	0.296857397780551	0.0650348885899393	0.948146221964229	0.970543313870738
gene-BTH_RS07030	232.643785665986	-0.0155482466223135	0.239472046885384	-0.0649271880561289	0.948231973321985	0.970543313870738
gene-BTH_RS10345	1278.69542766705	-0.0116661584651293	0.178748257403335	-0.0652658584458549	0.947962325378102	0.970543313870738
gene-BTH_RS09775	953.584620351754	0.0116523800730811	0.180658944395402	0.0644993255776915	0.948572644106229	0.970663609000728
gene-BTH_RS05730	83.5954248229368	-0.0199788861632707	0.313589963485703	-0.0637102219127033	0.949200965375255	0.970849799995853
gene-BTH_RS19250	253.638764021767	0.0134142859239451	0.210246640376479	0.0638026172495543	0.949127394243524	0.970849799995853
gene-BTH_RS14190	94.0392319239148	-0.01862804400687	0.298448778904992	-0.0624162178689965	0.950231380148912	0.971446886873741
gene-BTH_RS27450	225.924136485846	0.0141767235125715	0.226266181313641	0.0626550703700626	0.950041175707205	0.971446886873741
gene-BTH_RS11390	16.137423902474	0.0348052715710358	0.5673894565699	0.0613428239950877	0.951086186381345	0.972092319257248
gene-BTH_RS21795	734.750940148369	-0.0110910358689276	0.181832041924616	-0.0609960475146934	0.951362356822657	0.972146171524209
gene-BTH_RS04630	44.9501124934426	-0.0221178787048621	0.372080105863814	-0.0594438626421953	0.952598577468778	0.972579167032561
gene-BTH_RS18775	276.844517841442	0.011226516291788	0.188560293160074	0.0595380719007339	0.95252354225487	0.972579167032561
MSTRG.3177.7	4.926892495101	0.0369079434977067	0.621962513482485	0.0593411060918321	0.952680420856493	0.972579167032561
gene-BTH_RS26530	2184.11557364137	0.0143803530469969	0.240475845927779	0.059799573597573	0.952315265190687	0.972579167032561
gene-BTH_RS25230	9814.40077958163	-0.0118673963652609	0.202561759609254	-0.0585865584311341	0.953281417110604	0.972964374573235
gene-BTH_RS23840	99.8873538902736	0.0148067164646553	0.257496023763014	0.0575026994524878	0.954144755816572	0.973617097772012
gene-BTH_RS13330	285.102344099697	0.0110077528024862	0.19254278770415	0.0571704239548045	0.95440943787846	0.973658783951993
gene-BTH_RS03465	122.322533202061	0.0145781923896889	0.262569846059102	0.0555211979154966	0.95572324250105	0.974770481800602
MSTRG.3214.1	44.2148618665449	0.0293857948271445	0.539595263227918	0.0544589562394514	0.956569508211639	0.975404913436622
gene-BTH_RS07340	81.7382230412147	-0.0158067284723689	0.300148559123716	-0.0526630163360325	0.958000406801867	0.975755763014496
gene-BTH_RS20985	189.54125374665	0.0117280063083405	0.222432928429112	0.0527260347250168	0.957950195162329	0.975755763014496
gene-BTH_RS21170	509.86884866523	-0.00984533011672489	0.187104486517194	-0.0526194229758362	0.958035141111474	0.975755763014496
gene-BTH_RS22110	240.062693570704	0.0116319827333621	0.220427534804881	0.0527700985435354	0.957915086198699	0.975755763014496
gene-BTH_RS24335	284.383166808241	-0.0122192481345762	0.228749417391845	-0.0534176142343776	0.957399171119169	0.975755763014496
gene-BTH_RS18340	38.0829237734155	-0.0199538538065181	0.381367049047405	-0.0523219136429319	0.958272192667573	0.975768735511223
MSTRG.1925.1	37.6928107492381	0.0210307564566757	0.404165261037402	0.0520350423059479	0.958500771501986	0.975773076534903
gene-BTH_RS14575	209.361174833355	0.0154970378559067	0.301721616279742	0.0513620404364353	0.959037032171441	0.975899405466283
gene-BTH_RS19375	133.058045652672	0.0177533500263467	0.345959902296134	0.0513162071919832	0.959073553647899	0.975899405466283
gene-BTH_RS16620	444.537033233744	-0.00911112169323876	0.180339094199947	-0.0505221662205811	0.959706285868581	0.976314860507093
MSTRG.4203.2	77.4303969711619	0.0182115312036755	0.364871301731915	0.0499122049808571	0.960192351258856	0.976580951128366
gene-BTH_RS13960	839.610022406855	0.00799654810514722	0.163294143992504	0.0489702074405945	0.960943038461665	0.977115992825676
gene-BTH_RS23560	729.103660415247	0.00937121538418054	0.197569580628327	0.0474324810245455	0.962168542031071	0.977904943419429
gene-BTH_RS25175	68.4608015787626	0.0156056909253296	0.328675674763026	0.0474805168851673	0.962130258093798	0.977904943419429
gene-BTH_RS27190	183.539959156377	-0.0095292222239121	0.208681496205122	-0.0456639539067969	0.963578094438345	0.979108785518991
gene-BTH_RS23595	815.979982181422	-0.00688204022869279	0.151975947019036	-0.0452837463011879	0.963881142720514	0.979130653229139
gene-BTH_RS24005	89.6721496075142	0.0170291389868497	0.377819438763233	0.045072162095718	0.964049790294345	0.979130653229139
gene-BTH_RS11805	124.94167812554	0.0127074355467067	0.291069396011265	0.0436577521403691	0.965177215992854	0.979843129337589
gene-BTH_RS22350	406.733984907506	0.00773310295924168	0.177255314807031	0.0436269172953168	0.965201795221051	0.979843129337589
gene-BTH_RS21660	536.62890585048	0.00941704877457678	0.219575280382134	0.0428875634733928	0.965791162540318	0.980212682466258
gene-BTH_RS28810	287.356230355166	-0.00993754364034323	0.23335681021959	-0.042585188025976	0.96603220302202	0.980228617482106
gene-BTH_RS03850	69.1790540602895	-0.0123424199749319	0.294330650385941	-0.04193385893976	0.966551424597264	0.980298134063441
gene-BTH_RS14225	674.01999186291	0.00888335581258924	0.211023872801853	0.0420964495373967	0.966421810522448	0.980298134063441
gene-BTH_RS15140	221.135331599821	0.00862966027347912	0.209715016694819	0.0411494627780383	0.967176742376947	0.980703689822778
gene-BTH_RS22580	3184.2267443979	0.00802964521477344	0.197567088053847	0.0406426257220785	0.967580801801146	0.980884755962476
gene-BTH_RS08855	127.152208386442	-0.0106529886040571	0.276533841746235	-0.0385232727278023	0.96927047630022	0.982368725979952
gene-BTH_RS17275	239.138905261444	-0.0080232376944956	0.211357336955535	-0.0379605355085615	0.969719147435315	0.982594523956119
gene-BTH_RS21580	55.6922365928272	0.0143866593825806	0.388303937100065	0.0370499961705854	0.970445141902194	0.983101156794257
gene-BTH_RS07295	68.0828339736975	-0.0132676801528195	0.364587911340442	-0.0363908943224136	0.970970674650036	0.983175613297872
gene-BTH_RS10055	51.9682135585723	-0.0165106488472831	0.452396772377447	-0.0364959474854692	0.970886909996561	0.983175613297872
gene-BTH_RS18020	1685.34502611296	0.00603444298805455	0.169761100843609	0.0355466768185824	0.971643827154739	0.983399406264103
gene-BTH_RS24875	322.265396029297	-0.00624983217817451	0.174755248956892	-0.0357633445374576	0.971471061179217	0.983399406264103
gene-BTH_RS35475	45.0375119576379	0.0128140916852011	0.37339539492604	0.0343177550107151	0.972623766757203	0.983933345440427
gene-BTH_RS21960	2361.64990934915	0.00593430047748727	0.172293982995986	0.0344428770772889	0.97252399277629	0.983933345440427
gene-BTH_RS00170	182.623768894027	0.0073978742361475	0.234850360874743	0.0315003741471495	0.974870493768004	0.985976900230369
gene-BTH_RS02270	375.895590058792	0.00691919283448466	0.225178760557447	0.0307275553758075	0.975486815522401	0.986370908303683
gene-BTH_RS06430	228.93506124703	0.00715295547394878	0.241240796827929	0.0296506874790785	0.97634564030139	0.986551343858547
gene-BTH_RS15440	152.695360207889	-0.00900279271938978	0.300842303388215	-0.0299252884916665	0.976126637578521	0.986551343858547
gene-BTH_RS18465	913.934728592064	0.00617495700466336	0.204995762647548	0.0301223641157892	0.975969464837067	0.986551343858547
gene-BTH_RS24975	275.946078658989	0.00686948741633868	0.238661889884027	0.0287833445870926	0.977037384470956	0.987021045622076
gene-BTH_RS18040	719.515060810111	0.0040064173577317	0.145566345795312	0.0275229644313894	0.978042623816068	0.987807154306918
gene-BTH_RS17940	1771.20510792318	0.00463669370024317	0.181847025667066	0.0254977703552449	0.979657926909198	0.989208909483522
gene-BTH_RS19305	10.1240841720783	0.0137225129554511	0.554300653071441	0.0247564437808492	0.980249233227437	0.989576273970608
gene-BTH_RS34640	33.7607796003825	-0.0103773696884428	0.429421538153559	-0.0241659273381205	0.980720256233854	0.989592464536596
gene-BTH_RS28940	195.338445791529	0.00543031760362864	0.222497280623804	0.0244062201048208	0.980528586878602	0.989592464536596
gene-BTH_RS07600	248.530172186839	0.00557730765134945	0.234264643359082	0.0238077226310268	0.981005980027767	0.989651208979775
gene-BTH_RS13765	176.641797235351	0.00472029876237639	0.218855300933804	0.0215681262561884	0.982792459177396	0.990956269644195
MSTRG.2290.1	10.541142091773	0.0123437557080157	0.566969932937583	0.0217714467574326	0.982630270973448	0.990956269644195
gene-BTH_RS21155	130.845212112787	0.00512869440373023	0.240454242415579	0.021329190752502	0.982983058279241	0.990956269644195
gene-BTH_RS04645	33.0966083433075	-0.0094541399002287	0.454138298525123	-0.0208177551440438	0.983391034251289	0.991072340313205
gene-BTH_RS16785	261.003245164811	0.00499787090463909	0.242454567242848	0.0206136389240839	0.983553860490139	0.991072340313205
gene-BTH_RS16070	462.807668432324	0.00370024431731194	0.194194681035955	0.0190543031228895	0.984797785629333	0.992095962827142
gene-BTH_RS07715	294.009284355237	0.00396503139116062	0.21825000180099	0.0181673830856419	0.985505322867392	0.992349109831749
gene-BTH_RS20070	1106.43632571011	0.00370390297367751	0.201091188511014	0.0184190217438326	0.985304577859241	0.992349109831749
gene-BTH_RS15110	575.305197408334	0.00297456528808878	0.181424174840488	0.0163956390635597	0.986918758805941	0.992956980941711
gene-BTH_RS16775	421.734477449044	-0.00279400029883573	0.164916212824842	-0.0169419382787019	0.986482935652633	0.992956980941711
gene-BTH_RS19920	324.185864474744	0.00382785729446967	0.239540211150456	0.0159800197056075	0.987250331625954	0.992956980941711
gene-BTH_RS22915	303.024585863033	-0.00331699984242614	0.206558246104358	-0.0160584237375366	0.987187782285468	0.992956980941711
gene-BTH_RS27030	911.263657236985	-0.00298291735742235	0.182736090617253	-0.0163236356176087	0.986976201556339	0.992956980941711
gene-BTH_RS20330	48697.0568283327	-0.00275350159524396	0.182305526725221	-0.0151037746617202	0.987949389561571	0.993430384787987
gene-BTH_RS18045	1343.89076863374	-0.0021994037768093	0.161926355154375	-0.0135827412079551	0.989162873722938	0.994190965964598
gene-BTH_RS21785	828.861091416529	0.00267973847345784	0.195365977297339	0.0137165053533317	0.989056155318567	0.994190965964598
gene-BTH_RS27315	3990.89167442206	-0.00227780622542126	0.17588916024477	-0.012950236514015	0.989667495035897	0.994468376855198
gene-BTH_RS15975	794.388280650207	0.00293406130760338	0.241202223814066	0.0121643211294152	0.990294515333356	0.994638915192819
gene-BTH_RS17295	122.676856755175	0.00307240082825452	0.252302701088846	0.0121774393020573	0.990284049321134	0.994638915192819
gene-BTH_RS28010	177.400605428346	-0.00290051993565917	0.259682891180174	-0.0111694687411914	0.991088238640235	0.99520633381464
gene-BTH_RS04885	104.244289367992	-0.00403189422258032	0.390667515141179	-0.0103205259365455	0.991765557875664	0.995656629762091
gene-BTH_RS23420	198.090715275415	0.00180061419226384	0.205517314536316	0.00876137466240423	0.993009523859028	0.99667545657286
gene-BTH_RS29000	285.577908938852	0.00182036142005974	0.216459069903166	0.00840972577806089	0.99329008873258	0.996727078658991
MSTRG.2731.1	297.509489364109	-0.00219315990540042	0.272273253890058	-0.00805499575909869	0.993573112745799	0.99678114401389
gene-BTH_RS16045	23.3025287440974	0.00370881101239617	0.492127299637893	0.00753628383372577	0.993986972402188	0.996853004615063
gene-BTH_RS22635	1988.16786811386	0.00153264442020573	0.20737251602135	0.00739077892100191	0.994103065291987	0.996853004615063
MSTRG.1443.1	3.59591824947147	-0.00421391639394538	0.622477169527578	-0.00676959188261231	0.994598688408613	0.997120141640348
gene-BTH_RS06250	61.3875386301599	0.00178362900739452	0.327945820191636	0.00543879170758222	0.995660493461205	0.997515191626636
gene-BTH_RS13040	3947.72120192958	0.0010235092332618	0.189066427599095	0.00541349009583073	0.995680680929392	0.997515191626636
gene-BTH_RS25215	84.1837055937171	0.00165043533410973	0.292636991798655	0.00563987253957728	0.995500056631609	0.997515191626636
gene-BTH_RS20790	139.443845362128	-0.00130486089114189	0.256578633533621	-0.0050856178987753	0.995942281487572	0.997547530387046
gene-BTH_RS04085	101.502910461138	0.00117679709510626	0.2802034868215	0.00419979461517522	0.996649058568816	0.997756912395662
gene-BTH_RS04570	152.678650209675	-0.00193907861419681	0.489519036076972	-0.00396119143749072	0.996839434775068	0.997756912395662
gene-BTH_RS07975	49.2672096462297	0.00189008563034263	0.443719101497589	0.00425964450023322	0.996601305696733	0.997756912395662
gene-BTH_RS19430	162.013036700726	-0.000776414487536123	0.254331533057107	-0.00305276533430005	0.997564249455288	0.997793627300644
gene-BTH_RS22130	3178.55179520964	0.000772103175004032	0.230398694092669	0.00335116124700552	0.997326165184907	0.997793627300644
gene-BTH_RS28450	385.367883797792	-0.000561197479187797	0.180278034371609	-0.00311295539217493	0.997516224965616	0.997793627300644
gene-BTH_RS17010	1228.79848766299	-5.06963631730015e-05	0.18794803896617	-0.000269736058177902	0.999784781766298	0.999784781766298
gene-BTH_RS00045	0	NA	NA	NA	NA	NA
gene-BTH_RS00095	0	NA	NA	NA	NA	NA
gene-BTH_RS00100	0	NA	NA	NA	NA	NA
gene-BTH_RS00105	0	NA	NA	NA	NA	NA
gene-BTH_RS00115	0	NA	NA	NA	NA	NA
gene-BTH_RS00125	0	NA	NA	NA	NA	NA
gene-BTH_RS00130	0	NA	NA	NA	NA	NA
gene-BTH_RS00110	0	NA	NA	NA	NA	NA
gene-BTH_RS00120	0	NA	NA	NA	NA	NA
gene-BTH_RS00140	0	NA	NA	NA	NA	NA
gene-BTH_RS00155	1.82983613854853	-0.0166812066619358	0.600470612848157	-0.0277802215545792	0.977837440787439	NA
gene-BTH_RS00160	0	NA	NA	NA	NA	NA
gene-BTH_RS00320	1.55940446024979	-0.420677972069871	0.475083686133297	-0.885481830567086	0.37589681490672	NA
gene-BTH_RS00325	0	NA	NA	NA	NA	NA
gene-BTH_RS00355	0	NA	NA	NA	NA	NA
gene-BTH_RS00380	0	NA	NA	NA	NA	NA
gene-BTH_RS00385	0	NA	NA	NA	NA	NA
gene-BTH_RS00395	0	NA	NA	NA	NA	NA
gene-BTH_RS00400	0	NA	NA	NA	NA	NA
gene-BTH_RS29265	0	NA	NA	NA	NA	NA
gene-BTH_RS34850	0	NA	NA	NA	NA	NA
gene-BTH_RS00425	0	NA	NA	NA	NA	NA
gene-BTH_RS00430	0	NA	NA	NA	NA	NA
gene-BTH_RS00435	0	NA	NA	NA	NA	NA
MSTRG.69.10	0.166546869647168	0.101533300099892	0.347488883725808	0.292191505556215	0.770140205976299	NA
gene-BTH_RS00445	0	NA	NA	NA	NA	NA
gene-BTH_RS00450	0	NA	NA	NA	NA	NA
gene-BTH_RS00475	0	NA	NA	NA	NA	NA
gene-BTH_RS00485	0	NA	NA	NA	NA	NA
gene-BTH_RS00490	0	NA	NA	NA	NA	NA
gene-BTH_RS00495	0	NA	NA	NA	NA	NA
gene-BTH_RS00510	0	NA	NA	NA	NA	NA
gene-BTH_RS00390	0	NA	NA	NA	NA	NA
gene-BTH_RS29270	0	NA	NA	NA	NA	NA
gene-BTH_RS29280	0	NA	NA	NA	NA	NA
gene-BTH_RS00420	0	NA	NA	NA	NA	NA
gene-BTH_RS00440	0	NA	NA	NA	NA	NA
gene-BTH_RS00500	0	NA	NA	NA	NA	NA
gene-BTH_RS00505	0	NA	NA	NA	NA	NA
gene-BTH_RS00520	0	NA	NA	NA	NA	NA
gene-BTH_RS00525	0	NA	NA	NA	NA	NA
gene-BTH_RS00535	0	NA	NA	NA	NA	NA
gene-BTH_RS33045	0	NA	NA	NA	NA	NA
gene-BTH_RS34855	0	NA	NA	NA	NA	NA
gene-BTH_RS00545	0	NA	NA	NA	NA	NA
gene-BTH_RS00550	0	NA	NA	NA	NA	NA
gene-BTH_RS00555	0	NA	NA	NA	NA	NA
gene-BTH_RS00560	0	NA	NA	NA	NA	NA
gene-BTH_RS00570	0	NA	NA	NA	NA	NA
gene-BTH_RS00600	0	NA	NA	NA	NA	NA
gene-BTH_RS00605	0	NA	NA	NA	NA	NA
gene-BTH_RS00610	0	NA	NA	NA	NA	NA
gene-BTH_RS00615	0	NA	NA	NA	NA	NA
gene-BTH_RS00620	0	NA	NA	NA	NA	NA
gene-BTH_RS00625	0	NA	NA	NA	NA	NA
gene-BTH_RS00630	0	NA	NA	NA	NA	NA
gene-BTH_RS00635	0	NA	NA	NA	NA	NA
gene-BTH_RS00640	0	NA	NA	NA	NA	NA
gene-BTH_RS00645	0	NA	NA	NA	NA	NA
gene-BTH_RS00650	0	NA	NA	NA	NA	NA
gene-BTH_RS00655	0	NA	NA	NA	NA	NA
gene-BTH_RS00660	0	NA	NA	NA	NA	NA
gene-BTH_RS00665	0	NA	NA	NA	NA	NA
gene-BTH_RS00670	0	NA	NA	NA	NA	NA
gene-BTH_RS00675	0	NA	NA	NA	NA	NA
gene-BTH_RS00695	0	NA	NA	NA	NA	NA
gene-BTH_RS00705	0	NA	NA	NA	NA	NA
gene-BTH_RS00755	0.600453482357245	-0.322447417263414	0.389084871787023	-0.8287328566193	0.407255589224286	NA
gene-BTH_RS00760	1.27020269455947	0.0823884794679557	0.501211879404187	0.164378544989585	0.869433152445391	NA
gene-BTH_RS00765	0	NA	NA	NA	NA	NA
gene-BTH_RS00775	0	NA	NA	NA	NA	NA
gene-BTH_RS00840	0.269273463457534	-0.14417844596957	0.347488883725808	-0.414915275630332	0.678203926850591	NA
gene-BTH_RS00845	0	NA	NA	NA	NA	NA
gene-BTH_RS00855	0.823389634871947	-0.0432898177205634	0.463200155034781	-0.0934581244199126	0.92553961591108	NA
gene-BTH_RS00860	0	NA	NA	NA	NA	NA
gene-BTH_RS00880	0.134636731728767	-0.0622745306130826	0.347488883725808	-0.179213015234816	0.85777044449086	NA
gene-BTH_RS00885	0.748642880663537	-0.180997718684922	0.408671695678862	-0.442892719507426	0.657843333721424	NA
gene-BTH_RS00890	0.375032638668356	0.18343721545638	0.347488883725808	0.527893765951731	0.597573071813043	NA
gene-BTH_RS00895	0	NA	NA	NA	NA	NA
gene-BTH_RS00910	0	NA	NA	NA	NA	NA
gene-BTH_RS00935	0.918699445572828	-0.050219337876355	0.366648540280848	-0.136968601696567	0.891055613383565	NA
gene-BTH_RS00940	0	NA	NA	NA	NA	NA
gene-BTH_RS00945	0	NA	NA	NA	NA	NA
gene-BTH_RS00965	0	NA	NA	NA	NA	NA
gene-BTH_RS00980	2.18804624178277	-0.554019479770963	0.593676164440481	-0.933201487536741	0.350715946844676	NA
gene-BTH_RS00985	0	NA	NA	NA	NA	NA
gene-BTH_RS00990	0	NA	NA	NA	NA	NA
gene-BTH_RS00995	0	NA	NA	NA	NA	NA
gene-BTH_RS01000	0	NA	NA	NA	NA	NA
gene-BTH_RS34175	0	NA	NA	NA	NA	NA
gene-BTH_RS34870	0	NA	NA	NA	NA	NA
gene-BTH_RS01025	0	NA	NA	NA	NA	NA
MSTRG.132.9	2.26025626646556	0.268565989681532	0.590385962882099	0.454899009404743	0.649181895601904	NA
gene-BTH_RS01035	0	NA	NA	NA	NA	NA
gene-BTH_RS01040	0	NA	NA	NA	NA	NA
gene-BTH_RS01045	0	NA	NA	NA	NA	NA
gene-BTH_RS01050	0	NA	NA	NA	NA	NA
gene-BTH_RS01010	0	NA	NA	NA	NA	NA
gene-BTH_RS01030	0	NA	NA	NA	NA	NA
MSTRG.140.1	0	NA	NA	NA	NA	NA
MSTRG.140.2	0	NA	NA	NA	NA	NA
MSTRG.140.3	0	NA	NA	NA	NA	NA
MSTRG.140.4	0	NA	NA	NA	NA	NA
gene-BTH_RS01075	0	NA	NA	NA	NA	NA
gene-BTH_RS34185	0	NA	NA	NA	NA	NA
gene-BTH_RS01080	0	NA	NA	NA	NA	NA
gene-BTH_RS01085	0	NA	NA	NA	NA	NA
gene-BTH_RS01090	0	NA	NA	NA	NA	NA
gene-BTH_RS01095	0	NA	NA	NA	NA	NA
MSTRG.140.11	0	NA	NA	NA	NA	NA
gene-BTH_RS01100	0	NA	NA	NA	NA	NA
gene-BTH_RS01105	0	NA	NA	NA	NA	NA
gene-BTH_RS01110	0	NA	NA	NA	NA	NA
gene-BTH_RS29355	0	NA	NA	NA	NA	NA
gene-BTH_RS01150	0	NA	NA	NA	NA	NA
gene-BTH_RS01190	0	NA	NA	NA	NA	NA
gene-BTH_RS01240	0	NA	NA	NA	NA	NA
gene-BTH_RS34875	1.07984611003233	0.326140385204016	0.451708246415424	0.722015566003357	0.470284907359361	NA
gene-BTH_RS01295	0	NA	NA	NA	NA	NA
gene-BTH_RS01310	0	NA	NA	NA	NA	NA
gene-BTH_RS01325	0	NA	NA	NA	NA	NA
gene-BTH_RS01345	0	NA	NA	NA	NA	NA
gene-BTH_RS01365	0	NA	NA	NA	NA	NA
gene-BTH_RS01375	0	NA	NA	NA	NA	NA
gene-BTH_RS01440	0	NA	NA	NA	NA	NA
gene-BTH_RS01450	0	NA	NA	NA	NA	NA
gene-BTH_RS01490	0	NA	NA	NA	NA	NA
gene-BTH_RS01520	0	NA	NA	NA	NA	NA
gene-BTH_RS01525	0	NA	NA	NA	NA	NA
gene-BTH_RS01530	0	NA	NA	NA	NA	NA
gene-BTH_RS35505	0	NA	NA	NA	NA	NA
gene-BTH_RS01540	0	NA	NA	NA	NA	NA
gene-BTH_RS01545	0	NA	NA	NA	NA	NA
gene-BTH_RS01515	0	NA	NA	NA	NA	NA
gene-BTH_RS01560	0	NA	NA	NA	NA	NA
gene-BTH_RS01565	0	NA	NA	NA	NA	NA
gene-BTH_RS01570	0	NA	NA	NA	NA	NA
MSTRG.211.5	0	NA	NA	NA	NA	NA
gene-BTH_RS01575	0	NA	NA	NA	NA	NA
gene-BTH_RS01580	0	NA	NA	NA	NA	NA
gene-BTH_RS01585	0	NA	NA	NA	NA	NA
gene-BTH_RS01590	0	NA	NA	NA	NA	NA
gene-BTH_RS01595	0	NA	NA	NA	NA	NA
gene-BTH_RS01550	0	NA	NA	NA	NA	NA
gene-BTH_RS01555	0	NA	NA	NA	NA	NA
gene-BTH_RS34195	0	NA	NA	NA	NA	NA
gene-BTH_RS33085	0	NA	NA	NA	NA	NA
gene-BTH_RS01610	0	NA	NA	NA	NA	NA
gene-BTH_RS01695	0	NA	NA	NA	NA	NA
gene-BTH_RS34200	0	NA	NA	NA	NA	NA
gene-BTH_RS01730	0	NA	NA	NA	NA	NA
gene-BTH_RS01735	0	NA	NA	NA	NA	NA
gene-BTH_RS01750	0	NA	NA	NA	NA	NA
MSTRG.259.1	0	NA	NA	NA	NA	NA
gene-BTH_RS01855	0	NA	NA	NA	NA	NA
gene-BTH_RS29435	0	NA	NA	NA	NA	NA
gene-BTH_RS01945	0	NA	NA	NA	NA	NA
gene-BTH_RS02000	0.820777656525812	-0.0652033661993695	0.415201587081808	-0.157040262436478	0.87521311691754	NA
gene-BTH_RS02005	0	NA	NA	NA	NA	NA
gene-BTH_RS02100	0	NA	NA	NA	NA	NA
MSTRG.312.1	2.20832643412757	0.163518732069237	0.608821054443508	0.268582584120225	0.788250915853874	NA
gene-BTH_RS02150	0	NA	NA	NA	NA	NA
gene-BTH_RS02155	0	NA	NA	NA	NA	NA
gene-BTH_RS02170	0	NA	NA	NA	NA	NA
gene-BTH_RS02180	0	NA	NA	NA	NA	NA
gene-BTH_RS02185	0	NA	NA	NA	NA	NA
gene-BTH_RS02190	0	NA	NA	NA	NA	NA
gene-BTH_RS02195	0	NA	NA	NA	NA	NA
gene-BTH_RS02200	0	NA	NA	NA	NA	NA
gene-BTH_RS02205	0	NA	NA	NA	NA	NA
gene-BTH_RS02215	0.512229310391825	0.119232934182931	0.366395400278297	0.325421482072011	0.744862099200361	NA
gene-BTH_RS02220	0	NA	NA	NA	NA	NA
gene-BTH_RS02280	2.49417614495379	0.287287610171304	0.603683489320609	0.475891117205509	0.634151950837502	NA
gene-BTH_RS02285	0	NA	NA	NA	NA	NA
gene-BTH_RS02310	1.22291562834922	0.560975621257169	0.519978253583037	1.07884438895594	0.280657103007713	NA
gene-BTH_RS02320	0	NA	NA	NA	NA	NA
gene-BTH_RS34910	0	NA	NA	NA	NA	NA
gene-BTH_RS02345	0	NA	NA	NA	NA	NA
gene-BTH_RS34750	0	NA	NA	NA	NA	NA
gene-BTH_RS02390	0	NA	NA	NA	NA	NA
gene-BTH_RS02440	0	NA	NA	NA	NA	NA
gene-BTH_RS02455	0	NA	NA	NA	NA	NA
gene-BTH_RS02465	0	NA	NA	NA	NA	NA
gene-BTH_RS32760	0.356623128976048	0.18343721545638	0.347488883725808	0.527893765951731	0.597573071813043	NA
gene-BTH_RS02505	0	NA	NA	NA	NA	NA
gene-BTH_RS02555	0	NA	NA	NA	NA	NA
gene-BTH_RS34915	0	NA	NA	NA	NA	NA
MSTRG.381.3	0	NA	NA	NA	NA	NA
MSTRG.381.4	1.39100643451245	0.194154716763471	0.51377999233092	0.377894662426671	0.705508847724084	NA
gene-BTH_RS02620	0	NA	NA	NA	NA	NA
gene-BTH_RS02625	0	NA	NA	NA	NA	NA
gene-BTH_RS02715	0.301183601375934	0.0196293847434049	0.347488883725808	0.0564892451606993	0.954952062963932	NA
gene-BTH_RS02720	0	NA	NA	NA	NA	NA
gene-BTH_RS02735	0	NA	NA	NA	NA	NA
gene-BTH_RS34755	0	NA	NA	NA	NA	NA
gene-BTH_RS02800	0	NA	NA	NA	NA	NA
gene-BTH_RS02850	0	NA	NA	NA	NA	NA
gene-BTH_RS02875	0.514789250386528	0.106535470794433	0.348339556852008	0.305837992553037	0.75972799971116	NA
gene-BTH_RS02880	0	NA	NA	NA	NA	NA
gene-BTH_RS02905	0	NA	NA	NA	NA	NA
gene-BTH_RS02925	0	NA	NA	NA	NA	NA
gene-BTH_RS02940	0	NA	NA	NA	NA	NA
gene-BTH_RS02965	0.677760176560358	-0.146567466493208	0.396150645917406	-0.369979117801984	0.711398049714565	NA
gene-BTH_RS02970	0.154656426148356	-0.0622745306130825	0.347488883725808	-0.179213015234816	0.85777044449086	NA
gene-BTH_RS02975	0	NA	NA	NA	NA	NA
gene-BTH_RS03120	0	NA	NA	NA	NA	NA
gene-BTH_RS34250	0.868852439367873	0.371244387900418	0.4744929095401	0.782402393031004	0.433978127889279	NA
MSTRG.472.1	1.7550231361289	-0.555269004429075	0.578293443141148	-0.960185544233375	0.336961840937757	NA
gene-BTH_RS03145	0	NA	NA	NA	NA	NA
gene-BTH_RS03150	0	NA	NA	NA	NA	NA
gene-BTH_RS03165	0	NA	NA	NA	NA	NA
gene-BTH_RS03160	0	NA	NA	NA	NA	NA
gene-BTH_RS03185	0	NA	NA	NA	NA	NA
gene-BTH_RS03270	0.533146721727403	0.103590569758672	0.371819693841075	0.278604311376118	0.780548503672432	NA
gene-BTH_RS03275	0	NA	NA	NA	NA	NA
gene-BTH_RS03285	0	NA	NA	NA	NA	NA
gene-BTH_RS03375	0	NA	NA	NA	NA	NA
gene-BTH_RS03500	0	NA	NA	NA	NA	NA
gene-BTH_RS03530	2.27634566256871	-0.247195802567329	0.611626739244987	-0.40416120928996	0.686094176677318	NA
gene-BTH_RS03535	0	NA	NA	NA	NA	NA
gene-BTH_RS03540	0	NA	NA	NA	NA	NA
gene-BTH_RS03545	0	NA	NA	NA	NA	NA
gene-BTH_RS03550	0	NA	NA	NA	NA	NA
gene-BTH_RS03555	0	NA	NA	NA	NA	NA
gene-BTH_RS03560	0	NA	NA	NA	NA	NA
gene-BTH_RS03565	0	NA	NA	NA	NA	NA
gene-BTH_RS03570	0	NA	NA	NA	NA	NA
gene-BTH_RS03575	0	NA	NA	NA	NA	NA
gene-BTH_RS03580	0	NA	NA	NA	NA	NA
gene-BTH_RS03585	0	NA	NA	NA	NA	NA
gene-BTH_RS03590	0	NA	NA	NA	NA	NA
gene-BTH_RS03595	0	NA	NA	NA	NA	NA
gene-BTH_RS34260	0	NA	NA	NA	NA	NA
gene-BTH_RS03620	0	NA	NA	NA	NA	NA
gene-BTH_RS03645	0	NA	NA	NA	NA	NA
gene-BTH_RS03700	0	NA	NA	NA	NA	NA
gene-BTH_RS03710	1.83826892513665	0.15680128208457	0.57313923078507	0.273583230151229	0.784404922877284	NA
gene-BTH_RS03715	0	NA	NA	NA	NA	NA
gene-BTH_RS34930	0	NA	NA	NA	NA	NA
gene-BTH_RS03800	0.344732685477236	0.0196293847434049	0.347488883725808	0.0564892451606993	0.954952062963932	NA
gene-BTH_RS03805	0	NA	NA	NA	NA	NA
gene-BTH_RS03820	0	NA	NA	NA	NA	NA
gene-BTH_RS03830	0	NA	NA	NA	NA	NA
gene-BTH_RS03870	0.166546869647168	0.101533300099892	0.347488883725808	0.292191505556215	0.770140205976299	NA
gene-BTH_RS03875	0.166546869647168	0.101533300099892	0.347488883725808	0.292191505556215	0.770140205976299	NA
gene-BTH_RS03880	0.19007625932888	0.101533300099892	0.347488883725808	0.292191505556215	0.770140205976299	NA
gene-BTH_RS03885	0.19007625932888	0.101533300099892	0.347488883725808	0.292191505556215	0.770140205976299	NA
gene-BTH_RS03890	0	NA	NA	NA	NA	NA
gene-BTH_RS03915	0	NA	NA	NA	NA	NA
gene-BTH_RS03920	0	NA	NA	NA	NA	NA
gene-BTH_RS03930	0	NA	NA	NA	NA	NA
gene-BTH_RS03940	0	NA	NA	NA	NA	NA
gene-BTH_RS03995	0	NA	NA	NA	NA	NA
gene-BTH_RS04010	0	NA	NA	NA	NA	NA
gene-BTH_RS04025	0	NA	NA	NA	NA	NA
gene-BTH_RS04030	0	NA	NA	NA	NA	NA
gene-BTH_RS04055	0	NA	NA	NA	NA	NA
gene-BTH_RS04060	0	NA	NA	NA	NA	NA
gene-BTH_RS04065	0	NA	NA	NA	NA	NA
gene-BTH_RS04075	0	NA	NA	NA	NA	NA
gene-BTH_RS04035	0	NA	NA	NA	NA	NA
gene-BTH_RS04040	0	NA	NA	NA	NA	NA
gene-BTH_RS04045	0	NA	NA	NA	NA	NA
gene-BTH_RS04050	0	NA	NA	NA	NA	NA
gene-BTH_RS34275	0	NA	NA	NA	NA	NA
gene-BTH_RS04100	0	NA	NA	NA	NA	NA
gene-BTH_RS04125	0	NA	NA	NA	NA	NA
gene-BTH_RS04140	0.187516319334178	0.101533300099892	0.347488883725808	0.292191505556215	0.770140205976299	NA
gene-BTH_RS04145	0	NA	NA	NA	NA	NA
gene-BTH_RS04155	0	NA	NA	NA	NA	NA
gene-BTH_RS04215	0	NA	NA	NA	NA	NA
gene-BTH_RS04225	0	NA	NA	NA	NA	NA
gene-BTH_RS04270	0.4986766438143	-0.0650457405207255	0.364895695631142	-0.178258448371716	0.858520009515243	NA
gene-BTH_RS04275	0.134636731728767	-0.0622745306130826	0.347488883725808	-0.179213015234816	0.85777044449086	NA
gene-BTH_RS04280	0	NA	NA	NA	NA	NA
gene-BTH_RS04295	0.445797056208889	-0.208709450648411	0.348597369020856	-0.59871206496663	0.549364910275359	NA
gene-BTH_RS35540	0	NA	NA	NA	NA	NA
gene-BTH_RS04310	0	NA	NA	NA	NA	NA
gene-BTH_RS04325	0.176523592751355	-0.0622745306130826	0.347488883725808	-0.179213015234816	0.85777044449086	NA
gene-BTH_RS04330	0.176523592751355	-0.0622745306130826	0.347488883725808	-0.179213015234816	0.85777044449086	NA
gene-BTH_RS04335	0.311160324480122	-0.14417844596957	0.347488883725808	-0.414915275630332	0.678203926850591	NA
gene-BTH_RS04345	0	NA	NA	NA	NA	NA
gene-BTH_RS04395	1.90624511583565	0.173305095991158	0.597520589280612	0.290040375344739	0.77178534946777	NA
gene-BTH_RS04400	0	NA	NA	NA	NA	NA
MSTRG.657.1	1.34184868564971	-0.109597756135133	0.503556173319182	-0.217647527608929	0.827703750380234	NA
gene-BTH_RS04420	0	NA	NA	NA	NA	NA
gene-BTH_RS04425	0	NA	NA	NA	NA	NA
gene-BTH_RS04430	0	NA	NA	NA	NA	NA
MSTRG.658.1	0	NA	NA	NA	NA	NA
MSTRG.658.2	0	NA	NA	NA	NA	NA
gene-BTH_RS04435	0	NA	NA	NA	NA	NA
gene-BTH_RS04440	0	NA	NA	NA	NA	NA
gene-BTH_RS04445	0	NA	NA	NA	NA	NA
gene-BTH_RS04450	0	NA	NA	NA	NA	NA
gene-BTH_RS04455	0	NA	NA	NA	NA	NA
MSTRG.658.8	0	NA	NA	NA	NA	NA
gene-BTH_RS04460	0	NA	NA	NA	NA	NA
gene-BTH_RS04465	0	NA	NA	NA	NA	NA
gene-BTH_RS04470	0	NA	NA	NA	NA	NA
gene-BTH_RS04475	0	NA	NA	NA	NA	NA
gene-BTH_RS04480	0	NA	NA	NA	NA	NA
gene-BTH_RS04485	0	NA	NA	NA	NA	NA
gene-BTH_RS04490	0	NA	NA	NA	NA	NA
gene-BTH_RS04495	0	NA	NA	NA	NA	NA
gene-BTH_RS04500	0	NA	NA	NA	NA	NA
gene-BTH_RS04505	0	NA	NA	NA	NA	NA
gene-BTH_RS04510	0	NA	NA	NA	NA	NA
gene-BTH_RS04515	0	NA	NA	NA	NA	NA
gene-BTH_RS04535	0	NA	NA	NA	NA	NA
gene-BTH_RS35440	0	NA	NA	NA	NA	NA
gene-BTH_RS04545	0.154656426148356	-0.0622745306130825	0.347488883725808	-0.179213015234816	0.85777044449086	NA
MSTRG.658.25	0	NA	NA	NA	NA	NA
MSTRG.658.26	0	NA	NA	NA	NA	NA
gene-BTH_RS04550	0	NA	NA	NA	NA	NA
gene-BTH_RS04525	0	NA	NA	NA	NA	NA
gene-BTH_RS04530	0	NA	NA	NA	NA	NA
gene-BTH_RS04590	0	NA	NA	NA	NA	NA
MSTRG.680.1	2.23725602899695	-0.201539477395507	0.603821203125333	-0.333773435501029	0.738550530385047	NA
gene-BTH_RS04655	0	NA	NA	NA	NA	NA
gene-BTH_RS04660	0	NA	NA	NA	NA	NA
gene-BTH_RS04665	0	NA	NA	NA	NA	NA
gene-BTH_RS04670	0	NA	NA	NA	NA	NA
gene-BTH_RS04675	0	NA	NA	NA	NA	NA
gene-BTH_RS04680	0	NA	NA	NA	NA	NA
gene-BTH_RS04690	0	NA	NA	NA	NA	NA
gene-BTH_RS04695	0	NA	NA	NA	NA	NA
gene-BTH_RS04700	0	NA	NA	NA	NA	NA
gene-BTH_RS04705	0	NA	NA	NA	NA	NA
gene-BTH_RS04710	0	NA	NA	NA	NA	NA
gene-BTH_RS04685	0	NA	NA	NA	NA	NA
gene-BTH_RS04715	0	NA	NA	NA	NA	NA
MSTRG.689.1	0.96520586225407	-0.342479993719282	0.484977467878994	-0.706177124510728	0.480077994282826	NA
gene-BTH_RS04750	0	NA	NA	NA	NA	NA
gene-BTH_RS04775	0	NA	NA	NA	NA	NA
gene-BTH_RS04795	0	NA	NA	NA	NA	NA
gene-BTH_RS04810	0.883279612392304	-0.231708262269457	0.425402588028413	-0.544679954448188	0.585973653862976	NA
gene-BTH_RS04815	0	NA	NA	NA	NA	NA
gene-BTH_RS04825	0	NA	NA	NA	NA	NA
MSTRG.697.1	0	NA	NA	NA	NA	NA
gene-BTH_RS04830	0	NA	NA	NA	NA	NA
gene-BTH_RS04840	0	NA	NA	NA	NA	NA
gene-BTH_RS33200	0	NA	NA	NA	NA	NA
gene-BTH_RS05145	0	NA	NA	NA	NA	NA
gene-BTH_RS05155	0	NA	NA	NA	NA	NA
gene-BTH_RS05160	0	NA	NA	NA	NA	NA
gene-BTH_RS05165	0	NA	NA	NA	NA	NA
gene-BTH_RS05170	0	NA	NA	NA	NA	NA
MSTRG.721.7	0	NA	NA	NA	NA	NA
gene-BTH_RS05175	0	NA	NA	NA	NA	NA
gene-BTH_RS05180	0	NA	NA	NA	NA	NA
gene-BTH_RS05195	0	NA	NA	NA	NA	NA
gene-BTH_RS05200	0	NA	NA	NA	NA	NA
gene-BTH_RS05210	0	NA	NA	NA	NA	NA
gene-BTH_RS05215	0	NA	NA	NA	NA	NA
gene-BTH_RS05220	0	NA	NA	NA	NA	NA
gene-BTH_RS05225	0	NA	NA	NA	NA	NA
gene-BTH_RS05230	0	NA	NA	NA	NA	NA
gene-BTH_RS05235	0	NA	NA	NA	NA	NA
gene-BTH_RS04980	0	NA	NA	NA	NA	NA
MSTRG.723.4	0	NA	NA	NA	NA	NA
gene-BTH_RS04985	0	NA	NA	NA	NA	NA
gene-BTH_RS04990	0	NA	NA	NA	NA	NA
gene-BTH_RS04995	0	NA	NA	NA	NA	NA
gene-BTH_RS05000	0	NA	NA	NA	NA	NA
gene-BTH_RS05005	0	NA	NA	NA	NA	NA
gene-BTH_RS05010	0	NA	NA	NA	NA	NA
gene-BTH_RS05015	0	NA	NA	NA	NA	NA
gene-BTH_RS05030	0	NA	NA	NA	NA	NA
gene-BTH_RS05060	0	NA	NA	NA	NA	NA
gene-BTH_RS05075	0	NA	NA	NA	NA	NA
gene-BTH_RS05105	0	NA	NA	NA	NA	NA
gene-BTH_RS05150	0	NA	NA	NA	NA	NA
gene-BTH_RS05190	0	NA	NA	NA	NA	NA
gene-BTH_RS05205	0	NA	NA	NA	NA	NA
gene-BTH_RS05260	0	NA	NA	NA	NA	NA
gene-BTH_RS34945	0	NA	NA	NA	NA	NA
gene-BTH_RS34950	0	NA	NA	NA	NA	NA
gene-BTH_RS05325	0	NA	NA	NA	NA	NA
gene-BTH_RS05335	0	NA	NA	NA	NA	NA
gene-BTH_RS05345	2.08880613276545	-0.926430888599217	0.544094209160673	-1.70270308524022	0.0886236472163861	NA
gene-BTH_RS05350	0	NA	NA	NA	NA	NA
gene-BTH_RS05355	1.73571590952061	-0.461383111177208	0.550667258228105	-0.837861892609725	0.402108273136414	NA
gene-BTH_RS05360	0	NA	NA	NA	NA	NA
gene-BTH_RS05370	0	NA	NA	NA	NA	NA
gene-BTH_RS05380	0	NA	NA	NA	NA	NA
gene-BTH_RS05390	0	NA	NA	NA	NA	NA
gene-BTH_RS05410	0.598606010173835	-0.256199701531002	0.350864831951527	-0.730194873353383	0.465271075798256	NA
gene-BTH_RS05415	0	NA	NA	NA	NA	NA
gene-BTH_RS05430	0	NA	NA	NA	NA	NA
gene-BTH_RS05440	0	NA	NA	NA	NA	NA
gene-BTH_RS05450	0	NA	NA	NA	NA	NA
gene-BTH_RS05460	1.40268841843749	-0.240377603630175	0.473245987721111	-0.507933738197549	0.611499813219222	NA
gene-BTH_RS05465	1.73575894726274	-0.529243300124967	0.455151139174649	-1.16278584095093	0.24491640325687	NA
gene-BTH_RS29950	0	NA	NA	NA	NA	NA
gene-BTH_RS29955	0	NA	NA	NA	NA	NA
gene-BTH_RS05495	0	NA	NA	NA	NA	NA
gene-BTH_RS05535	0	NA	NA	NA	NA	NA
gene-BTH_RS05575	0	NA	NA	NA	NA	NA
gene-BTH_RS34965	0.134636731728767	-0.0622745306130826	0.347488883725808	-0.179213015234816	0.85777044449086	NA
MSTRG.825.1	0	NA	NA	NA	NA	NA
gene-BTH_RS05690	0	NA	NA	NA	NA	NA
MSTRG.827.2	0	NA	NA	NA	NA	NA
gene-BTH_RS05695	0	NA	NA	NA	NA	NA
gene-BTH_RS05700	0	NA	NA	NA	NA	NA
gene-BTH_RS05705	0	NA	NA	NA	NA	NA
gene-BTH_RS05710	0	NA	NA	NA	NA	NA
gene-BTH_RS05715	0	NA	NA	NA	NA	NA
gene-BTH_RS05720	0	NA	NA	NA	NA	NA
gene-BTH_RS05790	0	NA	NA	NA	NA	NA
gene-BTH_RS05795	0	NA	NA	NA	NA	NA
gene-BTH_RS05805	0	NA	NA	NA	NA	NA
gene-BTH_RS05840	0	NA	NA	NA	NA	NA
gene-BTH_RS05870	0	NA	NA	NA	NA	NA
gene-BTH_RS05875	0	NA	NA	NA	NA	NA
gene-BTH_RS05890	0	NA	NA	NA	NA	NA
gene-BTH_RS05895	0	NA	NA	NA	NA	NA
gene-BTH_RS05900	0	NA	NA	NA	NA	NA
MSTRG.859.1	0.801522468268948	-0.0338849654831794	0.461597253700228	-0.0734080742715708	0.941481392593156	NA
gene-BTH_RS05950	0	NA	NA	NA	NA	NA
gene-BTH_RS35455	0	NA	NA	NA	NA	NA
gene-BTH_RS05960	0	NA	NA	NA	NA	NA
gene-BTH_RS05965	0	NA	NA	NA	NA	NA
gene-BTH_RS05990	0	NA	NA	NA	NA	NA
gene-BTH_RS05995	0	NA	NA	NA	NA	NA
gene-BTH_RS06000	0	NA	NA	NA	NA	NA
gene-BTH_RS35570	0	NA	NA	NA	NA	NA
gene-BTH_RS06020	0.973520362279544	-0.489763573332031	0.445636431905465	-1.0990204980277	0.271759125095106	NA
gene-BTH_RS06025	0	NA	NA	NA	NA	NA
gene-BTH_RS06040	0	NA	NA	NA	NA	NA
gene-BTH_RS06055	0	NA	NA	NA	NA	NA
gene-BTH_RS06060	0	NA	NA	NA	NA	NA
gene-BTH_RS06065	0	NA	NA	NA	NA	NA
gene-BTH_RS06070	0	NA	NA	NA	NA	NA
gene-BTH_RS06075	0	NA	NA	NA	NA	NA
gene-BTH_RS06080	0	NA	NA	NA	NA	NA
gene-BTH_RS06085	0	NA	NA	NA	NA	NA
gene-BTH_RS06090	0	NA	NA	NA	NA	NA
gene-BTH_RS06095	0	NA	NA	NA	NA	NA
gene-BTH_RS06125	0	NA	NA	NA	NA	NA
gene-BTH_RS06130	0	NA	NA	NA	NA	NA
gene-BTH_RS06135	0	NA	NA	NA	NA	NA
MSTRG.879.5	0	NA	NA	NA	NA	NA
gene-BTH_RS06140	0	NA	NA	NA	NA	NA
gene-BTH_RS34315	0	NA	NA	NA	NA	NA
gene-BTH_RS06145	0	NA	NA	NA	NA	NA
gene-BTH_RS34320	0	NA	NA	NA	NA	NA
gene-BTH_RS06155	0	NA	NA	NA	NA	NA
gene-BTH_RS06160	0	NA	NA	NA	NA	NA
gene-BTH_RS06165	0	NA	NA	NA	NA	NA
gene-BTH_RS06170	0	NA	NA	NA	NA	NA
gene-BTH_RS06180	0	NA	NA	NA	NA	NA
gene-BTH_RS06185	0	NA	NA	NA	NA	NA
gene-BTH_RS06120	0	NA	NA	NA	NA	NA
gene-BTH_RS06150	0	NA	NA	NA	NA	NA
gene-BTH_RS06175	0	NA	NA	NA	NA	NA
MSTRG.883.2	0	NA	NA	NA	NA	NA
MSTRG.883.3	0	NA	NA	NA	NA	NA
MSTRG.883.4	0	NA	NA	NA	NA	NA
gene-BTH_RS33260	0	NA	NA	NA	NA	NA
MSTRG.883.6	0	NA	NA	NA	NA	NA
gene-BTH_RS33265	0	NA	NA	NA	NA	NA
gene-BTH_RS06195	0	NA	NA	NA	NA	NA
gene-BTH_RS06200	0	NA	NA	NA	NA	NA
gene-BTH_RS06205	0	NA	NA	NA	NA	NA
gene-BTH_RS06210	0	NA	NA	NA	NA	NA
gene-BTH_RS06215	0	NA	NA	NA	NA	NA
gene-BTH_RS06220	0	NA	NA	NA	NA	NA
gene-BTH_RS06225	0	NA	NA	NA	NA	NA
gene-BTH_RS06230	0	NA	NA	NA	NA	NA
gene-BTH_RS06235	0	NA	NA	NA	NA	NA
gene-BTH_RS06240	0	NA	NA	NA	NA	NA
gene-BTH_RS06245	0	NA	NA	NA	NA	NA
gene-BTH_RS06190	0	NA	NA	NA	NA	NA
gene-BTH_RS06265	0	NA	NA	NA	NA	NA
MSTRG.891.2	0	NA	NA	NA	NA	NA
gene-BTH_RS06325	0	NA	NA	NA	NA	NA
gene-BTH_RS06340	0	NA	NA	NA	NA	NA
gene-BTH_RS06345	0	NA	NA	NA	NA	NA
gene-BTH_RS06350	0	NA	NA	NA	NA	NA
gene-BTH_RS06355	0	NA	NA	NA	NA	NA
gene-BTH_RS06365	0	NA	NA	NA	NA	NA
gene-BTH_RS06360	0	NA	NA	NA	NA	NA
gene-BTH_RS06385	0	NA	NA	NA	NA	NA
gene-BTH_RS06390	0.675200236565655	-0.147675571282229	0.395701638627382	-0.373199291755498	0.709000123258373	NA
gene-BTH_RS06395	0.685243207881057	0.0188723999050505	0.443491158695153	0.0425541739334268	0.966056926276014	NA
gene-BTH_RS06400	0	NA	NA	NA	NA	NA
gene-BTH_RS06455	0	NA	NA	NA	NA	NA
gene-BTH_RS06465	0	NA	NA	NA	NA	NA
gene-BTH_RS06475	0	NA	NA	NA	NA	NA
gene-BTH_RS06485	0	NA	NA	NA	NA	NA
gene-BTH_RS06505	0	NA	NA	NA	NA	NA
gene-BTH_RS06510	0	NA	NA	NA	NA	NA
gene-BTH_RS06480	0	NA	NA	NA	NA	NA
gene-BTH_RS06495	0	NA	NA	NA	NA	NA
gene-BTH_RS06500	0	NA	NA	NA	NA	NA
gene-BTH_RS06530	0	NA	NA	NA	NA	NA
gene-BTH_RS06535	0	NA	NA	NA	NA	NA
gene-BTH_RS06540	0	NA	NA	NA	NA	NA
gene-BTH_RS06550	0	NA	NA	NA	NA	NA
gene-BTH_RS06560	0	NA	NA	NA	NA	NA
gene-BTH_RS06565	0	NA	NA	NA	NA	NA
gene-BTH_RS06570	0	NA	NA	NA	NA	NA
gene-BTH_RS06575	0	NA	NA	NA	NA	NA
gene-BTH_RS34970	0	NA	NA	NA	NA	NA
gene-BTH_RS06580	0	NA	NA	NA	NA	NA
gene-BTH_RS06525	0	NA	NA	NA	NA	NA
gene-BTH_RS06590	0	NA	NA	NA	NA	NA
gene-BTH_RS06605	0	NA	NA	NA	NA	NA
gene-BTH_RS06610	0	NA	NA	NA	NA	NA
gene-BTH_RS06615	0	NA	NA	NA	NA	NA
gene-BTH_RS06620	0	NA	NA	NA	NA	NA
gene-BTH_RS06625	0	NA	NA	NA	NA	NA
gene-BTH_RS06630	0	NA	NA	NA	NA	NA
gene-BTH_RS06640	0	NA	NA	NA	NA	NA
gene-BTH_RS06645	0	NA	NA	NA	NA	NA
gene-BTH_RS06665	0	NA	NA	NA	NA	NA
MSTRG.942.2	0	NA	NA	NA	NA	NA
gene-BTH_RS06715	0	NA	NA	NA	NA	NA
gene-BTH_RS06720	0	NA	NA	NA	NA	NA
gene-BTH_RS06765	0	NA	NA	NA	NA	NA
gene-BTH_RS33280	0	NA	NA	NA	NA	NA
gene-BTH_RS06790	0	NA	NA	NA	NA	NA
gene-BTH_RS06835	0.497726888546879	-0.0739363516400844	0.363847428493895	-0.203207019893299	0.838973226222746	NA
gene-BTH_RS06840	0.42392988960589	-0.205194543785891	0.34848671284849	-0.588815975532194	0.555984727910816	NA
gene-BTH_RS06845	0.899789611549769	-0.262114507679377	0.43145252624441	-0.607516451371742	0.543508228223087	NA
gene-BTH_RS34975	0	NA	NA	NA	NA	NA
gene-BTH_RS06865	0.808953461238215	0.0628469763555963	0.356909669028647	0.176086505380026	0.860225982423199	NA
gene-BTH_RS34980	0.269273463457534	-0.14417844596957	0.347488883725808	-0.414915275630332	0.678203926850591	NA
gene-BTH_RS06875	0.675266484776869	0.187496209381174	0.397910742817881	0.471201677173587	0.6374967211341	NA
gene-BTH_RS06880	0.19007625932888	0.101533300099892	0.347488883725808	0.292191505556215	0.770140205976299	NA
gene-BTH_RS06885	0	NA	NA	NA	NA	NA
gene-BTH_RS06900	0.42392988960589	-0.205194543785891	0.34848671284849	-0.588815975532194	0.555984727910816	NA
gene-BTH_RS06905	0	NA	NA	NA	NA	NA
gene-BTH_RS06915	0	NA	NA	NA	NA	NA
gene-BTH_RS06930	0	NA	NA	NA	NA	NA
gene-BTH_RS06940	0	NA	NA	NA	NA	NA
gene-BTH_RS06955	0	NA	NA	NA	NA	NA
gene-BTH_RS06975	0	NA	NA	NA	NA	NA
gene-BTH_RS30080	1.28368011231648	-0.389068250633739	0.467708828009151	-0.83185996785617	0.405487990264853	NA
gene-BTH_RS06995	0	NA	NA	NA	NA	NA
gene-BTH_RS07035	0	NA	NA	NA	NA	NA
gene-BTH_RS07075	0	NA	NA	NA	NA	NA
gene-BTH_RS07080	0	NA	NA	NA	NA	NA
MSTRG.993.1	1.28384921805489	-0.334086957529322	0.540945311551681	-0.617598397462779	0.536840101223836	NA
gene-BTH_RS07085	0	NA	NA	NA	NA	NA
gene-BTH_RS07090	0	NA	NA	NA	NA	NA
gene-BTH_RS07115	0	NA	NA	NA	NA	NA
gene-BTH_RS07135	0	NA	NA	NA	NA	NA
gene-BTH_RS07145	0	NA	NA	NA	NA	NA
gene-BTH_RS07155	0	NA	NA	NA	NA	NA
MSTRG.1010.1	2.60195637054234	-0.194269708707927	0.604243851335913	-0.321508788675994	0.747824853120567	NA
gene-BTH_RS07185	0	NA	NA	NA	NA	NA
gene-BTH_RS07190	0	NA	NA	NA	NA	NA
gene-BTH_RS07195	0	NA	NA	NA	NA	NA
gene-BTH_RS07200	0	NA	NA	NA	NA	NA
gene-BTH_RS07250	0	NA	NA	NA	NA	NA
gene-BTH_RS07275	0	NA	NA	NA	NA	NA
MSTRG.1024.3	0	NA	NA	NA	NA	NA
gene-BTH_RS07280	0	NA	NA	NA	NA	NA
gene-BTH_RS07410	0	NA	NA	NA	NA	NA
gene-BTH_RS07465	0	NA	NA	NA	NA	NA
gene-BTH_RS35005	0	NA	NA	NA	NA	NA
gene-BTH_RS07545	0	NA	NA	NA	NA	NA
gene-BTH_RS35585	0	NA	NA	NA	NA	NA
gene-BTH_RS07635	0	NA	NA	NA	NA	NA
gene-BTH_RS07650	0.176523592751355	-0.0622745306130826	0.347488883725808	-0.179213015234816	0.85777044449086	NA
gene-BTH_RS07655	0.176523592751355	-0.0622745306130826	0.347488883725808	-0.179213015234816	0.85777044449086	NA
gene-BTH_RS07660	0.707110374484056	0.00464827411257825	0.396972072137653	0.0117093227429017	0.990657525654836	NA
gene-BTH_RS07665	0	NA	NA	NA	NA	NA
gene-BTH_RS07680	0	NA	NA	NA	NA	NA
gene-BTH_RS07745	0	NA	NA	NA	NA	NA
gene-BTH_RS07820	0	NA	NA	NA	NA	NA
gene-BTH_RS35590	0	NA	NA	NA	NA	NA
gene-BTH_RS07840	0	NA	NA	NA	NA	NA
gene-BTH_RS07865	0	NA	NA	NA	NA	NA
MSTRG.1145.2	0.176523592751355	-0.0622745306130826	0.347488883725808	-0.179213015234816	0.85777044449086	NA
gene-BTH_RS07900	0	NA	NA	NA	NA	NA
gene-BTH_RS35015	0	NA	NA	NA	NA	NA
gene-BTH_RS07915	0	NA	NA	NA	NA	NA
gene-BTH_RS07930	0	NA	NA	NA	NA	NA
gene-BTH_RS08005	0	NA	NA	NA	NA	NA
gene-BTH_RS08100	0	NA	NA	NA	NA	NA
gene-BTH_RS08215	0.176523592751355	-0.0622745306130826	0.347488883725808	-0.179213015234816	0.85777044449086	NA
gene-BTH_RS08220	0.19007625932888	0.101533300099892	0.347488883725808	0.292191505556215	0.770140205976299	NA
gene-BTH_RS08225	0	NA	NA	NA	NA	NA
gene-BTH_RS08280	0.765152879821002	-0.204544608569026	0.409350382162365	-0.499681000634549	0.617299712593975	NA
gene-BTH_RS08285	0	NA	NA	NA	NA	NA
gene-BTH_RS34370	0.709670314478758	0.00561753592723166	0.397235729900311	0.0141415675992727	0.988717037616778	NA
gene-BTH_RS08340	0	NA	NA	NA	NA	NA
gene-BTH_RS08395	0	NA	NA	NA	NA	NA
MSTRG.1231.1	1.11358050966506	-0.207849610700097	0.496029978650002	-0.419026308179561	0.675196905601793	NA
gene-BTH_RS08400	0	NA	NA	NA	NA	NA
gene-BTH_RS35020	0	NA	NA	NA	NA	NA
gene-BTH_RS08410	0	NA	NA	NA	NA	NA
MSTRG.1232.1	1.67316313447835	-0.12637866290901	0.555998469419476	-0.227300379155654	0.82019017829957	NA
gene-BTH_RS35600	0	NA	NA	NA	NA	NA
gene-BTH_RS08415	0	NA	NA	NA	NA	NA
gene-BTH_RS08430	0	NA	NA	NA	NA	NA
gene-BTH_RS08435	0	NA	NA	NA	NA	NA
gene-BTH_RS08440	0	NA	NA	NA	NA	NA
gene-BTH_RS08425	0	NA	NA	NA	NA	NA
gene-BTH_RS08445	0	NA	NA	NA	NA	NA
gene-BTH_RS35025	0	NA	NA	NA	NA	NA
gene-BTH_RS08475	0	NA	NA	NA	NA	NA
gene-BTH_RS08480	0	NA	NA	NA	NA	NA
gene-BTH_RS08490	0	NA	NA	NA	NA	NA
gene-BTH_RS08460	0	NA	NA	NA	NA	NA
MSTRG.1242.1	0	NA	NA	NA	NA	NA
MSTRG.1242.2	0	NA	NA	NA	NA	NA
MSTRG.1242.3	0	NA	NA	NA	NA	NA
gene-BTH_RS08515	0	NA	NA	NA	NA	NA
gene-BTH_RS08520	0	NA	NA	NA	NA	NA
gene-BTH_RS30275	0	NA	NA	NA	NA	NA
MSTRG.1242.7	0	NA	NA	NA	NA	NA
gene-BTH_RS08525	0	NA	NA	NA	NA	NA
gene-BTH_RS35605	0	NA	NA	NA	NA	NA
gene-BTH_RS08535	0	NA	NA	NA	NA	NA
gene-BTH_RS08540	0	NA	NA	NA	NA	NA
MSTRG.1243.4	0	NA	NA	NA	NA	NA
gene-BTH_RS08545	0	NA	NA	NA	NA	NA
gene-BTH_RS08550	0	NA	NA	NA	NA	NA
gene-BTH_RS08555	0	NA	NA	NA	NA	NA
gene-BTH_RS30280	0	NA	NA	NA	NA	NA
gene-BTH_RS08560	0	NA	NA	NA	NA	NA
gene-BTH_RS30285	0	NA	NA	NA	NA	NA
MSTRG.1261.1	0.777993078587235	-0.0452123942502622	0.459953402596331	-0.0982977710243008	0.92169584807665	NA
gene-BTH_RS08660	0	NA	NA	NA	NA	NA
gene-BTH_RS08715	0	NA	NA	NA	NA	NA
gene-BTH_RS08730	0.923319001231482	-0.25156101468515	0.434640408404135	-0.578779629829642	0.562737877607111	NA
gene-BTH_RS08735	1.95774534451002	-0.513291894671538	0.545735251162928	-0.940551107112367	0.346934947591464	NA
gene-BTH_RS08740	0	NA	NA	NA	NA	NA
gene-BTH_RS08750	0	NA	NA	NA	NA	NA
gene-BTH_RS08820	0	NA	NA	NA	NA	NA
gene-BTH_RS08835	0	NA	NA	NA	NA	NA
gene-BTH_RS08860	0	NA	NA	NA	NA	NA
gene-BTH_RS08865	0	NA	NA	NA	NA	NA
gene-BTH_RS08875	0	NA	NA	NA	NA	NA
gene-BTH_RS08880	0	NA	NA	NA	NA	NA
gene-BTH_RS08890	0	NA	NA	NA	NA	NA
gene-BTH_RS08895	0	NA	NA	NA	NA	NA
gene-BTH_RS08885	0	NA	NA	NA	NA	NA
gene-BTH_RS08910	0	NA	NA	NA	NA	NA
gene-BTH_RS34385	0	NA	NA	NA	NA	NA
gene-BTH_RS08920	0	NA	NA	NA	NA	NA
gene-BTH_RS08930	0	NA	NA	NA	NA	NA
gene-BTH_RS08935	0	NA	NA	NA	NA	NA
gene-BTH_RS35615	0	NA	NA	NA	NA	NA
gene-BTH_RS08925	0	NA	NA	NA	NA	NA
MSTRG.1302.1	0.87976991713018	-0.256050467798285	0.429607148134174	-0.596010724938673	0.551168061997038	NA
MSTRG.1302.2	0	NA	NA	NA	NA	NA
gene-BTH_RS08955	0	NA	NA	NA	NA	NA
gene-BTH_RS08960	0	NA	NA	NA	NA	NA
gene-BTH_RS08975	0	NA	NA	NA	NA	NA
gene-BTH_RS08990	0	NA	NA	NA	NA	NA
gene-BTH_RS08995	0	NA	NA	NA	NA	NA
gene-BTH_RS09000	0	NA	NA	NA	NA	NA
gene-BTH_RS09005	0	NA	NA	NA	NA	NA
gene-BTH_RS09010	0	NA	NA	NA	NA	NA
gene-BTH_RS09020	0	NA	NA	NA	NA	NA
gene-BTH_RS08965	0	NA	NA	NA	NA	NA
gene-BTH_RS08980	0	NA	NA	NA	NA	NA
gene-BTH_RS08985	0	NA	NA	NA	NA	NA
gene-BTH_RS35055	0	NA	NA	NA	NA	NA
gene-BTH_RS09050	0	NA	NA	NA	NA	NA
gene-BTH_RS09055	0	NA	NA	NA	NA	NA
gene-BTH_RS09105	0	NA	NA	NA	NA	NA
gene-BTH_RS09220	2.19714845844006	-0.00515057841146654	0.603766293964354	-0.00853074850808189	0.99319353002871	NA
gene-BTH_RS09225	0	NA	NA	NA	NA	NA
gene-BTH_RS09255	0	NA	NA	NA	NA	NA
gene-BTH_RS09345	0	NA	NA	NA	NA	NA
gene-BTH_RS09355	0.556676111409116	0.0925585590646864	0.349204725476154	0.265055287950297	0.790966870778875	NA
gene-BTH_RS09360	0	NA	NA	NA	NA	NA
gene-BTH_RS09365	0.134636731728767	-0.0622745306130826	0.347488883725808	-0.179213015234816	0.85777044449086	NA
gene-BTH_RS09370	0	NA	NA	NA	NA	NA
gene-BTH_RS09380	0	NA	NA	NA	NA	NA
gene-BTH_RS09405	0	NA	NA	NA	NA	NA
gene-BTH_RS09410	0	NA	NA	NA	NA	NA
gene-BTH_RS09415	0	NA	NA	NA	NA	NA
gene-BTH_RS09420	0	NA	NA	NA	NA	NA
gene-BTH_RS09425	0	NA	NA	NA	NA	NA
gene-BTH_RS09430	0	NA	NA	NA	NA	NA
gene-BTH_RS09385	0	NA	NA	NA	NA	NA
gene-BTH_RS09390	0	NA	NA	NA	NA	NA
gene-BTH_RS09395	0	NA	NA	NA	NA	NA
gene-BTH_RS09400	0	NA	NA	NA	NA	NA
gene-BTH_RS09505	0	NA	NA	NA	NA	NA
gene-BTH_RS09545	0	NA	NA	NA	NA	NA
gene-BTH_RS09625	0	NA	NA	NA	NA	NA
gene-BTH_RS09640	0	NA	NA	NA	NA	NA
gene-BTH_RS09645	0	NA	NA	NA	NA	NA
gene-BTH_RS09650	0	NA	NA	NA	NA	NA
gene-BTH_RS09655	0	NA	NA	NA	NA	NA
gene-BTH_RS09660	0	NA	NA	NA	NA	NA
gene-BTH_RS09665	0	NA	NA	NA	NA	NA
gene-BTH_RS09670	0	NA	NA	NA	NA	NA
gene-BTH_RS09675	0	NA	NA	NA	NA	NA
gene-BTH_RS09680	0	NA	NA	NA	NA	NA
gene-BTH_RS09685	0	NA	NA	NA	NA	NA
gene-BTH_RS09700	0	NA	NA	NA	NA	NA
gene-BTH_RS09705	0	NA	NA	NA	NA	NA
gene-BTH_RS09710	0	NA	NA	NA	NA	NA
gene-BTH_RS09715	0	NA	NA	NA	NA	NA
gene-BTH_RS09720	0	NA	NA	NA	NA	NA
gene-BTH_RS09725	0	NA	NA	NA	NA	NA
gene-BTH_RS09730	0	NA	NA	NA	NA	NA
gene-BTH_RS09735	0	NA	NA	NA	NA	NA
gene-BTH_RS09740	0	NA	NA	NA	NA	NA
gene-BTH_RS09755	0	NA	NA	NA	NA	NA
gene-BTH_RS09770	0	NA	NA	NA	NA	NA
gene-BTH_RS09785	0	NA	NA	NA	NA	NA
gene-BTH_RS09815	0	NA	NA	NA	NA	NA
gene-BTH_RS09870	0	NA	NA	NA	NA	NA
gene-BTH_RS09880	0	NA	NA	NA	NA	NA
gene-BTH_RS09885	0	NA	NA	NA	NA	NA
gene-BTH_RS09890	0	NA	NA	NA	NA	NA
gene-BTH_RS09895	0	NA	NA	NA	NA	NA
gene-BTH_RS09900	0	NA	NA	NA	NA	NA
gene-BTH_RS09905	0	NA	NA	NA	NA	NA
gene-BTH_RS09975	0.593986454515181	-0.0938433108326073	0.351172284242291	-0.267228693844928	0.789293084724896	NA
gene-BTH_RS09980	0	NA	NA	NA	NA	NA
gene-BTH_RS09985	0	NA	NA	NA	NA	NA
gene-BTH_RS09995	0	NA	NA	NA	NA	NA
gene-BTH_RS10010	0	NA	NA	NA	NA	NA
gene-BTH_RS10025	0.333093739294335	0.18343721545638	0.347488883725808	0.527893765951731	0.597573071813043	NA
gene-BTH_RS10030	0	NA	NA	NA	NA	NA
gene-BTH_RS35100	0	NA	NA	NA	NA	NA
gene-BTH_RS10110	1.87241225691332	-0.746431042672946	0.561019551989691	-1.33049024766727	0.183356797433268	NA
gene-BTH_RS10115	0	NA	NA	NA	NA	NA
gene-BTH_RS10145	1.95959281669343	-0.638662920919942	0.58050814010507	-1.10017909620414	0.271254096583214	NA
gene-BTH_RS10150	0	NA	NA	NA	NA	NA
gene-BTH_RS10205	0	NA	NA	NA	NA	NA
gene-BTH_RS10230	0	NA	NA	NA	NA	NA
gene-BTH_RS30440	0	NA	NA	NA	NA	NA
gene-BTH_RS35625	0	NA	NA	NA	NA	NA
gene-BTH_RS10315	0	NA	NA	NA	NA	NA
gene-BTH_RS10400	0	NA	NA	NA	NA	NA
rna-BTH_RS10455	0.154656426148356	-0.0622745306130825	0.347488883725808	-0.179213015234816	0.85777044449086	NA
rna-BTH_RS10470	0.530586781732701	0.103381105545661	0.371507047887482	0.278274950996279	0.780801303216768	NA
gene-BTH_RS10490	0	NA	NA	NA	NA	NA
gene-BTH_RS10500	0.720663041061581	0.24600382744255	0.453125832859831	0.542904000617084	0.587195901324537	NA
gene-BTH_RS10505	0	NA	NA	NA	NA	NA
MSTRG.1535.1	0.35304718550271	-0.14417844596957	0.347488883725808	-0.414915275630332	0.678203926850591	NA
gene-BTH_RS10520	0	NA	NA	NA	NA	NA
gene-BTH_RS10525	0	NA	NA	NA	NA	NA
gene-BTH_RS10530	0	NA	NA	NA	NA	NA
gene-BTH_RS10565	0.19007625932888	0.101533300099892	0.347488883725808	0.292191505556215	0.770140205976299	NA
gene-BTH_RS10570	0.301183601375934	0.0196293847434049	0.347488883725808	0.0564892451606993	0.954952062963932	NA
gene-BTH_RS10575	0	NA	NA	NA	NA	NA
gene-BTH_RS10595	0	NA	NA	NA	NA	NA
gene-BTH_RS30485	0	NA	NA	NA	NA	NA
gene-BTH_RS10630	0.992496444513817	0.0521761218839257	0.482223218283931	0.108199107603327	0.913837752830683	NA
gene-BTH_RS10635	0	NA	NA	NA	NA	NA
gene-BTH_RS10700	0	NA	NA	NA	NA	NA
gene-BTH_RS10720	0	NA	NA	NA	NA	NA
gene-BTH_RS10760	0	NA	NA	NA	NA	NA
MSTRG.1573.1	1.67660464802276	0.0397194801233903	0.475783892451989	0.0834821875088978	0.933468140256093	NA
gene-BTH_RS10765	0	NA	NA	NA	NA	NA
gene-BTH_RS10775	0	NA	NA	NA	NA	NA
gene-BTH_RS10780	0	NA	NA	NA	NA	NA
gene-BTH_RS30535	0	NA	NA	NA	NA	NA
gene-BTH_RS10865	0	NA	NA	NA	NA	NA
gene-BTH_RS10900	0	NA	NA	NA	NA	NA
gene-BTH_RS10955	1.404890245464	-0.155847743638124	0.538739484714764	-0.289282200506683	0.772365432243807	NA
gene-BTH_RS34425	0.19007625932888	0.101533300099892	0.347488883725808	0.292191505556215	0.770140205976299	NA
gene-BTH_RS10960	0	NA	NA	NA	NA	NA
gene-BTH_RS10985	0	NA	NA	NA	NA	NA
gene-BTH_RS30575	0	NA	NA	NA	NA	NA
gene-BTH_RS11075	0	NA	NA	NA	NA	NA
MSTRG.1630.1	0.331180018899711	-0.14417844596957	0.347488883725808	-0.414915275630332	0.678203926850591	NA
gene-BTH_RS11085	0	NA	NA	NA	NA	NA
MSTRG.1630.3	0	NA	NA	NA	NA	NA
gene-BTH_RS34430	0	NA	NA	NA	NA	NA
gene-BTH_RS11090	0	NA	NA	NA	NA	NA
gene-BTH_RS11100	0	NA	NA	NA	NA	NA
MSTRG.1631.1	0.686140924797045	-0.00390517859738094	0.35397215782834	-0.0110324456627879	0.991197560502738	NA
MSTRG.1631.2	0	NA	NA	NA	NA	NA
gene-BTH_RS11105	0	NA	NA	NA	NA	NA
gene-BTH_RS11110	0	NA	NA	NA	NA	NA
gene-BTH_RS35105	0	NA	NA	NA	NA	NA
gene-BTH_RS11120	0	NA	NA	NA	NA	NA
gene-BTH_RS34435	0	NA	NA	NA	NA	NA
gene-BTH_RS34440	0	NA	NA	NA	NA	NA
MSTRG.1636.1	0	NA	NA	NA	NA	NA
gene-BTH_RS11270	0	NA	NA	NA	NA	NA
gene-BTH_RS35120	0	NA	NA	NA	NA	NA
gene-BTH_RS11325	0	NA	NA	NA	NA	NA
gene-BTH_RS35635	0	NA	NA	NA	NA	NA
gene-BTH_RS11330	0	NA	NA	NA	NA	NA
gene-BTH_RS11335	0	NA	NA	NA	NA	NA
gene-BTH_RS11305	0	NA	NA	NA	NA	NA
gene-BTH_RS34780	0	NA	NA	NA	NA	NA
gene-BTH_RS35115	0	NA	NA	NA	NA	NA
gene-BTH_RS11320	0	NA	NA	NA	NA	NA
gene-BTH_RS11350	0	NA	NA	NA	NA	NA
gene-BTH_RS35640	0	NA	NA	NA	NA	NA
gene-BTH_RS34785	0	NA	NA	NA	NA	NA
gene-BTH_RS11395	0	NA	NA	NA	NA	NA
gene-BTH_RS11400	0	NA	NA	NA	NA	NA
gene-BTH_RS11405	0	NA	NA	NA	NA	NA
gene-BTH_RS11410	0	NA	NA	NA	NA	NA
gene-BTH_RS11415	0	NA	NA	NA	NA	NA
gene-BTH_RS11420	0	NA	NA	NA	NA	NA
gene-BTH_RS11455	0	NA	NA	NA	NA	NA
gene-BTH_RS11475	0	NA	NA	NA	NA	NA
gene-BTH_RS11550	0	NA	NA	NA	NA	NA
gene-BTH_RS11555	0	NA	NA	NA	NA	NA
gene-BTH_RS11560	0.735090214086012	-0.393445960966214	0.410767245034921	-0.957831876134052	0.338147542672189	NA
gene-BTH_RS11565	0	NA	NA	NA	NA	NA
gene-BTH_RS11575	0	NA	NA	NA	NA	NA
gene-BTH_RS11585	0	NA	NA	NA	NA	NA
gene-BTH_RS11595	0.331180018899711	-0.14417844596957	0.347488883725808	-0.414915275630332	0.678203926850591	NA
gene-BTH_RS11600	0	NA	NA	NA	NA	NA
gene-BTH_RS11650	0	NA	NA	NA	NA	NA
gene-BTH_RS11720	0	NA	NA	NA	NA	NA
gene-BTH_RS11790	0	NA	NA	NA	NA	NA
MSTRG.1743.1	0	NA	NA	NA	NA	NA
gene-BTH_RS35650	0	NA	NA	NA	NA	NA
gene-BTH_RS11875	0	NA	NA	NA	NA	NA
gene-BTH_RS11880	0	NA	NA	NA	NA	NA
gene-BTH_RS11885	0	NA	NA	NA	NA	NA
gene-BTH_RS11890	0	NA	NA	NA	NA	NA
gene-BTH_RS11900	0	NA	NA	NA	NA	NA
gene-BTH_RS33530	0	NA	NA	NA	NA	NA
gene-BTH_RS11925	0	NA	NA	NA	NA	NA
gene-BTH_RS11935	0	NA	NA	NA	NA	NA
gene-BTH_RS11915	0	NA	NA	NA	NA	NA
gene-BTH_RS11960	0.990648972330407	0.052496411756666	0.482103756917193	0.108890277255572	0.91328951841398	NA
gene-BTH_RS11965	0	NA	NA	NA	NA	NA
gene-BTH_RS11995	0	NA	NA	NA	NA	NA
gene-BTH_RS35655	0	NA	NA	NA	NA	NA
MSTRG.1772.1	0.812396908289124	-0.205927692240496	0.419354801077175	-0.491058387102139	0.62338515224596	NA
gene-BTH_RS12015	0	NA	NA	NA	NA	NA
gene-BTH_RS12035	0	NA	NA	NA	NA	NA
gene-BTH_RS12045	2.03760943975842	0.0599732230212504	0.537312364128376	0.11161705373845	0.911127049592368	NA
gene-BTH_RS12050	0	NA	NA	NA	NA	NA
gene-BTH_RS12060	0	NA	NA	NA	NA	NA
MSTRG.1781.2	0	NA	NA	NA	NA	NA
gene-BTH_RS12080	0	NA	NA	NA	NA	NA
gene-BTH_RS12085	0	NA	NA	NA	NA	NA
gene-BTH_RS12090	0	NA	NA	NA	NA	NA
gene-BTH_RS12095	0	NA	NA	NA	NA	NA
gene-BTH_RS12100	0	NA	NA	NA	NA	NA
gene-BTH_RS12105	0	NA	NA	NA	NA	NA
gene-BTH_RS12115	0	NA	NA	NA	NA	NA
gene-BTH_RS12120	0	NA	NA	NA	NA	NA
gene-BTH_RS35660	0	NA	NA	NA	NA	NA
gene-BTH_RS12130	0	NA	NA	NA	NA	NA
gene-BTH_RS12140	0	NA	NA	NA	NA	NA
gene-BTH_RS12145	0	NA	NA	NA	NA	NA
gene-BTH_RS12150	0	NA	NA	NA	NA	NA
gene-BTH_RS12160	0	NA	NA	NA	NA	NA
gene-BTH_RS12175	0	NA	NA	NA	NA	NA
gene-BTH_RS12190	0	NA	NA	NA	NA	NA
gene-BTH_RS34475	0	NA	NA	NA	NA	NA
gene-BTH_RS12135	0	NA	NA	NA	NA	NA
gene-BTH_RS12155	0	NA	NA	NA	NA	NA
gene-BTH_RS12165	0	NA	NA	NA	NA	NA
gene-BTH_RS12170	0	NA	NA	NA	NA	NA
gene-BTH_RS12180	0	NA	NA	NA	NA	NA
gene-BTH_RS12185	0	NA	NA	NA	NA	NA
gene-BTH_RS12230	0	NA	NA	NA	NA	NA
gene-BTH_RS12255	1.00253941582922	0.235056411769943	0.487679362717578	0.481989663167411	0.629813289381185	NA
gene-BTH_RS12260	0	NA	NA	NA	NA	NA
gene-BTH_RS12275	0	NA	NA	NA	NA	NA
gene-BTH_RS12320	0	NA	NA	NA	NA	NA
gene-BTH_RS12325	0	NA	NA	NA	NA	NA
gene-BTH_RS12330	0	NA	NA	NA	NA	NA
gene-BTH_RS12335	0	NA	NA	NA	NA	NA
gene-BTH_RS12425	0.19007625932888	0.101533300099892	0.347488883725808	0.292191505556215	0.770140205976299	NA
gene-BTH_RS12430	0	NA	NA	NA	NA	NA
gene-BTH_RS12470	0	NA	NA	NA	NA	NA
gene-BTH_RS12475	0	NA	NA	NA	NA	NA
gene-BTH_RS12480	0	NA	NA	NA	NA	NA
gene-BTH_RS12485	0	NA	NA	NA	NA	NA
gene-BTH_RS12490	0	NA	NA	NA	NA	NA
gene-BTH_RS34480	0	NA	NA	NA	NA	NA
gene-BTH_RS12535	0	NA	NA	NA	NA	NA
gene-BTH_RS12545	0	NA	NA	NA	NA	NA
gene-BTH_RS12555	0	NA	NA	NA	NA	NA
gene-BTH_RS12570	0	NA	NA	NA	NA	NA
gene-BTH_RS12625	0	NA	NA	NA	NA	NA
gene-BTH_RS12660	0	NA	NA	NA	NA	NA
gene-BTH_RS12665	0	NA	NA	NA	NA	NA
gene-BTH_RS33555	0	NA	NA	NA	NA	NA
gene-BTH_RS12700	0	NA	NA	NA	NA	NA
gene-BTH_RS30870	0	NA	NA	NA	NA	NA
gene-BTH_RS12715	1.97961251111302	-0.646184718028872	0.58137150959016	-1.1114832897202	0.266360378862269	NA
gene-BTH_RS12720	0	NA	NA	NA	NA	NA
gene-BTH_RS30875	0	NA	NA	NA	NA	NA
gene-BTH_RS12755	0	NA	NA	NA	NA	NA
gene-BTH_RS12785	0	NA	NA	NA	NA	NA
gene-BTH_RS12795	0	NA	NA	NA	NA	NA
gene-BTH_RS12810	0	NA	NA	NA	NA	NA
gene-BTH_RS12880	0	NA	NA	NA	NA	NA
rna-BTH_RS12895	0	NA	NA	NA	NA	NA
gene-BTH_RS12900	0	NA	NA	NA	NA	NA
gene-BTH_RS12905	0	NA	NA	NA	NA	NA
gene-BTH_RS12910	0	NA	NA	NA	NA	NA
gene-BTH_RS12920	0.19007625932888	0.101533300099892	0.347488883725808	0.292191505556215	0.770140205976299	NA
gene-BTH_RS12940	0	NA	NA	NA	NA	NA
gene-BTH_RS12995	0	NA	NA	NA	NA	NA
gene-BTH_RS13005	0	NA	NA	NA	NA	NA
gene-BTH_RS13020	0	NA	NA	NA	NA	NA
gene-BTH_RS13125	0	NA	NA	NA	NA	NA
gene-BTH_RS13130	0	NA	NA	NA	NA	NA
gene-BTH_RS13150	0	NA	NA	NA	NA	NA
gene-BTH_RS13195	0	NA	NA	NA	NA	NA
gene-BTH_RS13200	0	NA	NA	NA	NA	NA
gene-BTH_RS13205	0	NA	NA	NA	NA	NA
gene-BTH_RS13210	0	NA	NA	NA	NA	NA
gene-BTH_RS13215	0	NA	NA	NA	NA	NA
gene-BTH_RS13220	0	NA	NA	NA	NA	NA
MSTRG.1955.1	0.343070462398523	0.0196293847434049	0.347488883725808	0.0564892451606993	0.954952062963932	NA
MSTRG.1955.2	0	NA	NA	NA	NA	NA
gene-BTH_RS13225	0	NA	NA	NA	NA	NA
gene-BTH_RS13230	0	NA	NA	NA	NA	NA
gene-BTH_RS13235	0	NA	NA	NA	NA	NA
gene-BTH_RS13240	0	NA	NA	NA	NA	NA
gene-BTH_RS13245	0	NA	NA	NA	NA	NA
gene-BTH_RS13250	0	NA	NA	NA	NA	NA
gene-BTH_RS13270	0	NA	NA	NA	NA	NA
gene-BTH_RS13340	0.64430610212589	0.03913941952887	0.352861291931122	0.110920127607848	0.911679684566682	NA
gene-BTH_RS13345	0	NA	NA	NA	NA	NA
gene-BTH_RS13355	0	NA	NA	NA	NA	NA
gene-BTH_RS13375	0	NA	NA	NA	NA	NA
gene-BTH_RS13405	0	NA	NA	NA	NA	NA
gene-BTH_RS13500	0	NA	NA	NA	NA	NA
gene-BTH_RS13510	0	NA	NA	NA	NA	NA
gene-BTH_RS13515	0	NA	NA	NA	NA	NA
gene-BTH_RS35155	0	NA	NA	NA	NA	NA
gene-BTH_RS13525	0	NA	NA	NA	NA	NA
gene-BTH_RS13650	0.435820333104701	-0.0472235630765016	0.348261414332873	-0.135598033927941	0.89213905979588	NA
gene-BTH_RS13655	0	NA	NA	NA	NA	NA
gene-BTH_RS13680	0	NA	NA	NA	NA	NA
gene-BTH_RS13700	0	NA	NA	NA	NA	NA
gene-BTH_RS13705	0	NA	NA	NA	NA	NA
gene-BTH_RS13710	0	NA	NA	NA	NA	NA
gene-BTH_RS13715	0	NA	NA	NA	NA	NA
gene-BTH_RS13725	0	NA	NA	NA	NA	NA
gene-BTH_RS13695	0	NA	NA	NA	NA	NA
gene-BTH_RS13775	0	NA	NA	NA	NA	NA
gene-BTH_RS13815	0	NA	NA	NA	NA	NA
gene-BTH_RS13820	0	NA	NA	NA	NA	NA
gene-BTH_RS13825	0	NA	NA	NA	NA	NA
gene-BTH_RS13840	0	NA	NA	NA	NA	NA
gene-BTH_RS13845	0	NA	NA	NA	NA	NA
gene-BTH_RS13850	0	NA	NA	NA	NA	NA
gene-BTH_RS13855	0	NA	NA	NA	NA	NA
gene-BTH_RS13860	0	NA	NA	NA	NA	NA
gene-BTH_RS13870	0	NA	NA	NA	NA	NA
gene-BTH_RS13875	0	NA	NA	NA	NA	NA
gene-BTH_RS13880	0	NA	NA	NA	NA	NA
gene-BTH_RS13885	0	NA	NA	NA	NA	NA
gene-BTH_RS13890	0	NA	NA	NA	NA	NA
gene-BTH_RS13895	0	NA	NA	NA	NA	NA
gene-BTH_RS13830	0	NA	NA	NA	NA	NA
gene-BTH_RS35170	0	NA	NA	NA	NA	NA
MSTRG.2051.1	0	NA	NA	NA	NA	NA
gene-BTH_RS13865	0	NA	NA	NA	NA	NA
gene-BTH_RS13915	0	NA	NA	NA	NA	NA
gene-BTH_RS13940	0	NA	NA	NA	NA	NA
gene-BTH_RS13980	0	NA	NA	NA	NA	NA
gene-BTH_RS13985	0	NA	NA	NA	NA	NA
gene-BTH_RS13990	0	NA	NA	NA	NA	NA
gene-BTH_RS13995	0	NA	NA	NA	NA	NA
gene-BTH_RS14005	0	NA	NA	NA	NA	NA
gene-BTH_RS14010	0	NA	NA	NA	NA	NA
gene-BTH_RS14015	0	NA	NA	NA	NA	NA
gene-BTH_RS14020	0	NA	NA	NA	NA	NA
gene-BTH_RS14025	0	NA	NA	NA	NA	NA
gene-BTH_RS14000	0	NA	NA	NA	NA	NA
MSTRG.2074.1	0.687156928275681	0.277243843677164	0.352435012088349	0.78665238744119	0.431485383139229	NA
gene-BTH_RS14060	0	NA	NA	NA	NA	NA
gene-BTH_RS14065	0	NA	NA	NA	NA	NA
gene-BTH_RS14070	1.96289743557781	0.445596427278898	0.557808283550579	0.798834367325227	0.424386459873684	NA
gene-BTH_RS14090	0	NA	NA	NA	NA	NA
gene-BTH_RS14110	0	NA	NA	NA	NA	NA
gene-BTH_RS14115	0	NA	NA	NA	NA	NA
gene-BTH_RS14120	0	NA	NA	NA	NA	NA
gene-BTH_RS14125	0	NA	NA	NA	NA	NA
gene-BTH_RS14130	0	NA	NA	NA	NA	NA
gene-BTH_RS14150	0	NA	NA	NA	NA	NA
gene-BTH_RS30995	0	NA	NA	NA	NA	NA
gene-BTH_RS14440	0	NA	NA	NA	NA	NA
MSTRG.2142.1	0.166546869647168	0.101533300099892	0.347488883725808	0.292191505556215	0.770140205976299	NA
gene-BTH_RS14445	0	NA	NA	NA	NA	NA
gene-BTH_RS14450	0	NA	NA	NA	NA	NA
gene-BTH_RS14455	0	NA	NA	NA	NA	NA
gene-BTH_RS14505	0	NA	NA	NA	NA	NA
gene-BTH_RS14525	0.166546869647168	0.101533300099892	0.347488883725808	0.292191505556215	0.770140205976299	NA
gene-BTH_RS14530	0	NA	NA	NA	NA	NA
gene-BTH_RS14535	0	NA	NA	NA	NA	NA
gene-BTH_RS14540	0	NA	NA	NA	NA	NA
gene-BTH_RS14545	0	NA	NA	NA	NA	NA
gene-BTH_RS14520	0	NA	NA	NA	NA	NA
gene-BTH_RS31010	0	NA	NA	NA	NA	NA
gene-BTH_RS14620	0	NA	NA	NA	NA	NA
gene-BTH_RS14670	0	NA	NA	NA	NA	NA
gene-BTH_RS14685	0	NA	NA	NA	NA	NA
gene-BTH_RS35685	0	NA	NA	NA	NA	NA
gene-BTH_RS14815	0	NA	NA	NA	NA	NA
gene-BTH_RS14820	0	NA	NA	NA	NA	NA
gene-BTH_RS14840	0	NA	NA	NA	NA	NA
gene-BTH_RS14860	0.678776180038993	0.270938779464395	0.446032199442854	0.607442197677272	0.54355749158388	NA
gene-BTH_RS31060	0	NA	NA	NA	NA	NA
gene-BTH_RS14880	0	NA	NA	NA	NA	NA
MSTRG.2211.2	1.12177600879705	-0.0372382932255775	0.492515002637454	-0.0756084444659832	0.939730617985796	NA
gene-BTH_RS14885	0	NA	NA	NA	NA	NA
gene-BTH_RS14890	0	NA	NA	NA	NA	NA
gene-BTH_RS14895	0	NA	NA	NA	NA	NA
gene-BTH_RS14900	0	NA	NA	NA	NA	NA
gene-BTH_RS14905	0	NA	NA	NA	NA	NA
gene-BTH_RS14910	0	NA	NA	NA	NA	NA
MSTRG.2218.1	0	NA	NA	NA	NA	NA
gene-BTH_RS14950	0	NA	NA	NA	NA	NA
gene-BTH_RS15000	0	NA	NA	NA	NA	NA
gene-BTH_RS15010	0	NA	NA	NA	NA	NA
gene-BTH_RS15060	0	NA	NA	NA	NA	NA
gene-BTH_RS15260	0	NA	NA	NA	NA	NA
gene-BTH_RS15280	0	NA	NA	NA	NA	NA
gene-BTH_RS15285	0	NA	NA	NA	NA	NA
gene-BTH_RS15290	0	NA	NA	NA	NA	NA
gene-BTH_RS31105	0	NA	NA	NA	NA	NA
gene-BTH_RS15305	0	NA	NA	NA	NA	NA
gene-BTH_RS15265	0	NA	NA	NA	NA	NA
gene-BTH_RS15270	0	NA	NA	NA	NA	NA
gene-BTH_RS15275	0	NA	NA	NA	NA	NA
gene-BTH_RS15320	0	NA	NA	NA	NA	NA
gene-BTH_RS15335	0	NA	NA	NA	NA	NA
gene-BTH_RS15340	0	NA	NA	NA	NA	NA
gene-BTH_RS15355	0	NA	NA	NA	NA	NA
gene-BTH_RS15360	0	NA	NA	NA	NA	NA
gene-BTH_RS15365	0	NA	NA	NA	NA	NA
gene-BTH_RS15350	0	NA	NA	NA	NA	NA
gene-BTH_RS15380	0	NA	NA	NA	NA	NA
gene-BTH_RS15400	0	NA	NA	NA	NA	NA
gene-BTH_RS33635	0	NA	NA	NA	NA	NA
gene-BTH_RS15420	0	NA	NA	NA	NA	NA
gene-BTH_RS31130	0	NA	NA	NA	NA	NA
gene-BTH_RS15480	0	NA	NA	NA	NA	NA
gene-BTH_RS15540	0	NA	NA	NA	NA	NA
gene-BTH_RS15570	0	NA	NA	NA	NA	NA
gene-BTH_RS15580	0	NA	NA	NA	NA	NA
gene-BTH_RS15635	0	NA	NA	NA	NA	NA
gene-BTH_RS15640	0	NA	NA	NA	NA	NA
gene-BTH_RS15645	0	NA	NA	NA	NA	NA
gene-BTH_RS15650	0	NA	NA	NA	NA	NA
gene-BTH_RS31150	0	NA	NA	NA	NA	NA
gene-BTH_RS15660	0	NA	NA	NA	NA	NA
gene-BTH_RS15665	0	NA	NA	NA	NA	NA
gene-BTH_RS15655	0	NA	NA	NA	NA	NA
gene-BTH_RS15700	0	NA	NA	NA	NA	NA
gene-BTH_RS15705	0	NA	NA	NA	NA	NA
gene-BTH_RS15710	0	NA	NA	NA	NA	NA
gene-BTH_RS15715	0	NA	NA	NA	NA	NA
MSTRG.2347.2	1.03348558862042	0.061567870757003	0.520672652599754	0.118246791817451	0.905872115487672	NA
gene-BTH_RS15735	0	NA	NA	NA	NA	NA
gene-BTH_RS15745	0	NA	NA	NA	NA	NA
gene-BTH_RS15750	0	NA	NA	NA	NA	NA
MSTRG.2353.1	0.19007625932888	0.101533300099892	0.347488883725808	0.292191505556215	0.770140205976299	NA
gene-BTH_RS15775	0	NA	NA	NA	NA	NA
gene-BTH_RS15780	0	NA	NA	NA	NA	NA
MSTRG.2357.1	0	NA	NA	NA	NA	NA
gene-BTH_RS35700	0	NA	NA	NA	NA	NA
gene-BTH_RS15810	0	NA	NA	NA	NA	NA
gene-BTH_RS15815	0	NA	NA	NA	NA	NA
gene-BTH_RS15820	0	NA	NA	NA	NA	NA
MSTRG.2357.7	0	NA	NA	NA	NA	NA
gene-BTH_RS15830	0	NA	NA	NA	NA	NA
gene-BTH_RS15845	0	NA	NA	NA	NA	NA
gene-BTH_RS15850	0	NA	NA	NA	NA	NA
gene-BTH_RS15855	0	NA	NA	NA	NA	NA
gene-BTH_RS15865	0	NA	NA	NA	NA	NA
gene-BTH_RS15870	0	NA	NA	NA	NA	NA
gene-BTH_RS15880	0	NA	NA	NA	NA	NA
gene-BTH_RS15885	0	NA	NA	NA	NA	NA
gene-BTH_RS15805	0	NA	NA	NA	NA	NA
gene-BTH_RS15825	0	NA	NA	NA	NA	NA
gene-BTH_RS15840	0	NA	NA	NA	NA	NA
gene-BTH_RS15860	0	NA	NA	NA	NA	NA
gene-BTH_RS15875	0	NA	NA	NA	NA	NA
gene-BTH_RS15900	0	NA	NA	NA	NA	NA
gene-BTH_RS15905	0	NA	NA	NA	NA	NA
gene-BTH_RS15920	0	NA	NA	NA	NA	NA
gene-BTH_RS15985	0	NA	NA	NA	NA	NA
gene-BTH_RS16030	0	NA	NA	NA	NA	NA
gene-BTH_RS16050	0	NA	NA	NA	NA	NA
gene-BTH_RS16100	0	NA	NA	NA	NA	NA
gene-BTH_RS16120	0	NA	NA	NA	NA	NA
gene-BTH_RS16125	0	NA	NA	NA	NA	NA
gene-BTH_RS16130	0	NA	NA	NA	NA	NA
gene-BTH_RS16135	0	NA	NA	NA	NA	NA
gene-BTH_RS16140	0	NA	NA	NA	NA	NA
gene-BTH_RS16150	0	NA	NA	NA	NA	NA
gene-BTH_RS16175	0	NA	NA	NA	NA	NA
gene-BTH_RS16180	0	NA	NA	NA	NA	NA
gene-BTH_RS16185	0	NA	NA	NA	NA	NA
gene-BTH_RS16165	0	NA	NA	NA	NA	NA
gene-BTH_RS16170	0	NA	NA	NA	NA	NA
gene-BTH_RS16225	0	NA	NA	NA	NA	NA
gene-BTH_RS16255	0	NA	NA	NA	NA	NA
MSTRG.2441.1	1.53566292708754	-0.470381702034105	0.564260239141035	-0.83362546109958	0.404492073403429	NA
gene-BTH_RS16335	0	NA	NA	NA	NA	NA
gene-BTH_RS16360	0	NA	NA	NA	NA	NA
gene-BTH_RS16445	0	NA	NA	NA	NA	NA
gene-BTH_RS16460	0	NA	NA	NA	NA	NA
gene-BTH_RS16475	0	NA	NA	NA	NA	NA
gene-BTH_RS16490	1.28999410213223	0.40763385260039	0.468183314291677	0.870671465977181	0.383933562717712	NA
gene-BTH_RS16495	0	NA	NA	NA	NA	NA
gene-BTH_RS16550	0	NA	NA	NA	NA	NA
gene-BTH_RS16650	0	NA	NA	NA	NA	NA
gene-BTH_RS16730	0	NA	NA	NA	NA	NA
gene-BTH_RS16755	0	NA	NA	NA	NA	NA
gene-BTH_RS16780	0	NA	NA	NA	NA	NA
gene-BTH_RS16795	0	NA	NA	NA	NA	NA
gene-BTH_RS16860	0	NA	NA	NA	NA	NA
gene-BTH_RS16900	0	NA	NA	NA	NA	NA
gene-BTH_RS31255	1.09005111998335	-0.172400864424217	0.449011721223026	-0.383956267232018	0.701010861377668	NA
gene-BTH_RS16925	0	NA	NA	NA	NA	NA
gene-BTH_RS16960	0	NA	NA	NA	NA	NA
gene-BTH_RS17075	0	NA	NA	NA	NA	NA
gene-BTH_RS17080	0	NA	NA	NA	NA	NA
gene-BTH_RS17085	0	NA	NA	NA	NA	NA
gene-BTH_RS17090	0	NA	NA	NA	NA	NA
gene-BTH_RS17095	0	NA	NA	NA	NA	NA
gene-BTH_RS17105	0	NA	NA	NA	NA	NA
gene-BTH_RS17155	0	NA	NA	NA	NA	NA
gene-BTH_RS17160	0.19007625932888	0.101533300099892	0.347488883725808	0.292191505556215	0.770140205976299	NA
gene-BTH_RS17170	0	NA	NA	NA	NA	NA
gene-BTH_RS17175	0	NA	NA	NA	NA	NA
gene-BTH_RS35205	0	NA	NA	NA	NA	NA
gene-BTH_RS17190	0	NA	NA	NA	NA	NA
gene-BTH_RS17165	0	NA	NA	NA	NA	NA
gene-BTH_RS35200	0	NA	NA	NA	NA	NA
gene-BTH_RS17180	0	NA	NA	NA	NA	NA
gene-BTH_RS17255	0	NA	NA	NA	NA	NA
gene-BTH_RS17285	0	NA	NA	NA	NA	NA
gene-BTH_RS31305	0	NA	NA	NA	NA	NA
gene-BTH_RS17345	0	NA	NA	NA	NA	NA
gene-BTH_RS17350	0	NA	NA	NA	NA	NA
gene-BTH_RS17355	0	NA	NA	NA	NA	NA
gene-BTH_RS17360	0	NA	NA	NA	NA	NA
gene-BTH_RS17365	0	NA	NA	NA	NA	NA
gene-BTH_RS17370	0	NA	NA	NA	NA	NA
gene-BTH_RS17375	0	NA	NA	NA	NA	NA
gene-BTH_RS17380	0	NA	NA	NA	NA	NA
gene-BTH_RS17405	1.57108276026806	-0.259999639525434	0.56316682225211	-0.461674284159163	0.644314915068261	NA
gene-BTH_RS17410	0	NA	NA	NA	NA	NA
gene-BTH_RS17435	0	NA	NA	NA	NA	NA
gene-BTH_RS17455	0	NA	NA	NA	NA	NA
MSTRG.2632.1	0.176523592751355	-0.0622745306130826	0.347488883725808	-0.179213015234816	0.85777044449086	NA
gene-BTH_RS17460	0	NA	NA	NA	NA	NA
gene-BTH_RS17465	0	NA	NA	NA	NA	NA
gene-BTH_RS17470	0	NA	NA	NA	NA	NA
gene-BTH_RS17480	0	NA	NA	NA	NA	NA
MSTRG.2633.2	0	NA	NA	NA	NA	NA
gene-BTH_RS17490	0	NA	NA	NA	NA	NA
gene-BTH_RS17495	0	NA	NA	NA	NA	NA
gene-BTH_RS17500	0	NA	NA	NA	NA	NA
gene-BTH_RS17505	0	NA	NA	NA	NA	NA
gene-BTH_RS17510	0	NA	NA	NA	NA	NA
MSTRG.2633.8	0	NA	NA	NA	NA	NA
gene-BTH_RS17515	0	NA	NA	NA	NA	NA
gene-BTH_RS17520	0	NA	NA	NA	NA	NA
gene-BTH_RS17525	0	NA	NA	NA	NA	NA
gene-BTH_RS17530	0	NA	NA	NA	NA	NA
gene-BTH_RS17535	0	NA	NA	NA	NA	NA
gene-BTH_RS17540	0	NA	NA	NA	NA	NA
gene-BTH_RS17485	0	NA	NA	NA	NA	NA
gene-BTH_RS17650	0	NA	NA	NA	NA	NA
gene-BTH_RS17695	0	NA	NA	NA	NA	NA
gene-BTH_RS17725	0	NA	NA	NA	NA	NA
gene-BTH_RS17795	0	NA	NA	NA	NA	NA
gene-BTH_RS17830	0	NA	NA	NA	NA	NA
gene-BTH_RS17835	0	NA	NA	NA	NA	NA
gene-BTH_RS17885	1.77887027133774	0.169816010459455	0.588576467956181	0.288519877543078	0.772948817055303	NA
gene-BTH_RS17890	0	NA	NA	NA	NA	NA
gene-BTH_RS17915	0	NA	NA	NA	NA	NA
gene-BTH_RS17975	0	NA	NA	NA	NA	NA
gene-BTH_RS18005	0	NA	NA	NA	NA	NA
gene-BTH_RS18080	0	NA	NA	NA	NA	NA
gene-BTH_RS18085	0	NA	NA	NA	NA	NA
gene-BTH_RS18090	0	NA	NA	NA	NA	NA
MSTRG.2728.5	0	NA	NA	NA	NA	NA
gene-BTH_RS18095	0	NA	NA	NA	NA	NA
gene-BTH_RS18100	0	NA	NA	NA	NA	NA
gene-BTH_RS31380	0	NA	NA	NA	NA	NA
gene-BTH_RS18105	0.642406591591047	0.0108683102946898	0.352881031615946	0.0307987942704675	0.975430001997987	NA
gene-BTH_RS35225	0	NA	NA	NA	NA	NA
gene-BTH_RS18115	0	NA	NA	NA	NA	NA
gene-BTH_RS18120	0	NA	NA	NA	NA	NA
gene-BTH_RS18130	0	NA	NA	NA	NA	NA
gene-BTH_RS18135	0	NA	NA	NA	NA	NA
gene-BTH_RS18140	0	NA	NA	NA	NA	NA
gene-BTH_RS18145	0	NA	NA	NA	NA	NA
gene-BTH_RS18150	0	NA	NA	NA	NA	NA
gene-BTH_RS18155	0	NA	NA	NA	NA	NA
gene-BTH_RS18165	0	NA	NA	NA	NA	NA
gene-BTH_RS18175	0	NA	NA	NA	NA	NA
gene-BTH_RS18200	0	NA	NA	NA	NA	NA
gene-BTH_RS18210	0	NA	NA	NA	NA	NA
gene-BTH_RS18245	0	NA	NA	NA	NA	NA
gene-BTH_RS18250	0	NA	NA	NA	NA	NA
gene-BTH_RS18285	0	NA	NA	NA	NA	NA
gene-BTH_RS18455	0	NA	NA	NA	NA	NA
gene-BTH_RS35230	0	NA	NA	NA	NA	NA
gene-BTH_RS18515	0	NA	NA	NA	NA	NA
gene-BTH_RS18570	0	NA	NA	NA	NA	NA
gene-BTH_RS18600	0	NA	NA	NA	NA	NA
gene-BTH_RS18615	0	NA	NA	NA	NA	NA
gene-BTH_RS18630	0	NA	NA	NA	NA	NA
gene-BTH_RS18645	0	NA	NA	NA	NA	NA
gene-BTH_RS18650	0	NA	NA	NA	NA	NA
gene-BTH_RS18655	0	NA	NA	NA	NA	NA
gene-BTH_RS18660	0	NA	NA	NA	NA	NA
gene-BTH_RS18665	0	NA	NA	NA	NA	NA
gene-BTH_RS18675	0	NA	NA	NA	NA	NA
gene-BTH_RS18805	0	NA	NA	NA	NA	NA
gene-BTH_RS18820	0	NA	NA	NA	NA	NA
gene-BTH_RS34555	0	NA	NA	NA	NA	NA
gene-BTH_RS18885	0	NA	NA	NA	NA	NA
gene-BTH_RS18895	0	NA	NA	NA	NA	NA
gene-BTH_RS18925	0	NA	NA	NA	NA	NA
gene-BTH_RS18970	0	NA	NA	NA	NA	NA
gene-BTH_RS18980	0	NA	NA	NA	NA	NA
gene-BTH_RS18985	0	NA	NA	NA	NA	NA
gene-BTH_RS18990	0	NA	NA	NA	NA	NA
gene-BTH_RS19005	0	NA	NA	NA	NA	NA
gene-BTH_RS19020	0	NA	NA	NA	NA	NA
gene-BTH_RS19035	0	NA	NA	NA	NA	NA
gene-BTH_RS19055	0	NA	NA	NA	NA	NA
gene-BTH_RS19090	0	NA	NA	NA	NA	NA
gene-BTH_RS19115	0.809836968294422	-0.207036943716742	0.418969967874661	-0.494157003106914	0.621195302931087	NA
gene-BTH_RS19120	0	NA	NA	NA	NA	NA
gene-BTH_RS19130	0	NA	NA	NA	NA	NA
gene-BTH_RS19200	0	NA	NA	NA	NA	NA
gene-BTH_RS19235	0.968069337916116	0.0729967860796819	0.518324883294151	0.140832108263373	0.888002577121513	NA
gene-BTH_RS19240	0	NA	NA	NA	NA	NA
gene-BTH_RS19310	0	NA	NA	NA	NA	NA
gene-BTH_RS19320	0	NA	NA	NA	NA	NA
gene-BTH_RS19400	1.62142561834786	0.696083675472221	0.550758786359754	1.2638630426089	0.206279188759773	NA
gene-BTH_RS19405	0	NA	NA	NA	NA	NA
gene-BTH_RS19470	0	NA	NA	NA	NA	NA
MSTRG.2957.2	2.33814936048369	-0.0862055188928416	0.558419042560303	-0.154374246439729	0.877314658591534	NA
gene-BTH_RS19480	0	NA	NA	NA	NA	NA
gene-BTH_RS19485	0	NA	NA	NA	NA	NA
gene-BTH_RS19490	0	NA	NA	NA	NA	NA
gene-BTH_RS19495	0	NA	NA	NA	NA	NA
gene-BTH_RS19500	0	NA	NA	NA	NA	NA
gene-BTH_RS19535	0	NA	NA	NA	NA	NA
gene-BTH_RS33755	0	NA	NA	NA	NA	NA
gene-BTH_RS33765	0	NA	NA	NA	NA	NA
MSTRG.2972.1	1.3536728809373	-0.286800409302534	0.516294688051814	-0.555497501600775	0.578554418547648	NA
gene-BTH_RS19565	0	NA	NA	NA	NA	NA
gene-BTH_RS19570	0.635873315537769	-0.131668477390882	0.390765286105595	-0.336950292343271	0.736154372009983	NA
MSTRG.2972.4	0.19007625932888	0.101533300099892	0.347488883725808	0.292191505556215	0.770140205976299	NA
gene-BTH_RS19580	0.963543639175357	-0.37202375371861	0.48849861479832	-0.761565626695179	0.446319296572572	NA
gene-BTH_RS19585	0	NA	NA	NA	NA	NA
gene-BTH_RS19590	0	NA	NA	NA	NA	NA
gene-BTH_RS19595	0	NA	NA	NA	NA	NA
gene-BTH_RS19600	0	NA	NA	NA	NA	NA
gene-BTH_RS19615	0	NA	NA	NA	NA	NA
gene-BTH_RS33775	0	NA	NA	NA	NA	NA
gene-BTH_RS33780	0	NA	NA	NA	NA	NA
gene-BTH_RS19610	0	NA	NA	NA	NA	NA
gene-BTH_RS19665	1.56591084192723	-0.254823705157028	0.535147391479996	-0.476174805696596	0.633949846976555	NA
gene-BTH_RS19670	0	NA	NA	NA	NA	NA
gene-BTH_RS19710	0	NA	NA	NA	NA	NA
gene-BTH_RS19730	0	NA	NA	NA	NA	NA
gene-BTH_RS19760	0	NA	NA	NA	NA	NA
gene-BTH_RS19770	0	NA	NA	NA	NA	NA
gene-BTH_RS19775	0	NA	NA	NA	NA	NA
gene-BTH_RS19780	0	NA	NA	NA	NA	NA
gene-BTH_RS19785	0	NA	NA	NA	NA	NA
gene-BTH_RS19790	0	NA	NA	NA	NA	NA
gene-BTH_RS19815	0	NA	NA	NA	NA	NA
gene-BTH_RS19820	0	NA	NA	NA	NA	NA
gene-BTH_RS19825	0	NA	NA	NA	NA	NA
gene-BTH_RS19830	0	NA	NA	NA	NA	NA
gene-BTH_RS19835	0	NA	NA	NA	NA	NA
gene-BTH_RS19840	0	NA	NA	NA	NA	NA
gene-BTH_RS19845	0	NA	NA	NA	NA	NA
gene-BTH_RS19850	0	NA	NA	NA	NA	NA
gene-BTH_RS19855	0	NA	NA	NA	NA	NA
gene-BTH_RS19860	0	NA	NA	NA	NA	NA
gene-BTH_RS19865	0	NA	NA	NA	NA	NA
gene-BTH_RS19870	0	NA	NA	NA	NA	NA
gene-BTH_RS19885	0	NA	NA	NA	NA	NA
gene-BTH_RS19890	0	NA	NA	NA	NA	NA
gene-BTH_RS19895	0	NA	NA	NA	NA	NA
gene-BTH_RS19900	0	NA	NA	NA	NA	NA
gene-BTH_RS19795	0	NA	NA	NA	NA	NA
gene-BTH_RS19800	0	NA	NA	NA	NA	NA
gene-BTH_RS19805	0	NA	NA	NA	NA	NA
gene-BTH_RS19810	0	NA	NA	NA	NA	NA
gene-BTH_RS19880	0	NA	NA	NA	NA	NA
gene-BTH_RS19910	0	NA	NA	NA	NA	NA
gene-BTH_RS19930	0	NA	NA	NA	NA	NA
gene-BTH_RS20015	0	NA	NA	NA	NA	NA
gene-BTH_RS35730	0	NA	NA	NA	NA	NA
gene-BTH_RS34825	0	NA	NA	NA	NA	NA
gene-BTH_RS20060	0	NA	NA	NA	NA	NA
gene-BTH_RS20120	0	NA	NA	NA	NA	NA
gene-BTH_RS20140	0	NA	NA	NA	NA	NA
gene-BTH_RS20285	0	NA	NA	NA	NA	NA
gene-BTH_RS20295	0	NA	NA	NA	NA	NA
gene-BTH_RS20375	0	NA	NA	NA	NA	NA
gene-BTH_RS20460	0	NA	NA	NA	NA	NA
gene-BTH_RS20490	0	NA	NA	NA	NA	NA
gene-BTH_RS20580	0	NA	NA	NA	NA	NA
gene-BTH_RS20625	0	NA	NA	NA	NA	NA
gene-BTH_RS20720	0	NA	NA	NA	NA	NA
gene-BTH_RS20735	0	NA	NA	NA	NA	NA
gene-BTH_RS20820	0	NA	NA	NA	NA	NA
gene-BTH_RS20825	0	NA	NA	NA	NA	NA
gene-BTH_RS20830	0	NA	NA	NA	NA	NA
gene-BTH_RS20835	0	NA	NA	NA	NA	NA
gene-BTH_RS20840	0	NA	NA	NA	NA	NA
rna-BTH_RS20845	0	NA	NA	NA	NA	NA
rna-BTH_RS20850	0	NA	NA	NA	NA	NA
gene-BTH_RS20855	0	NA	NA	NA	NA	NA
gene-BTH_RS35745	0	NA	NA	NA	NA	NA
gene-BTH_RS20865	0	NA	NA	NA	NA	NA
gene-BTH_RS20870	1.57043654066798	0.0873479153180312	0.555789134449066	0.157160170834603	0.875118617231699	NA
gene-BTH_RS20875	0	NA	NA	NA	NA	NA
gene-BTH_RS20880	0	NA	NA	NA	NA	NA
gene-BTH_RS20925	0	NA	NA	NA	NA	NA
gene-BTH_RS20940	0	NA	NA	NA	NA	NA
gene-BTH_RS20960	0	NA	NA	NA	NA	NA
gene-BTH_RS21010	0	NA	NA	NA	NA	NA
gene-BTH_RS21040	0	NA	NA	NA	NA	NA
rna-BTH_RS21085	0.509669370397123	0.10653547698091	0.348339557314866	0.305838009906558	0.759727986497705	NA
rna-BTH_RS21090	0	NA	NA	NA	NA	NA
gene-BTH_RS21145	0	NA	NA	NA	NA	NA
gene-BTH_RS21185	0	NA	NA	NA	NA	NA
gene-BTH_RS21195	0	NA	NA	NA	NA	NA
gene-BTH_RS21200	0	NA	NA	NA	NA	NA
gene-BTH_RS21215	0	NA	NA	NA	NA	NA
gene-BTH_RS21220	0	NA	NA	NA	NA	NA
gene-BTH_RS21225	0	NA	NA	NA	NA	NA
gene-BTH_RS21235	0	NA	NA	NA	NA	NA
gene-BTH_RS21240	0	NA	NA	NA	NA	NA
gene-BTH_RS21245	0	NA	NA	NA	NA	NA
gene-BTH_RS21250	0	NA	NA	NA	NA	NA
gene-BTH_RS21255	0	NA	NA	NA	NA	NA
gene-BTH_RS21260	0	NA	NA	NA	NA	NA
gene-BTH_RS21265	0	NA	NA	NA	NA	NA
gene-BTH_RS21270	0	NA	NA	NA	NA	NA
gene-BTH_RS21275	0	NA	NA	NA	NA	NA
MSTRG.3236.2	0	NA	NA	NA	NA	NA
gene-BTH_RS21290	0	NA	NA	NA	NA	NA
gene-BTH_RS21305	0	NA	NA	NA	NA	NA
gene-BTH_RS21310	0	NA	NA	NA	NA	NA
gene-BTH_RS21315	0	NA	NA	NA	NA	NA
gene-BTH_RS21320	0	NA	NA	NA	NA	NA
gene-BTH_RS21325	0	NA	NA	NA	NA	NA
gene-BTH_RS21280	0	NA	NA	NA	NA	NA
gene-BTH_RS21285	0	NA	NA	NA	NA	NA
gene-BTH_RS21295	0	NA	NA	NA	NA	NA
gene-BTH_RS21300	0	NA	NA	NA	NA	NA
gene-BTH_RS21350	0.834330323103337	0.127314902083812	0.465504596323935	0.2734987003119	0.78446989127206	NA
gene-BTH_RS21360	0	NA	NA	NA	NA	NA
gene-BTH_RS21380	0	NA	NA	NA	NA	NA
gene-BTH_RS21385	0	NA	NA	NA	NA	NA
gene-BTH_RS21390	0	NA	NA	NA	NA	NA
gene-BTH_RS21400	0	NA	NA	NA	NA	NA
gene-BTH_RS21405	0	NA	NA	NA	NA	NA
gene-BTH_RS21410	0	NA	NA	NA	NA	NA
gene-BTH_RS35750	0	NA	NA	NA	NA	NA
gene-BTH_RS21395	0	NA	NA	NA	NA	NA
gene-BTH_RS21455	0	NA	NA	NA	NA	NA
gene-BTH_RS21460	0	NA	NA	NA	NA	NA
gene-BTH_RS21510	1.05184305996129	0.0298372521782943	0.521074765763595	0.0572609808394196	0.954337302108209	NA
gene-BTH_RS21515	0	NA	NA	NA	NA	NA
gene-BTH_RS21530	0	NA	NA	NA	NA	NA
gene-BTH_RS21535	0	NA	NA	NA	NA	NA
gene-BTH_RS21540	0	NA	NA	NA	NA	NA
gene-BTH_RS21545	0	NA	NA	NA	NA	NA
gene-BTH_RS31760	0	NA	NA	NA	NA	NA
gene-BTH_RS21575	0	NA	NA	NA	NA	NA
gene-BTH_RS21615	0	NA	NA	NA	NA	NA
gene-BTH_RS21680	1.15272218158825	-0.246474807258422	0.532328649773945	-0.46301247803042	0.643355423033308	NA
gene-BTH_RS21685	0	NA	NA	NA	NA	NA
gene-BTH_RS21730	0	NA	NA	NA	NA	NA
gene-BTH_RS31775	0	NA	NA	NA	NA	NA
gene-BTH_RS21735	0	NA	NA	NA	NA	NA
gene-BTH_RS21745	0	NA	NA	NA	NA	NA
gene-BTH_RS21825	0	NA	NA	NA	NA	NA
MSTRG.3313.3	0	NA	NA	NA	NA	NA
gene-BTH_RS21830	0	NA	NA	NA	NA	NA
gene-BTH_RS21835	0	NA	NA	NA	NA	NA
gene-BTH_RS21850	0	NA	NA	NA	NA	NA
gene-BTH_RS21855	0	NA	NA	NA	NA	NA
gene-BTH_RS21810	0	NA	NA	NA	NA	NA
gene-BTH_RS21815	0	NA	NA	NA	NA	NA
gene-BTH_RS21820	0	NA	NA	NA	NA	NA
gene-BTH_RS21865	0	NA	NA	NA	NA	NA
gene-BTH_RS21890	0	NA	NA	NA	NA	NA
gene-BTH_RS21950	0	NA	NA	NA	NA	NA
gene-BTH_RS21980	0	NA	NA	NA	NA	NA
gene-BTH_RS21985	0	NA	NA	NA	NA	NA
gene-BTH_RS31805	0	NA	NA	NA	NA	NA
gene-BTH_RS21995	0	NA	NA	NA	NA	NA
gene-BTH_RS22005	0	NA	NA	NA	NA	NA
gene-BTH_RS31810	0	NA	NA	NA	NA	NA
gene-BTH_RS22020	0.488699920710112	0.11492863721117	0.363099883618353	0.316520721697529	0.751607299402316	NA
gene-BTH_RS22025	0	NA	NA	NA	NA	NA
gene-BTH_RS22050	0	NA	NA	NA	NA	NA
gene-BTH_RS22065	0	NA	NA	NA	NA	NA
gene-BTH_RS22090	0	NA	NA	NA	NA	NA
gene-BTH_RS22160	0	NA	NA	NA	NA	NA
gene-BTH_RS22190	0	NA	NA	NA	NA	NA
gene-BTH_RS22220	0	NA	NA	NA	NA	NA
gene-BTH_RS22240	0	NA	NA	NA	NA	NA
gene-BTH_RS22250	2.11361202385101	0.04115078499073	0.598453535559404	0.0687618712992718	0.94517916851491	NA
gene-BTH_RS22255	0	NA	NA	NA	NA	NA
gene-BTH_RS22300	0	NA	NA	NA	NA	NA
gene-BTH_RS34605	0	NA	NA	NA	NA	NA
gene-BTH_RS22340	0	NA	NA	NA	NA	NA
gene-BTH_RS22445	0	NA	NA	NA	NA	NA
gene-BTH_RS22455	0	NA	NA	NA	NA	NA
gene-BTH_RS22515	0	NA	NA	NA	NA	NA
gene-BTH_RS22550	0	NA	NA	NA	NA	NA
gene-BTH_RS22595	0	NA	NA	NA	NA	NA
gene-BTH_RS22640	0	NA	NA	NA	NA	NA
gene-BTH_RS22645	0	NA	NA	NA	NA	NA
gene-BTH_RS22650	0	NA	NA	NA	NA	NA
gene-BTH_RS22720	0	NA	NA	NA	NA	NA
gene-BTH_RS22725	0	NA	NA	NA	NA	NA
MSTRG.3469.4	0	NA	NA	NA	NA	NA
gene-BTH_RS22735	0	NA	NA	NA	NA	NA
gene-BTH_RS22740	0	NA	NA	NA	NA	NA
gene-BTH_RS22745	0	NA	NA	NA	NA	NA
gene-BTH_RS22750	0	NA	NA	NA	NA	NA
gene-BTH_RS22755	0	NA	NA	NA	NA	NA
gene-BTH_RS22760	0	NA	NA	NA	NA	NA
gene-BTH_RS22765	0	NA	NA	NA	NA	NA
gene-BTH_RS22770	0	NA	NA	NA	NA	NA
gene-BTH_RS22775	0	NA	NA	NA	NA	NA
gene-BTH_RS22780	0	NA	NA	NA	NA	NA
gene-BTH_RS22785	0	NA	NA	NA	NA	NA
gene-BTH_RS22790	0	NA	NA	NA	NA	NA
gene-BTH_RS22730	0	NA	NA	NA	NA	NA
gene-BTH_RS35295	0	NA	NA	NA	NA	NA
gene-BTH_RS22910	0	NA	NA	NA	NA	NA
gene-BTH_RS22950	1.58854251469295	-0.310216900107007	0.58617498435038	-0.529222345526739	0.596651217271548	NA
gene-BTH_RS22955	0	NA	NA	NA	NA	NA
gene-BTH_RS23070	0	NA	NA	NA	NA	NA
gene-BTH_RS23135	0	NA	NA	NA	NA	NA
gene-BTH_RS23140	0	NA	NA	NA	NA	NA
gene-BTH_RS23155	0	NA	NA	NA	NA	NA
gene-BTH_RS23160	0	NA	NA	NA	NA	NA
gene-BTH_RS23165	0	NA	NA	NA	NA	NA
gene-BTH_RS23170	0	NA	NA	NA	NA	NA
gene-BTH_RS23175	0	NA	NA	NA	NA	NA
gene-BTH_RS23150	0	NA	NA	NA	NA	NA
gene-BTH_RS23270	0	NA	NA	NA	NA	NA
gene-BTH_RS23300	0	NA	NA	NA	NA	NA
gene-BTH_RS31965	0	NA	NA	NA	NA	NA
gene-BTH_RS23370	0	NA	NA	NA	NA	NA
gene-BTH_RS23455	0	NA	NA	NA	NA	NA
gene-BTH_RS23490	0	NA	NA	NA	NA	NA
gene-BTH_RS23535	0	NA	NA	NA	NA	NA
gene-BTH_RS23650	0	NA	NA	NA	NA	NA
gene-BTH_RS23690	0	NA	NA	NA	NA	NA
gene-BTH_RS23695	0	NA	NA	NA	NA	NA
gene-BTH_RS23700	0	NA	NA	NA	NA	NA
gene-BTH_RS23705	0	NA	NA	NA	NA	NA
gene-BTH_RS23710	0	NA	NA	NA	NA	NA
gene-BTH_RS23720	0	NA	NA	NA	NA	NA
gene-BTH_RS23755	0	NA	NA	NA	NA	NA
gene-BTH_RS23810	0.269273463457534	-0.14417844596957	0.347488883725808	-0.414915275630332	0.678203926850591	NA
gene-BTH_RS23815	0	NA	NA	NA	NA	NA
gene-BTH_RS23865	0	NA	NA	NA	NA	NA
gene-BTH_RS23875	0	NA	NA	NA	NA	NA
gene-BTH_RS23880	0	NA	NA	NA	NA	NA
gene-BTH_RS23870	0	NA	NA	NA	NA	NA
gene-BTH_RS34635	0	NA	NA	NA	NA	NA
gene-BTH_RS23970	0	NA	NA	NA	NA	NA
gene-BTH_RS24035	0.958990331727917	0.18096444553368	0.433664617087681	0.417291239365954	0.676465395629377	NA
gene-BTH_RS24040	1.27853140444473	0.139928017411541	0.452096513389508	0.309509171752857	0.756934236409235	NA
gene-BTH_RS24045	0	NA	NA	NA	NA	NA
gene-BTH_RS24065	0	NA	NA	NA	NA	NA
gene-BTH_RS24085	0	NA	NA	NA	NA	NA
gene-BTH_RS24135	0	NA	NA	NA	NA	NA
gene-BTH_RS24150	0.166546869647168	0.101533300099892	0.347488883725808	0.292191505556215	0.770140205976299	NA
gene-BTH_RS24155	0	NA	NA	NA	NA	NA
MSTRG.3712.2	0.965509397921413	0.0600714573498915	0.480940192591432	0.124904215275107	0.900599381201515	NA
gene-BTH_RS24180	0	NA	NA	NA	NA	NA
gene-BTH_RS24185	0	NA	NA	NA	NA	NA
gene-BTH_RS24190	0	NA	NA	NA	NA	NA
gene-BTH_RS24195	0	NA	NA	NA	NA	NA
gene-BTH_RS32030	0	NA	NA	NA	NA	NA
gene-BTH_RS24205	0	NA	NA	NA	NA	NA
gene-BTH_RS24210	0	NA	NA	NA	NA	NA
gene-BTH_RS24215	0	NA	NA	NA	NA	NA
gene-BTH_RS35315	0	NA	NA	NA	NA	NA
gene-BTH_RS24175	0	NA	NA	NA	NA	NA
gene-BTH_RS24230	0	NA	NA	NA	NA	NA
gene-BTH_RS24245	0.187516319334178	0.101533300099892	0.347488883725808	0.292191505556215	0.770140205976299	NA
gene-BTH_RS24250	0.134636731728767	-0.0622745306130826	0.347488883725808	-0.179213015234816	0.85777044449086	NA
MSTRG.3717.4	0	NA	NA	NA	NA	NA
gene-BTH_RS24255	0	NA	NA	NA	NA	NA
MSTRG.3717.6	0	NA	NA	NA	NA	NA
gene-BTH_RS24260	0	NA	NA	NA	NA	NA
gene-BTH_RS24265	0	NA	NA	NA	NA	NA
gene-BTH_RS24270	0	NA	NA	NA	NA	NA
gene-BTH_RS24275	0	NA	NA	NA	NA	NA
gene-BTH_RS24290	0	NA	NA	NA	NA	NA
gene-BTH_RS24285	0	NA	NA	NA	NA	NA
gene-BTH_RS24340	0.645916286853171	0.0417852561994016	0.439888471352337	0.0949905690206937	0.924322317878495	NA
MSTRG.3726.3	0	NA	NA	NA	NA	NA
gene-BTH_RS24345	0	NA	NA	NA	NA	NA
gene-BTH_RS24350	0	NA	NA	NA	NA	NA
gene-BTH_RS24355	0	NA	NA	NA	NA	NA
gene-BTH_RS24385	0	NA	NA	NA	NA	NA
gene-BTH_RS24390	0	NA	NA	NA	NA	NA
gene-BTH_RS24395	0	NA	NA	NA	NA	NA
gene-BTH_RS24405	0	NA	NA	NA	NA	NA
gene-BTH_RS24410	0	NA	NA	NA	NA	NA
gene-BTH_RS24400	0	NA	NA	NA	NA	NA
gene-BTH_RS24435	2.2344820120152	0.513520387761917	0.604107860342957	0.850047518783131	0.395298667771896	NA
MSTRG.3738.4	0	NA	NA	NA	NA	NA
gene-BTH_RS24450	0.677826424771571	0.188366670802292	0.398237964257855	0.473000285528596	0.63621297547083	NA
gene-BTH_RS24455	0	NA	NA	NA	NA	NA
gene-BTH_RS24460	0	NA	NA	NA	NA	NA
gene-BTH_RS24505	0	NA	NA	NA	NA	NA
gene-BTH_RS24510	0	NA	NA	NA	NA	NA
gene-BTH_RS24515	0	NA	NA	NA	NA	NA
gene-BTH_RS24500	0	NA	NA	NA	NA	NA
MSTRG.3758.1	1.07382851312694	0.441400290245104	0.495936552579286	0.890033791519202	0.373447741828633	NA
gene-BTH_RS24560	0	NA	NA	NA	NA	NA
gene-BTH_RS24565	0	NA	NA	NA	NA	NA
gene-BTH_RS24570	0	NA	NA	NA	NA	NA
gene-BTH_RS24575	0	NA	NA	NA	NA	NA
gene-BTH_RS24580	0	NA	NA	NA	NA	NA
gene-BTH_RS24585	0	NA	NA	NA	NA	NA
gene-BTH_RS24610	0	NA	NA	NA	NA	NA
gene-BTH_RS24625	0	NA	NA	NA	NA	NA
gene-BTH_RS24645	0	NA	NA	NA	NA	NA
gene-BTH_RS24700	0	NA	NA	NA	NA	NA
gene-BTH_RS24705	0	NA	NA	NA	NA	NA
gene-BTH_RS24710	0	NA	NA	NA	NA	NA
gene-BTH_RS24715	0	NA	NA	NA	NA	NA
gene-BTH_RS24720	0	NA	NA	NA	NA	NA
gene-BTH_RS24725	0	NA	NA	NA	NA	NA
gene-BTH_RS24730	1.55499336416492	0.321238900216877	0.5612126138025	0.572401425620712	0.567050050255486	NA
gene-BTH_RS24735	0	NA	NA	NA	NA	NA
gene-BTH_RS24740	0	NA	NA	NA	NA	NA
gene-BTH_RS24745	0	NA	NA	NA	NA	NA
gene-BTH_RS24750	0	NA	NA	NA	NA	NA
gene-BTH_RS24755	0	NA	NA	NA	NA	NA
gene-BTH_RS35320	0	NA	NA	NA	NA	NA
gene-BTH_RS24770	0	NA	NA	NA	NA	NA
gene-BTH_RS24775	0	NA	NA	NA	NA	NA
gene-BTH_RS24780	0	NA	NA	NA	NA	NA
gene-BTH_RS24785	0	NA	NA	NA	NA	NA
gene-BTH_RS24790	0	NA	NA	NA	NA	NA
gene-BTH_RS24795	0	NA	NA	NA	NA	NA
gene-BTH_RS24800	0	NA	NA	NA	NA	NA
gene-BTH_RS24840	0	NA	NA	NA	NA	NA
gene-BTH_RS24950	0	NA	NA	NA	NA	NA
rna-BTH_RS24990	0	NA	NA	NA	NA	NA
gene-BTH_RS24995	0	NA	NA	NA	NA	NA
gene-BTH_RS25000	0	NA	NA	NA	NA	NA
gene-BTH_RS25005	0	NA	NA	NA	NA	NA
gene-BTH_RS25010	0	NA	NA	NA	NA	NA
gene-BTH_RS25015	0	NA	NA	NA	NA	NA
gene-BTH_RS25020	0	NA	NA	NA	NA	NA
gene-BTH_RS25075	0	NA	NA	NA	NA	NA
gene-BTH_RS25080	0	NA	NA	NA	NA	NA
gene-BTH_RS25085	0	NA	NA	NA	NA	NA
MSTRG.3823.1	0.988089032335705	0.0620566401742987	0.519014066279779	0.119566393680064	0.90482664265055	NA
gene-BTH_RS25090	0	NA	NA	NA	NA	NA
gene-BTH_RS25095	0	NA	NA	NA	NA	NA
gene-BTH_RS25100	0	NA	NA	NA	NA	NA
gene-BTH_RS25105	0	NA	NA	NA	NA	NA
gene-BTH_RS25155	0	NA	NA	NA	NA	NA
gene-BTH_RS25180	0	NA	NA	NA	NA	NA
gene-BTH_RS35325	0	NA	NA	NA	NA	NA
gene-BTH_RS25285	0	NA	NA	NA	NA	NA
gene-BTH_RS25385	0	NA	NA	NA	NA	NA
gene-BTH_RS25550	0	NA	NA	NA	NA	NA
gene-BTH_RS25585	0	NA	NA	NA	NA	NA
gene-BTH_RS25610	0	NA	NA	NA	NA	NA
gene-BTH_RS25625	0	NA	NA	NA	NA	NA
gene-BTH_RS25630	0	NA	NA	NA	NA	NA
gene-BTH_RS25635	0	NA	NA	NA	NA	NA
gene-BTH_RS25640	0	NA	NA	NA	NA	NA
gene-BTH_RS25645	0	NA	NA	NA	NA	NA
gene-BTH_RS25650	0	NA	NA	NA	NA	NA
gene-BTH_RS25655	0	NA	NA	NA	NA	NA
gene-BTH_RS25660	0	NA	NA	NA	NA	NA
gene-BTH_RS25665	0	NA	NA	NA	NA	NA
gene-BTH_RS25695	1.53407595282934	0.364558293169417	0.566721172158366	0.643276290139278	0.520044838165155	NA
gene-BTH_RS25700	0	NA	NA	NA	NA	NA
gene-BTH_RS25715	0	NA	NA	NA	NA	NA
gene-BTH_RS25760	0	NA	NA	NA	NA	NA
gene-BTH_RS35775	0.309312852296712	-0.14417844596957	0.347488883725808	-0.414915275630332	0.678203926850591	NA
gene-BTH_RS25810	0	NA	NA	NA	NA	NA
MSTRG.3953.1	0	NA	NA	NA	NA	NA
gene-BTH_RS32185	0	NA	NA	NA	NA	NA
gene-BTH_RS25920	0	NA	NA	NA	NA	NA
gene-BTH_RS35355	0	NA	NA	NA	NA	NA
gene-BTH_RS34025	0	NA	NA	NA	NA	NA
gene-BTH_RS32230	0	NA	NA	NA	NA	NA
gene-BTH_RS35360	0	NA	NA	NA	NA	NA
gene-BTH_RS35365	0	NA	NA	NA	NA	NA
gene-BTH_RS25940	0	NA	NA	NA	NA	NA
gene-BTH_RS25945	0	NA	NA	NA	NA	NA
gene-BTH_RS25950	0	NA	NA	NA	NA	NA
gene-BTH_RS25955	0	NA	NA	NA	NA	NA
gene-BTH_RS25960	0	NA	NA	NA	NA	NA
gene-BTH_RS35780	0	NA	NA	NA	NA	NA
gene-BTH_RS35370	0	NA	NA	NA	NA	NA
gene-BTH_RS25975	0	NA	NA	NA	NA	NA
gene-BTH_RS32260	0	NA	NA	NA	NA	NA
gene-BTH_RS32265	0	NA	NA	NA	NA	NA
gene-BTH_RS25985	0	NA	NA	NA	NA	NA
gene-BTH_RS25990	0	NA	NA	NA	NA	NA
gene-BTH_RS25995	0	NA	NA	NA	NA	NA
gene-BTH_RS26000	0	NA	NA	NA	NA	NA
gene-BTH_RS26005	0	NA	NA	NA	NA	NA
gene-BTH_RS26010	0	NA	NA	NA	NA	NA
gene-BTH_RS26025	0	NA	NA	NA	NA	NA
gene-BTH_RS26030	0	NA	NA	NA	NA	NA
gene-BTH_RS32270	0	NA	NA	NA	NA	NA
gene-BTH_RS26045	0	NA	NA	NA	NA	NA
gene-BTH_RS26050	0	NA	NA	NA	NA	NA
gene-BTH_RS26060	0	NA	NA	NA	NA	NA
gene-BTH_RS26065	0	NA	NA	NA	NA	NA
gene-BTH_RS26070	0	NA	NA	NA	NA	NA
gene-BTH_RS26075	0	NA	NA	NA	NA	NA
gene-BTH_RS32280	0	NA	NA	NA	NA	NA
gene-BTH_RS26230	0	NA	NA	NA	NA	NA
gene-BTH_RS26015	0	NA	NA	NA	NA	NA
gene-BTH_RS26020	0	NA	NA	NA	NA	NA
gene-BTH_RS26035	0	NA	NA	NA	NA	NA
gene-BTH_RS26040	0	NA	NA	NA	NA	NA
gene-BTH_RS32275	0	NA	NA	NA	NA	NA
gene-BTH_RS26080	0	NA	NA	NA	NA	NA
gene-BTH_RS26095	0	NA	NA	NA	NA	NA
gene-BTH_RS26115	0	NA	NA	NA	NA	NA
gene-BTH_RS26165	0	NA	NA	NA	NA	NA
gene-BTH_RS26185	0	NA	NA	NA	NA	NA
gene-BTH_RS26195	0	NA	NA	NA	NA	NA
gene-BTH_RS26215	0	NA	NA	NA	NA	NA
gene-BTH_RS26320	0	NA	NA	NA	NA	NA
gene-BTH_RS26325	0	NA	NA	NA	NA	NA
gene-BTH_RS26330	0	NA	NA	NA	NA	NA
gene-BTH_RS26335	0	NA	NA	NA	NA	NA
gene-BTH_RS26340	0	NA	NA	NA	NA	NA
gene-BTH_RS26345	0	NA	NA	NA	NA	NA
gene-BTH_RS26350	0	NA	NA	NA	NA	NA
gene-BTH_RS26355	0	NA	NA	NA	NA	NA
gene-BTH_RS26360	0	NA	NA	NA	NA	NA
gene-BTH_RS26380	0	NA	NA	NA	NA	NA
gene-BTH_RS26430	0	NA	NA	NA	NA	NA
gene-BTH_RS26470	0.674250481298234	-0.16415082823615	0.394503189279531	-0.416095060057519	0.677340444602692	NA
gene-BTH_RS26480	2.49935706390393	0.811257068181217	0.61071962829228	1.3283625261066	0.184058372939666	NA
gene-BTH_RS26490	0	NA	NA	NA	NA	NA
gene-BTH_RS26545	0	NA	NA	NA	NA	NA
gene-BTH_RS26610	0	NA	NA	NA	NA	NA
gene-BTH_RS26615	0	NA	NA	NA	NA	NA
gene-BTH_RS26620	0	NA	NA	NA	NA	NA
gene-BTH_RS26625	0	NA	NA	NA	NA	NA
gene-BTH_RS34700	0	NA	NA	NA	NA	NA
gene-BTH_RS26630	0	NA	NA	NA	NA	NA
gene-BTH_RS26635	0	NA	NA	NA	NA	NA
gene-BTH_RS26640	0	NA	NA	NA	NA	NA
gene-BTH_RS26655	0	NA	NA	NA	NA	NA
gene-BTH_RS26660	0	NA	NA	NA	NA	NA
gene-BTH_RS26665	0	NA	NA	NA	NA	NA
gene-BTH_RS26670	0	NA	NA	NA	NA	NA
gene-BTH_RS34705	0	NA	NA	NA	NA	NA
gene-BTH_RS26700	0	NA	NA	NA	NA	NA
MSTRG.4072.2	0	NA	NA	NA	NA	NA
gene-BTH_RS26740	0	NA	NA	NA	NA	NA
MSTRG.4073.1	0	NA	NA	NA	NA	NA
gene-BTH_RS32385	1.07335587172118	-0.128583162688975	0.440533096793006	-0.29188082263293	0.770377746666491	NA
gene-BTH_RS26755	0	NA	NA	NA	NA	NA
gene-BTH_RS26770	0	NA	NA	NA	NA	NA
gene-BTH_RS26860	0	NA	NA	NA	NA	NA
gene-BTH_RS26875	0	NA	NA	NA	NA	NA
gene-BTH_RS26930	0	NA	NA	NA	NA	NA
gene-BTH_RS32415	0	NA	NA	NA	NA	NA
rna-BTH_RS26945	0.134636731728767	-0.0622745306130826	0.347488883725808	-0.179213015234816	0.85777044449086	NA
gene-BTH_RS35400	0	NA	NA	NA	NA	NA
gene-BTH_RS27110	0	NA	NA	NA	NA	NA
gene-BTH_RS27120	0	NA	NA	NA	NA	NA
gene-BTH_RS35410	0	NA	NA	NA	NA	NA
gene-BTH_RS27245	0	NA	NA	NA	NA	NA
gene-BTH_RS27265	0	NA	NA	NA	NA	NA
gene-BTH_RS27290	0	NA	NA	NA	NA	NA
gene-BTH_RS27330	0	NA	NA	NA	NA	NA
gene-BTH_RS34715	0	NA	NA	NA	NA	NA
gene-BTH_RS27415	0	NA	NA	NA	NA	NA
gene-BTH_RS27430	0	NA	NA	NA	NA	NA
gene-BTH_RS27455	0	NA	NA	NA	NA	NA
gene-BTH_RS27460	0	NA	NA	NA	NA	NA
gene-BTH_RS27465	0	NA	NA	NA	NA	NA
gene-BTH_RS27470	0	NA	NA	NA	NA	NA
gene-BTH_RS27475	0	NA	NA	NA	NA	NA
gene-BTH_RS27480	0	NA	NA	NA	NA	NA
gene-BTH_RS27485	0	NA	NA	NA	NA	NA
gene-BTH_RS27490	0	NA	NA	NA	NA	NA
gene-BTH_RS27495	2.52287745297634	0.313075893594708	0.599154979237581	0.522529069178552	0.601302012210115	NA
gene-BTH_RS27500	0	NA	NA	NA	NA	NA
gene-BTH_RS27510	0	NA	NA	NA	NA	NA
gene-BTH_RS27530	0	NA	NA	NA	NA	NA
gene-BTH_RS27540	0	NA	NA	NA	NA	NA
gene-BTH_RS27580	0	NA	NA	NA	NA	NA
gene-BTH_RS27600	0	NA	NA	NA	NA	NA
gene-BTH_RS27610	0	NA	NA	NA	NA	NA
gene-BTH_RS27620	0	NA	NA	NA	NA	NA
gene-BTH_RS27685	0	NA	NA	NA	NA	NA
gene-BTH_RS27785	0	NA	NA	NA	NA	NA
gene-BTH_RS27815	0	NA	NA	NA	NA	NA
gene-BTH_RS27820	0	NA	NA	NA	NA	NA
gene-BTH_RS27825	0	NA	NA	NA	NA	NA
gene-BTH_RS27830	0	NA	NA	NA	NA	NA
gene-BTH_RS27930	0	NA	NA	NA	NA	NA
gene-BTH_RS27935	0	NA	NA	NA	NA	NA
rna-BTH_RS27945	286.328587671647	-0.885180206062369	0.617720738423607	-1.43297796399277	NA	NA
rna-BTH_RS27955	1.9007625932888	0.344204373074058	0.384564702373269	0.895049314068257	0.370760727033878	NA
gene-BTH_RS34115	0	NA	NA	NA	NA	NA
gene-BTH_RS28185	1.47768666996181	0.17385393094273	0.579198605558016	0.30016289624046	0.764052905376062	NA
gene-BTH_RS28190	0	NA	NA	NA	NA	NA
gene-BTH_RS28210	0	NA	NA	NA	NA	NA
gene-BTH_RS28240	0	NA	NA	NA	NA	NA
gene-BTH_RS28305	0	NA	NA	NA	NA	NA
gene-BTH_RS28310	0	NA	NA	NA	NA	NA
gene-BTH_RS28315	0	NA	NA	NA	NA	NA
gene-BTH_RS28320	0	NA	NA	NA	NA	NA
gene-BTH_RS28325	1.67875565587351	0.458980870541229	0.575782503189044	0.797142789159284	0.42536810799616	NA
gene-BTH_RS28330	0	NA	NA	NA	NA	NA
gene-BTH_RS28375	0	NA	NA	NA	NA	NA
gene-BTH_RS28555	1.76951655736455	-0.706389256936527	0.550436489219679	-1.28332563478474	0.199378015269799	NA
gene-BTH_RS28560	0	NA	NA	NA	NA	NA
gene-BTH_RS34730	0	NA	NA	NA	NA	NA
gene-BTH_RS28600	0	NA	NA	NA	NA	NA
gene-BTH_RS32625	0	NA	NA	NA	NA	NA
gene-BTH_RS28605	0	NA	NA	NA	NA	NA
gene-BTH_RS28630	0	NA	NA	NA	NA	NA
gene-BTH_RS34145	0	NA	NA	NA	NA	NA
gene-BTH_RS28645	0	NA	NA	NA	NA	NA
gene-BTH_RS28660	0	NA	NA	NA	NA	NA
gene-BTH_RS28580	0	NA	NA	NA	NA	NA
gene-BTH_RS28585	0	NA	NA	NA	NA	NA
gene-BTH_RS28590	0	NA	NA	NA	NA	NA
gene-BTH_RS28595	0	NA	NA	NA	NA	NA
gene-BTH_RS32620	0	NA	NA	NA	NA	NA
gene-BTH_RS34150	0	NA	NA	NA	NA	NA
gene-BTH_RS28650	0	NA	NA	NA	NA	NA
gene-BTH_RS28655	0	NA	NA	NA	NA	NA
gene-BTH_RS35795	0	NA	NA	NA	NA	NA
gene-BTH_RS28750	0	NA	NA	NA	NA	NA
MSTRG.4429.2	0	NA	NA	NA	NA	NA
gene-BTH_RS28825	1.55734484458584	-0.284318837261476	0.482702004726715	-0.589015240204865	0.55585105019407	NA
gene-BTH_RS28835	0	NA	NA	NA	NA	NA
gene-BTH_RS28885	0	NA	NA	NA	NA	NA
gene-BTH_RS28890	0	NA	NA	NA	NA	NA
gene-BTH_RS28895	0	NA	NA	NA	NA	NA
gene-BTH_RS28910	0	NA	NA	NA	NA	NA
gene-BTH_RS28920	0	NA	NA	NA	NA	NA
gene-BTH_RS28925	0	NA	NA	NA	NA	NA
gene-BTH_RS28930	0	NA	NA	NA	NA	NA
gene-BTH_RS28905	0	NA	NA	NA	NA	NA
gene-BTH_RS28950	0	NA	NA	NA	NA	NA
gene-BTH_RS28985	0	NA	NA	NA	NA	NA
gene-BTH_RS35805	0	NA	NA	NA	NA	NA
MSTRG.4469.1	0	NA	NA	NA	NA	NA
gene-BTH_RS33025	0	NA	NA	NA	NA	NA
gene-BTH_RS32710	0	NA	NA	NA	NA	NA
gene-BTH_RS29005	0	NA	NA	NA	NA	NA
gene-BTH_RS29010	0	NA	NA	NA	NA	NA
gene-BTH_RS29015	0	NA	NA	NA	NA	NA
gene-BTH_RS29020	0	NA	NA	NA	NA	NA
gene-BTH_RS29030	0	NA	NA	NA	NA	NA
gene-BTH_RS29035	0	NA	NA	NA	NA	NA
gene-BTH_RS29040	0	NA	NA	NA	NA	NA
gene-BTH_RS29045	0	NA	NA	NA	NA	NA
gene-BTH_RS29050	0	NA	NA	NA	NA	NA
gene-BTH_RS29055	0	NA	NA	NA	NA	NA
gene-BTH_RS29060	0	NA	NA	NA	NA	NA
gene-BTH_RS29065	0	NA	NA	NA	NA	NA
gene-BTH_RS29070	0	NA	NA	NA	NA	NA
gene-BTH_RS29075	0	NA	NA	NA	NA	NA
gene-BTH_RS29080	0	NA	NA	NA	NA	NA
gene-BTH_RS29085	0	NA	NA	NA	NA	NA
gene-BTH_RS29090	0	NA	NA	NA	NA	NA
gene-BTH_RS29095	0	NA	NA	NA	NA	NA
gene-BTH_RS34735	0	NA	NA	NA	NA	NA
gene-BTH_RS29105	0	NA	NA	NA	NA	NA
gene-BTH_RS29110	0	NA	NA	NA	NA	NA
MSTRG.4470.1	0	NA	NA	NA	NA	NA
gene-BTH_RS29125	0	NA	NA	NA	NA	NA
gene-BTH_RS32740	0	NA	NA	NA	NA	NA
